ACCT_ID_18,ACCT_NM,COMBO_COMPANY_ID_18,CY_AFDC_AOV,CY_DC_AOV,CY_DC_C360_AOV,CY_DC_MKT_AOV,CY_DC_C360_AO_AOV,CY_DC_MKT_AO_AOV,CY_DC_CDP_AOV,Legacy CDP
0010M00001WJMwYQAX,S&P Global - Executive Org,aBR300000004DJlGAM,333195.7117,183332.573,183332.573,0,0,0,0,Other
0013000001JyriPAAR,Frontiers Media SA,aBR0M000000GmtKWAS,1012801.425,552337.1284,0,537418.2021,0,14918.9263,0,Other
0013000000Zj83MAAR,"LEAVE A NEST CO.,LTD.",aBR3y000000kDC0GAM,161.7072,161.7072,161.7072,0,0,0,0,Other
0013000000ZlK9bAAF,Audi of America,aBR300000004Df2GAE,2550,2550,2550,0,0,0,0,Other
001ed00000mGGq0AAG,GYEONGGI BUSINESS & SCIENCE ACCELERATOR,aBR30000000L7k1GAC,5000,1000,1000,0,0,0,0,Other
00130000008eaEQAAY,KOMORI Corporation,aBR3y000000fyd3GAA,39173.5692,32988.2688,32988.2688,0,0,0,0,Other
0010M00001UEcB5QAL,A2A Energia S.p.A.,aBR300000004NjSGAU,156716.3285,139739.9161,76151.9161,0,63588,0,0,Other
0010M00001QaTD2QAN,SOK CRM,aBR300000004MUcGAM,2408.7849,767.1777,767.1777,0,0,0,0,Other
0013000000roz4rAAA,BERNINA International AG,aBR300000004N22GAE,10820.0155,10820.0155,0,10820.0155,0,0,0,Other
0013000001CBWfOAAX,Miami-Dade County - DC / MC / Slack,aBR3y000000LJAjGAO,374436.32,329560,329560,0,0,0,0,Other
0013000001HgccGAAR,Lexbase,0013000001HgccGAAR,5330.3554,5330.3554,5330.3554,0,0,0,0,Other
0010M00001WkttWQAR,"Organon, LLC",aBR3y000000sZKFGA2,335288.7315,189038.7315,0,165038.7315,0,24000,0,Other
0010M00001YtwTbQAJ,YPF S.A 2,aBR0M000000L8xRWAS,36204.576,12000,12000,0,0,0,0,Other
0010M00001VKbtvQAD,IG Index Limited,aBR30000000XlGRGA0,346240.3172,295566.095,0,223883.542,0,71682.553,0,Other
0013000001L6i2DAAR,"Cantor Fitzgerald Technology Markets, LLC",aBR300000004OI4GAM,60266.9771,6696.3308,6696.3308,0,0,0,0,Other
0013y00001eDPkSAAW,CMFG Life Insurance Company,aBR3y000000H6qOGAS,2810207.264,2810207.264,0,2587904.624,0,222302.64,0,Other
0013000000hIkuVAAS,orderbird GmbH,aBR3y000000yegAGAQ,55012.0813,55012.0813,53188.0733,1824.008,0,0,0,Other
0013y00001cg0MYAAY,Flashlight Learning,0013y00001cg0MYAAY,40780,40380,39000,0,1380,0,0,Other
0013y00001erIXAAA2,QuidelOrtho - Project Quantum Org,aBR300000004XYzGAM,13376,13376,12600,776,0,0,0,Other
00130000001g8VbAAI,"PODS Enterprises, LLC",aBR300000004EpuGAE,637426,637426,637426,0,0,0,0,Other
0013y00001gDO7FAAW,Banque Lombard Odier & Cie SA,aBR30000000L0WiGAK,5396.0472,5396.0472,2186.8126,1020.5126,0,2188.722,0,Other
0013000000NRcPLAA1,Changi Airport Group (Singapore) Pte. Ltd.,aBR3y000000Com1GAC,28052,19552,19276,0,276,0,0,Other
0013y00001cTJHDAA4,Consensus Cloud Solutions LLC,aBR3y000000PCtBGAW,163348.6596,163348.6596,163348.6596,0,0,0,0,Other
0010M00001WZrinQAD,UTI Asset Management Company Ltd,aBR3y000000XqyIGAS,75485.065,75485.065,0,68613.4868,0,6871.5782,0,Other
0013000000Zmi1kAAB,Prudential Assurance Company Singapore (Pte) Limited,aBR3y0000000Gp8GAE,129907.6202,129907.6202,0,111907.6202,0,18000,0,Other
0013000001CCu4NAAT,Bluecurrent NZ Limited,aBR30000000026oGAA,108000,108000,108000,0,0,0,0,Other
0010M00001WYwfeQAD,"Current Lighting Solutions, LLC",aBR3y0000004om6GAA,66585.4209,66585.4209,66585.4209,0,0,0,0,Other
0013y00001bezLYAAY,VALGROUP (Org 2),aBR3y000000CoPIGA0,42207.8348,27133.6081,27133.6081,0,0,0,0,Other
0013y00001d7J4CAAU,"FBG Enterprises OPCO, LLC",aBR3000000002JjGAI,19100,7500,7500,0,0,0,0,Other
0013000001GW5FFAA1,Turnberry Solutions (ThreeBridge Solutions),aBR3y000000Cfb4GAC,47457.9115,8343.6323,8067.6323,0,276,0,0,Other
0013000001GWf6HAAT,Groupe Nordik,0013000001GWf6HAAT,98346.2446,84040.6156,0,84040.6156,0,0,0,Other
0010M00001WaXhDQAV,BEC Financial Technologies a.m.b.a. (Faster Andelskasse),aBR0M000000Cda5WAC,1927.2469,1462.1249,291.8413,145.9207,1024.3629,0,0,Other
00130000002xe5pAAA,Ben Bridge Jeweler Inc.,aBR0M000000bmb3WAA,73500,73500,45000,0,22500,6000,0,Other
0013000000royd9AAA,University of Cincinnati Foundation,aBR30000000PBHGGA4,649.6441,249.8631,249.8631,0,0,0,0,Other
0013y00001emYVLAA2,jaegerdrei solutions gmbh,0013y00001emYVLAA2,451.442,451.442,0,0,451.442,0,0,Other
0013y00001cYFysAAG,"Herzing University, Ltd",aBR300000004XyAGAU,106085.8586,106085.8586,0,106085.8586,0,0,0,Other
0013000000IkoJ1AAJ,Iplan Networks,aBR3y000000HE2JGAW,58365,58365,46365,0,0,12000,0,Other
0010M00001S96otQAB,"CentralSquare Technologies, LLC",aBR0M000000Xon9WAC,176769.96,176769.96,0,0,0,0,0,Legacy CDP
0013000000Zkf5pAAB,Trustpilot A/S,aBR3y000000HDE4GAO,324550,39750,39750,0,0,0,0,Other
0013000001MimMZAAZ,Mirai Works Inc.,0013000001MimMZAAZ,2929.1329,2929.1329,2929.1329,0,0,0,0,Other
0013y00001fFEHhAAO,UNIFIED COMMS SOLUTIONS SL,aBR3y0000004lhLGAQ,4487.0597,547.2024,547.2024,0,0,0,0,Other
0010M00001UMgCdQAL,WaterWipes (Irish Breeze),aBR3y000000HCIrGAO,25959.2818,25959.2818,0,25959.2818,0,0,0,Other
0013y00001chSgDAAU,Children's Miracle Network,aBR0M000000LCGvWAO,274407.1295,274407.1295,0,274407.1295,0,0,0,Other
0013000001CAg38AAD,"Pandadoc, Inc.*",aBR3y0000004naGGAQ,5149.8236,5149.8236,0,5149.8236,0,0,0,Other
0013000001GX2hjAAD,Havan Lojas de Departamentos Ltda.,aBR3y0000000QvgGAE,32503.8014,28264.1751,0,0,0,0,28264.1751,Legacy CDP
0013000000Jh9cCAAR,Stanley Martin Companies,aBR3y0000000OdfGAE,162455,162455,0,162455,0,0,0,Other
001ed00000iS6pAAAS,Accelyst,001ed00000iS6pAAAS,960,960,0,0,0,960,0,Other
0013000001EYN2iAAH,STAR FESTIVAL INC.,0013000001EYN2iAAH,606.402,606.402,606.402,0,0,0,0,Other
0013000001CAJLCAA5,ClimeCo,aBR3y000000PDXPGA4,13104,8104,7000,0,1104,0,0,Other
0013y00001crXg0AAE,Economic Mobility Systems (Production),0013y00001crXg0AAE,34473.6,34473.6,34473.6,0,0,0,0,Other
001ed00000rRoITAA0,Municipality of Be'er Sheva - CRM Org,aBRed000000uUrRGAU,38760,38760,38760,0,0,0,0,Other
0013000001NXR52AAH,"On Location Events, LLC (TKO)",aBR3y000000sZA5GAM,23520.6496,8937.3163,8937.3163,0,0,0,0,Other
0013000001LWzB6AAL,Kogan Australia Pty Ltd,aBR3y000000H8URGA0,207563.4433,4992.7149,4731.5342,0,261.1807,0,0,Other
0013000001GWVAFAA5,Sanoma Media Finland Oy (B2C),aBR300000004LujGAE,62404.2399,61857.0375,0,38217.8938,0,23639.1437,0,Other
0013y00001f9XdYAAU,Alliant Org2 (Retail PC),aBR300000004PRqGAM,97725,97725,97725,0,0,0,0,Other
00130000002xI8xAAE,Ferrari SpA,aBR3y000000oLrVGAU,2568522.424,2568522.424,0,2545400.824,0,23121.6,0,Other
0010M00001WksUZQAZ,Agentschap Integratie en Inburgering,0010M00001WksUZQAZ,273.6012,273.6012,273.6012,0,0,0,0,Other
0010M00001Q6yDBQAZ,Framery Oy,aBR3y000000HIleGAG,97952.954,27335.1564,27335.1564,0,0,0,0,Other
00130000001kImhAAE,"Works Human Intelligence Co., Ltd.",aBR3y0000005879GAA,1435.9599,627.4239,627.4239,0,0,0,0,Other
001ed000006SzTJAA0,"FUJIMATSU Co.,Ltd.",aBRed000000A8h7GAC,48916.428,48512.16,48512.16,0,0,0,0,Other
001ed00000E6JkoAAF,Progress Pharmacy,001ed00000E6JkoAAF,18000,15000,0,0,15000,0,0,Other
0010M00001P0HIlQAN,Aava ja Pikkujätti Oy,aBR3y00000119omGAA,10068.5242,9028.8396,9028.8396,0,0,0,0,Other
001000000002HbIAAU,UMB Financial Corporation,aBR300000004EtPGAU,237006.4598,187052.0803,180076.6423,4995.438,1980,0,0,Other
0013y00001d9G5MAAU,"Sequel Med Tech, LLC",aBR3y0000005HljGAE,7563.2,7563.2,0,500,0,7063.2,0,Other
0013y00001Y0WzpAAF,"Železničná spoločnosť Slovensko, a.s. (ZSSK)",aBR3y000000TQEAGA4,16911.6721,16911.6721,0,16911.6721,0,0,0,Other
0013y00001bebDdAAI,Australian Football League (GWS),aBR3y0000004tjZGAQ,1324.104,1324.104,1324.104,0,0,0,0,Other
001ed00000klRTpAAM,The Waterway Developments,001ed00000klRTpAAM,4289.7536,4289.7536,449.7536,0,0,3840,0,Other
0013000001J5zlZAAR,UEM Sunrise Berhad,aBR3y0000008YmHGAU,5400,5400,5400,0,0,0,0,Other
001ed000008jIKPAA2,Glow Brands,001ed000008jIKPAA2,69000,69000,39000,0,30000,0,0,Other
0010M00001QaCvcQAF,Percassi Retail Srl,aBR0M000000GpabWAC,232574.1528,232574.1528,199742.0088,0,32832.144,0,0,Other
0013y00001h2QAmAAM,PO Söderberg & Partner AB (Org 2),aBR3y000000HLjfGAG,26502.0889,26502.0889,0,22900.2021,0,3601.8868,0,Other
001ed00000W8iXjAAJ,"Nexus R Housing, Inc.",aBR3y00000057RwGAI,3403.8713,3403.8713,3403.8713,0,0,0,0,Other
00100000000tLCEAA2,"Surgical Information Systems, LLC",aBR0M00000008sVWAQ,36023.9396,36023.9396,36023.9396,0,0,0,0,Other
001000000013TWWAA2,HealthEquity (Former WageWorks Org),aBR0M000000GoLCWA0,846874.1378,826874.1378,700634.1378,126240,0,0,0,Other
0013y00001gDUAGAA4,Web3 Teknoloji A.S,0013y00001gDUAGAA4,9819.9088,9819.9088,0,9819.9088,0,0,0,Other
0013000000rp5dYAAQ,Apps Associates LLC - MAIN,aBR3y000000TPi7GAG,672.7391,672.7391,672.7391,0,0,0,0,Other
0013000000rpZAwAAM,THE UNIVERSITY OF CHICAGO MEDICAL CENTER,aBR0M000000LDR1WAO,2409190.281,1309962.481,295945.946,838456.5353,81000,94560,0,Other
00130000002xHUjAAM,IMCD Group B.V.,aBR3y000000yekxGAA,4909.6441,4909.6441,4909.6441,0,0,0,0,Other
0010M00001SIJlrQAH,Raiffeisen Immo AG,aBR300000004N1qGAE,4859.5833,4859.5833,4859.5833,0,0,0,0,Other
00130000016gaJ3AAI,Science Exchange,aBR3y0000004s4wGAA,5225,5225,425,0,0,4800,0,Other
0013000000ZjadYAAR,NORTHWEST HARVEST,0013000000ZjadYAAR,10340.5565,10340.5565,10190.6934,149.8631,0,0,0,Other
0010M00001S9MgWQAV,"North American Bancard, LLC",aBR300000004R4hGAE,248446.6667,233880,230280,0,3600,0,0,Other
0013000000I58gGAAR,Ego Pharmaceuticals Pty Ltd,aBR3y0000004kgAGAQ,11728.161,11728.161,0,11728.161,0,0,0,Other
0010M00001VKcpfQAD,"FPL Energy Services, Inc",aBR300000004Dx1GAE,64418.064,55366.104,0,55366.104,0,0,0,Other
0013000001CBPdsAAH,"LIFULL Co,. Ltd.",aBR3y00000053ZSGAY,147523.5693,85.323,0,85.323,0,0,0,Other
00120000000AWgwAAG,Schneider Electric Industries SAS,aBR300000004HoyGAE,57660.7751,57660.7751,30074.0983,0,27586.6768,0,0,Other
0013000000M1cvgAAB,Southern Illinois Hospital Services,aBR3000000004HIGAY,128640,104520,0,0,0,0,104520,Legacy CDP
0010M00001OzzNlQAJ,ROSSELLI & RUIZ SL,aBRed00000052ilGAA,42798.9942,29673.0662,0,29673.0662,0,0,0,Other
0013y00001e60JQAAY,"Fitness Ventures, S.A.P.I. de C.V. RFC: FVE160719595",0013y00001e60JQAAY,20033.8029,20033.8029,0,15545.8029,828,3660,0,Other
0013000000roQyCAAU,MV Sistemas,aBR3y000000TRkcGAG,11589.7686,9916.3827,156.8799,9412.7956,346.7072,0,0,Other
0013y00001fSlawAAC,Boots UK Limited,aBR3y000000HDciGAG,1767973.877,1767973.877,0,1704983.76,0,62990.1169,0,Other
0013000000M1e9PAAR,"Shiseido Company, Limited",aBRed000000A6liGAC,733756.8501,668643.1013,0,0,0,48512.16,620130.9413,Legacy CDP
0013y00001cMld4AAC,Encora,0013y00001cMld4AAC,22300,4500,4500,0,0,0,0,Other
0013000001CCrbUAAT,3P Learning Pty Ltd (Core Org),aBR3y000000wmJDGAY,43841.0442,43841.0442,42583.808,0,0,1257.2362,0,Other
0010M00001QmSNfQAN,Hanseatisches Wein und Sekt-Kontor HAWESKO GmbH,aBR3y0000004k2NGAQ,16348.1676,16348.1676,0,15196.416,0,1151.7516,0,Other
00100000001szxXAAQ,"Robbins Research International, Inc.",aBR0M0000000AG9WAM,87847.4114,60000,60000,0,0,0,0,Other
001ed00000W3xItAAJ,Pets at Home Limited,aBR3y000000HDeQGAW,149849.2241,40867.9702,40867.9702,0,0,0,0,Other
0013000000ZmFYLAA3,HealthWell Foundation,aBR0M000000LCI4WAO,127000,57000,57000,0,0,0,0,Other
0010M00001So3lYQAR,Columbia College,aBR0M00000004vxWAA,44958.9416,26975.365,26975.365,0,0,0,0,Other
0013000000FIlqSAAT,Velociti,aBR300000004OuxGAE,88834.9323,88834.358,87898.358,0,936,0,0,Other
00130000000IwfvAAC,JLG Industries   Inc.,aBR300000004DevGAE,102623.8743,100544.1022,0,89528.1022,0,11016,0,Other
00130000002xcICAAY,Robroy Industries Inc,aBR0M000000GorMWAS,59400,59400,59400,0,0,0,0,Other
0013y00001eTzFoAAK,"Merz North America, Inc. - Data Cloud Org",aBR0M000000CcC7WAK,214776,214776,24276,84000,37500,69000,0,Other
001ed000003ATlPAAW,DIGITALL Nature Germany GmbH (2nd Org),aBRed0000006XhHGAU,1840.8983,1840.8983,0,1840.8983,0,0,0,Other
00130000008EmQJAA0,"Yakult Honsha Co.,Ltd.",aBR0M000000LDqoWAG,141830.151,141830.151,0,140491.2153,0,1338.9357,0,Other
00130000016gpC1AAI,Office Freedom Ltd,00130000016gpC1AAI,5903.3893,5903.3893,5903.3893,0,0,0,0,Other
0013000001GUdKMAA1,Asuntosäätiö sr,aBR30000000XiG9GAK,8112.9855,823.6105,823.6105,0,0,0,0,Other
0013000000rndObAAI,Ritchie Bros. Auctioneers (Canada) Ltd.,aBRed0000004pAWGAY,167977.4,62977.4,62977.4,0,0,0,0,Other
0013000000FdOAZAA3,Officeworks Ltd,aBR3y000000HRpRGAW,324005.9204,208484.5981,199364.4937,9120.1044,0,0,0,Other
0010M00001X8GrdQAF,*MUTUA MADRILEÑA AUTOMOVILISTA SOCIEDAD DE SEGUROS A PRIMA FIJA,aBR3y0000000MpmGAE,440422.1067,440422.1067,439213.8838,0,1208.2229,0,0,Other
0010M00001QlzZrQAJ,Avenue Service LLC,aBR3y000000h4y8GAA,162083.1354,162083.1354,0,156683.1354,0,5400,0,Other
0013000000IUPCQAA5,Austin Health,0013000000IUPCQAA5,14311.9447,10526.7173,10526.7173,0,0,0,0,Other
00130000002xL3MAAU,Foodstuffs North Island Limited (Supply Chain),aBR3000000001rLGAQ,1604.7865,605.6989,329.6989,0,276,0,0,Other
0010M00001Qkk19QAB,"Toyota Motor North America, Inc.",aBR3y000000CmkdGAC,145210.5879,8651.2648,8397.6527,0,253.6121,0,0,Other
001300000007kr6AAA,Telstra Limited,aBR300000004CQ5GAM,2268768.406,1272948.033,0,235148.9651,0,1037799.068,0,Other
0013y00001g9bVrAAI,Switch Communications 2024 Org,aBR3y000000bwKQGAY,303466.3265,281218.5665,0,273214.5665,0,8004,0,Other
0013y00001cyfAYAAY,Success Academy Charter School Enterprise CRM,aBR3y0000000QawGAE,139000,109000,0,109000,0,0,0,Other
001ed000006RYVCAA4,Consolidated Communications (B2B Transformation),aBR300000004OZ7GAM,3529.9807,3529.9807,0,3529.9807,0,0,0,Other
00130000002xL3DAAU,Z Energy Limited,aBRed0000003MC5GAM,179559.6656,179559.6656,6063.9343,131933.9347,0,41561.7966,0,Other
001ed0000097DOLAA2,Kiara Jewellery Trading LLC,001ed0000097DOLAA2,1920,1920,0,0,0,1920,0,Other
00130000002xS2hAAE,Craveable Brands Pty Ltd,aBR3y000000HI54GAG,149609.9063,149609.9063,0,111284.4791,0,38325.4272,0,Other
0013y00001be8JbAAI,DQ Labs Private Limited,0013y00001be8JbAAI,18272.7763,18272.7763,18272.7763,0,0,0,0,Other
0013000000K9HrCAAV,The Delivery Group,aBR3y000000HJJfGAO,257.7577,31.4369,31.4369,0,0,0,0,Other
0010M00001P0VuBQAV,BRITISH UNIVERSITY VIET NAM,0010M00001P0VuBQAV,43920,43920,42000,0,0,1920,0,Other
0013000001L6fHjAAJ,The University of Massachusetts Office of the President,aBR300000004PdcGAE,50434.9843,703.7343,703.7343,0,0,0,0,Other
0013y00001h6htCAAQ,Tātaki Auckland Unlimited Trust,aBR3y000000g1YeGAI,15481.1452,15481.1452,0,15481.1452,0,0,0,Other
0013000000LBKicAAH,Paylocity Corporation,aBR3y000000H7iCGAS,39297.4452,39297.4452,39297.4452,0,0,0,0,Other
0010M00001VKf0fQAD,"Rutgers, The State University of New Jersey",aBR300000004OLeGAM,29548.0154,24352.76,24352.76,0,0,0,0,Other
0010M00001SIZ0QQAX,BSM Barcelona Serveis Municipals,aBR3y000000wmZNGAY,260083.4797,232723.3597,0,232723.3597,0,0,0,Other
00130000000vutnAAA,"PrimeRevenue, Inc.",aBR3y0000004qFEGAY,30824.7349,26809.3333,26809.3333,0,0,0,0,Other
0013000000M1adoAAB,City of Dallas - Business Management,aBR0M000000CcmFWAS,416340,416340,0,394500,0,21840,0,Other
001ed00000AniWvAAJ,SixOne-LendSeek,001ed00000AniWvAAJ,1050,1050,0,1050,0,0,0,Other
0010M00001QkR7kQAF,Tillman Infrastructure,aBR3y0000004pzmGAA,32800,32400,32400,0,0,0,0,Other
001ed00000YD57xAAD,National House-Building Council (NHBC) (New Org),aBRed000000ubo5GAA,44186.1503,44011.6602,44011.6602,0,0,0,0,Other
0013y00001cZxFcAAK,Progress Inc.,aBRed00000005yzGAA,12758.6981,11788.4549,11788.4549,0,0,0,0,Other
0010M00001U1j3pQAB,Tinexta Spa,aBR0M000000GpNXWA0,11333.6561,11333.6561,0,11333.6561,0,0,0,Other
0013000001CBmPPAA1,MÖBEL MARTIN B.V. & Co. KG,aBRed00000052HMGAY,96248.1156,96248.1156,0,96248.1156,0,0,0,Other
0013000000hIWepAAG,Mikit SA,0013000000hIWepAAG,14357.7643,14357.7643,5909.7859,2144.2067,0,6303.7717,0,Other
0013y00001cCZngAAG,The Prudential Insurance Company of America,aBR300000004EksGAE,1226540.597,240966.4531,0,0,240966.4531,0,0,Other
0013000000EOlPiAAL,citizenM Operations Holding B.V.,aBR3y000000HAaCGAW,2544.4912,1231.2054,1231.2054,0,0,0,0,Other
0013000000NPztOAAT,"RBC CAPITAL MARKETS, LLC*",aBR3y0000008XcQGAU,383986,349986,0,316002,0,33984,0,Other
0010M00001VKhZNQA1,TOYOTA FINANCE CORPORATION,aBR30000000L6FTGA0,21021.936,20617.668,20617.668,0,0,0,0,Other
0010M00001VKbniQAD,Neon One,aBR3y000000sZ6cGAE,42000,42000,42000,0,0,0,0,Other
0013000001CCq4UAAT,Banco de Crédito e Inversiones S.A.,aBR30000000XijzGAC,305236,5236,4876,0,360,0,0,Other
0013y00001h6vbXAAQ,ENEOS Corporation,aBR30000000L6BiGAK,21205.9142,17671.5952,17671.5952,0,0,0,0,Other
001ed00000aDIwtAAG,Home School Legal Defense Association - NPC org,aBRed0000003uCAGAY,63186.7602,63186.7602,53503.5438,9407.2164,276,0,0,Other
0013000000RafO3AAJ,University Of Limerick,aBR30000000XjoqGAC,50088.7907,11819.5718,11819.5718,0,0,0,0,Other
0013000000ZmLeJAAV,Flexcare Staffing,aBR0M000000bo8nWAA,56000,56000,56000,0,0,0,0,Other
0013000001CA32qAAD,THE NETWORK FOR LEARNING LIMITED,0013000001CA32qAAD,2655,2155,2155,0,0,0,0,Other
00100000001Kfu8AAC,CommScope - BNS Telecom,aBR300000004DcIGAU,139052.04,139052.04,0,0,0,0,0,Legacy CDP
0010M00001QkZkpQAF,Bajaj Auto Ltd. (Test Environment),aBR3y0000000CFSGA2,6507.9086,6507.9086,0,6130.7379,0,377.1707,0,Other
00130000016gfd5AAA,Flight Centre Travel Group Limited,aBR300000004CJuGAM,27490.9602,25582.0062,25582.0062,0,0,0,0,Other
0013y00001d9G3LAAU,Siemens Corporation,aBR300000004Db6GAE,177802.2464,122233.1636,122233.1636,0,0,0,0,Other
0013y00001cUBxNAAW,Ströer SE & Co. KGaA (Statista GmbH - 00D2X000000rfE8),aBR300000004HBnGAM,110289.7381,849.2581,849.2581,0,0,0,0,Other
0013000000M2RoCAAV,Home Run Inn Frozen Foods Corp.,aBR3y000000wsIMGAY,16200,12200,10700,60,0,1440,0,Other
001ed000006GrPuAAK,American Medical Association - Data Cloud,aBR300000004OTxGAM,157200,157200,0,97200,0,60000,0,Other
00130000004IG6zAAG,Empresa Nacional De Telecomunicaciones S.A.,aBR0M000000L9TtWAK,3500,3500,3500,0,0,0,0,Other
0010M00001Sekp5QAB,CCI Hauts de France,aBRed0000008lZdGAI,17428.3965,14364.063,14364.063,0,0,0,0,Other
00130000005dLuMAAU,MercadoLibre SRL,aBR300000004c1zGAA,1114485.698,611546.2553,131852.2553,464250,0,15444,0,Other
0013000001Mnz3tAAB,Cimentos Apodi,0013000001Mnz3tAAB,14136.7639,14136.7639,0,14136.7639,0,0,0,Other
0010M00001Xxt8BQAR,McGill and Partners Services Ltd,aBR3y00000116qbGAA,182493.3013,140577.4344,140577.4344,0,0,0,0,Other
0013000001GVBMgAAP,TaxSlayer,0013000001GVBMgAAP,60250,60250,60250,0,0,0,0,Other
001ed00000FkXzdAAF,Magnum ICC UK R&D Ltd - (EU),aBR0M00000008VyWAI,2950614.176,2134544.028,1677526.321,36774.0061,420243.7002,0,0,Other
0013000000HI3f9AAD,Meriton Group,aBR3y000000CnNqGAK,66678.2944,66678.2944,0,0,0,0,66678.2944,Legacy CDP
0013y00001cyfugAAA,Ford Pro,aBR300000004C9OGAU,191235.24,176468.04,0,0,0,0,176468.04,Legacy CDP
0013000000NQWZeAAP,Banco BTG Pactual S.A.,aBR3y000000yhCQGAY,127421.2639,127421.2639,0,116115.5939,0,11305.67,0,Other
0013000001CCwzaAAD,Arctic Wolf Networks,aBR3y0000004pb2GAA,116000.367,113145.373,5490.373,0,828,0,0,Other
00100000000tKHPAA2,Newell Brands Inc.,aBR300000004DQvGAM,39500,9000,9000,0,0,0,0,Other
0013000000M1bEjAAJ,The Reinalt-Thomas Corporation,aBR300000004EMYGA2,27600,27600,0,0,0,27600,0,Other
00130000016hWn6AAE,Comercial Dportenis S.A de C.V,aBR3y000000CnBBGA0,1402.4078,1402.4078,1402.4078,0,0,0,0,Other
00130000016izfYAAQ,Luware AG,00130000016izfYAAQ,38822.5005,33574.1505,33574.1505,0,0,0,0,Other
0010M00001Yaw1UQAR,Banco Bradesco BBI S.A.,aBR300000004RnGGAU,2898602.396,2875044.006,12393.684,2806918.3,0,55732.0214,0,Other
001ed00000eg40AAAQ,OmniaStores,001ed00000eg40AAAQ,3240,3240,0,0,0,3240,0,Other
0013000000GIhyFAAT,TMBThanachart Bank Public Company Limited (ttb),aBR0M000000bpyIWAQ,576,576,576,0,0,0,0,Other
0013y00001hE9QXAA0,Foot Locker atmos Japan G.K.,aBRed0000004vvoGAA,35292.5964,35292.5964,0,35292.5964,0,0,0,Other
0013000000M1MxLAAV,"JAPAN FOOD JOURNAL CO.,LTD",aBR3y00000052jMGAQ,2061.7668,1516.005,1516.005,0,0,0,0,Other
0013y00001cSRkvAAG,"Expedia, Inc.",aBR300000004DqQGAU,4170670.997,4116038.117,0,4019978.117,0,96060,0,Other
0013y00001e5x7NAAQ,University of Melbourne,aBRed000000AslVGAS,68250.781,63519.2468,0,63519.2468,0,0,0,Other
0013y00001e5wJXAAY,Envision eCommerce,aBR3y000000HEeYGAW,16125,6775,6775,0,0,0,0,Other
0013000000RaMQVAA3,Portsys Inc.,0013000000RaMQVAA3,12500,2500,2500,0,0,0,0,Other
0013000000M1Z4mAAF,MasterBrand Cabinets LLC,aBR3000000003zAGAQ,60000,48750,0,0,0,0,48750,Legacy CDP
0013000001CBf51AAD,CETT S.A.,aBR30000000XkAcGAK,4920.3281,4920.3281,4920.3281,0,0,0,0,Other
0013000001GkUs2AAF,freee K.K.,aBR3y0000005207GAA,33958.512,33958.512,33958.512,0,0,0,0,Other
00130000002x9n0AAA,Pets at Home Limited,aBR3y000000cFcdGAE,221368.172,40867.9702,40867.9702,0,0,0,0,Other
0013y00001fvAe3AAE,Learning Online Pty Ltd 2nd org,aBR3y000000g3IOGAY,4052.4286,4052.4286,4052.4286,0,0,0,0,Other
0013y00001f61wsAAA,TSA Outdoors,0013y00001f61wsAAA,9363.3071,9363.3071,9363.3071,0,0,0,0,Other
0013000000NR4KZAA1,Santander Consumer Bank S.A,aBR30000000XickGAC,224681.3054,224681.3054,0,224681.3054,0,0,0,Other
0010M00001UEbkAQAT,IDB Invest,aBR300000004OP1GAM,119400,119400,119400,0,0,0,0,Other
001ed00000JISfgAAH,CGI Technology and Solutions,aBR300000004O1gGAE,200000,200000,200000,0,0,0,0,Other
0010M00001QqoGRQAZ,Pasona Inc.,aBR30000000PAymGAG,4508.3967,627.4239,627.4239,0,0,0,0,Other
0013000000JJgYSAA1,SMFG INDIA CREDIT COMPANY LIMITED,aBR3y000000HQDoGAO,444453.0377,444453.0377,0,442590.7574,0,1862.2803,0,Other
0010M00001bm4JnQAI,Clear PreCheck Engagement GovCloud,aBR3y00000113jXGAQ,862.5,862.5,862.5,0,0,0,0,Other
0013000000IlzuTAAR,MSCI INC.,aBR300000004QdoGAE,82942.5906,442.5906,442.5906,0,0,0,0,Other
0013000000NRX7jAAH,Waste Management National Services Inc.,aBR300000004DzLGAU,1417.9549,1417.9549,1417.9549,0,0,0,0,Other
0013000000B2QGGAA3,DEKRA SE,aBR300000004HVAGA2,245365.5561,16853.8339,16853.8339,0,0,0,0,Other
00100000001T7rDAAS,Refinitiv Ltd,aBR3y000000H7RxGAK,181864.5633,139948.6964,139948.6964,0,0,0,0,Other
00130000016hJXlAAM,mobile.de GmbH Germany - multi org (Marketing),aBR30000000XcFfGAK,205905.259,205905.259,0,190355.9555,0,15549.3035,0,Other
0013000001MrKMwAAN,Savory And Partners LLC,0013000001MrKMwAAN,216,216,0,0,0,216,0,Other
0010M00001SHs5jQAD,"Vitrolife Sweden, AB",0010M00001SHs5jQAD,50387.4,50387.4,0,0,0,0,50387.4,Legacy CDP
00130000002xJBQAA2,AEGON Administración y Servicios AIE,aBR3000000003MuGAI,62258.5001,62258.5001,0,56112.3228,0,6146.1773,0,Other
0010M00001NYWrRQAX,Technip Energies,aBR3y000000TRfjGAG,119290.1232,45965.0016,45965.0016,0,0,0,0,Other
00100000000nEClAAM,Ellucian Company (PARENT),aBR3y0000005HavGAE,128605.08,128605.08,0,0,0,0,0,Legacy CDP
0010M00001QnPG9QAN,Dwolla,aBR3y0000004oM5GAI,11772,11772,11772,0,0,0,0,Other
0013y00001cgZBEAA2,"MERKUR trgovina, d.o.o.",aBR3y000000g3AXGAY,70588.5484,70588.5484,0,64678.7625,0,5909.7859,0,Other
0013000000rohpVAAQ,New Clicks South Africa Pty Ltd,aBR300000008RZBGA2,477366,477366,376560,0,276,100530,0,Other
0013000000M14UPAAZ,Humberside Police,aBR300000004VtIGAU,5004.7544,5004.7544,0,5004.7544,0,0,0,Other
001ed000006ldVWAAY,Greenpeace Australia Pacific Limited (new org),aBRed0000006lAjGAI,115716.7741,115716.7741,87551.5642,28165.2099,0,0,0,Other
0013y00001f5yoUAAQ,Nemacolin Resort,aBR3y0000004qrsGAA,329202.2294,329202.2294,0,281202.2294,0,48000,0,Other
0013000000ZkAphAAF,"Pure Storage, Inc. (MAIN)",aBR3y0000004sj5GAA,119726.04,119726.04,0,0,0,0,0,Legacy CDP
0010M00001W8KriQAF,ASCA Education Foundation Company Limited,0010M00001W8KriQAF,1512.7094,1512.7094,1512.7094,0,0,0,0,Other
001000000004aOoAAI,NVIDIA Corporation,aBR300000004DdhGAE,124400,111200,111200,0,0,0,0,Other
001ed00000PeB00AAF,Cognizant Technology Solutions India Private Limited,aBRed00000033xWGAQ,43365.1031,41281.6161,41281.6161,0,0,0,0,Other
0013000000roo4yAAA,"NIHONSAKARI CO.,LTD.",aBR3y000000ygquGAA,15449.1422,15449.1422,15146.2179,302.9243,0,0,0,Other
0013000000RaSmzAAF,GRUPO DOKKA,aBR3y000000XpFCGA0,111500,111500,0,99200,0,12300,0,Other
0010M00001WYpACQA1,KUNDAN CARS PVT LTD,0010M00001WYpACQA1,5982.9338,5982.9338,0,4397.1026,0,1585.8312,0,Other
0013y00001f62K6AAI,"McKinsey & Company, Inc. United States",aBR300000004Fi8GAE,549952.5567,295728.7223,259419.6296,3630.5396,32678.5531,0,0,Other
0013y00001gnMGtAAM,"Orange Dcx, S. de R.L. de C.V.",aBR3y000000gESpGAM,9510.246,7110.246,0,6354.246,0,756,0,Other
0013y00001c8PxIAAU,Evel et Quadral SAS,aBR3y0000008Wb3GAE,67289.106,29641.5809,29641.5809,0,0,0,0,Other
0013y00001eHxSHAA0,"Surpass CO.,LTD,",aBR3y0000000PNSGA2,33621.7566,33621.7566,0,33621.7566,0,0,0,Other
0010M00001NYlDOQA1,IZIL Beauty,0010M00001NYlDOQA1,24253,4250,4250,0,0,0,0,Other
001ed00000hKl22AAC,Dentsu International Limited*,aBR30000000XlR6GAK,809236.2356,522383.3246,504881.6184,0,17501.7062,0,0,Other
0013000000rozN3AAI,Rich Products Corporation,aBR300000004DBwGAM,164100,60000,60000,0,0,0,0,Other
0010M00001XxfUuQAJ,FEDERACION MEXICANA DE FUTBOL ASOCIACION,0010M00001XxfUuQAJ,140947.4715,119444.6715,0,0,0,0,119444.6715,Legacy CDP
0013y00001buLXeAAM,FISHBULL Franz Fischer SE & Co. KG,0013y00001buLXeAAM,45423.2712,39945.7752,39945.7752,0,0,0,0,Other
00130000000rUlVAAU,Lennar Corporation*,aBR300000004D3DGAU,2718993.891,219614.3633,189588.8839,0,30025.4794,0,0,Other
0010M00001QaXU2QAN,Vertex Inc. (Enterprise),aBR300000004F6QGAU,245854.8693,234909.96,108000,0,0,0,0,Other
0010M00001QmhDjQAJ,DaVita Inc.,aBR300000004FMfGAM,521256.2028,302576.0275,0,255176.0275,0,47400,0,Other
00130000009wxLVAAY,KWS SAAT SE & Co. KGaA,aBR300000004H9wGAE,16025.0047,16025.0047,0,16025.0047,0,0,0,Other
0013y00001c6eyZAAQ,EVS Auto-école,aBR3y000000XrWcGAK,40580.53,40580.53,0,37428.6442,0,3151.8858,0,Other
00130000002aAAAAA2,JSPM Pty Ltd,aBR3y000000sYTaGAM,44571.0523,44571.0523,0,44571.0523,0,0,0,Other
0010M00001WHjs2QAD,Nicolet National Bank (FSC),aBR3y000000H7biGAC,405104.04,405104.04,0,405104.04,0,0,0,Other
0010M00001WZmeqQAD,Zurich Seguros de Vida S.A.,aBR30000000L88QGAS,87676,73276,2076,71200,0,0,0,Other
0010M00001Sq9rgQAB,JWB Real Estate Capital,0010M00001Sq9rgQAB,37450.8303,12450.8303,12450.8303,0,0,0,0,Other
00130000002xamIAAQ,"Harris Teeter, Inc.**",aBR300000004EHyGAM,159959.992,159959.992,0,159959.992,0,0,0,Other
001300000027apHAAQ,"Ryan, LLC",aBR300000004EznGAE,48000,48000,48000,0,0,0,0,Other
0013y00001eBLVxAAO,"Independence Pet Group, Inc.",aBR3y0000008Yd9GAE,793296.5694,793296.5694,0,775506.5694,0,17790,0,Other
0013y00001foHHVAA2,"KIRIN BUSINESS SYSTEM COMPANY,LIMITED.",aBR30000000L6BlGAK,58880.0171,58880.0171,0,58079.5664,0,800.4507,0,Other
0013000001GXV7JAAX,Ontario - PC Caucus Ontario,aBR3y000000TQVxGAO,42946.2822,42946.2822,0,42946.2822,0,0,0,Other
0013000000Em4hzAAB,Relevantz*,aBR3y000000H7dPGAS,24400,8800,8800,0,0,0,0,Other
0013000000RZD5jAAH,Carrier Corporation - HVAC - Commercial HVAC (A),aBR0M0000008WPWWA2,45000,5000,5000,0,0,0,0,Other
0013000001Fk6hSAAR,BredenMaster S.A.,0013000001Fk6hSAAR,10851,4101,4101,0,0,0,0,Other
0010M00001Sn3mrQAB,BayBridgeDigital,aBR3y0000004w5XGAQ,2052.009,2052.009,2052.009,0,0,0,0,Other
0013y00001cSZEbAAO,"Disney Parks Technology Services Co., LLC",aBR300000004DuBGAU,3636,276,0,0,0,276,0,Other
001ed000002e56IAAQ,POSCO DX COMPANY LTD. (POSCO INTERNATIONAL CORPORATION),aBR30000000L7jsGAC,69974.4525,42000,42000,0,0,0,0,Other
0013000001CBDaJAAX,Commonwealth Superannuation Corporation,aBRed000000AhDNGA0,11592.5743,11355.6731,0,11355.6731,0,0,0,Other
0013000001FKz32AAD,Lojas Rede - BH,0013000001FKz32AAD,33863.1735,33863.1735,30148.4534,0,0,3714.7201,0,Other
0013000001Mo4jtAAB,FMTG Services GmbH,aBR300000008Rs4GAE,13125.6654,13125.6654,13125.6654,0,0,0,0,Other
0013000000JiWhQAAV,Gerdau S.A.,aBR3y000000HDyOGAW,14599.06,14599.06,14599.06,0,0,0,0,Other
0013000001CDFlqAAH,Perth Airport Pty Ltd,aBR0M000000GobCWAS,52536.3068,45801.2514,0,45801.2514,0,0,0,Other
0010M00001QkQTfQAN,Runwal Developers Pvt. Ltd.,aBR3y000000wnTLGAY,5745.9595,1325.9907,1325.9907,0,0,0,0,Other
00130000002xFX3AAM,Hansgrohe SE,aBR300000004HcNGAU,86287.9143,86287.9143,0,82348.057,0,3939.8573,0,Other
00130000004IG4CAAW,AAF International,aBR300000004QTRGA2,21623.4949,21623.4949,0,21623.4949,0,0,0,Other
0010M00001SIEB2QAP,Chiropractic First Group Private Limited,aBR3y000000H8pnGAC,11780,2980,0,820,0,2160,0,Other
0013000001M1WLjAAN,Archroma Management GmbH,aBR3y000000HIMpGAO,3283.2144,1094.4048,1094.4048,0,0,0,0,Other
0013000000Ra75UAAR,Amadeus IT Group SA,aBR300000004Ht2GAE,814817.3286,553492.0714,0,431944.7484,0,121547.323,0,Other
0013y00001d1iNbAAI,VISEO SAS,aBR3y000000yeNXGAY,4290.1191,4290.1191,4290.1191,0,0,0,0,Other
00100000002CNHAAA4,Hawaiian Airlines,aBR300000004DpNGAU,469.9571,469.9571,0,469.9571,0,0,0,Other
00130000016hCZWAA2,Weatherford International LLC,aBR3y000000yfZYGAY,200655.8621,150704.3534,145184.3534,0,5520,0,0,Other
00130000016hZ7XAAU,Origin Energy Services Ltd,aBR300000004aVEGAY,158601.0271,158601.0271,70973.0133,47315.3422,40312.6716,0,0,Other
0010M00001Y5TaMQAV,Bridgement (Pty) Ltd,0010M00001Y5TaMQAV,500,500,0,500,0,0,0,Other
0013000000rqXkhAAE,Aalto University Foundation sr,0013000000rqXkhAAE,4286.789,1661.6559,1515.086,146.5699,0,0,0,Other
0013000000hJirYAAS,"National Debt Relief, LLC",aBR3y0000004pPxGAI,2500,2500,2500,0,0,0,0,Other
0013000001MjQWSAA3,Alliance Laundry Systems - UniMac,aBR3y000000PDUoGAO,122153.3157,122153.3157,59624.25,30753.0657,31776,0,0,Other
0010M00001NYTibQAH,STAY GOLD Inc.,aBR3y000000yfJqGAI,48835.5744,48835.5744,0,48835.5744,0,0,0,Other
00100000002CNH6AAO,Hawaii Medical Service Association.,aBR3y000000H7BNGA0,203020.7333,203020.7333,0,203020.7333,0,0,0,Other
0013000001EYU7JAAX,Sibelga,aBR3y000000HAWgGAO,21564.1522,10782.0761,10782.0761,0,0,0,0,Other
0010M00001VMeSqQAL,Bluefors Oy,aBR3y000000HIkIGAW,76608.336,32832.144,32832.144,0,0,0,0,Other
0013y00001cmQoyAAE,UND Alumni Association and Foundation,aBR30000000PAwXGAW,5619.8677,5619.8677,5619.8677,0,0,0,0,Other
0013y00001d80B6AAI,Banco BPM S.p.A. - Marketing Automation ORG,aBR0M000000GpQGWA0,7551.3931,7551.3931,0,7551.3931,0,0,0,Other
0013y00001g9hVyAAI,CL & Co Management Services Limited (New Org),aBR0M000000bnlDWAQ,50180.9527,38536.3175,37698.4593,837.8582,0,0,0,Other
001300000009cjJAAQ,Otis Elevator Company,aBR3y0000004iOkGAI,523.6256,523.6256,523.6256,0,0,0,0,Other
0013000000CrNYVAA3,"Lowe's Companies, Inc.",aBR300000004EGUGA2,1614097.515,1614097.515,0,1521049.515,0,93048,0,Other
00100000001v3l4AAA,"Johnson Controls, Inc.",aBR300000004DfTGAU,100215,100215,0,65415,0,34800,0,Other
00130000016jWa9AAE,Arizona State University**,aBR3y000000g1syGAA,341859.5975,341859.5975,0,341859.5975,0,0,0,Other
0013000001MjPwwAAF,"Hobonichi Co., Ltd.",0013000001MjPwwAAF,72363.972,72363.972,62661.54,0,0,9702.432,0,Other
001ed00000H15aBAAR,Uitgekookt van Marle B.V.,aBRed000000Ds0zGAC,13186.8482,12559.3894,411.4961,12147.8933,0,0,0,Other
0013000000LAnayAAD,Booking.com BV,aBR300000004NldGAE,75862.4992,73126.4872,73126.4872,0,0,0,0,Other
00130000002xY2NAAU,AMI Entertainment Networks,aBR3y000000HKAvGAO,5381.7862,2681.7862,500,2181.7862,0,0,0,Other
0013000001JfBXZAA3,Thorne Research,aBR3y000000H890GAC,56665.0184,33977.1898,24977.1898,0,9000,0,0,Other
0013y00001f8ovfAAA,MSWA Limited,0013y00001f8ovfAAA,82164.0212,82164.0212,0,35524.6124,0,46639.4088,0,Other
0013000001GXUg8AAH,SUHAI,0013000001GXUg8AAH,71941.2338,71941.2338,65937.7073,156.8799,0,5846.6466,0,Other
0013y00001eTzj0AAC,"VIA VERDE PORTUGAL - GESTÃO DE SISTEMAS ELECTRÓNICOS DE COBRANÇA, S.A.",aBR30000000XksZGAS,216943.2814,216943.2814,105932.731,104096.1008,0,6914.4496,0,Other
00100000001x3CiAAI,"Belkin International, Inc.",aBR0M000000fyPkWAI,12000,12000,12000,0,0,0,0,Other
0013000001GXo6tAAD,Hancock Regional Hospital Master,aBR30000000048rGAA,35640,35640,0,35640,0,0,0,Other
001ed00000fY0PPAA0,Fastweb + Vodafone Dati,aBRed000000FnMzGAK,74648.0211,74648.0211,74043.9097,0,604.1114,0,0,Other
0013000001LWmZyAAL,"Mars Information Services, Inc.",aBR3y000000ydt6GAA,265680,265680,0,195000,0,70680,0,Other
0013y00001e60WyAAI,Perrigo Company Commercial,aBR300000004DLpGAM,247975.9539,247975.9539,0,132775.9539,0,115200,0,Other
0013000000rnLuzAAE,Abu Dhabi National Oil Company (ADNOC) - ADD org,aBR0M000000LDkNWAW,445270.8,342516,0,0,0,0,342516,Legacy CDP
0010M00001WJZnvQAH,Aflac Life Insurance Japan Ltd.,aBR30000000L6JSGA0,191422.4981,153690.8181,117474.0283,11737.5539,0,24479.2359,0,Other
0013y00001cNMh3AAG,"IHC Health Services, Inc.",aBR300000004ElyGAE,83037.5,83037.5,83037.5,0,0,0,0,Other
0013y00001gmkE4AAI,IRA REALTY TECH PRIVATE LIMITED,0013y00001gmkE4AAI,9839.9401,9447.054,0,5675.3472,0,3771.7068,0,Other
0013000001Fk9cvAAB,Grupo InterPlayers,aBR0M000000LAV5WAO,2864.1032,2864.1032,2864.1032,0,0,0,0,Other
0013000000hIoriAAC,Briljent,0013000000hIoriAAC,30,30,30,0,0,0,0,Other
00130000002x8j8AAA,The Canada Life Assurance Company,aBR300000004K3KGAU,160683.5036,160683.5036,0,160683.5036,0,0,0,Other
0013000000NRWGJAA5,ZF Friedrichshafen AG,aBR300000004HhLGAU,72777.9191,46512.2039,46512.2039,0,0,0,0,Other
0010M00001JzpHNQAZ,Fritz Berger GmbH,aBR30000000XezGGAS,38790.0838,38746.3076,0,38746.3076,0,0,0,Other
0010M00001UVaOOQA1,University of Arizona Student Services,aBR3y000000g1t8GAA,40773.306,40773.306,37474.3327,1498.9733,1800,0,0,Other
00130000016jZHtAAM,NB Health - CommunityCareNB,aBR3y0000004waaGAA,36070.787,5394.8711,5112.6527,0,282.2184,0,0,Other
0013000000EOXu6AAH,The Hong Kong Jockey Club (GRM),aBR3y000000h4VkGAI,450,450,450,0,0,0,0,Other
0013000001CA9pkAAD,WWF Switzerland,aBR0M0000000ALJWA2,74200.1659,73325.1216,0,66758.6928,0,6566.4288,0,Other
001ed00000D9V1vAAF,AusNet Electricity Services Pty Ltd,aBR0M0000008VT7WAM,39744.8875,39744.8875,0,39744.8875,0,0,0,Other
0013y00001crYKyAAM,American Psychiatric Association 2nd,aBR0M0000000AH8WAM,72773.98,72773.98,72773.98,0,0,0,0,Other
0010M00001Ytv0YQAR,Equiti G M Marketing Management LLC,aBR3y000000g2dwGAA,110820.8772,101436.1205,0,101436.1205,0,0,0,Other
0010M00001QaDsCQAV,Allitude S.p.A.,aBR0M000000H5wCWAS,137103.3625,137103.3625,0,71439.0745,0,65664.288,0,Other
0013000001JxwgtAAB,ROVENSA SA,aBR30000000XaWPGA0,28391.0493,28391.0493,0,28391.0493,0,0,0,Other
0013000000hJ2ULAA0,EJADA Systems Company,aBR3y000000HD6dGAG,39000,39000,0,39000,0,0,0,Other
0013y00001eDT5AAAW,Twoday Finland Oy,aBR3y000000saYMGAY,621.883,621.883,621.883,0,0,0,0,Other
00130000016juBKAAY,"Operadora de Servicios Paquetexpress, SAPI de C.V.",aBR3y000000HE6yGAG,199100.6314,77380.6314,52751.8248,20776.8066,0,3852,0,Other
001ed00000ebulpAAA,Nine Entertainment,aBR300000004CSUGA2,50488.2911,50488.2911,50488.2911,0,0,0,0,Other
0013000001IfMm5AAF,Think Research Corporation,aBR3y0000004uAGGAY,69423.5656,69423.5656,0,69423.5656,0,0,0,Other
0013000000GJCxeAAH,Premier Retail Services Pty Ltd (trading as SM/PA),aBR0M000000GoXrWAK,166183.3782,166183.3782,0,102821.9164,0,63361.4618,0,Other
001ed00000MHFafAAH,Ericsson (Product Licensing),aBR300000004LumGAE,1094.1035,779.4483,503.4483,0,276,0,0,Other
0010M00001WI2XxQAL,PPC ENERGIE S.A.,aBRed000000A8E4GAK,185731.043,185731.043,0,180477.9,0,5253.143,0,Other
0013000001LW71NAAT,"Access Clinical Partners LLC, d/b/a GoHealth Urgent Care",aBR3y000000HKfJGAW,219066.6667,219066.6667,0,219066.6667,0,0,0,Other
001000000027wFNAAY,"CDK Global, LLC",aBR30000000XZOYGA4,134000,134000,128724,5000,276,0,0,Other
0010M00001Qk8bpQAB,AMP Services Limited,aBR300000004CBUGA2,6245.6252,6245.6252,6245.6252,0,0,0,0,Other
0013y00001fFCtjAAG,"SC Digital Co., Ltd.",aBR30000000L6GrGAK,38963.8706,38963.8706,0,38188.3228,0,775.5478,0,Other
0010M00001P0B5EQAV,Comune di Napoli,aBR3y000000kCCDGA2,151903.3862,45965.0016,45965.0016,0,0,0,0,Other
0013000000IkkfRAAR,Rawson Group PTY Limited,aBR3y000000wk8qGAA,23690.7104,23690.7104,22441.5854,0,0,1249.125,0,Other
0013y00001d72kMAAQ,Morling College,aBR3y0000000Q7aGAE,890.7214,890.7214,890.7214,0,0,0,0,Other
0010M00001Yu5DvQAJ,Corning Incorporated,aBR300000004DNvGAM,392.8374,392.8374,392.8374,0,0,0,0,Other
00100000001ButZAAS,Choice Hotels International   Inc.,aBR300000004EycGAE,781712.52,346250.04,316250.04,0,30000,0,0,Other
00100000001pHFsAAM,"TriNet USA, Inc.",aBR300000004QNcGAM,315977.5837,282477.5837,237233.244,23402.2447,0,21842.095,0,Other
0013y00001gDgsRAAS,Agios Pharmaceuticals,aBR3y000000H6ViGAK,88076,88076,0,37076,0,51000,0,Other
0010M00001WZ98NQAT,Sandoz AG (Org ID=00D2o000000aGRU),aBR3y0000000RcbGAE,194641.7364,193852.6247,0,58735.0137,0,135117.611,0,Other
0013000001LWOXZAA5,N'PY Resa,aBR3y000000HC5aGAG,24624.108,24624.108,23113.8293,0,1510.2787,0,0,Other
00130000005h9vlAAA,"J. Crew Group, LLC",aBR3y000000h3kwGAA,2160945.295,2160945.295,2160945.295,0,0,0,0,Other
0013y00001gDJYuAAO,Siemens Corporation,aBR300000004H4YGAU,287500,287500,227500,0,60000,0,0,Other
00130000016jTWPAA2,Cras NV,aBR30000000Xh7BGAS,848.7586,666.5243,666.5243,0,0,0,0,Other
0013000000roz9eAAA,Children's Hospital of Orange County,aBR300000004Qw8GAE,157746.6,127215,0,0,0,0,127215,Legacy CDP
001ed00000KQ1Y4AAL,BIENES PROGRAMADOS SA DE CV RFC: BPR950505SS1,001ed00000KQ1Y4AAL,8676,1476,900,0,0,576,0,Other
001ed00000AuMePAAV,Service Federal Credit Union (New Org),aBR3y0000004oT7GAI,369580.2459,179580.2463,0,173130.2463,0,6450,0,Other
0010M00001Yb1tgQAB,Fundacion Banco Santander,0010M00001Yb1tgQAB,190.9454,190.9454,190.9454,0,0,0,0,Other
0013000001CBakiAAD,Megazone Cloud Corporation,aBR3y0000008XCRGA2,8176,4276,2476,0,1800,0,0,Other
0013000000hLN45AAG,"ThermOmegaTech, Inc.",aBRed0000006LHtGAM,1552.5,1552.5,1552.5,0,0,0,0,Other
0013000001LWdc9AAD,Spoon Consulting - ISV Edition,aBR0M000000boxfWAA,1176,1176,0,1176,0,0,0,Other
0013000000ZkO5LAAV,Guentner U.S. Llc,0013000000ZkO5LAAV,2776,776,776,0,0,0,0,Other
0013y00001Z0fVlAAJ,Shaker Group,0013y00001Z0fVlAAJ,30240,30240,0,30240,0,0,0,Other
0013y00001folfLAAQ,ARCH Real Estate SAGL,0013y00001folfLAAQ,57658.2354,57658.2354,57658.2354,0,0,0,0,Other
00130000016geOsAAI,F. Hoffmann-La Roche AG,aBR300000004N0aGAE,56214.4,56214.4,50000,0,6214.4,0,0,Other
0013y00001eIsDBAA0,INTER-STUDIOVIAGGI S.P.A,0013y00001eIsDBAA0,7092.8375,7092.8375,4816.4755,2276.362,0,0,0,Other
0013y00001cMh0HAAS,Tamara FZE,aBR3y000000CpQIGA0,25625,20625,20625,0,0,0,0,Other
00130000002xDhZAAU,Westfalen AG Münster,aBR3y000000gFjLGAU,62870.8597,35535.7033,35535.7033,0,0,0,0,Other
00100000000nEbgAAE,"Ribbon Communications Operating Company, Inc.",aBR300000004F7hGAE,48000,48000,48000,0,0,0,0,Other
00130000001kI1qAAE,"Sumitomo Heavy Industries, Ltd.",aBR0M000000LDm5WAG,1212.804,404.268,404.268,0,0,0,0,Other
0013y00001cIbsYAAS,Withsecure CPSF,aBR0M000000CdhsWAC,30587.4689,26799.9428,23639.1437,205.9061,984.9643,1969.9287,0,Other
0010M00001X8Hg4QAF,TOYOTA MOTOR CORPORATION(Support Center),aBR30000000L6FTGA0,1435.9599,1435.9599,1435.9599,0,0,0,0,Other
0013000001GYXMoAAP,Compañía Mundial de Seguros,aBR3y000000sZuRGAU,73072.7091,34900.3984,34900.3984,0,0,0,0,Other
0010M00001UESZNQA5,EFFILUX,0010M00001UESZNQA5,1285.8082,1285.8082,1285.8082,0,0,0,0,Other
001ed00000eyeBdAAI,Proquire LLC,aBR300000004Fk5GAE,1952,1452,900,0,552,0,0,Other
0013y00001gCoZoAAK,"lululemon athletica Canada, Inc.",aBR3y0000004lDsGAI,214725.1071,102750,102750,0,0,0,0,Other
0013y00001d70SBAAY,WITHDOM Group Inc.,aBRed00000005xRGAQ,323.4144,323.4144,323.4144,0,0,0,0,Other
00130000002xIEjAAM,Gianni Versace S.r.l.,aBR3y000000bt6DGAQ,555067.5226,554848.6416,0,546968.927,0,7879.7146,0,Other
0010M00001QklFRQAZ,Elderhostel DBA Road Scholar,aBR0M000000GmyDWAS,776,776,776,0,0,0,0,Other
0013y00001Z1ApjAAF,Insulet Corporation,aBR300000004Qx3GAE,289695.2408,233746.3357,233746.3357,0,0,0,0,Other
0013000001L6ElaAAF,Flexo Concepts,0013000001L6ElaAAF,11994.9504,11994.9504,0,3996.3504,0,7998.6,0,Other
00130000008erYPAAY,Columbus Blue Jackets,aBR3y0000004pH2GAI,16050,16050,16050,0,0,0,0,Other
0013000000K7ZGkAAN,"Curriculum Associates, LLC",aBR3y000000H6ugGAC,192254.0146,192254.0146,192254.0146,0,0,0,0,Other
0013000000M0Q7IAAV,BayPort Credit Union,aBR3y000000Xr77GAC,50130,50130,48750,0,1380,0,0,Other
0013000000ZjJjVAAV,BIBA FASHION LIMITED,aBR3y000000wq1AGAQ,99161.0565,99161.0565,0,98400.1146,0,760.9419,0,Other
0013000000JITsrAAH,SARA ASSICURAZIONI SpA,aBR3y000000wkfLGAQ,4754.0944,4754.0944,4754.0944,0,0,0,0,Other
0013y00001fvAb9AAE,Proquire LLC,aBR300000004Fk5GAE,86026,32026,1176,100,30750,0,0,Other
0013000000GMPsDAAX,"Retail Finance International Holdings,Inc.",aBR3y0000000HqnGAE,309825,309825,77625,17625,94575,120000,0,Other
0013000001CDunyAAD,DocTrade BV,aBR3y0000004n6uGAA,519.8423,519.8423,519.8423,0,0,0,0,Other
0013000000GJD9NAAX,Move On B&B Hotels,aBR3y000000TPApGAO,188808.6186,188808.6186,0,188808.6186,0,0,0,Other
0013000000roxjCAAQ,The Iowa Clinic,aBR3y000000fzbKGAQ,2011.4248,2011.4248,0,2011.4248,0,0,0,Other
0010M00001QnnqpQAB,Energi Fyn Holding A/S,0010M00001QnnqpQAB,33909.4076,33909.4076,0,31282.836,0,2626.5716,0,Other
00130000001kJqiAAE,LY Corporation (Y!J),aBR3y00000055TWGAY,19344.2238,404.268,404.268,0,0,0,0,Other
0013y00001carekAAA,Motorola Solutions DUPE TO AVIGILON,0013y00001carekAAA,116084.04,116084.04,0,0,0,0,0,Legacy CDP
00130000002xTNAAA2,"Vortex Industries, LLC",00130000002xTNAAA2,59502,3252,3252,0,0,0,0,Other
0013000000rnE3yAAE,Telepass S.p.A.,aBR0M000000GpLkWAK,64593.0179,42391.0714,42391.0714,0,0,0,0,Other
0013000001J7RY3AAN,Intuis Services,aBR30000000XnlWGAS,164.0109,164.0109,0,164.0109,0,0,0,Other
0013y00001cjxqxAAA,Emarat,aBR3y000000HTpAGAW,872277.7273,847252.7273,0,522772.7273,0,324480,0,Other
0013000001NXZ3nAAH,Operadora Futurama S.A. de C.V.- Al Super,0013000001NXZ3nAAH,96565,96565,0,96565,0,0,0,Other
0010M00001QknXiQAJ,TFG Financial Corporation*,aBR3y000000brgcGAA,8750,8750,7000,1750,0,0,0,Other
0013y00001cb8m2AAA,Propuls,0013y00001cb8m2AAA,285.059,285.059,285.059,0,0,0,0,Other
0010M00001W817yQAB,"OSRX, Inc.",0010M00001W817yQAB,302235.5561,10800,10800,0,0,0,0,Other
0010M00001QoPo6QAF,DIRECT FINANCE OF DIRECT GROUP (2006) LTD,0010M00001QoPo6QAF,24072,24072,23352,0,720,0,0,Other
0013000000ZlQpfAAF,SABESP - Cia de San Básico do Estado de São Paulo,aBR3y000000wpiDGAQ,55189.7014,55189.7014,48561.2624,0,6628.439,0,0,Other
0013000001JcpnyAAB,"PLDT, Inc.",aBR0M000000bptUWAQ,149400,149400,49800,0,99600,0,0,Other
0013000001GUTsaAAH,"ASCENDUM, S.A.",aBR30000000XlMFGA0,51336.5676,14092.7918,13363.8542,728.9376,0,0,0,Other
00130000008ea9RAAQ,"MOEVE, S.A.",aBR3y000000CkAqGAK,393464.4278,360771.5808,360771.5808,0,0,0,0,Other
001ed00000OaSfuAAF,Genmab US - SAP,aBR3y000000btjMGAQ,145103.627,60000,60000,0,0,0,0,Other
00130000002xIdgAAE,"RECHEIO - CASH & CARRY, S.A",aBR300000004NsyGAE,38768.5187,32306.8297,0,0,0,0,32306.8297,Legacy CDP
0013000000GLuPmAAL,GRECOTEL MANAGEMENT OF HOTEL ENTERPRISES SOCIETE ANONYME,aBR3y000000cEiaGAE,7178.6002,5909.7859,5909.7859,0,0,0,0,Other
0013y00001d9EsLAAU,GoodRx CDP (2nd Org),aBR3y000000ChMTGA0,1168452.575,853968.058,0,0,0,0,853968.058,Legacy CDP
0010M00001QqTxkQAF,Talento Institucional SA de CV,0010M00001QqTxkQAF,28080,28080,0,28080,0,0,0,Other
001ed00000aErMHAA0,Vnom,aBR3y000000HAZDGA4,17144.6101,17144.6101,17144.6101,0,0,0,0,Other
0010M00001WZoLoQAL,WEVERSE COMPANY Inc.,0010M00001WZoLoQAL,750,750,750,0,0,0,0,Other
001ed00000iQCx4AAG,Sandro Cazzato GmbH,001ed00000iQCx4AAG,4104.018,4104.018,4104.018,0,0,0,0,Other
0010M00001WYSuQQAX,Center Norte S/A Construção Empreend Adm e Participação,aBR3y000000h3ucGAA,24492.2986,24492.2986,0,24492.2986,0,0,0,Other
0010M00001Qkr96QAB,Booster Financial Services Limited,aBR3y0000005Hj9GAE,48590.4231,48590.4231,0,48590.4231,0,0,0,Other
0013000000M2EnUAAV,Clyde Mobility AG,aBR3y000000HBGkGAO,2736.012,1094.4048,1094.4048,0,0,0,0,Other
0010M00001YuKp8QAF,SAUR SAS - Direction Service Client,aBR3y000000HIwPGAW,30712.2819,24898.8036,24898.8036,0,0,0,0,Other
0013000000BoMCKAA3,Atera Networks,aBR3y00000116zvGAA,1900,1900,1900,0,0,0,0,Other
0010M00001QkZJrQAN,The Travel Chapter Limited,aBR3y000000HJMLGA4,16770.392,16276.2289,16276.2289,0,0,0,0,Other
0010M00001UEbaUQAT,Xperi Corporation,aBR3y0000004xFnGAI,276000,276000,276000,0,0,0,0,Other
0010M00001SJIDCQA5,Fastems Group,aBR3y000000HDFGGA4,87472.5004,43736.2502,43736.2502,0,0,0,0,Other
0013y00001cg7BkAAI,Smart Cloud Consultants,0013y00001cg7BkAAI,813.1677,813.1677,813.1677,0,0,0,0,Other
0010M00001WJJhQQAX,Diesa S.A.,0010M00001WJJhQQAX,3177.5087,3177.5087,3011.7879,165.7208,0,0,0,Other
0013000000LXSngAAH,"Georgetown University, MSB",aBR30000000PBGiGAO,42620.3126,42620.3126,4220.3126,0,38400,0,0,Other
001ed000000lZ7CAAU,Royal Homes,001ed000000lZ7CAAU,963.2834,452.4846,170.2662,0,282.2184,0,0,Other
0010M00001WJTtBQAX,Dechra Limited,aBR30000000XkWUGA0,6247.5,6247.5,6247.5,0,0,0,0,Other
0013000000CFEWOAA5,"Radiomovil DIPSA, S.A. de C.V.",aBR3y000000wlE1GAI,420147.486,335340,0,0,0,0,335340,Legacy CDP
0013000000hJOT0AAO,ZURICH ARGENTINA COMPAÑIA DE SEGUROS S.A.,aBR300000004fgnGAA,36905.7026,35240.5566,10340.5566,0,0,24900,0,Other
0010M00001cHTKIQA4,Louisiana Workers' Compensation Corporation (FSC org),aBR3y000000H7SJGA0,542000,167000,167000,0,0,0,0,Other
00130000002xZ7UAAU,IGT - A Nevada Corporation,aBR3y000000H7K8GAK,28176,1776,1776,0,0,0,0,Other
0013y00001dkEZTAA2,Foodstuffs North Island Limited PM,aBR3y000000TVfiGAG,1604.7865,605.6989,329.6989,0,276,0,0,Other
0013y00001cSJVGAA4,JUSTBIT SRL,aBR3y0000000NYYGA2,1177.5796,302.0557,0,0,302.0557,0,0,Other
0013000001NXIsuAAH,"Xometry, Inc.",aBR0M0000000AOEWA2,116931.5694,42000,42000,0,0,0,0,Other
00100000001qYN7AAM,Cepheid,aBR300000004FpbGAE,106052.7911,30042.4818,26442.4818,0,3600,0,0,Other
0013y00001cw53EAAQ,KISETSU SAISON FINANCE (INDIA) PRIVATE LIMITED,aBR3y000000HQjIGAW,35649.5561,35649.5561,0,35649.5561,0,0,0,Other
0013000000IklLMAAZ,Dahlsens Building Centres,aBR3y000000XpdwGAC,910.5326,910.5326,750.4389,160.0937,0,0,0,Other
0010M00001PDwvbQAD,voestalpine group-IT GmbH (High Performance Metal),aBR300000004MuSGAU,2272.7532,2272.7532,2272.7532,0,0,0,0,Other
0010M00001YFjCGQA1,"Pochteca Materias Primas, S.A. de C.V.",aBR0M000000GnJhWAK,1701,701,701,0,0,0,0,Other
00130000008sasoAAA,The Stepstone Group EMEA GmbH,aBR0M000000Xp24WAC,261194.8541,154349.0116,117379.4055,36667.5504,302.0557,0,0,Other
00130000002xRpeAAE,Domain Holdings Australia Limited,aBR300000004CSUGA2,65552.7535,65552.7535,65552.7535,0,0,0,0,Other
0010M00001SIfqLQAT,Mary Kay Inc. (Org 2 NA),aBR300000004DNIGA2,191481.9163,164880,0,99120,0,65760,0,Other
0013y00001foJ45AAE,Cognizant Technology Solutions Corporation,aBR300000004F5eGAE,539070,539070,0,0,0,240000,299070,Legacy CDP
0013y00001eXSTZAA4,Arla Foods AB,aBR300000004M0FGAU,52998.9601,44914.373,0,0,0,0,44914.373,Legacy CDP
0010M00001WaXh8QAF,BEC Financial Technologies a.m.b.a. (Frøslev-Mollerup),aBR0M000000Cda5WAC,1927.2469,1462.1249,291.8413,145.9207,1024.3629,0,0,Other
0013000000ZjkLfAAJ,I-AGRI CORP.,aBR30000000L6GpGAK,28216.0621,28216.0621,0,28216.0621,0,0,0,Other
0013y00001cCZ7zAAG,Bayer AG - MIIDAS,aBR300000004H4iGAE,61461.5546,50510.9402,50510.9402,0,0,0,0,Other
0010M00001QnOkrQAF,Pegasystems Inc.,aBR300000004F6aGAE,214773,214773,0,0,0,0,0,Legacy CDP
00130000002xT0qAAE,"Sunstate Equipment Co., LLC",aBR300000004DWcGAM,179814.6141,179814.6141,0,179814.6141,0,0,0,Other
0013000000NSmnlAAD,Suncorp New Zealand Services Limited,aBR3y000000H8dyGAC,72078.7155,66753.1341,0,63533.7982,261.1807,2958.1552,0,Other
0010M00001JzikWQAR,Pentagon Federal Credit Union,aBR300000004PQ9GAM,928811.8713,873811.8713,635861.3346,205521.9058,30026.5101,2402.1208,0,Other
0010M00001U3p9qQAB,NSK Ltd.,aBR30000000L6T8GAK,24317.5287,23347.2855,23347.2855,0,0,0,0,Other
001ed00000C7okMAAR,Canadian Cancer Society Nonprofit Cloud Org,aBR0M000000GmxzWAC,10428.5714,5214.2857,0,5214.2857,0,0,0,Other
0013000001GUUMlAAP,APART SP. Z O.O.,aBR3y000000HB0oGAG,72050.6911,72050.6911,0,71788.034,0,262.6571,0,Other
0010M00001SINNFQA5,"Synopsys, Inc",aBR300000004F5IGAU,268069.96,248069.96,20000,0,2760,0,0,Other
001ed00000SvReTAAV,"NRI digital, Ltd.",aBR30000000L6TIGA0,1212.804,404.268,404.268,0,0,0,0,Other
0013000000ZkRvoAAF,"Squarespace, Inc.",aBR3y0000004jNEGAY,32400,32400,32400,0,0,0,0,Other
0013000000Zj9FqAAJ,Lifestyle International Pvt Ltd,0013000000Zj9FqAAJ,5952.8677,5952.8677,0,5952.8677,0,0,0,Other
00130000002xJ4tAAE,Iberia Lineas Aereas de España Sociedad Anonima Operadora,aBR30000000XkPhGAK,82515.4678,5907.1317,5605.076,0,302.0557,0,0,Other
0013y00001g8HrgAAE,Saint-Gobain Nordics & Baltics,aBR300000004HjbGAE,40576.1524,40576.1524,20137.0483,2709.7463,17729.3578,0,0,Other
0013000000RXdkJAAT,Broadway Direct (MC),aBR3y000000TOp4GAG,145779.2122,85230.9322,0,85230.9322,0,0,0,Other
0010M00001W8SHwQAN,Deel Inc.,aBR3y000000sZtYGAU,60180,60180,58800,0,1380,0,0,Other
0013y00001cIRKoAAO,Primary and Preventative Health Services,aBR3y0000004waQGAQ,323825.4855,6110.6423,6110.6423,0,0,0,0,Other
0013y00001d0nrPAAQ,Paris Je t'aime,0013y00001d0nrPAAQ,14632.2321,14632.2321,14632.2321,0,0,0,0,Other
0013y00001f6SUnAAM,Subbyx SRL società benefit,0013y00001f6SUnAAM,46608.5117,46608.5117,0,46608.5117,0,0,0,Other
0013000000ImKKrAAN,Natura & Co,aBR300000004RjqGAE,936487.8274,616592.9461,0,609412.1013,0,7180.8448,0,Other
0013000000ZjgDpAAJ,Capitec Bank Limited,aBR300000008RNWGA2,306403.2871,306403.2871,305851.2871,0,552,0,0,Other
0013y00001f9EmTAAU,"AC Logistics México, SA de CV ALM1909201A1",0013y00001f9EmTAAU,20952,20952,7500,7500,0,5952,0,Other
0013000000K7YQ6AAN,"Hot Topic, Inc.",aBR3y000000HKk6GAG,105285.0218,105285.0218,101942.5309,3342.4909,0,0,0,Other
0013000000M0f9iAAB,"West Monroe Partners, LLC.",aBR3y000000TU6rGAG,525000,84276,84276,0,0,0,0,Other
0013y00001bebDOAAY,Australian Football League (GCS),aBR3y0000004tjZGAQ,1324.104,1324.104,1324.104,0,0,0,0,Other
0013000000FfhvtAAB,"Sourcewell, (FKA NJPA)",aBR0M000000bqdyWAA,27901,15576,15300,0,276,0,0,Other
0013y00001gDjaaAAC,"Edward D. Jones & Co., L.P.",aBR300000004EjNGAU,2003757.706,2003757.706,1784517.706,0,219240,0,0,Other
0013000000hJJ0RAAW,LACOSTE OPERATIONS,aBR300000004Hu1GAE,903224.5811,438235.3781,437933.3224,0,302.0557,0,0,Other
001ed00000hmdsmAAA,AXS COE,aBR300000004FEwGAM,258439.9992,133440,0,109440,0,24000,0,Other
00130000002xcNLAAY,"Citizens Bank, N.A.",aBR30000000L7oBGAS,204361.9753,204361.9753,204361.9753,0,0,0,0,Other
001ed000003RItbAAG,BusCo,aBR3y000000wnhDGAQ,87037.3809,26815.4701,16823.9138,5607.9712,2261.134,2122.4511,0,Other
0013000001FitG1AAJ,SPINS,aBR3y0000004utrGAA,100865.4766,100865.4766,100589.4766,0,276,0,0,Other
001ed00000CgOtUAAV,GERARDO SACCO & C. S.R.L,001ed00000CgOtUAAV,2900.1728,2900.1728,1740.1037,1160.0691,0,0,0,Other
0013y00001ch2BJAAY,Fondazione Milano Cortina 2026,0013y00001ch2BJAAY,226584.7941,85004.8313,85004.8313,0,0,0,0,Other
0010M00001NYcUrQAL,Prince Wine Store,aBR3y000000TVhLGAW,20057.0324,20057.0324,0,20057.0324,0,0,0,Other
0010M00001SIPgsQAH,"Echelon Front, LLC",0010M00001SIPgsQAH,123080,123080,0,98600,0,24480,0,Other
0013000001EZI6ZAAX,SOBAC,aBR3y000000HC5XGAW,6042.3445,2211.9277,2211.9277,0,0,0,0,Other
0013y00001cmQLNAA2,"Loan Exchange, LLC",0013y00001cmQLNAA2,7485.9,7485.9,5085.9,0,0,2400,0,Other
0010M00001QarTsQAJ,SkillsFuture Singapore,aBR3y000000HSu3GAG,33600,33600,0,33600,0,0,0,Other
0013y00001d9G8LAAU,Alfa Business Holding,0013y00001d9G8LAAU,2783.1073,397.5868,397.5868,0,0,0,0,Other
0013y00001d0irsAAA,TITAN COMPANY LTD,aBR3y000000wnAZGAY,1038767.001,1009105.528,0,1004273.029,0,4832.4993,0,Other
0013y00001eHv76AAC,Avalys,0013y00001eHv76AAC,50386.8348,50386.8348,50386.8348,0,0,0,0,Other
001ed00000i2byQAAQ,"Beacon Sales Acquisition, Inc. d/b/a QXO, a Delaware Corporation - HR",aBR3y0000004qc9GAA,170063.9752,110656.7436,110656.7436,0,0,0,0,Other
0013000001FipgHAAR,Qatari Diar Real Estate Investment Company,aBR3y000000HD69GAG,7750,3750,3750,0,0,0,0,Other
0010M00001QlcaSQAR,Plan Management Partners Pty Ltd,aBR300000004b9KGAQ,124041.9011,118364.06,0,118364.06,0,0,0,Other
00130000016hzfRAAQ,Hayashi Sangyo Co.,aBR3y000000g42PGAQ,39213.996,38809.728,38809.728,0,0,0,0,Other
0010M00001P0OBvQAN,KONTOR N GmbH & Co. KG,aBR0M000000CcGxWAK,37037.285,31387.5297,0,0,0,0,31387.5297,Legacy CDP
0010M00001SISctQAH,NDC Australia Pty Ltd,aBR3y000000HI6fGAG,148586.6659,145277.6139,0,139031.9887,0,6245.6252,0,Other
0013000000ZlQuwAAF,LG Electronics do Brasil Ltda,0013000000ZlQuwAAF,53982.1353,53982.1353,0,50364.3209,0,3617.8144,0,Other
001ed00000mGAZJAA4,GYEONGGI BUSINESS & SCIENCE ACCELERATOR,aBR30000000L7k1GAC,5000,1000,1000,0,0,0,0,Other
001ed00000bon6iAAA,"MITSUKARU PROFESSIONAL, K.K.",001ed00000bon6iAAA,43660.944,43660.944,43660.944,0,0,0,0,Other
0013y00001c4ZjUAAU,MCB Puerto Rico LLC,aBR300000004F3HGAU,228197,228197,228197,0,0,0,0,Other
0010M00001XxmflQAB,GAF Materials LLC - 2nd Org,aBR300000004DFtGAM,41396.2123,41396.2123,39956.2123,0,1440,0,0,Other
0013000000NQ4JUAA1,GRAND VALIRA - NEVASA,0013000000NQ4JUAA1,23912.7449,22161.6972,18468.081,3693.6162,0,0,0,Other
0013000001L64MoAAJ,VUR Village Trading No.1 Limited,aBR3y000000CkYLGA0,404403.8862,172631.6697,165008.2215,0,1336.0682,0,6287.38,Other
00130000016jkA8AAI,Wedgewood Wedding & Banquet Center,aBR3y000000wqY1GAI,180345.3431,180345.3431,106569.3431,0,276,73500,0,Other
0013000000RYjxtAAD,BRF S.A.,aBR3y000000wmmqGAA,182833.2872,157171.2108,8075.4786,62957.2939,0,86138.4383,0,Other
0013000001CApWBAA1,Trimble Inc (Enterprise),aBR300000004FrUGAU,1878607.238,783904.7388,724988.9625,10262.8361,44709.3119,0,3943.6283,Other
0013y00001crRBIAA2,"Bridgestone Americas, Inc. (BSAM)*",aBR300000004DPPGA2,39909.8867,39909.8867,28200.0011,11709.8856,0,0,0,Other
001ed00000YZ8bqAAD,Arthur J. Gallagher & Co.,aBR300000004EqTGAU,437745,397950,0,396750,0,1200,0,Other
0010M00001WkO6fQAF,Chorus NZ Limited,aBR3000000001zZGAQ,1130.4007,446.8801,170.8801,0,276,0,0,Other
0013000000JzTEJAA3,"Autodesk, Inc.",aBR300000004F6EGAU,622542.357,587384.885,582890.0779,0,4494.8071,0,0,Other
0013000001GkRHvAAN,"V Opco, LLC",aBR0M000000GotmWAC,528897.75,528897.75,528897.75,0,0,0,0,Other
0013y00001cSZ2fAAG,Ottobock SE & Co. KGaA,aBR3y000000HIaUGAW,130800.4028,65664.288,65664.288,0,0,0,0,Other
0010M00001W86ahQAB,INNOVAPHARMA BRASIL FARMACEUTICA LTDA,0010M00001W86ahQAB,38838.2929,38838.2929,38838.2929,0,0,0,0,Other
0010M00001YtszSQAR,SEEK Limited,aBR300000004CXAGA2,55636.2906,34266.4276,469.98,33796.4476,0,0,0,Other
0013000000ZkJjaAAF,ScentAir,aBR3y000000H7szGAC,100296.5377,60333.034,60000.0048,333.0292,0,0,0,Other
0013000000ZinXpAAJ,"MARTIN'S POINT HEALTH CARE, INC. - Provider Org",aBR300000004FMgGAM,19518.3099,19518.3099,18130.047,788.2629,600,0,0,Other
0013y00001g95g1AAA,"Rakuten Group, Inc.",aBR30000000L6DZGA0,280934.2404,151568.4804,0,148948.8237,0,2619.6567,0,Other
0010M00001PE06kQAD,BlueVoyant,aBR3y000000ChbDGAS,20000,12500,12500,0,0,0,0,Other
0013y00001dKzrHAAS,PORTO SEGURO COMPANHIA DE SEGUROS GERAIS,aBR3y000000wmpgGAA,581484.3695,446893.0595,0,0,0,60996.6623,385896.3972,Legacy CDP
0013000001IgWXnAAN,"Huron Consulting Services, LLC.",aBR300000004FkqGAE,100016.11,100016.11,100016.11,0,0,0,0,Other
0013000000I3ei2AAB,Maple Leaf Sports & Entertainment Partnership,aBR3y000000h44KGAQ,22000,22000,0,22000,0,0,0,Other
0010M00001YbBafQAF,National Safety Council,aBR0M000000LCInWAO,132057.8856,132057.8856,0,132057.8856,0,0,0,Other
0010M00001QjuQ6QAJ,Hinge Health,aBR3y0000000Iv4GAE,1050,1050,1050,0,0,0,0,Other
001ed00000KlsfnAAB,Elevance Health - Data Cloud Prime,aBR300000004EmcGAE,6047138.8,5312927.262,4082344.338,1074582.924,156000,0,0,Other
0013000001GUWfmAAH,MAGGIOLI SPA,aBR0M000000GpfuWAC,71583.7984,71583.7984,71583.7984,0,0,0,0,Other
001ed00000CpTPHAA3,Corcept Therapeutics,aBR3y0000004p9bGAA,97293.3333,97293.3333,0,67293.3333,0,30000,0,Other
00130000000LUOFAA4,Minnesota Wild Hockey Club LP,aBR3y000000H7XfGAK,50616.5676,38646,38646,0,0,0,0,Other
0013000001GEGatAAH,FERSA BEARINGS SA,aBR3y0000000Os0GAE,18885.9248,18745.8409,0,18745.8409,0,0,0,Other
0013000001M1awJAAR,TOTALIZATOR SPORTOWY SP Z O O,aBR300000008RXGGA2,215710.7986,215710.7986,0,214397.5128,0,1313.2858,0,Other
0013000000rpmjPAAQ,Suncorp Corporate Services PTY LTD,aBR300000004CU8GAM,513936.1424,432929.5728,0,368656.412,0,64273.1608,0,Other
0013000001GXXyUAAX,Bidcom SRL,aBR3y000000g4CeGAI,442000,372000,282000,0,0,90000,0,Other
0013y00001cjvU5AAI,Remake Asset Management,0013y00001cjvU5AAI,672.6844,672.6844,0,410.0273,0,262.6571,0,Other
0013000001MsQcRAAV,The Universal Group (Org. 2),aBR3y000000cFjKGAU,10800,10800,10800,0,0,0,0,Other
0013000000BonfnAAB,"Aerovías De México, S.A. De C.V.",aBR3000000001kjGAA,667391.5041,667391.5041,0,544763.5041,0,122628,0,Other
0013000000hJ2LEAA0,"GMO TECH, INC.",aBR3y0000005715GAA,33958.512,33958.512,33958.512,0,0,0,0,Other
0013y00001e2oVNAAY,Takeaway.com Central Core B.V..,aBR3y000000HAdsGAG,254419.7604,3394.3971,3394.3971,0,0,0,0,Other
0010M00001QaRNvQAN,Console Australia Pty Ltd / Reapit Australia,aBR300000004CQdGAM,9703.9078,4258.3808,4258.3808,0,0,0,0,Other
0013y00001ey2C2AAI,Prudential Assurance Malaysia Berhad,aBR3y000000HG0qGAG,107654.308,107654.308,0,89654.308,0,18000,0,Other
0013000000rq0MFAAY,"Emimen co,.Ltd.",aBR3y00000051NKGAY,12936.576,12128.04,12128.04,0,0,0,0,Other
0010M00001NYVsxQAH,InVivo Group,aBR300000004HtnGAE,22909.646,22909.646,22909.646,0,0,0,0,Other
0010M00001UEbixQAD,"Generation: You Employed, Inc.",aBR0M000000LDeGWAW,15000,10000,10000,0,0,0,0,Other
0013000000GrTaIAAV,Tesco Mobile Limited,aBR300000004FsKGAU,27507.2877,27507.2877,27507.2877,0,0,0,0,Other
0013000000Gtw9gAAB,Qwest Corporation,aBR300000004DslGAE,6754068.21,3155483.921,2633127.173,0,522356.7482,0,0,Other
0013000001GY1E4AAL,TDF Group Inc.,aBR3y000000brhuGAA,98163.96,98163.96,98163.96,0,0,0,0,Other
0013000000roZGgAAM,SIRONA DENTAL COMERCIO DE PRODUTOS E SISTEMAS ODONTOLOGICOS LTDA.,0013000000roZGgAAM,211786.6044,139645.6623,139645.6623,0,0,0,0,Other
0010M00001QlsYIQAZ,"Fiserv Solutions, LLC",aBR3y000000LJAKGA4,350400,350400,0,0,0,0,0,Legacy CDP
0013y00001gVIaGAAW,SANOFI WINTHROP INDUSTRIE,aBR300000004HjdGAE,795161.6956,795161.6956,0,0,0,0,795161.6956,Legacy CDP
0010M00001QqxqXQAR,Azienda Zero,aBR3y000000kCBAGA2,8645.7979,8208.036,8208.036,0,0,0,0,Other
0013y00001eBJXnAAO,WELLNESS SERVICES ECOSSISTEMA DE BEM ESTAR LTDA.,aBR3y000000ydv4GAA,29540.4589,29540.4589,0,29540.4589,0,0,0,Other
0010M00001WJiPtQAL,Shiji Group USA,aBR3y000000TUTzGAO,112167.96,112167.96,0,0,0,0,0,Legacy CDP
0013y00001crzwkAAA,Zonneklaar Holding B.V.,0013y00001crzwkAAA,1094.4048,547.2024,547.2024,0,0,0,0,Other
0013y00001e64naAAA,HSE Digital,aBR0M00000007A2WAI,148424.0725,124523.4211,0,122796.8443,0,1726.5768,0,Other
0013y00001c4ixxAAA,Easynet SPA a socio unico,0013y00001c4ixxAAA,875.5238,875.5238,0,875.5238,0,0,0,Other
0013y00001fbcIJAAY,Healthyworld Pharmacy,0013y00001fbcIJAAY,33707.9797,33707.9797,0,33707.9797,0,0,0,Other
0010M00001WABbIQAX,USDA Information Systems and Networks Corp.,aBR0M00000007pFWAQ,1075.25,529,529,0,0,0,0,Other
0013000000M2SzuAAF,Hsu's Ginseng Enterprises Inc.,0013000000M2SzuAAF,485.7702,485.7702,0,485.7702,0,0,0,Other
0013000001C9vQkAAJ,Euna Solutions,aBR3y000000PDVYGA4,101409.99,101409.99,0,101409.99,0,0,0,Other
0013y00001caYLmAAM,A. Menarini Industrie Farmaceutiche Riunite S.r.l. [Pharma],aBR300000004NjCGAU,304500.8625,304500.8625,0,304500.8625,0,0,0,Other
0013000000NQ7O7AAL,"NanaWall Systems, Inc",aBR3y000000fyeaGAA,40651,40651,40651,0,0,0,0,Other
0010M00001SpnZeQAJ,UPM-Kymmene Oyj (UPM Plywood),aBR300000004LuRGAU,1024.3628,499.0486,499.0486,0,0,0,0,Other
00130000016gXAjAAM,Alain Afflelou España Sa,aBR3y000000HC7oGAG,76993.5664,71521.5424,70917.431,0,604.1114,0,0,Other
0013000001CCvRNAA1,Canyon Bicycles GmbH,aBR30000000Xe4BGAS,1075371.492,961640.7866,112026.11,772921.7073,0,76692.9693,0,Other
0010M00001QaSptQAF,BASSOLS ENERGIA,0010M00001QaSptQAF,3585.2701,3585.2701,3283.2144,0,302.0557,0,0,Other
0013y00001cw8IMAAY,Trellix Main Act XVM,aBR3y000000g2vXGAQ,196728,196728,0,0,0,0,0,Legacy CDP
0013000001FkCL0AAN,TAKKO Holding GmbH,aBR3y000000wplcGAA,167955.039,157067.1669,0,155228.5668,0,1838.6001,0,Other
001ed00000r9W5SAAU,ATHENIS,001ed00000r9W5SAAU,13149.357,13149.357,13149.357,0,0,0,0,Other
0013000000M2qqGAAR,MTV Oy,aBR3y000000woEgGAI,176000,51000,51000,0,0,0,0,Other
001000000000RJ7AAM,International Paper Company *MASTER*,aBR300000004DH6GAM,182500,157500,157500,0,0,0,0,Other
00130000002EV4zAAG,"Ethan Allen Global, Inc.",aBR300000004DG7GAM,284366.6163,200153.6963,0,195017.6963,0,5136,0,Other
00130000000dubwAAA,"Boomi, LP",aBR3y000000h3bgGAA,30000,10000,10000,0,0,0,0,Other
0013000000Zk1HAAAZ,SystemForest inc.,aBR3y00000057NpGAI,16963.764,15146.2179,15146.2179,0,0,0,0,Other
001ed00000UVmdRAAT,Jack Kent Cooke Foundation - Grantmaking Org,aBRed000000sszVGAQ,899.384,899.384,899.384,0,0,0,0,Other
001ed000003hwS1AAI,JAPA YUKO K.K.,aBR3y00000057r7GAA,113182.5045,113182.5045,0,113182.5045,0,0,0,Other
00100000000Bg0DAAS,LanguageLine Solutions* (Sales - ORG),aBR300000004FCzGAM,108000,108000,108000,0,0,0,0,Other
0013000000NSZFqAAP,Alliant Insurance*,aBR300000004PRqGAM,97725,97725,97725,0,0,0,0,Other
0013000000HkBRxAAN,"Forward Advantage Holdings, Inc.",aBR3y000000LHuRGAW,371.3123,371.3123,0,371.3123,0,0,0,Other
0010M00001SmwuiQAB,Samsonite Europe NV,aBR3y0000004kktGAA,151165.7573,151165.7573,0,146372.2643,0,4793.493,0,Other
0013y00001cNS8EAAW,Telia Sverige AB,aBR300000004LrbGAE,39398.5728,39398.5728,0,39398.5728,0,0,0,Other
0013000001CDwqqAAD,Vinmonopolet AS,aBR0M000000bpF8WAI,164.1607,164.1607,164.1607,0,0,0,0,Other
0010M00001Qmjs1QAB,The Coca-Cola Company,aBR300000004DCZGA2,64440.3848,60000,60000,0,0,0,0,Other
001ed00000JrlViAAJ,NTT Ltd Group Services United Kingdom Limited,aBR300000004GXZGA2,257838.72,257838.72,140250,0,57588.72,60000,0,Other
0010M00001W8OU0QAN,Hilti Corporation,aBR300000008RDaGAM,1546074.646,831128.0981,0,0,0,308914.8683,522213.2298,Legacy CDP
0013y00001d7TSEAA2,FUNKO (Primary Org),aBR3y000000HKdDGAW,37743.8057,5400,5400,0,0,0,0,Other
0013y00001fFK3iAAG,Alabama Community College System (Education Cloud),aBR30000000PBJgGAO,125848.6667,100765.3334,100598.6667,166.6667,0,0,0,Other
0013000000ZmY00AAF,Huber+Suhner AG,aBR30000000XjCIGA0,60066.4074,26974.3423,26974.3423,0,0,0,0,Other
0013000001GX2YSAA1,Cruzeiro Esporte Clube,aBR3y000000HDvyGAG,31992.8928,31992.8928,30606.0639,0,1386.8289,0,0,Other
001ed000008zKBkAAM,MAROIL Srl,001ed000008zKBkAAM,410.1209,410.1209,0,410.1209,0,0,0,Other
0013000001GXuOpAAL,University of Wisconsin Hospitals and Clinics Authority (aka UW Health),aBR3y000000H8DBGA0,901425.9671,901425.9671,0,865425.9671,0,0,36000,Other
00130000001ysymAAA,"Vendavo, Inc.",aBR300000004Zn1GAE,45459.3941,31938.4088,31938.4088,0,0,0,0,Other
00100000001u5QoAAI,"Drilling Info, Inc. dba Enverus",aBR0M000000GopQWAS,292549.54,292549.54,140911.3,2400,63918.24,85320,0,Other
0013000000HF51pAAD,Opella Healthcare Group,aBR300000004HjdGAE,181234.9452,181234.9452,0,0,0,0,181234.9452,Legacy CDP
0013000001J6ORbAAN,Federation of State Massage Therapy Boards,aBRed0000003nfJGAQ,20250,2250,2250,0,0,0,0,Other
0013y00001be54iAAA,Booking.com B.V.,aBR300000004NldGAE,52268.7733,52268.7733,52268.7733,0,0,0,0,Other
001000000015hqyAAA,"Motorola Solutions, Inc.",aBR300000004DcJGAU,554424.5051,440079.9522,253614.5078,0,22045.4044,0,0,Other
0013y00001h7xNrAAI,Team Global Express Pty Ltd,aBR3y000000TQw9GAG,317418.9779,317418.9779,316310.4049,832.573,276,0,0,Other
0013000000hIgVyAAK,Pet Supplies Plus,aBR3y000000H75NGAS,380102,244102,0,212926,0,31176,0,Other
0013y00001fOCrbAAG,Matt Fiddes Martial Arts,0013y00001fOCrbAAG,26969.7451,26969.7451,0,0,0,0,26969.7451,Legacy CDP
0010M00001Qk22pQAB,Cargill Inc,aBR300000004ECEGA2,447430.2468,357943.9973,0,0,0,0,357943.9973,Legacy CDP
0010M00001SIvsNQAT,"YOSHIDA & CO., LTD.",aBR3y00000052vDGAQ,190506.0395,146543.1073,0,0,0,0,146543.1073,Legacy CDP
001000000012srhAAA,Aetna Life Insurance Company,aBR300000004EUXGA2,7189282.863,4109462.273,3505535.791,0,603926.4817,0,0,Other
0013000000M0yfEAAR,Edward Mellor,aBRed0000003kRJGAY,54071.4682,54071.4682,0,54071.4682,0,0,0,Other
0013000001L6i8mAAB,Optimax Investment Ltd,aBR3y0000004vktGAA,19100,19100,0,19100,0,0,0,Other
001ed00000PcuMEAAZ,"Zayo Group, LLC (SF NEW)",aBR300000004PbYGAU,223780,143780,142400,0,1380,0,0,Other
0013y00001dWPMWAA4,DESIGNER Inc.,0013y00001dWPMWAA4,27943.0042,27943.0042,27943.0042,0,0,0,0,Other
00130000003JsyPAAS,Holmes Place Health Clubs GmbH,aBRed0000003Zu5GAE,42022.269,42022.269,0,26262.8399,0,15759.4291,0,Other
0013y00001dP5E8AAK,"National Grid USA Service Company, Inc.",aBR3y0000011MKjGAM,146451,5400,0,5400,0,0,0,Other
001ed000009guBzAAI,Vision Service Plan*,aBR300000004EmrGAE,426716,426716,358826,0,67890,0,0,Other
001ed000009NdoHAAS,Board of Regents of Nevada System of Higher Education on behalf of UNLV,aBR30000000PAwVGAW,186647.0427,181449.8905,0,181449.8905,0,0,0,Other
0010M00001bm2gHQAQ,Gigi Inc.,0010M00001bm2gHQAQ,86626.0291,70396.5344,70396.5344,0,0,0,0,Other
0010M00001PDwFfQAL,Adobe Population Health,aBR3y0000004pweGAA,2498.9733,1000,0,1000,0,0,0,Other
0010M00001Xy8EjQAJ,City of Toronto - 311 P2 Org,aBR3y000000H6GhGAK,49490.4777,42946.2823,42946.2823,0,0,0,0,Other
00100000001L6qXAAS,Air Canada (Cargo),aBR3y000000H6EOGA0,80135.3333,46802,46802,0,0,0,0,Other
0010M00001SJ8wNQAT,"Gift Pad Co.,Ltd.",aBR3y000000gFr0GAE,388.0973,388.0973,388.0973,0,0,0,0,Other
001ed00000mQxiMAAS,Sonoran University Health Sciences - Education Cloud Org 2,aBR0M000000CagQWAS,1000,1000,1000,0,0,0,0,Other
0013000000ZjGwhAAF,Israir Airlines,aBR3y00000119zLGAQ,24386,10636,7276,0,3360,0,0,Other
00130000000VmanAAC,The Day & Zimmermann Group (DO NOT CALL),aBR300000004FcwGAE,23760,23760,23760,0,0,0,0,Other
001ed00000YMHY6AAP,PXP,001ed00000YMHY6AAP,21494.1102,21494.1102,21494.1102,0,0,0,0,Other
0013000000ZlAUEAA3,FUJI CORPORATION,aBR3y0000004zdBGAQ,36384.12,16170.72,16170.72,0,0,0,0,Other
0013y00001cIMMFAA4,UCB Biopharma Patient Engagement - Link,aBR300000004MxMGAU,35170.0137,26031.7336,26031.7336,0,0,0,0,Other
0013y00001cMtbzAAC,"FRONTIER HUMAN Co.,Ltd.",0013y00001cMtbzAAC,5457.618,5457.618,5457.618,0,0,0,0,Other
00130000016iTJ1AAM,Interac Corp.,aBR3y0000004j9HGAQ,39058.4228,39058.4228,24478.4228,0,14580,0,0,Other
0013y00001fDbl7AAC,United Way of Calgary and Area,aBR3y000000g324GAA,71959.5438,71959.5438,0,70699.5438,0,1260,0,Other
0013000001CBWjuAAH,Ebanx,aBR3y000000wnp8GAA,20350.2061,20350.2061,20350.2061,0,0,0,0,Other
0013000000M0PfWAAV,National Association of Broadcasters (GCE),aBR3y000000btwJGAQ,54411.6066,54411.6066,0,48394.8066,0,6016.8,0,Other
00130000000e3qEAAQ,Amcor Flexibles LLC,aBR3y000000HIPHGA4,105504.9006,20582.4553,20306.4553,0,276,0,0,Other
0010M00001aPsVNQA0,Axopar Boats Oy,0010M00001aPsVNQA0,2363.9143,2363.9143,0,0,0,2363.9143,0,Other
0010M00001XyOmyQAF,Axios Management Inc.,0010M00001XyOmyQAF,9518.0858,9518.0858,9518.0858,0,0,0,0,Other
0013y00001eX3BTAA0,HerMoney Media Inc - Client Org,aBR3y000000saCuGAI,1776,1776,1776,0,0,0,0,Other
0013y00001crSGpAAM,Proquire LLC,aBR300000004Fk5GAE,25500,500,500,0,0,0,0,Other
0013000001GXqdMAAT,"Northwell Health, Inc.",aBR3000000004GwGAI,1493122.735,1148811.861,188749.9087,807780.6876,0,152281.2647,0,Other
0013000001NX9GTAA1,WBR Industria e Comercio de Vestuario Ltda,0013000001NX9GTAA1,22539.9169,22539.9169,0,22539.9169,0,0,0,Other
00130000002yuiNAAQ,"AEON DELIGHT CO., LTD.",aBR30000000L6AqGAK,6790.0421,4366.0944,4366.0944,0,0,0,0,Other
0013y00001gxNH3AAM,The Kallang Group,0013y00001gxNH3AAM,25876.1095,25876.1095,0,20116.1095,0,5760,0,Other
0010M00001QmsnAQAR,PT Erafone Dotcom,aBR3y000000H8eoGAC,40320.5349,40320.5349,0,40320.5349,0,0,0,Other
00130000002xbjLAAQ,"Sheetz, Inc.",aBRed0000004o6KGAQ,527448.3667,450773.4322,0,0,0,0,450773.4322,Legacy CDP
00130000000K7vPAAS,euNetworks Fiber UK Limited,aBR3y0000004mJFGAY,38163.2518,27360.12,24624.108,2736.012,0,0,0,Other
0010M00001JzggOQAR,HackerUSA Inc (Previously:ThriveDX),aBR3y0000000DfqGAE,141389.4032,136943.6054,136943.6054,0,0,0,0,Other
00100000001E4bmAAC,Corning Incorporated,aBR300000004DNvGAM,392.9872,392.9872,392.9872,0,0,0,0,Other
0010M00001QkVJaQAN,"TSUCHIYAKOGYO CO.,LTD.",aBR3y0000004zhEGAQ,17787.792,17787.792,17787.792,0,0,0,0,Other
001ed00000jTkwwAAC,GD Developpement,aBRed00000114dhGAA,72230.7168,19699.2864,19699.2864,0,0,0,0,Other
0010M00001W81hrQAB,Network Distribution,aBR0M000000GngSWAS,64000,45000,45000,0,0,0,0,Other
0013000001GYTnfAAH,Macquarie Group Services Australia Pty Ltd,0013000001GYTnfAAH,140200.8869,116441.2012,113479.0959,0,2962.1053,0,0,Other
0013000000EMbHuAAL,Dentsu International Limited,aBR30000000XlR6GAK,288071.4116,244513.1888,204513.1888,40000,0,0,0,Other
0010M00001UEVm4QAH,Calidad Pascual S.A.U,aBR300000004NJ4GAM,76689.6502,64991.229,0,0,0,0,64991.229,Legacy CDP
0013y00001ck5UlAAI,Alpine White / Cobea AG,0013y00001ck5UlAAI,1094.4048,1094.4048,1094.4048,0,0,0,0,Other
0013000000NRviZAAT,"Okta, Inc.",aBR30000000XobhGAC,74000,24000,24000,0,0,0,0,Other
00130000016gUwjAAE,BANK OF SYDNEY LTD,aBR3y0000004kU9GAI,30424.7113,30424.7113,1774.3253,0,28650.386,0,0,Other
0013000001JzLy2AAF,Wayfair,aBR0M000000bnxTWAQ,428142,410142,407982,0,2160,0,0,Other
0013y00001fFFS7AAO,APRIL Belgium NV,0013y00001fFFS7AAO,207.8344,207.8344,0,207.8344,0,0,0,Other
0010M00001Qags5QAB,The Prudential Insurance Company of America,aBR300000004EksGAE,218500,120000,0,0,120000,0,0,Other
00130000009yk1WAAQ,"Zillow, Inc.",aBR0M000000GnskWAC,98048.5508,22551.1667,22551.1667,0,0,0,0,Other
001ed00000UrG8bAAF,"KYUSHU ELECTRIC POWER CO., INC.- LV_AgentforcePoC",aBR30000000PAzuGAG,7577.6803,4828.6579,4638.9753,0,189.6826,0,0,Other
0013000000rpHI3AAM,MEDFAR Clinical Solutions,aBR3y0000004l9EGAQ,23055.7351,6439.614,0,2023.614,0,4416,0,Other
0010M00001SI8bqQAD,Gateway Health,0010M00001SI8bqQAD,20440.2278,20440.2278,20440.2278,0,0,0,0,Other
001ed00000mgQotAAE,Skipta Data Cloud,aBR3y000000TQF8GAO,60000,60000,0,60000,0,0,0,Other
00130000008FvHCAA0,"Sciencelogic, Inc.",aBR3y0000004qhLGAQ,3400,3400,3400,0,0,0,0,Other
0010M00001QamTyQAJ,Kalsec Inc.,aBR0M000000botfWAA,4095,4095,3185,910,0,0,0,Other
0013000000Zm7lsAAB,Snow College,aBR30000000PAy4GAG,13300,13300,12800,500,0,0,0,Other
0013y00001fSu7dAAC,CalEPA (Main CERS) org,aBRed000000BEinGAG,61402,61402,61402,0,0,0,0,Other
0010M00001Sq7eVQAR,Conforama Suisse SA,aBR3y000000HBJbGAO,415819.5204,415819.5204,0,392180.3767,0,23639.1437,0,Other
0010M00001SIshWQAT,Department for Energy Security & Net Zero (Schemes 2024),aBR0M000000bqgdWAA,31515.4925,31515.4925,26564.1807,0,0,4951.3118,0,Other
0010M00001SJJQBQA5,Bristol Adventures,0010M00001SJJQBQA5,2997.2628,2997.2628,2997.2628,0,0,0,0,Other
0013000000M1dUmAAJ,Georgia State University (DBA),aBR300000004OISGA2,92450,92450,92450,0,0,0,0,Other
0013000000In6iAAAR,IDX,aBR3y0000004pQOGAY,75611.8577,75611.8577,62847.2628,12488.5949,276,0,0,Other
001ed000007Wa1BAAS,Mariner Wealth Advisors - Organic Growth Org,aBR0M000000bqzBWAQ,776,776,776,0,0,0,0,Other
0010M00001So3jXQAR,Consilium Staffing,0010M00001So3jXQAR,13293.0292,13293.0292,0,13293.0292,0,0,0,Other
0013000000Lzh9RAAR,TVS Motor Company Ltd.,aBR3y000000HSCuGAO,143036.5496,130009.5888,0,0,0,0,130009.5888,Legacy CDP
0010M00001Qla7UQAR,Banco Internacional,aBR0M00000004vYWAQ,9237.0779,822.4072,822.4072,0,0,0,0,Other
0010M00001WkwpNQAR,"Inversiones Accionarias Landus, S.A. de C.V. RFC: IAL050602TK1",0010M00001WkwpNQAR,9262.8169,9262.8169,8302.8169,0,0,960,0,Other
0013000001MsNrFAAV,Robinsons Land Corporation,aBRed0000007uogGAA,162305.7751,162305.7751,162305.7751,0,0,0,0,Other
0013000000hJbV3AAK,TATA ASSET MANAGEMENT PRIVATE LIMITED,aBR3y000000HSAPGA4,15706.8383,4908.387,4908.387,0,0,0,0,Other
00130000002xENhAAM,Hoya Holdings N.V.,aBR30000000XfnUGAS,547.2024,547.2024,0,547.2024,0,0,0,Other
0013000000hLbEjAAK,Dosespot,aBR3y000000TRKjGAO,2823.9845,1411.9922,1411.9922,0,0,0,0,Other
0013000000BPAwMAAX,General Services Administration ****,aBR300000004UDfGAM,57500.0014,57500.0014,57500.0014,0,0,0,0,Other
001ed00000THOJmAAP,Corient,001ed00000THOJmAAP,908.4546,908.4546,0,0,0,908.4546,0,Other
0010M00001NYl5oQAD,"HST, Pathways",aBR3y000000CldtGAC,45784.489,28800,28800,0,0,0,0,Other
0010M00001c4Qt7QAE,Haleon PLC,aBR3y0000000L2TGAU,261866.008,261866.008,261866.008,0,0,0,0,Other
0013y00001cSUuIAAW,LPL Financial LLC,aBR300000004EjdGAE,20625.0325,20625.0325,20625.0325,0,0,0,0,Other
0013y00001eK4xmAAC,Australian Football League (FRE),aBR3y0000004tjZGAQ,1324.104,1324.104,1324.104,0,0,0,0,Other
0010M00001Wkl7SQAR,Centene Corporation,aBR300000004EnRGAU,3297648,813648,749592,0,64056,0,0,Other
0013y00001dL2i7AAC,Team TAG Services LLC,aBR300000004P16GAE,339976.5121,339976.5121,0,306791.4721,0,33185.04,0,Other
0013y00001ephAyAAI,E-Networks Communications Org,aBRed00000050DtGAI,649749.2538,453629.8508,0,451829.8508,0,1800,0,Other
0013y00001be8vEAAQ,Adium,aBR3y000000CoaXGAS,35804.7042,35804.7042,0,34700.7042,0,1104,0,Other
0013000000HIoUuAAL,Italiaonline S.p.A.,aBR0M000000GpM1WAK,71136.312,65664.288,65664.288,0,0,0,0,Other
0013000000CH6r7AAD,ACOME,aBR30000000XnjBGAS,3952.4801,3578.2808,3578.2808,0,0,0,0,Other
00130000002rNJoAAM,GrubHub Holdings Inc,aBR0M0000008UyJWAU,875,875,875,0,0,0,0,Other
0013y00001emVYmAAM,MintBet,0013y00001emVYmAAM,45926.4259,45926.4259,0,45665.2452,0,261.1807,0,Other
0013000001JyXrzAAF,"Environmental Restoration, L.L.C.",0013000001JyXrzAAF,776,776,776,0,0,0,0,Other
00100000001t2qkAAA,DWS International GmbH,aBR300000004H4hGAE,447713,447713,0,355985,0,91728,0,Other
0013000000M2MYNAA3,Sobeys Capital Incorporated,aBR3y000000wnsBGAQ,2400331.642,2140447.762,0,2073535.762,0,66912,0,Other
00130000016g0UBAAY,"SBT CO., LTD.",aBR3y000000yfAPGAY,8732.1888,8732.1888,8732.1888,0,0,0,0,Other
0013y00001h81zDAAQ,Proquire LLC,aBR300000004Fk5GAE,141402,7402,1902,100,5400,0,0,Other
001ed00000FduhfAAB,DigiKey - Main,aBR0M000000GnrlWAC,5496,5496,5496,0,0,0,0,Other
0013000000ZmZIfAAN,Chatters Limited Partnership,0013000000ZmZIfAAN,214629.1582,214629.1582,0,214629.1582,0,0,0,Other
00100000001t22sAAA,Instem,aBR3y0000004jD0GAI,42600.0001,42600.0001,0,37800.0001,0,4800,0,Other
0013000000Zl6a7AAB,Inspirato LLC,aBR300000004ZJkGAM,250800,120000,108000,12000,0,0,0,Other
00130000016hNd8AAE,Australian Unity Group Services Pty Ltd,aBR3y000000CmvcGAC,12434.472,12434.472,0,10305.2816,0,2129.1904,0,Other
0013000000Rauz2AAB,BANCO INTER S.A.,aBR3y000000wmpuGAA,1781203.055,1273194.078,0,0,0,54482.925,1218711.153,Legacy CDP
0013000000ZkgLeAAJ,"Invesco Group Services, Inc.",aBR3y000000PDztGAG,60000,60000,54545.04,0,5454.96,0,0,Other
001ed00000bExJ4AAK,"BMC Helix, Inc.",aBR0M000000bnE4WAI,2000,1000,1000,0,0,0,0,Other
0013y00001gDWT0AAO,NTT TechnoCross Corporation,aBR30000000L6DHGA0,100240.6762,61430.9482,61430.9482,0,0,0,0,Other
00130000004P4S7AAK,Hakuhodo DY ONE,aBR0M000000LDm2WAG,1131.9504,1131.9504,565.9752,565.9752,0,0,0,Other
0013000000M1cf3AAB,The Chamberlain Group LLC,aBR300000004Dh8GAE,589724.0901,589724.0901,0,580124.0901,0,9600,0,Other
00100000000FHU2AAO,"Deltek Systems, Inc.",aBR300000004DYXGA2,205350,205350,0,0,0,0,0,Legacy CDP
0013000000roGY7AAM,ACESSO DIGITAL S.A.,aBR3y000000Co54GAC,70797.2685,64470.3572,64470.3572,0,0,0,0,Other
0010M00001YFgKaQAL,Google LLC,aBR300000004F9OGAU,23309333.01,7984918.101,6657608.547,910971.0442,172701.4633,243637.046,0,Other
0010M00001ULvyAQAT,PVH Asia Limited,aBR3y000000HHTVGA4,550055.712,550055.712,0,0,0,221004,329051.712,Legacy CDP
0013y00001ceCrtAAE,Disney Entertainment & Sports LLC,aBR300000004DuBGAU,272949.6397,272949.6397,0,92949.6397,0,180000,0,Other
0013y00001h81zCAAQ,Proquire LLC,aBR300000004Fk5GAE,82902,7402,2002,0,5400,0,0,Other
0013y00001gV9hXAAS,Haleon PLC - Data Cloud Org,aBR3y0000000L2TGAU,389389.2376,389389.2376,0,314389.2376,0,75000,0,Other
0010M00001Qa9QlQAJ,Cold Spring Harbor Laboratory,aBR300000004FfRGAU,109980,84600,0,0,0,0,84600,Legacy CDP
0010M00001W7kp4QAB,Imkan Properties,aBR3y000000TVVfGAO,5306.2043,5306.2043,0,506.2043,0,4800,0,Other
00130000002x9lWAAQ,Home Group Limited,aBR0M0000004gbXWAQ,7668.049,7668.049,7668.049,0,0,0,0,Other
0013000000IklNlAAJ,South Metropolitan Health Service,aBR3y000000HTMgGAO,5110.057,5110.057,0,5110.057,0,0,0,Other
0013000000LiPIcAAN,"Software Research Associates, Inc.",aBR3y00000055QiGAI,208.6812,100.9748,100.9748,0,0,0,0,Other
0013000001MsJiiAAF,USDA OCIO Digital Services Center,aBR0M00000007pFWAQ,51000,51000,51000,0,0,0,0,Other
00130000000mvuJAAQ,"LocumTenens.com, LLC",aBR300000004Pi3GAE,399635.0365,149863.1387,149863.1387,0,0,0,0,Other
001ed00000LnDsrAAF,"SETA TSUKINOWA JIDOSHA KYOSHUSHO, K.K.",001ed00000LnDsrAAF,16170.72,12128.04,12128.04,0,0,0,0,Other
0013000001IgLe4AAF,"Emulate, Inc.",0013000001IgLe4AAF,42000,42000,42000,0,0,0,0,Other
0010M00001YuMauQAF,Feltrinelli S.p.A.,aBR0M000000GpMoWAK,19546.0697,19546.0697,0,19546.0697,0,0,0,Other
0010M00001QnTh8QAF,"Sumitomo Mitsui Card Company, Limited",aBR30000000L6E2GAK,35575.584,33958.512,33958.512,0,0,0,0,Other
0013000000M1pQFAAZ,Members 1st Federal Credit Union,0013000000M1pQFAAZ,140005.849,140005.849,0,140005.849,0,0,0,Other
00130000016jsn8AAA,Citizen Watch Company,aBR0M000000CcDPWA0,90000.05,10000.05,10000.05,0,0,0,0,Other
00130000002EXd9AAG,"Rinchem Company, LLC",aBR3y0000004jEIGAY,237495.96,45000,0,45000,0,0,0,Other
0013y00001e64U9AAI,AERMEC North America Manufacturing Corp,aBR3y000000TVPDGA4,12500,2500,2500,0,0,0,0,Other
00130000004J9cxAAC,Aberdeen Corporate Services Limited,aBR300000004FsiGAE,1217627.56,1209440.867,0,1039492.985,0,169947.8822,0,Other
0013y00001cIYlZAAW,Caseware International Inc.,aBR3y000000kAReGAM,6253.7888,6253.7888,6253.7888,0,0,0,0,Other
0013000000rqQgJAAU,Finnair Oyj / Aurinkomatkat,aBR3y000000woE7GAI,97059.7708,15054.3016,15054.3016,0,0,0,0,Other
0013000000M1XeFAAV,SANY America Inc.,aBR3y000000ClucGAC,78000,48000,48000,0,0,0,0,Other
0013y00001g9K3kAAE,KANDEN CS FORUM INC.,aBR30000000L6BjGAK,3739.479,2021.34,2021.34,0,0,0,0,Other
0010M00001S9HM7QAN,"SHOKUSAN BEST CO.,LTD.",aBR3y00000056DBGAY,15160.05,15160.05,0,12249.3204,0,2910.7296,0,Other
0010M00001Qkl4EQAR,CheckedUp,0010M00001Qkl4EQAR,64440,64440,64440,0,0,0,0,Other
0013000001NX77BAAT,"Arvest Bank Operations, Inc.",aBR300000004EcbGAE,294148.046,294148.046,0,172468.046,0,121680,0,Other
0013000000ZkEynAAF,"The Interpublic Group of Companies, Inc.",aBR300000004EzvGAE,185776,185776,0,95776,0,90000,0,Other
0013000000Kv5jGAAR,ECE Group Services GmbH & Co. KG,aBR300000004H9ZGAU,187705.1758,187705.1758,0,71774.8753,0,115930.3005,0,Other
0013y00001fZchDAAS,"Cambridge Investment Group, Inc. (2nd Org)",aBR3y000000H6jtGAC,204008.9347,192552.563,192552.563,0,0,0,0,Other
0013000000LYuIvAAL,"US Green Building Council, Inc.",aBR3y000000g1z1GAA,1276,1276,1276,0,0,0,0,Other
00100000000jyEqAAI,Quest Software Inc.,aBR3y0000004s1MGAQ,298809.8,163808.04,0,0,0,0,0,Legacy CDP
00100000000oMzqAAE,PPG Industries Inc.,aBR300000004DNXGA2,467983.6802,467983.6802,0,448783.6802,0,19200,0,Other
0013y00001coczNAAQ,Fédération Française des Associations de Chiens guides d'aveugles FFAC,aBR3y0000000MhmGAE,411.4363,411.4363,411.4363,0,0,0,0,Other
00130000004GQiYAAW,Broadridge Trading and Connectivity Solutions AB,aBR3y000000yeuPGAQ,129191.04,129191.04,0,0,0,0,0,Legacy CDP
0013y00001bez1xAAA,"LK Insurance Services Co., Ltd.",0013y00001bez1xAAA,7995.6188,3997.8094,3997.8094,0,0,0,0,Other
00130000002xAOdAAM,The Manufacturers Life Insurance Company *,aBR0M0000004iAdWAI,140934.3514,140934.3514,140934.3514,0,0,0,0,Other
0010M00001QqcP8QAJ,Informatica De Municipios Associados Sa,aBR3y000000XpqnGAC,74915.5331,10850.0695,0,7382.9974,0,3467.0721,0,Other
00100000002D2a2AAC,Alsco Inc.,aBR300000004EzNGAU,230805.2715,230805.2715,0,230805.2715,0,0,0,Other
0010M00001Sn4ZyQAJ,Nippon Life India Asset Management Ltd.,aBR3y000000HQaMGAW,51900.2619,51900.2619,0,51900.2619,0,0,0,Other
00130000009jyoZAAQ,Datev Koinos Srl,00130000009jyoZAAQ,14350.9571,14350.9571,14350.9571,0,0,0,0,Other
0013y00001dO0A5AAK,Grupo Roble,aBR3y000000g48AGAQ,26862,22200,0,0,0,0,22200,Legacy CDP
0013y00001XzcY8AAJ,Hifilife Elektronik Ticaret A.Ş.,0013y00001XzcY8AAJ,765,382.5,0,382.5,0,0,0,Other
0013000000hMbXoAAK,USAA (Enterprise),aBR300000004Eo7GAE,260778.0834,111979.5187,111460.4541,0,519.0646,0,0,Other
0010M00001QjvqwQAB,AEDAS HOMES S.A.,0010M00001QjvqwQAB,3038.0677,1396.4605,1396.4605,0,0,0,0,Other
0013000001GUalJAAT,Microwave Vision SA,aBR3y000000PC7VGAW,71136.312,71136.312,71136.312,0,0,0,0,Other
0010M00001SmrTMQAZ,CAE Inc - Org 2,aBR3y000000H6FZGA0,27901,27901,27625,0,276,0,0,Other
001ed00000G7nh8AAB,VSOL,aBR300000004FsOGAU,153654.434,64351.0023,64351.0023,0,0,0,0,Other
0013y00001fSmTwAAK,First Hawaiian Bank (FSC Org),aBR3y000000HVA8GAO,48000,48000,48000,0,0,0,0,Other
0013y00001dWxgnAAC,CMA CGM SA (NOVA eData + Seareward),aBR300000004HtAGAU,135475.6723,135475.6723,0,135475.6723,0,0,0,Other
00100000001wk0mAAA,"AES US Services, LLC*",aBR300000004DwMGAU,895408.572,455937.372,0,0,0,0,455937.372,Legacy CDP
0013y00001cmYD2AAM,Opella Healthcare Group SAS,aBR300000004HjdGAE,635898.264,635898.264,0,0,0,0,635898.264,Legacy CDP
00130000005tQ9vAAE,Telecom Argentina S.A.,aBR3y000000HE2VGAW,5194335.087,1737253.22,29417.0108,926128.6123,0,781707.5966,0,Other
0013000000ZlAa3AAF,"FUKKEN CO.,LTD.",aBR3y00000051BdGAI,7196.7786,7196.7786,0,7196.7786,0,0,0,Other
0013000000ZihaZAAR,Corporación Zapata S.A. de C.V. (ZAPATA),aBRed0000004wNBGAY,10999.0876,999.0876,999.0876,0,0,0,0,Other
001ed00000UBznOAAT,"YAMAI, K.K.",001ed00000UBznOAAT,11923.4804,11923.4804,10106.7,303.201,0,1513.5794,0,Other
001ed00000lz9JTAAY,Crum & Forster A&H - Data Cloud,aBR300000004Ep1GAE,36000,36000,0,36000,0,0,0,Other
0013000000IUP5wAAH,Myer Pty Ltd,aBR300000004CS5GAM,220017.8244,220017.8244,0,220017.8244,0,0,0,Other
00130000006dLyFAAU,JCB Sales Limited,aBR0M00000007f9WAA,14460.9741,14460.9741,0,3143.69,0,11317.2841,0,Other
001ed00000pU22DAAS,Point S France - Marketing Cloud,aBR3y000000kB1sGAE,45438.8186,45438.8186,0,42812.247,0,2626.5716,0,Other
0013000000NQKRbAAP,Prosegur Gestión de Activos SL,aBR300000004N4JGAU,142716.9463,137876.4382,0,0,0,78797.1456,59079.2926,Other
0013y00001cIlyEAAS,"Guild Education, Inc.",aBR3y000000ye5RGAQ,1276,1276,1276,0,0,0,0,Other
0013y00001be5jWAAQ,"Resona Bank, Limited.",aBR30000000L6RvGAK,15036.4627,15036.4627,15036.4627,0,0,0,0,Other
00130000002xLaYAAU,UPM-Kymmene Corporation,aBR300000004LuRGAU,670.4897,670.4897,670.4897,0,0,0,0,Other
001ed000007WDURAA4,Proquire LLC,aBR300000004Fk5GAE,1987.8206,1283.1874,731.1874,0,552,0,0,Other
0013y00001grj4PAAQ,AutoRABIT Testing Org,aBR3y000000TREhGAO,4496.6321,4496.6321,4496.6321,0,0,0,0,Other
0010M00001QmSUkQAN,Brunschwig Holding SA,aBR30000000XiqMGAS,49502.0086,39070.2514,0,0,0,0,39070.2514,Legacy CDP
00130000016hOhfAAE,NHS Blood and Transplant,aBRed0000008mNgGAI,24851.9174,24851.9174,24118.3897,733.5277,0,0,0,Other
0013000000RZOQJAA5,"Rural Workforce Agency, Victoria Limited",aBR3y0000000OcGGAU,16438.0596,13484.8725,0,0,0,0,13484.8725,Legacy CDP
0013y00001dMUJnAAO,Brunello Cucinelli Spa,aBR3y0000008ZD9GAM,22377.7327,22377.7327,0,0,0,0,22377.7327,Legacy CDP
001ed000000kmHzAAI,"Envista DH Dental Business Services, LLC",aBR3y000000TOYhGAO,73637.7738,73637.7738,71972.6278,1665.146,0,0,0,Other
0010M00001U41LbQAJ,"UCOT INFOTECHNO,INC..",aBR3y0000004zmmGAA,23795.2145,23795.2145,23795.2145,0,0,0,0,Other
0013000001M1aQFAAZ,AXA Colpatria Seguros S.A,aBR30000000L8LJGA0,5400,5400,0,5400,0,0,0,Other
0013000000Ikkt6AAB,Australian Hotels Association,0013000000Ikkt6AAB,141.946,141.946,141.946,0,0,0,0,Other
0013000001JyL7RAAV,Young Academics,0013000001JyL7RAAV,52803.922,52803.922,34067.0464,0,0,18736.8756,0,Other
0013000000DmE7OAAV,Security Service Federal Credit Union,aBR3y0000004pG9GAI,532908.9198,233261.5998,0,0,0,0,233261.5998,Legacy CDP
0010M00001PDunSQAT,"Pearson Education, Inc",aBR300000004DJuGAM,67000.002,40000.002,0,0,40000.002,0,0,Other
0013000000ZkG4LAAV,The Biltmore Company,aBR3y000000H865GAC,202670,202670,0,202670,0,0,0,Other
001ed00000CTJhuAAH,"Nissay Information Technology Co, ltd.(Salesforce_Cross_MICHL)",aBR30000000L6CrGAK,52554.84,48512.16,48512.16,0,0,0,0,Other
001ed00000FbaK4AAJ,INTURSA,aBR3y0000008XEjGAM,7742.4,7742.4,7742.4,0,0,0,0,Other
0010M00001SHxB5QAL,Lumary Pty Ltd,aBR3y000000h3rbGAA,5110.057,5110.057,5110.057,0,0,0,0,Other
00130000002xeJuAAI,"Kwik Trip, Inc.",aBR300000004EIvGAM,809230.7606,681230.7602,321292.6421,16474.1181,0,343464,0,Other
0010M00001Qqm4OQAR,LAC Global (Singapore) Pte. Ltd.,aBR3y000000gFpaGAE,28350,28350,18750,0,0,9600,0,Other
0013000000I4QfTAAV,SAE Institute Pty Limited,aBR3y000000XqmIGAS,30964.5118,30964.5118,0,26543.907,0,4420.6048,0,Other
0013000001GV9tqAAD,Grupo Lomas Travel,0013000001GV9tqAAD,66620,66620,0,66620,0,0,0,Other
0013000000J82lrAAB,Bosch Global Software Technologies Private Limited,aBR0M00000009JfWAI,10364.336,5453.2595,4911.0766,0,542.1829,0,0,Other
0010M00001QkS8yQAF,Insite Software,0010M00001QkS8yQAF,14276,14276,14000,0,276,0,0,Other
0013y00001gfettAAA,Adani Realty,aBRed0000005MhRGAU,46003.1072,14286.768,0,14286.768,0,0,0,Other
0010M00001NYXRtQAP,HearX SA (Pty) Ltd,aBRed0000003WTCGA2,98764.2666,98764.2666,0,51402.6666,0,47361.6,0,Other
0013000000ZlqvwAAB,Kudosity,0013000000ZlqvwAAB,15720.8678,453.784,453.784,0,0,0,0,Other
0010M00001SIYvVQAX,Penn National Gaming,aBR300000004FFzGAM,1780852.642,1780852.642,0,1582576.642,183000,15276,0,Other
001ed00000MwdCUAAZ,CMA France (Org mutualisée),aBR3y000000HU4iGAG,23130.8186,23130.8186,23130.8186,0,0,0,0,Other
00100000000zDyLAAU,The Nielsen Company (US) LLC,aBR3y000000ye2cGAA,355241.7327,217375.3916,196076.5739,19607.6573,1691.1604,0,0,Other
0010M00001JzqJoQAJ,"LG Chem, Ltd.",aBR0M000000GoblWAC,1156,1156,1156,0,0,0,0,Other
0013000000Gu3KaAAJ,CARREFOUR SA***,aBR300000004HyDGAU,375761.7518,375761.7518,0,370508.6088,0,5253.143,0,Other
0010M00001MtQU2QAN,UPM-Kymmene Oyj (UPM Pulp),aBR300000004LuRGAU,499.0486,499.0486,499.0486,0,0,0,0,Other
00100000001PEWeAAO,"Financial-Information-Technologies, LLC (FINTECH)",aBR3y00000116XmGAI,2250,2250,0,2250,0,0,0,Other
0010M00001YFiNhQAL,"Haier US Appliance Solutions, Inc. DBA GE Appliances*",aBR3y000000ygerGAA,67374.4566,7446.6667,7446.6667,0,0,0,0,Other
001ed00000ZO8y0AAD,MOTORS.CO.UK LIMITED (''Motors''),aBR3y0000005HgFGAU,890.7122,890.7122,890.7122,0,0,0,0,Other
0013y00001cFZLbAAO,Thales,aBR300000004FEWGA2,203641.92,203641.92,0,0,0,0,0,Legacy CDP
0013000001J4lmeAAB,Abbott Laboratories,aBR300000004DLiGAM,847629.2037,847629.2037,685329.2037,0,162300,0,0,Other
0013000000RYlrFAAT,PEIXOTO COMÉRCIO INDÚSTRIA SERVIÇOS E TRANSPORTES S/A,0013000000RYlrFAAT,8556.7772,8556.7772,0,8210.07,0,346.7072,0,Other
00130000008jBUcAAM,"Computer Programs and Systems, Inc. (CPSI)",aBR300000004OyCGAU,2997.2628,2997.2628,2997.2628,0,0,0,0,Other
0013y00001c6P2CAAU,Enilive SpA (Multicard),aBR300000004NiaGAE,962073.1716,907097.2941,14843.4869,892253.8072,0,0,0,Other
001ed00000dMzPmAAK,Loan Market Group PTY LTD,aBR3y000000g44dGAA,149778.76,51000,0,51000,0,0,0,Other
0013y00001crS1LAAU,"Rocket Mortgage, LLC",aBR3y000000yeC1GAI,564920.5144,468920.5144,0,407696.5144,0,61224,0,Other
0013000001FivgCAAR,Emaar Hospitality Group,aBR3y000000CdtjGAC,177961.304,177961.304,147961.304,0,30000,0,0,Other
001ed00000C2Sz0AAF,Lirik Dev Org,aBR3y000000HNsqGAG,1011,591,591,0,0,0,0,Other
001ed00000h3RhGAAU,Merck Sharp & Dohme,aBR300000004DLrGAM,1584,1584,480,0,1104,0,0,Other
0013y00001h82kmAAA,GOLFY,0013y00001h82kmAAA,31794.6482,31794.6482,0,31794.6482,0,0,0,Other
0010M00001Wknq0QAB,BEC Financial Technologies a.m.b.a. (Andelskassen Fælleskassen),aBR0M000000Cda5WAC,1781.3263,1316.2043,145.9207,145.9207,1024.3629,0,0,Other
0013000000AbQ9BAAV,Liberty Mutual Insurance Company,aBR300000004EoTGAU,126600,75600,75600,0,0,0,0,Other
0010M00001W7qBOQAZ,BANCA CAMBIANO 1884 SPA,aBR3y000000XqH8GAK,3561.1639,3561.1639,2050.8852,0,1510.2787,0,0,Other
0013000000hK7UNAA0,Gannett Supply Corporation,aBR300000004DJ0GAM,70980,70980,67380,0,3600,0,0,Other
00130000002eHBYAA2,"Docusign, Inc.",aBR0M000000GnrmWAC,149850,149850,0,0,0,0,0,Legacy CDP
00130000002Ql4JAAS,Zip Water (Aust) Pty Ltd,00130000002Ql4JAAS,49000,48000,48000,0,0,0,0,Other
0010M00001QkR1DQAV,Tata Capital Limited,aBR3y000000wn5eGAA,25765.7308,12021.0357,0,5286.8034,0,6734.2323,0,Other
00130000008eaCvAAI,Ericsson (Main),aBR300000004LumGAE,75018.8544,807.8761,531.8761,0,276,0,0,Other
001ed00000j7Y6HAAU,"The Gibraltar Life Insurance Co., Ltd.(Data Cloud Home)",aBR30000000PB5bGAG,38809.728,38809.728,38809.728,0,0,0,0,Other
0013000001GXHSBAA5,Nexflo Logix Solutions Inc.,0013000001GXHSBAA5,793.4836,793.4836,793.4836,0,0,0,0,Other
0013y00001cgyolAAA,"Organize [Brio Water Technology, Inc.]",0013y00001cgyolAAA,39000,39000,39000,0,0,0,0,Other
0013y00001cSjiNAAS,KPMG INTERNATIONAL SERVICES LIMITED,aBR3y000000oLnJGAU,3035515.158,2416968.85,1783341.303,391892.2675,26906.6259,214828.6535,0,Other
0013000000hJ0STAA0,NS2.COM INTERNET S.A.,aBR3y000000wmqOGAQ,169688.8563,102211.1477,0,97549.9815,0,4661.1662,0,Other
0013000001MsAd6AAF,JPW Industries,aBR3y000000brPYGAY,16300.0594,5396.4,0,5396.4,0,0,0,Other
0010M00001WaSnsQAF,BEC Financial Technologies a.m.b.a. (Frørup Andelskasse),aBR0M000000Cda5WAC,1927.2469,1462.1249,291.8413,145.9207,1024.3629,0,0,Other
0013000000Zme3aAAB,InMobi Technology Services Private Limited,aBR3y0000011AKYGA2,28626,28626,28626,0,0,0,0,Other
001ed00000D9YB3AAN,AusNet Electricity Services Pty Ltd,aBR0M0000008VT7WAM,39744.8875,39744.8875,0,39744.8875,0,0,0,Other
0013000000M2Nh3AAF,Quadient Inc. (MRS),aBR300000004DZlGAM,123552,123552,123000,0,552,0,0,Other
0013000001CCpywAAD,Distribuidora La Florida,aBR30000000Xoi4GAC,94076.2626,94076.2626,0,94076.2626,0,0,0,Other
0013000001CDyyqAAD,PostNL Holding BV,aBR300000004LtdGAE,605685,605685,0,569205,0,36480,0,Other
0010M00001QnXXZQA3,Fabric House Srl,0010M00001QnXXZQA3,40390.1036,40390.1036,0,39569.3,0,820.8036,0,Other
001ed00000CubkPAAR,Monster Energy US LLC,aBR3y000000H7YJGA0,29307,12000,12000,0,0,0,0,Other
0010M00001SIKLLQA5,Boral Shared Business Services Pty Ltd,aBR300000004CFNGA2,127866.7145,127866.7145,127866.7145,0,0,0,0,Other
0013000001CCmZpAAL,Algar Telecom*,aBR3y000000HDswGAG,59817.3956,41577.4896,8860.5782,32716.9114,0,0,0,Other
0010M00001Qm8nYQAR,ASGN Inc./Apex Systems (HQ Main Org),aBR300000004OIQGA2,3764153.364,468187.3411,465939.7291,0,2247.612,0,0,Other
001ed00000JE3pVAAT,Hewitt & Whitty,aBR3y000000CixtGAC,1210.7525,1210.7525,1210.7525,0,0,0,0,Other
00130000008l1H6AAI,DealerOn   Inc.,aBR3y000000HKTTGA4,8769.3158,567.0686,567.0686,0,0,0,0,Other
0010M00001V6bHAQAZ,"LIVE LABO.co.,ltd.",0010M00001V6bHAQAZ,16777.122,15160.05,15160.05,0,0,0,0,Other
0013y00001d7W4UAAU,Maximus Enterprise,aBR300000004FiqGAE,41987.3035,41987.3035,41987.3035,0,0,0,0,Other
0010M00001QmKttQAF,GE Vernova International LLC,aBR0M000000bqxeWAA,1667601.486,1103937.201,1103937.201,0,0,0,0,Other
001ed00000jOCkcAAG,PT Dam Korporindo Digital,001ed00000jOCkcAAG,820,420,0,0,0,420,0,Other
0010M00001WJN3eQAH,Tshirt Services Pty Ltd,aBR3y000000TUfjGAG,42711.5595,36196.2368,0,0,0,0,36196.2368,Legacy CDP
0013y00001foe5PAAQ,Movengo Holding AB,0013y00001foe5PAAQ,1082.2977,1082.2977,721.5318,360.7659,0,0,0,Other
0010M00001QmWguQAF,"ESET, spol. s r.o.",aBR0M000000CdKHWA0,1243.2438,1243.2438,1243.2438,0,0,0,0,Other
0010M00001UVXgxQAH,Metso Finland Oy,aBR3y000000ClubGAC,11822.9258,11822.9258,11822.9258,0,0,0,0,Other
0013y00001XzOl2AAF,HyperOne,0013y00001XzOl2AAF,42299.8357,42299.8357,0,42299.8357,0,0,0,Other
0013y00001h7onOAAQ,Proquire LLC;,aBR300000004Fk5GAE,8293.5,5293.5,4966.5,327,0,0,0,Other
0013y00001f9VV0AAM,Arab Open University in Kuwait,aBR3y000000TRhbGAG,13619.403,4539.801,4539.801,0,0,0,0,Other
0013y00001fDyHlAAK,DJH - Deutsches Jugendherbergswerk e.V.,aBR3y0000000Lu6GAE,77079.2888,77079.2888,0,77079.2888,0,0,0,Other
00100000000ZNMWAA4,Skillsoft (US) LLC,aBR3y000000H7xfGAC,906826,506826,506826,0,0,0,0,Other
0013y00001gmjJJAAY,TOKYO METROPOLITAN GOVERNMENT,aBR0M000000H64KWAS,17610.561,17464.3776,17464.3776,0,0,0,0,Other
0013000000J81eIAAR,McArthurGlen UK Ltd,aBR3y000000Xq9pGAC,790801.5109,706072.7776,0,0,0,0,706072.7776,Legacy CDP
00100000001T7nvAAC,Cabot Corporation,aBR300000004DOhGAM,1776,1776,1776,0,0,0,0,Other
0010M00001Y5R0dQAF,BASF SE,aBR300000004H4aGAE,983507.3093,255555.1928,0,197051.8351,1627.258,56876.0997,0,Other
0010M00001SJAihQAH,K&N System Integrations Corporation,aBR30000000L6CjGAK,627.4239,627.4239,627.4239,0,0,0,0,Other
0013y00001Y0TBLAA3,"Eyecare Partners, LLC",aBR3y000000H6b0GAC,61979.7401,58981.7934,0,58981.7934,0,0,0,Other
00130000016gE0SAAU,AGF Management Limited (2nd Org),aBR300000004O3ZGAU,75320.4814,45908.04,45908.04,0,0,0,0,Other
0013000000M2o5KAAR,ClearRisk Inc.,aBR3y000000brw6GAA,1450,1000,0,1000,0,0,0,Other
0013y00001f95hBAAQ,CMG Financial (FSC Org),aBR0M000000bnYEWAY,42210.739,42000,42000,0,0,0,0,Other
001ed00000UnjfUAAR,The General Council Of The Assemblies Of God,aBR30000000L82MGAS,99.9452,99.9452,99.9452,0,0,0,0,Other
00130000016gXu8AAE,Central SEQ Distributor-Retailer Authority trading as Urban Utilities,aBR3y00000114TYGAY,59415.4814,31122.395,31122.395,0,0,0,0,Other
0010M00001SeZhnQAF,Dévolutions Inc,0010M00001SeZhnQAF,41401,21401,21401,0,0,0,0,Other
00100000001TIweAAG,Pfizer - GTCS,aBR300000004DLjGAM,128.9,128.9,128.9,0,0,0,0,Other
0013000000NSEjZAAX,Infineon Technologies AG (Tableau + Core),aBR300000004Ha7GAE,105214.7949,105214.7949,0,68147.3044,31945.6761,5121.8144,0,Other
0013y00001cvsnlAAA,ASICS Asia Pte Ltd.,0013y00001cvsnlAAA,31845.917,31845.917,31845.917,0,0,0,0,Other
001ed00000b0857AAA,SHIMADZU CORPORATION,aBR0M000000LDldWAG,16170.72,2021.34,2021.34,0,0,0,0,Other
0010M00001QnM5CQAV,Yoga Democracy,aBR3y0000004p2wGAA,42000,42000,42000,0,0,0,0,Other
00100000001ILBEAA4,City National Bank*,aBR3y0000008XcQGAU,80000,45000,45000,0,0,0,0,Other
00130000016hyB9AAI,YOHJI YAMAMOTO INC.,aBR30000000L6YwGAK,73495.9224,73495.9224,0,73495.9224,0,0,0,Other
00130000016hjsaAAA,PEGASUS HAVA TASIMACILIGI ANONIM SIRKETI,aBR3y000000h4rxGAA,96712.5713,96712.5713,0,92596.5713,0,4116,0,Other
0013000000NPcUtAAL,Citation Limited,aBR3y000000yg3eGAA,80052.1033,50927.7783,50927.7783,0,0,0,0,Other
0010M00001QjxTIQAZ,COMERCIAL PROJAR SA,0010M00001QjxTIQAZ,1263.4278,1263.4278,1263.4278,0,0,0,0,Other
0010M00001WJLbiQAH,FORTUNIZE INDIA TECHNOLOGY SOLUTIONS PVT LTD,0010M00001WJLbiQAH,32474.0312,32474.0312,0,30541.0315,0,1932.9997,0,Other
001ed000009p86PAAQ,The Prudential Insurance Company of America,aBR300000004EksGAE,223500,120000,0,0,120000,0,0,Other
0010M00001WJjNPQA1,"FAITH NETWORK CO., LTD.",0010M00001WJjNPQA1,18595.7967,17626.0848,17626.0848,0,0,0,0,Other
0013000000RWwTAAA1,KELA,aBRed00000093Y9GAI,811837.1416,811837.1416,588184.5766,0,223652.565,0,0,Other
0013000000hK1QBAA0,SOLABIA,aBRed0000004yTqGAI,5138.2305,1690.8554,1690.8554,0,0,0,0,Other
0013000001J7Q0IAAV,Wizard Pharmacy,0013000001J7Q0IAAV,93878.2046,93878.2046,0,62082.2946,0,31795.91,0,Other
001ed00000MTvFxAAL,"Hitachi, Ltd.",aBR300000004GlmGAE,446.7161,446.7161,446.7161,0,0,0,0,Other
0010M00001S99CJQAZ,The Public Trustee of Queensland,0010M00001S99CJQAZ,1348.975,1348.975,1348.975,0,0,0,0,Other
0010M00001SpqyNQAR,ROI GROUP SRL,0010M00001SpqyNQAR,3939.8572,3939.8572,0,3939.8572,0,0,0,Other
0013000000ZkVJfAAN,"Interopolis, Agente de Seguros y de Fianzas RFC: IAS170307BU6",aBR3y000000HE74GAG,98457.589,81148,27380,49400,276,4092,0,Other
0013y00001eB9pnAAC,Howden Group Services Limited,aBR30000000XkkQGAS,278467.9572,223606.4637,0,0,0,0,223606.4637,Legacy CDP
0013y00001ck2GlAAI,ENESPA AG,0013y00001ck2GlAAI,6566.4288,6566.4288,6566.4288,0,0,0,0,Other
0013y00001cwAHLAA2,OMRON Corporation,aBR30000000L6SjGAK,48512.16,48512.16,48512.16,0,0,0,0,Other
0013000000hJdaMAAS,COLIBAN REGION WATER CORPORATION,aBR3y000000kAHAGA2,289853.7865,289853.7865,0,275659.1838,14194.6027,0,0,Other
0013000000CGwurAAD,Xplore Inc,aBR300000004IrBGAU,76845,76845,0,76845,0,0,0,Other
00100000000EYCtAAO,CCC Intelligent Solutions Inc.,aBR300000004OyYGAU,20024.3981,20024.3981,0,5624.3981,0,14400,0,Other
0013000001Fj5ppAAB,Snap Inc.,aBR0M0000008V1rWAE,266009.3211,254020.27,254020.27,0,0,0,0,Other
001ed00000DaVPCAA3,Insulet Corporation - NextGen CRM Lightning,aBR300000004Qx3GAE,244384.1169,174447.9855,174447.9855,0,0,0,0,Other
001ed00000IeimMAAR,"Estoril 8023 - Investimentos Turísticos, S.A",001ed00000IeimMAAR,24607.2538,24607.2538,20506.0448,4101.209,0,0,0,Other
00130000016hF9DAAU,"Traffic and Parking Control Co., Inc. (TAPCO)",aBR3y000000gEUZGA2,810.0977,676.886,124.886,0,552,0,0,Other
00130000006VrhAAAS,BlackLine Systems,aBR3y000000CgirGAC,182094.96,182094.96,0,0,0,0,0,Legacy CDP
0010M00001SJ8IhQAL,NIGHTOWL CORPORATE PTY LTD,0010M00001SJ8IhQAL,130509.3739,111143.7389,0,111143.7389,0,0,0,Other
0013000000RaLBWAA3,XENOCS,0013000000RaLBWAA3,46621.6445,46621.6445,46621.6445,0,0,0,0,Other
00100000001fo8CAAQ,Pacific Life Insurance Company,aBR300000004ElPGAU,827290.9859,636869.9598,0,0,0,0,636869.9598,Legacy CDP
0013000000ACa07AAD,"KOTOBUKIYA CO., LTD.",0013000000ACa07AAD,36303.2664,36303.2664,35898.9984,404.268,0,0,0,Other
0013000000JjQD9AAN,Exact Group B.V. - Main org,aBR3y00000116klGAA,87744.3843,87744.3843,0,5467.0313,0,82277.353,0,Other
0013y00001cSz9DAAS,Parag Milk Foods Limited,aBR3y000000CkJHGA0,1090.0804,1090.0804,0,0,0,1090.0804,0,Other
00100000002Em7HAAS,"ADP, Inc.",aBR300000004F8hGAE,1533240.768,894118.6177,43219.8132,548636.6569,0,302262.1476,0,Other
0013000001LW2phAAD,Defence Housing Australia,aBRed000000AeAgGAK,9273.8071,9273.8071,0,4731.5342,0,4542.2729,0,Other
0013000001CBxYhAAL,Comenity Servicing LLC,aBR300000004FDIGA2,142713.3333,142713.3333,142713.3333,0,0,0,0,Other
0013000001JxzagAAB,Febracis Treinamento,aBRed000000A98ZGAS,13874.6412,13871.8777,0,13871.8777,0,0,0,Other
0013y00001fohMyAAI,GOBID INTERNATIONAL AUCTION GROUP S.R.L.,aBR3y000000h4RqGAI,3708.8498,3708.8498,0,3708.8498,0,0,0,Other
0013000001CCCoJAAX,New Zealand Lotteries Commission,aBR3y000000HSnMGAW,143990.0493,143990.0493,0,133997.0491,0,9993.0002,0,Other
00130000004IFiWAAW,Richemont International S.A,aBR300000004N2KGAU,4076001.75,3737419.215,0,3112405.246,0,625013.9683,0,Other
0013y00001fbpZUAAY,Accelerant Holding LLC,0013y00001fbpZUAAY,300,300,300,0,0,0,0,Other
0013000001Mo9s8AAB,"EmblemHealth Services Company, LLC",aBR300000004En0GAE,455647.78,412487.08,0,382487.08,0,30000,0,Other
0013000000rr1M2AAI,Learning Links,aBR3y0000000PdBGAU,11331.2246,11331.2246,0,472.8943,0,10858.3303,0,Other
0013000001JfLkOAAV,KPMG SA,aBR30000000XnlCGAS,3283.2144,1094.4048,1094.4048,0,0,0,0,Other
0013000001GUjzxAAD,KPT Krankenkasse AG,aBR3y000000HBK0GAO,22237.53,22237.53,0,19610.9584,0,2626.5716,0,Other
0013000001MntH4AAJ,The Salvation Army Central Territory,aBR300000004PvPGAU,43975.9037,43975.9037,43975.9037,0,0,0,0,Other
0013y00001g8RcSAAU,Mölnlycke Health Care AB - Global,aBR3y000000bt7tGAA,7776,7776,7776,0,0,0,0,Other
00130000016ik2cAAA,Alcon Vision LLC (Org ID: 00DG0000000gc7V),aBR3y000000H6WOGA0,545160.8284,284884.9814,144710.9175,54074.0639,61800,24300,0,Other
0013y00001f9BkxAAE,"Accolade, Inc (HealthCloud Org)",aBR3y000000XqfOGAS,213740.2722,213740.2722,212708.2722,0,1032,0,0,Other
001ed000006XcizAAC,Andersen Tax LLC,aBRed0000006WyBGAU,32377.7518,12396,12396,0,0,0,0,Other
001ed00000QHdArAAL,McCloskey International Ltd,aBR3y000000ClubGAC,1970.0725,1970.0725,262.8011,0,0,1707.2714,0,Other
001ed00000RpjDHAAZ,PIKOLIN S.L,aBR3y000000HHabGAG,849.2581,849.2581,849.2581,0,0,0,0,Other
0010M00001QaqZQQAZ,Anti-Defamation League HQ,aBR30000000PBQ3GAO,100000,100000,100000,0,0,0,0,Other
0013000000hKqnxAAC,THOMAS SABO GmbH & Co. KG,0013000000hKqnxAAC,96015.7811,96015.7811,0,96015.7811,0,0,0,Other
0010M00001QqhW3QAJ,GOREHA GmbH (Caspar Health Duplicate),aBR3y0000004lQrGAI,46119.9009,45965.0016,45965.0016,0,0,0,0,Other
0010M00001Qk7ubQAB,"Yoshikei-Dvlp Co., Ltd.",0010M00001Qk7ubQAB,210340.6405,210340.6405,0,184629.1956,0,25711.4449,0,Other
0013y00001emYG1AAM,Cencosud Shopping S.A,aBR300000004fjkGAA,149.9179,149.9179,149.9179,0,0,0,0,Other
00130000016geylAAA,Relias,aBR0M0000000AXtWAM,1276,1276,1276,0,0,0,0,Other
0013000000M1IdVAAV,Petit Palace Hoteles,aBR3y000000XpJyGAK,65664.2875,65664.2875,0,65664.2875,0,0,0,Other
0013000001NX76XAAT,"EF Education First International, Ltd.",aBR3y000000g1pgGAA,219804,219804,212220,6480,1104,0,0,Other
0013y00001g9IriAAE,NIKKEI INC.(Data Cloud),aBR30000000XoXBGA0,77318.5727,77318.5727,0,49335.1417,0,27983.431,0,Other
0013000000ITWmEAAX,Technology One Limited,aBR300000004acgGAA,3600,3600,0,0,0,3600,0,Other
0010M00001SoB7HQAV,Pagseguro Pagbank,aBR3y000000wnwmGAA,962894.4496,962894.4496,0,962894.4496,0,0,0,Other
0013000000E1sovAAB,JTC Corporation,aBRed000000ABztGAG,36150,36150,34400,1750,0,0,0,Other
0013000000RZ2fOAAT,"Mastercard Technologies, LLC",aBR300000004FCHGA2,1256256.72,1250934.389,1112132.291,0,138802.0981,0,0,Other
0013y00001Z1AEOAA3,Clifton Blake*,0013y00001Z1AEOAA3,9034.0572,9034.0572,4141.2487,2070.6243,2822.1842,0,0,Other
0013000000RY7GiAAL,Grubhub Holdings Inc,aBR0M0000008UyJWAU,875,875,875,0,0,0,0,Other
0013y00001eywKdAAI,THAI AIRWAYS 2 (New BU),aBR3y0000011792GAA,52920,52920,52920,0,0,0,0,Other
00130000009zAXXAA2,"Indeed, Inc.",aBR300000004DJhGAM,3183894.723,2975141.123,2894887.503,0,80253.6205,0,0,Other
00130000000hEOKAA2,Casey's Retail Company,aBR300000004EIOGA2,965963.3577,848963.3577,813923.3577,10800,0,24240,0,Other
0010M00001Qm6YCQAZ,Washington University in St. Louis - Advancement,aBR300000004PJmGAM,64998.0688,61999.7117,1999.7117,60000,0,0,0,Other
0013y00001dlX9BAAU,"C3 Ventures, LLC",0013y00001dlX9BAAU,78000,60000,60000,0,0,0,0,Other
0013000000M2GsTAAV,Staffordshire Police,aBRed00000099P3GAI,77544.3538,50299.0403,50299.0403,0,0,0,0,Other
0010M00001SJ0vKQAT,Calibre 360 Consulting SL,aBR3y0000004lihGAA,6047.6809,575.6569,575.6569,0,0,0,0,Other
001ed00000c361NAAQ,KoAI Consulting,001ed00000c361NAAQ,104400,42000,42000,0,0,0,0,Other
001ed00000bSFrjAAG,Maricopa County CC District - Enterprise Ed Cloud,aBR3y000000g2mMGAQ,66343.2366,54000,54000,0,0,0,0,Other
0013000000ImE8iAAF,Great Wolf Lodge,0013000000ImE8iAAF,34613.3332,34613.3332,0,34613.3332,0,0,0,Other
0010M00001ULpycQAD,California State University - East Bay (Enterprise),aBRed000000BV5KGAW,321,321,321,0,0,0,0,Other
0010M00001W8V69QAF,Smart Legal Services Pty Ltd (ABN 68 116 871 795) T/A Agence de Parfum,0010M00001W8V69QAF,10645.952,10645.952,10645.952,0,0,0,0,Other
00100000002BwYUAA0,"OverDrive, Inc.",aBR3y0000004v09GAA,478576.7214,478576.7214,0,475696.7214,0,2880,0,Other
0013y00001f62wtAAA,"Société des Loteries du Québec, La",aBR0M000000bmGpWAI,774650.8701,495313.7888,0,372610.1252,0,122703.6636,0,Other
0013000001CCh5lAAD,Colombina S.A.,aBR3y000000XpafGAC,85148.2524,83926.0542,83471.0512,71.003,0,384,0,Other
00100000000oL01AAE,Mitsubishi Electric Trane HVAC US LLC,aBR300000004QTZGA2,111700,70800,70800,0,0,0,0,Other
00130000016gNAZAA2,Ofir A/S,aBR30000000XhcKGAS,55880.3091,55880.3091,0,0,0,0,55880.3091,Legacy CDP
0013y00001cw2lXAAQ,LEARNING MANAGEMENT DEVELOPPEMENT,aBR3y000000cFVWGA2,50692.8303,34276.7583,34276.7583,0,0,0,0,Other
0013000000rnBOCAA2,"HigherEchelon, Inc.",aBR3y000000CnziGAC,621.7119,620.3397,620.3397,0,0,0,0,Other
0013y00001emQZBAA2,Coromandel International Limited (CDC),aBR3y000000wn8nGAA,32054.5062,32054.5062,0,32054.5062,0,0,0,Other
0010M00001SoCGAQA3,Francal Feiras E Empreendimentos Ltda,0010M00001SoCGAQA3,8188.9806,8188.9806,0,6950.7406,0,1238.24,0,Other
0013000000HI2j9AAD,Return to Work Corporation of South Australia,aBRed0000006nUIGAY,473.1534,473.1534,0,473.1534,0,0,0,Other
0013000001Fj58xAAB,KLM N.V.,aBR300000004HuPGAU,347860.5706,347860.5706,0,220353.6562,0,127506.9144,0,Other
0010M00001WACmYQAX,Hyundai Capital Brasil,aBR3y000000CoM8GAK,62782.3597,62782.3597,0,62782.3597,0,0,0,Other
0010M00001NYfo3QAD,AGRIFARMA SPA,aBRed000000B71NGAS,24624.108,13680.06,13680.06,0,0,0,0,Other
0013y00001d0JR6AAM,Globrands LTD,aBR3y000000LIk4GAG,980.5971,980.5971,817.1642,163.4329,0,0,0,Other
0013000000hJ1jeAAC,"Cloudflare, Inc.",aBR3y000000H6qAGAS,37646.4637,37646.4637,37646.4637,0,0,0,0,Other
0013000001CA21ZAAT,IndiaFirst Life Insurance Company Limited,aBR3y0000000BUmGAM,7267.3175,5303.9627,0,5303.9627,0,0,0,Other
0013000000NSR7WAAX,Canadian Imperial Bank Of Commerce,aBR3y000000PDzyGAG,707965.6656,707965.6656,0,698605.6656,0,9360,0,Other
0013000001GXvdEAAT,UCLA Health,aBR30000000Xmt0GAC,77500,77500,77500,0,0,0,0,Other
0010M00001WHtfrQAD,Olympus Europa SE & Co. KG (ACE),aBR300000004H7tGAE,101792.648,78302.0369,0,0,0,0,78302.0369,Legacy CDP
001ed00000aFS5kAAG,NIMBUS CONSULTING COMPANY LIMITED,001ed00000aFS5kAAG,18308.2801,4720.6889,4720.6889,0,0,0,0,Other
0013000001GUwPDAA1,EAGE EUROPE,0013000001GUwPDAA1,54282.4781,4377.6192,4377.6192,0,0,0,0,Other
0010M00001NYTDxQAP,Barncancerfonden,0010M00001NYTDxQAP,3623.0981,2268.196,2268.196,0,0,0,0,Other
0010M00001WYMBtQAP,Revo Fitness,0010M00001WYMBtQAP,50888.7861,50888.7861,0,50888.7861,0,0,0,Other
0010M00001UM8M4QAL,"Siam Kubota Corporation  Co., Ltd",aBR3y000000H909GAC,91800,91800,91800,0,0,0,0,Other
0010M00001V3yHJQAZ,Public in Motion GmbH / Talixo,aBR30000000Xf0cGAC,547.2024,547.2024,547.2024,0,0,0,0,Other
001ed00000RYbvFAAT,Bitpet Technology Pty Ltd,001ed00000RYbvFAAT,473.1534,473.1534,473.1534,0,0,0,0,Other
00100000000Rn64AAC,Almo Corporation (ONLY AE CONTACT),aBR0M000000bmstWAA,20263.6797,20263.6797,7522.4066,12741.2731,0,0,0,Other
001ed00000S9EWfAAN,Concentrix TSC UK Ltd,aBR30000000XltTGAS,62534.2817,47863.7283,47863.7283,0,0,0,0,Other
00100000000SoILAA0,American Textile Company Incorporated,aBR3y000000CezjGAC,106317.197,106317.197,106317.197,0,0,0,0,Other
0010M00001VKkKnQAL,The University Court of the University of Glasgow,aBR0M0000008UdGWAU,47363.0931,44011.6602,44011.6602,0,0,0,0,Other
0013000000Ra2vnAAB,Cinnamon Hotel Management Limited,0013000000Ra2vnAAB,21600,21600,0,0,0,0,21600,Legacy CDP
00130000016jOtwAAE,University Instructors,aBR300000004FjIGAU,432.4644,432.4644,432.4644,0,0,0,0,Other
0013000000rpk87AAA,NS - Efficiency Nova Scotia,aBR300000004UOgGAM,1586.9675,1586.9675,1022.5306,0,564.4369,0,0,Other
001ed00000i8ulFAAQ,"Interactive Partners, Inc.",001ed00000i8ulFAAQ,39957.8491,38340.7771,34265.7557,0,0,4075.0214,0,Other
00130000002xZrpAAE,"First Quality Enterprises, LLC",aBR300000004FmaGAE,207698.4489,207698.4489,0,207698.4489,0,0,0,Other
0013000000ZjaVNAAZ,"Hazelden Betty Ford Foundation, HQ2",aBR300000004PNiGAM,29455,22375,22375,0,0,0,0,Other
0010M00001QoJBGQA3,Assistance Dogs Australia,0010M00001QoJBGQA3,3548.6506,3548.6506,3548.6506,0,0,0,0,Other
00100000000lmWkAAI,Microchip Technology Inc,aBR300000004DdJGAU,122680,122680,0,105880,0,16800,0,Other
0013000000LEXjoAAH,Brother International Australia Pty Ltd,aBR3y000000CmwUGAS,52574.4,52574.4,0,52574.4,0,0,0,Other
0013000000RaTSqAAN,CoolBlue BV,aBR3y000000CkzPGAS,58852.7029,58852.7029,0,58852.7029,0,0,0,Other
001ed00000IvS5FAAV,FOMENTO URBANO DE CASTELLON SA,aBR30000000XbsRGAS,2626.5716,2626.5716,2626.5716,0,0,0,0,Other
00100000002CNGsAAO,"Petco Animal Supplies Stores, Inc.",aBR3y000000HKInGAO,43500,43500,0,43500,0,0,0,Other
0010M00001XxcSxQAJ,Ipiranga Produtos de Petróleo S/A,aBR3y000000wniGGAQ,199027.3482,173533.0623,0,141231.1478,0,32301.9145,0,Other
0010M00001Z0EdoQAF,ON AG,aBR3y000000HBKwGAO,47059.4064,23529.7032,23529.7032,0,0,0,0,Other
0013000000M1tEUAAZ,"The TCW Group, Inc.",aBR0M000000GodqWAC,32400,32400,32400,0,0,0,0,Other
0013000000hMMabAAG,Airwair International Ltd,aBR3y00000116VFGAY,52794.0821,734.5755,734.5755,0,0,0,0,Other
0010M00001YtqOeQAJ,Asahi Europe & International Ltd,aBR3y000000CmzwGAC,466630.2187,367520.8762,0,219936.9744,33425.7491,114158.1527,0,Other
0013000000hKnmqAAC,Center for Vein Restoration,aBRed000000A5hhGAC,21600,21600,0,21600,0,0,0,Other
0013y00001eIr7WAAS,TD Canada CDP,aBR300000004KV4GAM,8367501.517,8038926.131,0,8010147.263,0,28778.8684,0,Other
0013000001Fk9zkAAB,Geisinger System Services,aBR300000004EmsGAE,1046675.123,955419.6227,0,916419.6227,0,39000,0,Other
0013y00001csA7dAAE,Trends International (Main),aBR3y000000Ci0cGAC,197896.3504,57895.6,57895.6,0,0,0,0,Other
0013000000Zk0jLAAR,"FATCO Holdings, LLC",aBR300000004EpnGAE,45243.0218,45243.0218,45243.0218,0,0,0,0,Other
0010M00001YuDDWQA3,"Up Stay - Gestão Imobiliária, Unipessoal Lda",0010M00001YuDDWQA3,820.8036,820.8036,0,820.8036,0,0,0,Other
0013000000ZlwhhAAB,LA MAISON BLEUE,0013000000ZlwhhAAB,28163.7196,28163.7196,28163.7196,0,0,0,0,Other
0013000000I3tMrAAJ,"Applied Technologies of NY, Inc.",0013000000I3tMrAAJ,22979.0146,4995.438,4995.438,0,0,0,0,Other
0013y00001gDgOpAAK,CrowdWorks Inc.,aBRed000000APUzGAO,91202.8608,88777.2528,0,16009.0128,0,72768.24,0,Other
0013000001M1hVLAAZ,"Total Play Telecomunicaciones, S.A de C.V.",aBR3y000000wlF9GAI,3473538.913,2991520.513,868008.6905,2029911.822,79200,14400,0,Other
0013y00001dl8TTAAY,Brenntag SE (Brenntag North America),aBR300000004EEFGA2,849.2581,849.2581,849.2581,0,0,0,0,Other
00130000016k7oIAAQ,Adyen NV,aBR3y000000HAYSGA4,32029.5806,32029.5806,23858.0247,291.8413,7879.7146,0,0,Other
0013000000K6Z9SAAV,Navitas Credit Corp.,aBR300000004EeKGAU,20606.1816,20606.1816,20606.1816,0,0,0,0,Other
00130000001GVZHAA4,"Tenable, Inc.",aBRed0000006WV5GAM,193862,99362,49610,0,49752,0,0,Other
0013000000M1asRAAR,The Center for Better Aging (St. Bernard Hospital),aBRed0000004oPkGAI,75849.8289,75849.8289,0,75849.8289,0,0,0,Other
00130000016iMXcAAM,The Stow Company,aBR3y000000bsaSGAQ,120956.1095,120956.1095,0,118280.1095,0,2676,0,Other
0013000001CBfPHAA1,Villa Pardoes,0013000001CBfPHAA1,525.0266,525.0266,525.0266,0,0,0,0,Other
0013000000RXbO1AAL,Eight-Japan Engineering Consultants Inc.,aBR3y00000057nOGAQ,13475.5461,13475.5461,13475.5461,0,0,0,0,Other
0013y00001d9J5qAAE,Titan Company Limited,aBR3y0000000NnfGAE,9391.5631,9391.5631,0,9391.5631,0,0,0,Other
0013000001CATCoAAP,"Compania Cervecera de Nicaragua, S.A. (Punto Ideal S.A)",aBR3y000000LIoAGAW,14069.0422,612.4157,336.4157,0,276,0,0,Other
0010M00001PE1j4QAD,Criteo Technology SAS,aBR30000000Xo3VGAS,19454.1397,1943.6629,1943.6629,0,0,0,0,Other
001ed000008VoQgAAK,"SERVEO SERVICIOS, S.A.U.",aBRed00000052kRGAQ,13434.9133,5774.0797,875.5239,0,302.0557,4596.5001,0,Other
0013000000RYPmWAAX,Stryker Corporation,aBR300000004DihGAE,258597.96,236097.96,0,0,0,0,0,Legacy CDP
0010M00001VKhOZQA1,National University - Enrollment,aBR30000000PAwTGAW,14736.0249,3400.6211,3400.6211,0,0,0,0,Other
0013000000rpzQuAAI,Featurespace Limited,aBR3y0000004mPLGAY,84053.04,84053.04,0,0,0,0,0,Legacy CDP
0013000001Kc0HuAAJ,Dream First Bank,0013000001Kc0HuAAJ,47570.2163,43200,43200,0,0,0,0,Other
0010M00001QaPDAQA3,SOCIETE NATIONALE SNCF,aBR300000004I2sGAE,45965.0016,45965.0016,45965.0016,0,0,0,0,Other
00130000002027qAAA,*Blue Cross & Blue Shield of Rhode Island,aBR3y000000HEgwGAG,75977.76,51999.6579,0,45999.6579,0,6000,0,Other
0013y00001eK4xhAAC,Australian Football League (SWNS),aBR3y0000004tjZGAQ,1324.104,1324.104,1324.104,0,0,0,0,Other
0010M00001SHicNQAT,Lightforce Australia PTY LTD,0010M00001SHicNQAT,89019.7528,89019.7528,0,72434.7791,0,16584.9737,0,Other
0013y00001Z0gKDAAZ,BNQ Management,aBR3y000000bsAsGAI,31392.0581,31392.0581,23112.0581,0,8280,0,0,Other
0010M00001PDuTwQAL,SARDEX SPA,aBR0M000000GpywWAC,32557.54,5222.3836,3582.2743,1640.1093,0,0,0,Other
0010M00001QqRfEQAV,Atos International SAS,aBR30000000XnmZGAS,1805500,345000,345000,0,0,0,0,Other
0013000001CB6bfAAD,Infor (US) LLC (Main),aBR300000004DIVGA2,5263.0192,5263.0192,5263.0192,0,0,0,0,Other
0010M00001QnS1DQAV,"WHR Operations, LLC",aBR3y0000008WgmGAE,1380478.628,794367.7806,0,794367.7806,0,0,0,Other
0010M00001V6WagQAF,Xcel Energy Services Inc - New Org,aBR300000004DxrGAE,110896.5908,11013.3214,9633.3214,0,1380,0,0,Other
0013000000rpsNlAAI,The Royal Foundation of the Prince and Princess of Wales,aBR3y0000000KJ2GAM,285.1841,285.1841,0,285.1841,0,0,0,Other
0013000001CDlgmAAD,il mulino,0013000001CDlgmAAD,2400,2400,2400,0,0,0,0,Other
001ed000005k9S1AAI,Royal Melbourne Institute of Technology,aBRed000000ArSrGAK,62683.3333,49350,49350,0,0,0,0,Other
00130000002xV8QAAU,Unique Travel Corp,00130000002xV8QAAU,5400,5400,0,5400,0,0,0,Other
0013000000IkW98AAF,Kekkilä-BVB Oy (Neova Group),aBRed0000009Bx7GAE,1582.5092,575.6569,575.6569,0,0,0,0,Other
0010M00001WIMhdQAH,I.C.O.N. EUROPE SL.,0010M00001WIMhdQAH,14217.7192,14217.7192,0,12904.4334,0,1313.2858,0,Other
0010M00001QmbqKQAR,Komline,aBR3y000000HKqsGAG,5074.1222,5074.1222,5074.1222,0,0,0,0,Other
0013000001L6dj6AAB,CP AXTRA Public Company Limited (Head office) MC TH Org,aBRed00000085XBGAY,61305.0337,54600,0,0,0,0,54600,Legacy CDP
0013000000FdMeiAAF,Société des Produits Nestlé SA*,aBR300000004MqpGAE,2735223.52,2289723.52,15743.52,856900,106200,1310880,0,Other
0010M00001PDu35QAD,NCE SRL,0010M00001PDu35QAD,9867.1537,9867.1537,9565.098,0,302.0557,0,0,Other
0013000000hMZVgAAO,Bunnings Group Limited,aBR3y000000HRpMGAW,528281.582,496243.3093,0,311794.5867,0,184448.7226,0,Other
0010M00001Jzf2OQAR,Swiss Reinsurance Company Ltd,aBR300000004N3FGAU,110511.96,110511.96,0,0,0,0,0,Legacy CDP
001ed00000RrmYTAAZ,Inspin,001ed00000RrmYTAAZ,858.1542,346.7072,346.7072,0,0,0,0,Other
0013000000RZAQPAA5,BAHRAIN COMMERCIAL FACILITIES COMPANY B S C,aBR3y000000bt07GAA,78380.8,78380.8,0,74780.8,0,3600,0,Other
0010M00001QoIcWQAV,Altera Digital Health Inc.,aBR300000004F6wGAE,269831.04,269831.04,0,0,0,0,0,Legacy CDP
0013y00001dWhJ3AAK,Trend 2000 srl,aBR3y0000000KnYGAU,410.0273,410.0273,410.0273,0,0,0,0,Other
0013y00001h1nFQAAY,PEFISA SA CREDITO FINANCIAMENTO E INVESTIMENTO,aBR3y0000004k9eGAA,344094.4413,142778.6639,106199.6629,36579.001,0,0,0,Other
0013000001Mei14AAB,Lambda.AI,0013000001Mei14AAB,33560,29310,26550,0,2760,0,0,Other
00100000001T7pbAAC,Teknor Apex Company,aBR3y000000CgITGA0,10663.9498,6087.1473,6087.1473,0,0,0,0,Other
0013000000GtvDFAAZ,KeyBank National Association,aBR300000004EXLGA2,116589.1473,116589.1473,116589.1473,0,0,0,0,Other
0010M00001YuA2JQAV,HX Group Ltd,aBR3y000000HDJ8GAO,356236.7685,224908.1925,12656.6156,212251.5769,0,0,0,Other
0010M00001SIcEQQA1,Hospital Metropolitano,aBR3y000000wpnXGAQ,5967,5967,0,5775,0,192,0,Other
001ed00000BwnICAAZ,Asian Venture Philanthropy Network (2nd Org),001ed00000BwnICAAZ,38052,30052,30052,0,0,0,0,Other
0013y00001chU7jAAE,Imperial Tobacco Limited,aBR300000004FsYGAU,303781.8695,292436.6113,178537.2926,0,113899.3187,0,0,Other
0013y00001cEFhbAAG,MEDSPA SRL,0013y00001cEFhbAAG,30905.3649,26014.0455,0,26014.0455,0,0,0,Other
0010M00001UM16CQAT,Mercer (France) SAS,aBR300000004I1oGAE,255.1282,255.1282,127.5641,127.5641,0,0,0,Other
0013y00001gEVvXAAW,Veolia North America LLC,aBR300000004Dz3GAE,5750,5750,0,5750,0,0,0,Other
00130000002EYarAAG,Arthrex Inc,aBR3y0000004qXbGAI,500,500,500,0,0,0,0,Other
0013000001MnfKBAAZ,Devisubox,0013000001MnfKBAAZ,2052.009,2052.009,2052.009,0,0,0,0,Other
001ed00000ND01oAAD,Harvard Business School,aBR30000000L82YGAS,1776,1776,1776,0,0,0,0,Other
0010M00001Yu0W1QAJ,PCFSI,aBR300000004PDHGA2,21600,21600,0,21600,0,0,0,Other
0013000000Ra14RAAR,UNIVERSAL POST INC.,0013000000Ra14RAAR,48512.16,48512.16,48512.16,0,0,0,0,Other
0013000001Jy7CVAAZ,SecuTix SA,aBR30000000XjG0GAK,63025.4592,33024.7593,33024.7593,0,0,0,0,Other
0013y00001caupCAAQ,Foodstuffs North Island Limited,aBR3y000000TVfiGAG,1105.2427,605.6989,329.6989,0,276,0,0,Other
0013000000DVEBvAAP,Lesaffre International SAS,aBR30000000XnPVGA0,43776.192,5472.024,5472.024,0,0,0,0,Other
0013000000InGu9AAF,Mirage Granito Ceramico SpA,aBR0M000000GpNMWA0,52223.2546,30061.5574,30061.5574,0,0,0,0,Other
0010M00001WaTp1QAF,"Zing Health, Inc",0010M00001WaTp1QAF,9206.2147,206.2147,206.2147,0,0,0,0,Other
0013000001NXkQtAAL,Wren Kitchens Limited,aBR0M000000XouoWAC,179369.4296,179369.4296,0,147932.5295,0,31436.9001,0,Other
0013y00001eX3KfAAK,Department of Health and Aged Care,aBRed000000AiUPGA0,125338.3415,125338.3415,56778.4106,0,68559.9309,0,0,Other
0013y00001crW0wAAE,SANOFI WINTHROP INDUSTRIE,aBR300000004DMOGA2,62226.7943,62226.7943,49914.7403,0,0,12312.054,0,Other
00130000000j1KKAAY,Sonesta International Hotels Corporation - Main Org,aBR300000004ExcGAE,40500.0012,40500.0012,0,0,40500.0012,0,0,Other
00130000004mdMnAAI,Intermedia,aBR3y000000HKnHGAW,117734.4,105120,0,0,0,0,105120,Legacy CDP
001ed000002slX3AAI,SWF GROUP JAPAN K.K.,001ed000002slX3AAI,808.536,404.268,404.268,0,0,0,0,Other
0013000001GXCrIAAX,Mike Morse Law Firm,0013000001GXCrIAAX,2776,2776,2500,0,276,0,0,Other
0013000000JKevzAAD,"PartsSource, Inc. (Parts Org)",aBR3y0000004qCYGAY,196960,97200,97200,0,0,0,0,Other
0013000000Jy8Q5AAJ,Renown Health,aBR300000004EnGGAU,108333.0292,108333.0292,0,108333.0292,0,0,0,Other
00130000004F5oJAAS,"Demandbase, Inc.*",aBR300000004ZjfGAE,12364.9599,10266.8759,9990.8759,0,276,0,0,Other
00130000002xIJGAA2,UNICOOP FIRENZE SOCIETA' COOPERATIVA,aBR0M000000GpckWAC,90586.2596,60411.145,60411.145,0,0,0,0,Other
0010M00001WaTUxQAN,Mercedes Medical Centers / Clínica Las Mercedes,0010M00001WaTUxQAN,138645,106650,0,0,0,0,106650,Legacy CDP
00130000016jPP4AAM,Team Red White and Blue,aBR3y000000g1bEGAQ,60800,60800,0,60800,0,0,0,Other
0013000001CDvGbAAL,LAEMMLE Chemicals AG,aBR3y000000Ck4OGAS,1641.6072,1641.6072,1641.6072,0,0,0,0,Other
0013000000GtuZiAAJ,"American Family Mutual Insurance Company, S.I.",aBR3y0000000GUKGA2,3019311.817,2686010.063,0,2470480.653,0,215529.4107,0,Other
00130000004qoqVAAQ,"SilkRoad Technology, Inc. dba Rival",aBR3y0000005H1FGAU,2000,2000,2000,0,0,0,0,Other
0013000001KbC7YAAV,Fanbasis,0013000001KbC7YAAV,2125,1275,1275,0,0,0,0,Other
0013000001LyQaFAAV,KIKO SpA,aBR0M000000GpabWAC,219368.1317,219368.1317,0,213169.4229,0,6198.7088,0,Other
00130000002xDvfAAE,KARL STORZ SE & Co. KG,aBR300000004HhMGAU,39307.1581,22681.3152,22681.3152,0,0,0,0,Other
001ed00000LhhbuAAB,Asics Technology B.V.,aBR3y000000HAYuGAO,22508.849,22508.849,22508.849,0,0,0,0,Other
0013y00001cgOnkAAE,Diehl Informatik GmbH 2nd Org,aBR300000004H6LGAU,6982.3027,6982.3027,5472.024,0,1510.2787,0,0,Other
00130000002xIzkAAE,"TUBACEX, S.A.",aBR3y000001142ZGAQ,1396.4605,1396.4605,1396.4605,0,0,0,0,Other
0013000001GW3GkAAL,Sartorius Corporate Administration GmbH,aBR300000004HAiGAM,206954.4297,172257.0045,0,163064.0042,0,9193.0003,0,Other
0013000001L6hqlAAB,The Mattress Store,0013000001L6hqlAAB,40320,40320,38400,0,0,1920,0,Other
0013000001CCDFeAAP,Motive,aBR0M0000004h5LWAQ,109946.7301,49311.8687,49311.8687,0,0,0,0,Other
0013y00001dLwIcAAK,Anthropic,0013y00001dLwIcAAK,70000,70000,70000,0,0,0,0,Other
0010M00001UMgMxQAL,Sonneil SL,0010M00001UMgMxQAL,11967.3164,443.2339,443.2339,0,0,0,0,Other
00130000002xCSRAA2,BACCARAT sa,aBR3y000000HBuCGAW,24049.5236,24049.5236,18604.8597,191.5209,0,5253.143,0,Other
0013000000A5ifXAAR,Nordic Semiconductor ASA,0013000000A5ifXAAR,281637.96,281637.96,0,0,0,0,0,Legacy CDP
00130000005wjBhAAI,Avtec Inc.*,aBR300000004DcJGAU,54940.68,54940.68,0,0,0,0,0,Legacy CDP
001ed00000cJd2zAAC,Stichting Vrienden van het Sophia (New Org),aBR3y0000000NQAGA2,3498.9002,3498.9002,3498.9002,0,0,0,0,Other
0013y00001cg65YAAQ,BooxAI Technologies LTD,aBR3y000000yeolGAA,4000,4000,0,4000,0,0,0,Other
001ed00000h7YViAAM,CWS International GmbH (WW Org),aBR300000004H4nGAE,33588.5312,21889.8916,21889.8916,0,0,0,0,Other
0013y00001c7SoQAAU,Andina ART S.A.,aBR3y000000Cp6DGAS,113665.3442,575.1803,575.1803,0,0,0,0,Other
0013y00001cUC73AAG,Smart InsurTech AG,aBR30000000XdxrGAC,11246.1037,1396.4605,1396.4605,0,0,0,0,Other
0013y00001cooYjAAI,Weaves Corporation Limited (formerly Khaadi Corporation Limited),0013y00001cooYjAAI,58186.8204,58186.8204,0,49786.8204,0,8400,0,Other
001ed00000bi0QQAAY,TATA MOTORS LIMITED - Org 1,aBR3y000000g40LGAQ,279666.9538,279666.9538,0,271962.8142,0,7704.1396,0,Other
0010M00001Jzo3oQAB,EVP Eyecare,0010M00001Jzo3oQAB,21600,21600,0,21600,0,0,0,Other
001ed00000NSsTHAA1,Airelles Collection,aBR3y000000kAJkGAM,30631.0415,30631.0415,30631.0415,0,0,0,0,Other
0013y00001d2Dk4AAE,Cablevision Lightpath LLC,aBR3y0000011K29GAE,120251.1883,117051.1883,0,117051.1883,0,0,0,Other
0010M00001XxhEkQAJ,De Fietsersbond,0010M00001XxhEkQAJ,766.0833,766.0833,766.0833,0,0,0,0,Other
0013y00001cZfEaAAK,Float Financial Solutions Inc.,0013y00001cZfEaAAK,21397.0475,21195.305,21195.305,0,0,0,0,Other
0013000001Jyr9eAAB,WOONOZ,0013000001Jyr9eAAB,18616.0688,18616.0688,18616.0688,0,0,0,0,Other
0013y00001cgWJFAA2,Innovetive Petcare (2nd Org),aBR3y000000h3cjGAA,136362.5,136362.5,14062.5,101600,20700,0,0,Other
0010M00001QkI6LQAV,CHCollective,0010M00001QkI6LQAV,1000,1000,0,1000,0,0,0,Other
0013000000hLgafAAC,Fédération Habitat et Humanisme,aBR3y0000000O3bGAE,364.8016,364.8016,182.4008,182.4008,0,0,0,Other
0010M00001QmJrrQAF,Solunus,aBR3y0000004pkjGAA,500,500,500,0,0,0,0,Other
0013000000ZjVL0AAN,The Standard - PRIMARY,aBR300000004El4GAE,347350,122350,0,122350,0,0,0,Other
0013y00001eqPSpAAM,Medibank Private Limited,aBR300000004CRCGA2,13626.8186,13626.8186,0,13626.8186,0,0,0,Other
0013000001EYXRgAAP,Planday A/S,aBR3y000000bt1TGAQ,44323.3944,22161.6972,22161.6972,0,0,0,0,Other
0013000000M2aAqAAJ,"FLEX CO.,LTD.",0013000000M2aAqAAJ,3368.9,3368.9,3368.9,0,0,0,0,Other
00130000016jrgaAAA,Distech Controls Energy Services Inc. (Acuity Brands),aBR300000004DbGGAU,60000,60000,0,0,0,0,0,Legacy CDP
001ed00000SQNVXAA5,World Food Program USA NPC Org,aBRed0000005kevGAA,43665.146,42000,42000,0,0,0,0,Other
0010M00001Wa9pfQAB,Zelis,aBR3y000000H8LMGA0,1500,1500,1500,0,0,0,0,Other
0013000001LXoBCAA1,Plooto,aBR3y0000004l3uGAA,81090,81090,80885,205,0,0,0,Other
00130000005Zgg7AAC,Thames Valley Police,aBRed00000099thGAA,98137.6191,36311.7155,36311.7155,0,0,0,0,Other
0013000000hLjpoAAC,Shine Lawyers Pty Ltd,aBR3y000000CmxdGAC,73561.6708,64366.6943,0,34060.3579,0,30306.3364,0,Other
0013y00001g8A5jAAE,University of Maryland Global Campus - Education Cloud,aBR30000000L82gGAC,200131,200131,198751,0,1380,0,0,Other
00130000002cCM4AAM,Mipox Corporation,00130000002cCM4AAM,4366.0944,4366.0944,4366.0944,0,0,0,0,Other
0013y00001dXRieAAG,CAPELLA HOTEL GROUP PTE. LTD.,aBR0M000000bm4MWAQ,35739.9452,35739.9452,0,5499.9452,0,30240,0,Other
0013000001HeGQAAA3,CaseIQ,aBR3y000000PDgOGAW,21600,21600,21600,0,0,0,0,Other
0013000001JyoOvAAJ,PANDA - Perinatal Anxiety & Depression Australia,aBR3y000000gEBXGA2,1890.8868,1890.8868,945.4434,945.4434,0,0,0,Other
0013000000ZkKQxAAN,Town of Cary,aBR3y000000HUHwGAO,34442.88,2042.88,2042.88,0,0,0,0,Other
00130000001epWvAAI,Idaho Central Credit Union,aBR0M000000bqzGWAQ,72006,72006,0,42006,0,30000,0,Other
0013y00001cIOOHAA4,Rexall Pharmacy Group ULC,aBR300000004IeOGAU,122955.0788,122955.0788,0,122955.0788,0,0,0,Other
0013000001CCfS8AAL,DMM FinTech Inc.,0013000001CCfS8AAL,49320.696,49320.696,0,49320.696,0,0,0,Other
0013000001GUcsVAAT,LORO PIANA SPA,aBR0M000000GpKrWAK,32832.144,32832.144,16416.072,16416.072,0,0,0,Other
0013000001CAuHLAA1,"Illumio, Inc.*",aBR3y00000116U4GAI,8580.4723,57.1206,57.1206,0,0,0,0,Other
0013y00001f9AwSAAU,CHARIOT PROPERTIES LLP,0013y00001f9AwSAAU,4100.3023,4100.3023,2214.449,0,0,1885.8533,0,Other
0013y00001g9IrJAAU,"NTT DOCOMO, INC.(SD部BPM)",aBR30000000L6DHGA0,34228.2703,33958.512,33958.512,0,0,0,0,Other
0013y00001fSpS3AAK,ONUS COMERCIAL S.A. DE C.V.,aBR3y000000wrbLGAQ,487900.4288,6244.2974,6244.2974,0,0,0,0,Other
0013000000LDyWWAA1,BTP CONSULTANTS,aBR30000000XavOGAS,10944.048,10944.048,10944.048,0,0,0,0,Other
001ed00000CemBzAAJ,TD Synnex CMS,aBR300000004E2JGAU,738.0253,738.0253,738.0253,0,0,0,0,Other
0013y00001gnvSpAAI,NMDP - New Member Org (Primary),aBR30000000PBWIGA4,748286.9253,393967.9653,0,391567.9653,0,2400,0,Other
0013000000EzxNFAAZ,"Outdoor Management Services, Inc.",aBR3y0000000DBRGA2,467180.162,99221.7831,99221.7831,0,0,0,0,Other
0013000001L61pOAAR,GROUPE IDEC,aBR30000000XnPDGA0,728.9376,728.9376,728.9376,0,0,0,0,Other
0010M00001WIHUtQAP,"Inception Fertility Corporate Services, LLC",aBR3y000000H7ISGA0,148000,148000,0,148000,0,0,0,Other
0013000001MrHxWAAV,Cacau Show,aBR3y000000wmn5GAA,9841.4511,4440.8828,4440.8828,0,0,0,0,Other
0010M00001QoLyFQAV,CONSTRUCTORA CAPITAL BOGOTÁ S.A.S y CONSTRUCTORA CAPITAL MEDELLÍN S.A.S,0010M00001QoLyFQAV,13628.068,13628.068,0,12308.068,0,1320,0,Other
0013y00001emRJ9AAM,Solventum Corporation (f/k/a 3M on behalf of its Healthcare Business Group),aBRed00000003J0GAI,202430.866,202430.866,0,159299.2894,0,43131.5766,0,Other
00130000004jNPqAAM,Kasasa,aBRed0000009XeHGAU,115862.8144,115375,0,109045,0,6330,0,Other
001ed00000Lj4OLAAZ,Oriflame Cosmetics AB (core org),aBRed000000GSl7GAG,51592.9836,51592.9836,0,51592.9836,0,0,0,Other
0010M00001SJTlZQAX,MySpeaker Oy,0010M00001SJTlZQAX,4242.8957,3805.5331,3280.2188,0,0,525.3143,0,Other
0013000000NPwa8AAD,TruWest Holdings,aBR3y000000XrGYGA0,4276,4276,3750,250,276,0,0,Other
0013y00001be4eQAAQ,Caja De Compensación Familiar De Antioquia COMFAMA,0013y00001be4eQAAQ,106335,106335,0,99135,0,7200,0,Other
0010M00001UMeDyQAL,AVIXA,aBR3y0000004pGYGAY,14674.9789,14674.9789,14674.9789,0,0,0,0,Other
001000000029tADAAY,"KVH Industries, Inc.",aBR3y000000H7OsGAK,19026,19026,18750,0,276,0,0,Other
0013000000LEDt5AAH,Workiva Inc.,aBR3y000000H8KLGA0,50000,20000,20000,0,0,0,0,Other
0013000000RYeL6AAL,LG UPLUS CORP. (Enterprise),aBR3y000000HOE8GAO,72950,45000,45000,0,0,0,0,Other
00130000001kJsQAAU,"SunBridge Inc.,",aBR3y000000gEAaGAM,1435.9599,627.4239,404.268,0,223.1559,0,0,Other
0010M00001XxsXtQAJ,Lifeline Australia,aBRed000000AWrRGAW,734.965,734.3341,734.3341,0,0,0,0,Other
0013y00001cCXh2AAG,"Highmark, Inc.",aBR3y000000saD4GAI,41500,39000,39000,0,0,0,0,Other
0010M00001QaPQiQAN,AXA Group Operations SAS,aBR300000004HuKGAU,2161.4494,1723.6875,1231.2054,0,0,492.4821,0,Other
0013000000LVgnRAAT,Comfort Keepers,0013000000LVgnRAAT,21888.096,10944.048,10944.048,0,0,0,0,Other
0013y00001cIlVHAA0,Emory Healthcare (SF org),aBR3y000000H70EGAS,171000,171000,0,171000,0,0,0,Other
0013000001HeGWNAA3,AIRBUS HELICOPTERS SAS,aBR300000004I09GAE,190314.5,134314.5,134314.5,0,0,0,0,Other
0013000000GLEVEAA5,A.N.A. Compañía de Seguros SA de CV,aBR3y000000HE5aGAG,101800,78200,70800,2600,0,4800,0,Other
0013000001JyFkUAAV,Responsive Engineering (Holdings) Ltd,aBR3y000000yepKGAQ,1739.5084,1739.5084,0,1739.5084,0,0,0,Other
0013y00001d1jA0AAI,Bank of the Philippine Islands,aBR3y000000H8lfGAC,76423.52,76423.52,15043.52,0,61380,0,0,Other
0013000000roFcyAAE,Inuvet GmbH,0013000000roFcyAAE,5940.541,5144.2507,0,416.4219,0,4727.8288,0,Other
0013y00001eDVY5AAO,"SCB Protect Co., Ltd. (Head Office)",aBR0M000000bpyFWAQ,70000,70000,70000,0,0,0,0,Other
00130000001GSuiAAG,SANOFI WINTHROP INDUSTRIE,aBR300000004HjdGAE,679.4065,679.4065,679.4065,0,0,0,0,Other
0013000001JzO9bAAF,Trolley,0013000001JzO9bAAF,54996,54996,54996,0,0,0,0,Other
0010M00001QarjCQAR,Full Sail University - HEDA Org 2.0,0010M00001QarjCQAR,60000,60000,60000,0,0,0,0,Other
0013000001L6YuPAAV,Sentosa Development Corporation (Singapore),aBRed000000AE3JGAW,59400,32400,0,32400,0,0,0,Other
0013000001CALS0AAP,Brainsway,aBR3y0000004mf2GAA,33931.7327,32732.6278,29972.6278,0,2760,0,0,Other
0013000000hMMzvAAG,COUNTRY Financial,aBR300000004EoUGAU,102854.4754,102854.4754,0,37382.4754,0,65472,0,Other
0010M00001SIgw5QAD,"TYL CO., LTD",0010M00001SIgw5QAD,1031.6919,1031.6919,808.536,0,223.1559,0,0,Other
0013000001LWK0DAAX,Sulzer GmbH,aBR30000000XelnGAC,5489.5344,5489.5344,3677.2001,0,1812.3343,0,0,Other
0013000000NQR28AAH,Dah Chong Hong Holdings Limited (CDP),aBR3y000000H9WrGAK,44100,44100,0,44100,0,0,0,Other
0013000001GUapQAAT,Pirelli Tyre SPA,aBR0M000000Gq8hWAC,179956.3402,175928.9305,0,170807.1159,525.3143,4596.5003,0,Other
0013000000NPtShAAL,"Vortex. Co., Ltd",aBR3y00000054xfGAA,16070.4615,16070.4615,16070.4615,0,0,0,0,Other
00130000004IFjgAAG,Teva Pharmaceutical Industries Ltd.,aBR3y000000H85YGAS,195507.1035,187173.9923,30918.0252,86538.6472,0,69717.3199,0,Other
0013000001FixZPAAZ,Rodd & Gunn Australia Pty Ltd,aBR3y000000TPU2GAO,73187.0666,73187.0666,0,61025.131,0,12161.9356,0,Other
00130000016iHf7AAE,Trenitalia c2c Limited (trading as c2c),00130000016iHf7AAE,24049.2287,3929.6126,3929.6126,0,0,0,0,Other
0010M00001QlG7fQAF,Locations LLC,aBR3y000000H7RmGAK,99993.0957,99993.0957,0,99993.0957,0,0,0,Other
0010M00001QqXpWQAV,MONTIRONI AUTOMOTORES SACIFIA CUIT: 30-54302855-6,0010M00001QqXpWQAV,11815.7354,11815.7354,0,11239.7354,0,576,0,Other
0013y00001cVV7QAAW,INECOBANK,0013y00001cVV7QAAW,70786.9566,70786.9566,0,70786.9566,0,0,0,Other
0013y00001Z0trlAAB,L's HOME CORP.,aBR3y00000051I5GAI,22335.807,22335.807,22335.807,0,0,0,0,Other
00130000004aW8uAAE,"Casa Granado Phebo Laboratorios, Farmacias E Drogarias S/A",00130000004aW8uAAE,77943.5537,75936.9554,0,56275.8568,19661.0986,0,0,Other
0013000000JIDUkAAP,"Avetta, LLC",aBR3y000000H6c5GAC,53582.3997,4044.3066,4044.3066,0,0,0,0,Other
0010M00001S98VUQAZ,Knak,0010M00001S98VUQAZ,5500,5500,0,5500,0,0,0,Other
0010M00001c5LuLQAU,Seqirus (Australia) Pty Ltd,aBR300000004CFnGAM,41544.2336,41544.2336,0,41544.2336,0,0,0,Other
00130000016hMKtAAM,ABC Worldwide Stone,aBR3y0000004nRlGAI,22500,2500,2500,0,0,0,0,Other
0010M00001WORCbQAP,FOX Corporation,aBR3y000000TROOGA4,11300.5643,11300.5643,11003.1811,297.3832,0,0,0,Other
001ed00000W9UxJAAV,"JAPAN POST INSURANCE Co., Ltd.",aBR3y000000ygwmGAA,1840.2279,1031.6919,808.536,0,223.1559,0,0,Other
0013000000IkncFAAR,Banco Pichincha C.A.,aBR3y000000yhD8GAI,345025.2803,345025.2803,236899.827,41021.4533,61104,6000,0,Other
0010M00001JziUEQAZ,Amgen Data Cloud | Marketing Cloud USMC & INCM,aBR300000004DMqGAM,3118577.99,2650638,0,2000000,244058,406580,0,Other
00130000002xVo8AAE,"CTCA Shared Services, Inc.,",aBR300000004PIBGA2,14426,2526,2250,0,276,0,0,Other
0010M00001SpsIdQAJ,"ServiceNow, Inc*",aBR0M000000GoOxWAK,323342.76,323342.76,0,0,0,0,0,Legacy CDP
00130000002xL6LAAU,Fisher & Paykel Appliances Limited,aBR3000000001roGAA,334665.3153,281205.28,0,197500,0,83705.28,0,Other
0013y00001cG1gXAAS,DASA - Org NAC,aBR3y000000wmKkGAI,664867.4335,555219.6618,0,364853.7129,0,190365.9489,0,Other
00130000002xcpuAAA,VytlOne (Maxor National Pharmacy Services LLC),aBR3y000000H7UyGAK,73768.6261,73768.6261,31964.9699,33163.6562,4320,4320,0,Other
0013000000RX1GUAA1,Entercard Group AB,aBR3y000000HDOLGA4,59270.7909,59270.7909,0,59270.7909,0,0,0,Other
00130000008ebACAAY,HMH Education Company,aBR300000004DJyGAM,45600,45600,45600,0,0,0,0,Other
0013000000HmMfKAAV,"Ariat International, Inc.",aBR3y0000004rLHGAY,604429.5,604429.5,0,604153.5,0,276,0,Other
0013000000LzMuiAAF,"The Curators of the University of Missouri, on behalf of MOREnet",aBR30000000PAxlGAG,24300,4300,4300,0,0,0,0,Other
0010M00001SpzqpQAB,Shavve - Social consumer collective LTD,aBR3y000000HCMsGAO,5495.438,4995.438,4995.438,0,0,0,0,Other
0010M00001SeUC9QAN,JUNTA DE COMUNIDADES DE CASTILLA-LA MANCHA,aBR3y000000kAP9GAM,78781.6598,47718.5117,28811.5743,875.5239,302.0557,17729.3578,0,Other
00130000002xI5mAAE,Giorgio Armani S.p.A.,aBR0M000000GpLsWAK,555039.1023,481975.8739,0,0,0,0,481975.8739,Legacy CDP
0013000000ZkgQlAAJ,Kentucky Chamber of Commerce,0013000000ZkgQlAAJ,4000,4000,0,4000,0,0,0,Other
0013000001L6eviAAB,"StubHub, Inc.",aBR3y000000bsZ2GAI,7500,3500,3500,0,0,0,0,Other
0013000000FLKiBAAX,Unilever UK Central Resources Ltd (ENT),aBR0M00000008VyWAI,1023182.681,951182.6812,0,97544.6112,0,853638.07,0,Other
0010M00001QaDF3QAN,GNV - Grandi Navi Veloci S.p.A.,aBR3y000000HJfPGAW,101425.0593,101425.0593,0,101425.0593,0,0,0,Other
0010M00001QkZUzQAN,"AZEST,Inc.",aBR3y00000057ByGAI,6064.02,6064.02,6064.02,0,0,0,0,Other
001ed00000cN1pfAAC,Royal New Zealand Foundation Of The Blind Incorporated,aBR3y0000000NjfGAE,15897.9549,13200.9804,13200.9804,0,0,0,0,Other
0010M00001QaaLyQAJ,Resources Global Professionals ((RGP)) *New Org*,aBR300000004F3ZGAU,60000,60000,60000,0,0,0,0,Other
0013000000M1aRyAAJ,BRE Hotels & Resorts,aBR300000004QOqGAM,310157.2815,310157.2815,0,310157.2815,0,0,0,Other
0013000000I5xhVAAR,Triumph Intertrade AG,aBR300000004N0sGAE,474038.7907,298734.1345,188048.0184,30066.4601,43940.171,36679.485,0,Other
0013000001MoC6jAAF,"Tactivos, Inc. dba Mural",0013000001MoC6jAAF,250000,250000,0,250000,0,0,0,Other
0013000000hKDuQAAW,HUB24 Management Services Pty Ltd,aBR300000004avbGAA,354.8651,354.8651,354.8651,0,0,0,0,Other
00100000001kdz6AAA,Rotech Healthcare Inc.,aBR0M00000006ooWAA,67937.9562,25476.7336,25476.7336,0,0,0,0,Other
00100000001sf7lAAA,Learning A-Z,aBR3y000000HKKSGA4,375,375,375,0,0,0,0,Other
0013000000LzN0fAAF,THE FINANCIAL CONDUCT AUTHORITY,aBR3y000000wka2GAA,4791.9457,4791.9457,3635.0678,0,1156.8779,0,0,Other
00130000002xCfTAAU,Wates Group Ltd,aBR300000004FyLGAU,31436.9002,31436.9002,31436.9002,0,0,0,0,Other
0013000000I3yIiAAJ,The Qt Company Oy,0013000000I3yIiAAJ,94688.4144,55804.7952,49839.1946,5663.5449,302.0557,0,0,Other
0013000001CCdhzAAD,OnPoint Group LLC,aBR3y0000000EvGGAU,95820.9829,95820.9829,35796,24.9829,0,60000,0,Other
0013y00001Y0ekqAAB,Neom Company (CoE&I),aBR3y000000kAWAGA2,232200,232200,95400,0,136800,0,0,Other
0013y00001eU0ihAAC,Tata Housing Development Company Limited (Child Org),aBR3y0000000C4MGAU,57187.5874,57187.5874,0,55351.2377,0,1836.3497,0,Other
0013000000IUPBbAAP,Barbeques Galore Pty Limited,aBR0M000000GoGnWAK,44377.4665,44377.4665,40163.023,1506.1133,2708.3302,0,0,Other
0013000000ro8BZAAY,Camp Quality Limited,aBRed000000ASuHGAW,15177.7253,15177.7253,0,15177.7253,0,0,0,Other
0013y00001eU8YyAAK,Emburse [ONE],aBR3y000000HNxRGAW,75600,75600,75600,0,0,0,0,Other
0013000000LAdsmAAD,Business for Social Responsibility,aBR300000004QfTGAU,8692.062,8692.062,8692.062,0,0,0,0,Other
0013000001KZA0kAAH,The College of Family Physicians of Canada (CFPC),aBR3y000000CjzZGAS,108854.8832,622.7508,622.7508,0,0,0,0,Other
0013000000Zlg4FAAR,Momentum Energy Pty Ltd,aBR300000004CKhGAM,106575.6004,61152.8718,61152.8718,0,0,0,0,Other
001ed00000C8i9pAAB,Baresto,001ed00000C8i9pAAB,301.8534,158.8512,158.8512,0,0,0,0,Other
0013000001GUiMvAAL,South Pole Ltd.,0013000001GUiMvAAL,1534.3555,1288.1144,986.0587,0,302.0557,0,0,Other
00130000004Gyl6AAC,Causeway Capital Management LLC,00130000004Gyl6AAC,24000,24000,24000,0,0,0,0,Other
0013y00001dW5vkAAC,Denver Public Schools - Enrollment,aBR3y0000000HR3GAM,2180,2180,1744,436,0,0,0,Other
0013y00001beDEVAA2,Radicant AG,aBR3y000000wo2uGAA,6680.2469,6680.2469,5472.024,0,1208.2229,0,0,Other
0013y00001gDgl5AAC,Ecolab Data Cloud,aBR300000004DMyGAM,1232484.999,1095484.999,0,1095484.999,0,0,0,Other
00130000016h8xyAAA,Asiakastieto Group Plc,aBR3y000000HIoMGAW,492.4822,492.4822,246.2411,246.2411,0,0,0,Other
0013000001IeuPVAAZ,National Disability Insurance Agency,aBRed000000AlQfGAK,67676.6244,7774.626,0,7774.626,0,0,0,Other
0013000001IgaJcAAJ,KNLTB,0013000001IgaJcAAJ,82503.5007,71742.1745,0,0,0,0,71742.1745,Legacy CDP
0013000000IkkfVAAR,Rugby Australia Limited,aBR3000000001mgGAA,14808.9451,14808.9451,14808.9451,0,0,0,0,Other
0013y00001fDpj1AAC,"MIZUHO BANK, LTD.",aBR30000000L6CFGA0,33688.9461,33688.9461,0,28837.7301,0,4851.216,0,Other
0013000000ILfHYAA1,Beta Analytic,0013000000ILfHYAA1,9291.5146,9291.5146,8791.9708,499.5438,0,0,0,Other
0010M00001U3vwoQAB,Cencosud Peru,aBR30000000XofeGAC,32655.4226,32655.4226,0,31695.4226,0,960,0,Other
0013000000I3rCEAAZ,Nexi Payments SpA - OBA POS,aBR3y000000g37jGAA,146220.5864,146220.5864,0,146220.5864,0,0,0,Other
0013000000M2mxyAAB,"BMC Software, Inc.",aBR0M000000bnE4WAI,204091.2121,198174.3214,154791.9508,0,31381.7148,12000.6558,0,Other
0013000000CG7WzAAL,TIS Inc.,aBR30000000L6Z6GAK,26439.1272,26439.1272,0,26439.1272,0,0,0,Other
0013y00001e5yGSAAY,Mr. Cooper,aBR300000004PqoGAE,931103.2193,605175.4025,0,0,0,0,605175.4025,Legacy CDP
0010M00001QkmSbQAJ,Central and Eastern Sydney PHN,aBR3y0000000Q4CGAU,31514.7808,15757.3904,15757.3904,0,0,0,0,Other
0010M00001S97FVQAZ,Idea Financial,0010M00001S97FVQAZ,43200,24000,24000,0,0,0,0,Other
0013y00001eK4xDAAS,Australian Football League (ESS),aBR3y0000004tjZGAQ,1324.104,1324.104,1324.104,0,0,0,0,Other
001ed00000G36dzAAB,Quantum Marketing Group 2nd Org,aBR3y000000wsauGAA,16975.9261,16975.9261,16975.9261,0,0,0,0,Other
0013000001Jd9ZOAAZ,*Claro S.A.,aBR300000004RmyGAE,588175.8951,588175.8951,0,580879.9692,0,7295.9259,0,Other
0013y00001hNj4RAAS,INTELITY (New Org),aBR3y000000HKn4GAG,1208,776,776,0,0,0,0,Other
0013000000NScFnAAL,"Opal Group, Inc.",0013000000NScFnAAL,30000,30000,30000,0,0,0,0,Other
0013000000RZBcjAAH,Colmobil Ltd,aBR3y000000HCKqGAO,19990,1500,1500,0,0,0,0,Other
00130000016gUznAAE,WalkMe,aBR300000008Q1lGAE,1000,500,500,0,0,0,0,Other
0013000000NQya1AAD,CANON DO BRASIL,0013000000NQya1AAD,28026.2176,28026.2176,0,28026.2176,0,0,0,Other
00100000001KsLzAAK,National Instruments Corp,aBR300000004DaqGAE,346937.04,346937.04,0,0,0,0,0,Legacy CDP
0013000000M1bUsAAJ,Georgia Port Authority,aBR0M000000CcVaWAK,880,880,880,0,0,0,0,Other
001ed00000UKWDzAAP,Canon Singapore Pte. Ltd.,aBR3y000000H8pZGAS,318684,229776,79776,0,150000,0,0,Other
0010M00001WknhIQAR,BEC Financial Technologies a.m.b.a. (Danske Andelskassers Bank),aBR0M000000Cda5WAC,2073.1675,1608.0455,145.9207,437.7619,1024.3629,0,0,Other
0013000001J5USPAA3,Hyundai Capital Canada Inc,aBR0M000000H681WAC,87000,87000,87000,0,0,0,0,Other
001200000007NAQAA2,SUMMIT AUTO LEASE AUSTRALIA PTY LIMITED,001200000007NAQAA2,2482.6951,2482.6951,2482.6951,0,0,0,0,Other
0013000000hMYrqAAG,FMG Procurement Services Pty Ltd,aBR3y0000004xQmGAI,220281.3072,220281.3072,0,207080.3268,0,13200.9804,0,Other
00130000016iGuYAAU,BHN Seguros Generales S.A.,aBR0M000000L94HWAS,70000,2000,2000,0,0,0,0,Other
0013y00001Z1DeeAAF,"CHUBU TELECOMMUNICATIONS CO.,INC",aBRed000000AvHxGAK,17868.6456,17868.6456,0,17868.6456,0,0,0,Other
0013y00001casBaAAI,Brasil Tecpar Serviços de Telecomunicações S.A.,aBR3y000000XsyAGAS,99100.7021,88638.0933,78523.7328,7852.3732,2261.9873,0,0,Other
00100000001L6rRAAS,Belden Inc.,aBR300000004DTDGA2,26400.23,26400.23,26400.23,0,0,0,0,Other
00130000006E7dzAAC,Proveedora de Bombas Motores y Compresores * S.A. de C.V,00130000006E7dzAAC,38400,38400,38400,0,0,0,0,Other
0013y00001bfDTIAA2,Fujitsu Limited,aBR30000000L6BJGA0,14254.672,4729.9356,4729.9356,0,0,0,0,Other
0013000001FbNWDAA3,RTL Nederland B.V.,aBR300000004NmCGAU,251358.0437,251358.0437,0,242575.4451,0,8782.5986,0,Other
0013y00001eJP8AAAW,Cook County Health,aBR3y000000Cf5cGAC,75500,75500,75500,0,0,0,0,Other
00130000000LMSoAAO,One New Zealand Group Limited,aBRed000000APgHGAW,296776,220776,0,220776,0,0,0,Other
0013y00001eHrsiAAC,Wild Bill’s Tobacco,0013y00001eHrsiAAC,8640,8640,0,8640,0,0,0,Other
0013000000NQnxTAAT,Caprice Holdings Limited,aBRed0000004u5JGAQ,182334.0209,182334.0209,0,157184.5008,0,25149.5201,0,Other
0010M00001UViIuQAL,"Turning Point Brands, Inc.",aBR0M000000CdT9WAK,285581.52,285581.52,271951.52,13630,0,0,0,Other
0013000000Lz6mPAAR,Harvey Nichols and Company Limited,0013000000Lz6mPAAR,199877.5577,181172.6021,0,179915.1261,0,1257.476,0,Other
001ed00000JbRBGAA3,VINCULO FRANCHISING SERVICES S.L.,001ed00000JbRBGAA3,360.1668,360.1668,360.1668,0,0,0,0,Other
0010M00001c4VW7QAM,Sportnavi.de GmbH,0010M00001c4VW7QAM,2462.4108,2462.4108,2052.009,410.4018,0,0,0,Other
0013000001Fa1yGAAR,Azerbaijan Airlines,aBR3y000000HAncGAG,72640,72640,0,65800,0,6840,0,Other
00130000002xH9IAAU,Société du Figaro,aBR3y000000HBzsGAG,1395.3661,1395.3661,1395.3661,0,0,0,0,Other
0013000001CBTQGAA5,Inticom SpA,aBR0M000000GpStWAK,183334.8119,183334.8119,0,181758.869,0,1575.9429,0,Other
00130000001S780AAC,Hancock Whitney Bank - Main,aBR300000004EqiGAE,547289.1377,547289.1377,0,521893.1387,0,25395.999,0,Other
0010M00001WZmufQAD,"Mizuho Bank, Ltd., Singapore Branch",aBR0M000000bpvQWAQ,43475,43475,43475,0,0,0,0,Other
0013y00001dy5C9AAI,DIMALARA SL,0013y00001dy5C9AAI,5533.3107,630.3771,630.3771,0,0,0,0,Other
00130000005XZL6AAO,"Workday, Inc.",aBR300000004QNnGAM,1680759.696,769508.3571,768803.2221,0,705.135,0,0,Other
0013000000JgAQcAAN,TECE SE,aBR30000000XgGgGAK,65342.1877,60378.0611,60378.0611,0,0,0,0,Other
0010M00001UVaE4QAL,Assaf Harofeh Medical Center,aBRed000000B8iDGAS,9240,1320,1320,0,0,0,0,Other
001ed00000HgAu2AAF,Workdry International,aBRed000000EViHGAW,27082.8895,27082.8895,27082.8895,0,0,0,0,Other
0013000001Kb9KUAAZ,Dubber Corporation,aBR3y000000CnZBGA0,3194.7319,3194.7319,3194.7319,0,0,0,0,Other
0013y00001cYIsNAAW,FSA Store Inc (OMS Org),aBR3y000000TOWHGA4,305579,39744,0,38088,0,1656,0,Other
00130000002xaS7AAI,"Lakeland Industries, Inc.",00130000002xaS7AAI,20738.6363,20738.6363,20738.6363,0,0,0,0,Other
0010000000107TmAAI,M & C RESERVATIONS SERVICES LIMITED,aBR0M00000006uSWAQ,498600.593,498600.593,0,430680.593,0,67920,0,Other
0013y00001d7ycjAAA,Kubota North America Corporation,aBR300000004DZ2GAM,142185.1405,142185.1405,0,106545.1405,0,35640,0,Other
0013y00001cb8QuAAI,THE IFRIEND INTERMEDIACAO,aBR3y0000000RCfGAM,3768.5567,1256.1856,0,1256.1856,0,0,0,Other
00100000000e8HlAAI,Medtronic Inc,aBR300000004DjRGAU,1184867.61,937966.4101,1195.5211,393994.055,0,386768.9389,156007.8951,Other
001ed00000KjhRvAAJ,FINOMENY TECH S.L,001ed00000KjhRvAAJ,9028.8396,4651.2204,4651.2204,0,0,0,0,Other
0013000000hLUotAAG,Dubai International Financial Centre Authority (DIFCA),aBR3y000000HTq7GAG,240,240,240,0,0,0,0,Other
00130000009YncwAAC,"AssetMark Financial Holdings, Inc.",aBR0M000000TOB9WAO,11042.6309,11042.6309,0,3167.6309,0,7875,0,Other
0013y00001foby7AAA,Oaken Equipment,aBR3y000000h4kgGAA,24800,24800,0,24800,0,0,0,Other
00130000016hKfHAAU,Currency Cloud Limited,aBR300000004LKDGA2,70500,60500,60500,0,0,0,0,Other
0010M00001WJiqfQAD,City of Los Angeles Org 2 - RAMP,aBR3y000000H6pdGAC,42621,1581,1581,0,0,0,0,Other
00130000007GehiAAC,"SUMITOMO REALTY & DEVELOPMENT CO., LTD.",aBR30000000L6PQGA0,733.7867,733.7867,733.7867,0,0,0,0,Other
0013000000ZkJ58AAF,Yale University - Human Resources,aBR30000000PBHZGA4,6993.6132,1498.6314,1498.6314,0,0,0,0,Other
0010M00001QkceJQAR,Foodstuffs North Island Limited (Retail),aBR3000000001rLGAQ,13913.5457,1924.4946,1648.4946,0,276,0,0,Other
0013000000M2QRPAA3,"Capitol Building Supply, Inc.",aBR300000004OHzGAM,66000,64000,61500,2500,0,0,0,Other
0013y00001dMLPmAAO,AMP BANK LIMITED,aBR300000004CBUGA2,260509.0903,161045.4816,161045.4816,0,0,0,0,Other
0013000000RXQRzAAP,Hetero Drugs Ltd.,aBR3y000000HRgKGAW,12486.3309,12486.3309,12486.3309,0,0,0,0,Other
0013000000CdQgSAAV,Close Brothers Limited,aBR300000004G9IGAU,14914.3934,5794.961,5794.961,0,0,0,0,Other
0013000000hIavMAAS,Contexte,0013000000hIavMAAS,4651.2204,4651.2204,4651.2204,0,0,0,0,Other
0013000000RXJUbAAP,Foxit Software Inc.*,aBR3y000000H75KGAS,524082.9988,522082.9988,13276,466806.9988,0,42000,0,Other
0013000000hJkVeAAK,Stokke AS,aBR3y000000HDK5GAO,85786.5559,85786.5559,0,85786.5559,0,0,0,Other
0010M00001QaQ3aQAF,Auger Torque,aBR3y000000CksoGAC,3545.4129,3545.4129,3545.4129,0,0,0,0,Other
0013000001GX2d3AAD,Banco Itaú Chile,aBR3y000000wrLcGAI,77100,77100,0,77100,0,0,0,Other
0010M00001QkxGuQAJ,City of Adelaide,aBRed0000007845GAA,2011.8482,2011.8482,1869.9022,141.946,0,0,0,Other
0010M00001QkxaQQAR,Legalplace,0010M00001QkxaQQAR,76608.336,76608.336,0,76608.336,0,0,0,Other
0013y00001cZjNnAAK,Galderma S.A. 3rd org,aBR3y000000ClUOGA0,264706.303,242206.303,3876,79930.303,0,158400,0,Other
0013000000GIQ7uAAH,"Paycor, Inc.",aBR0M000000CatOWAS,299991.0356,299991.0356,299991.0356,0,0,0,0,Other
0010M00001btuzoQAA,Span.IO,0010M00001btuzoQAA,1500,1500,1500,0,0,0,0,Other
0013y00001cQ7Y9AAK,Assetz Property Management Services Private Limited (Org 1),0013y00001cQ7Y9AAK,20330.4554,18857.1325,0,14571.1021,0,4286.0304,0,Other
0013000001JyL6oAAF,Faculdade das Américas,aBR3y000000HDvwGAG,4722.9824,4722.9824,502.199,0,0,4220.7834,0,Other
001ed000001QrOIAA0,Ande.ai,aBRed00000015fBGAQ,500,500,500,0,0,0,0,Other
001ed00000B4rSRAAZ,"Med Learning Group Management, LLC",001ed00000B4rSRAAZ,11918.3029,11918.3029,9158.3029,0,2760,0,0,Other
00130000002xc8zAAA,Thomas Jefferson University d/b/a Jefferson Health,aBR3y000000H88tGAC,507019.7007,273463.1401,124048.7919,92058.7523,0,57355.5959,0,Other
0013000001MrYEWAA3,Mahou S.A. (B2C),aBR300000004NIPGA2,1140632.459,1140632.459,0,1120933.172,0,19699.2864,0,Other
0013000001L5s8uAAB,Mousquetaires - STIME,aBR3y000000LDyzGAG,54722.4288,19427.874,18823.7626,0,604.1114,0,0,Other
0013y00001e5oDMAAY,Linko S.A. de C.V.,0013y00001e5oDMAAY,448.37,448.37,448.37,0,0,0,0,Other
001ed000001kk0sAAA,Capital Metro - Marketing and Data Cloud,aBR3y0000011KugGAE,113921.96,113921.96,0,102149.96,0,11772,0,Other
00100000002JC2FAAW,"The Freeman Company, LLC",aBR3y000000H75gGAC,60000,60000,60000,0,0,0,0,Other
0013000000ZlRDCAA3,Yalber,0013000000ZlRDCAA3,355.0583,355.0583,355.0583,0,0,0,0,Other
001ed00000VdmULAAZ,Enel Global Services S.r.l. (LENE),aBR300000004NiZGAU,50419.229,50419.229,20027.6078,186.0488,30205.5724,0,0,Other
00100000002CrVTAA0,Adventist Health System Sunbelt Healthcare Corporation,aBR300000004Pq4GAE,649503.3431,649503.3431,0,377679.3431,121824,150000,0,Other
00130000003OdKdAAK,Big Brothers Big Sisters Of America*,aBR30000000PBRGGA4,111258.5584,111258.5584,111258.5584,0,0,0,0,Other
0013y00001fmX6WAAU,Ascend,0013y00001fmX6WAAU,174000,54000,54000,0,0,0,0,Other
00120000000AWgzAAG,VERISURE,aBR3y000000PCHVGA4,10013.804,10013.804,9083.5599,930.2441,0,0,0,Other
0013000001GWhJEAA1,Le Groupe Harnois Inc for Harnois Énergies inc.,aBR3y000000g3kkGAA,119414,119414,0,119414,0,0,0,Other
0013000000HGe6lAAD,"New Imagitas., Inc operating as Red Ventures",aBR3y00000116rKGAQ,38889.9999,38889.9999,31399.9999,0,0,7490,0,Other
0013000000Il6ueAAB,Nemetschek SE,aBR30000000Xf96GAC,336322.1545,336322.1545,0,336322.1545,0,0,0,Other
0013y00001e2m8vAAA,Life Science Connect,aBR3y0000004qSuGAI,3882.292,3882.292,3330.292,0,552,0,0,Other
0010M00001WkXAVQA3,HARMONY - DML,aBR3y000000h4nEGAQ,196.9929,196.9929,196.9929,0,0,0,0,Other
00100000002Cu2tAAC,"Restaurant Brands International US Services, LLC",aBR0M000000CdcJWAS,234859.92,234859.92,0,0,0,0,0,Legacy CDP
00130000016g9DWAAY,Astound Commerce Corporation,aBR3y0000000JhTGAU,16576,576,576,0,0,0,0,Other
001ed00000NDV8rAAH,RYOBI LIMITED,aBR3y0000004zAnGAI,18507.389,18507.389,18507.389,0,0,0,0,Other
0013y00001hNmqaAAC,SECRETARIA DE ESTADO DA EDUCACAO - SEED,aBRed00000053muGAA,81043.565,54337.3113,54337.3113,0,0,0,0,Other
0013000000hLx2aAAC,Cambria Company LLC.,aBR3y00000118gXGAQ,27549.724,27549.724,25749.724,0,1800,0,0,Other
0013y00001gDNwqAAG,STUTTGART SPORTS CARS LTD,aBR3y000000g41gGAA,47795,47795,0,47795,0,0,0,Other
0010M00001UMGvgQAH,AusNet Electricity Services Pty Ltd,0010M00001UMGvgQAH,61786.1651,61786.1651,43719.3762,18066.7889,0,0,0,Other
0013000001JychjAAB,Blackberry Hotel Company,aBR3y000000yfwYGAQ,520533.3333,520533.3333,0,376533.3333,0,144000,0,Other
0010M00001UEYG3QAP,Healthcare Financing of America,aBR3y0000000HU7GAM,250,250,0,250,0,0,0,Other
0013000001MrWzbAAF,"Saatva, Inc.",0013000001MrWzbAAF,82324,82324,0,52900,0,29424,0,Other
0013y00001ck4cUAAQ,RAVenture,aBR3y000000safYGAQ,160222.92,123248.4,0,0,0,0,123248.4,Legacy CDP
0013y00001gTliwAAC,"MEMOLEAD, K.K.",aBR3y000000ygo8GAA,30619.1964,30619.1964,0,30619.1964,0,0,0,Other
0013y00001dy1HGAAY,Universidad Europea de Madrid S.A.,aBR3y0000000F0uGAE,596855.3348,596855.3348,545306.3599,51548.9749,0,0,0,Other
0013000001LVcvgAAD,Yomoni,aBR3y000000yg6JGAQ,31008.6905,365.3561,365.3561,0,0,0,0,Other
0013y00001c7RRRAA2,Spark Lifecare,0013y00001c7RRRAA2,390,390,390,0,0,0,0,Other
0013y00001cSdd5AAC,Which Ltd Neworg,aBR3y0000000KVeGAM,23463.5721,23463.5721,23463.5721,0,0,0,0,Other
0010M00001WJPK0QAP,"irodas CO.,LTD.",0010M00001WJPK0QAP,45892.0608,45892.0608,0,45892.0608,0,0,0,Other
0013000000GqiHGAAZ,LUMINUS,aBR3y000000wo8xGAA,125345.4104,125345.4104,0,108222.7906,0,17122.6198,0,Other
0013y00001cfy3pAAA,Stallion Oilfield Services (Main),aBR3y0000011433GAA,70165.2682,70165.2682,0,69889.2682,0,276,0,Other
00130000001Ke72AAC,Farm Credit Services of America,aBR300000004Ei5GAE,108634.3162,108634.3162,84634.3162,0,0,24000,0,Other
0013000000M2ONgAAN,Challenger Motor Freight Inc,aBR3y000000HIE5GAO,22200,22200,0,0,15000,7200,0,Other
00130000001kIa3AAE,"Shinsei Financial Co., Ltd.",aBR30000000L6QJGA0,38809.728,38809.728,0,38809.728,0,0,0,Other
00130000009q7nuAAA,Carlsberg Integrated Information Technology A/S,aBR300000004M0EGAU,1606594.249,803297.1247,803297.1247,0,0,0,0,Other
0013000000rpsTKAAY,"Starr Insurance Holdings, Inc (3.0)",aBR3y000000H80SGAS,68856,68856,68856,0,0,0,0,Other
0013y00001Xz1rbAAB,Hair Doctors,0013y00001Xz1rbAAB,1118.5347,1118.5347,0,0,0,1118.5347,0,Other
0013000001GWSm2AAH,"Comunicación Celular, S.A",aBR3y000000TUhmGAG,129238.1973,129238.1973,103390.5579,25847.6394,0,0,0,Other
0013000001MrOfVAAV,SAFIE INC.,0013000001MrOfVAAV,10652.4618,7559.8116,7559.8116,0,0,0,0,Other
0013000000hJ5qwAAC,"NEI, through its general partner, Northwest & Ethical Investments Inc.",aBR3y0000008YoNGAU,61351.8318,61351.8318,61351.8318,0,0,0,0,Other
0013000001GUaRpAAL,House of HR Timepartner,aBR300000004SXxGAM,11896.2601,11896.2601,11896.2601,0,0,0,0,Other
001ed00000RTBbiAAH,Charleston County,aBR300000004UQ6GAM,1227.5785,1227.5785,1227.5785,0,0,0,0,Other
0013000000hLRsUAAW,Samsonite Asia Limited,aBRed00000074A9GAI,276804.0231,230670,0,0,0,0,230670,Legacy CDP
0013y00001cjuCEAAY,"Asset Management One Co., Ltd.",aBR30000000L6CFGA0,198635.3471,67777.1473,0,67777.1473,0,0,0,Other
001ed00000kzACrAAM,Argenx US - LSC Org,aBR3y000000btT4GAI,60000,60000,60000,0,0,0,0,Other
0013000000ZkfiXAAR,Department of State - Diplomatic Technology Growth & Data Cloud,aBR0M000000CcsvWAC,176809,176809,0,127975,0,48834,0,Other
0013y00001f9Dv0AAE,ANNA VIRGILI S.R.L.,0013y00001f9Dv0AAE,875.5238,875.5238,0,875.5238,0,0,0,Other
0013000000hMcazAAC,Hyundai Autoever India Pvt Ltd (“HAEI”),aBR3y000000wnOzGAI,531064.3907,531064.3907,0,531064.3907,0,0,0,Other
0013y00001cCg92AAC,Dental Boutique,0013y00001cCg92AAC,4673.337,4673.337,3628.6142,0,1044.7228,0,0,Other
001ed00000hdQUvAAM,"ASTRUM CRO, SL",001ed00000hdQUvAAM,28277.3895,25214.7342,24610.6228,0,604.1114,0,0,Other
0010M00001QmSC5QAN,News Corp Australia Pty Ltd,aBR30000000XmrEGAS,16222.403,16222.403,0,16222.403,0,0,0,Other
00100000001FeOOAA0,British Columbia Lottery Corporation,aBR3y000000TQZ0GAO,933395.3751,933395.3751,0,898547.5347,0,34847.8404,0,Other
0013y00001dOO7EAAW,Macropay,0013y00001dOO7EAAW,36114.2261,36114.2261,36114.2261,0,0,0,0,Other
0010M00001UEPaYQAX,"KindBody, Inc.",aBR3y000000TR8FGAW,42000,42000,42000,0,0,0,0,Other
0013000000E2fvMAAR,Dongshin university [Active],0013000000E2fvMAAR,25000,12500,12500,0,0,0,0,Other
0013y00001coiWSAAY,proSenio GmbH,aBRed000000EDexGAG,38118.1193,38118.1193,35294.5548,0,1510.2787,1313.2858,0,Other
0013000001J70cfAAB,Puravankara Limited,aBR3y0000011AAKGA2,87096.9596,87096.9596,0,84126.7405,0,2970.2191,0,Other
001ed00000WEPiVAAX,Ebbiflow,aBR3y0000000HYwGAM,10635,9360,0,9360,0,0,0,Other
0010M00001THMvAQAX,SBA - MySBA,aBR300000004UDlGAM,533328,533328,48600,0,484728,0,0,Other
001ed00000riizjAAA,Morganite Inc.,001ed00000riizjAAA,47056.7952,47056.7952,47056.7952,0,0,0,0,Other
0013y00001djqafAAA,UNICEF Finland 2nd Org,aBRed0000005j69GAA,32919.6964,32919.6964,8755.2384,0,0,24164.458,0,Other
0013000001JdeWYAAZ,NetFlorist (Pty) Ltd,0013000001JdeWYAAZ,9459.8677,9459.8677,0,5619.8677,0,3840,0,Other
00100000001P1MoAAK,Avaya LLC,aBR300000004DbuGAE,164280,164280,0,0,0,0,0,Legacy CDP
0013000001FkCnsAAF,Tecan Trading AG,aBR300000004N28GAE,64098.9047,63099.4523,34899.4523,0,28200,0,0,Other
0013000000E1rniAAB,SCOOT PTE. LTD.,aBR0M000000bm4eWAA,72507.579,9641.1316,9365.1316,0,276,0,0,Other
00130000002xZ3gAAE,Carson Tahoe Health System,aBR300000004PXuGAM,23265.146,23265.146,0,23265.146,0,0,0,Other
0010M00001Z0AxKQAV,Conquest Planning Inc. USA,0010M00001Z0AxKQAV,445008.1599,382890.1971,382890.1971,0,0,0,0,Other
001ed00000i9M4qAAE,ECAAS,aBR300000004H4wGAE,22987.7611,22987.7611,22222.3768,765.3843,0,0,0,Other
0013y00001d0htJAAQ,Edward Martin,0013y00001d0htJAAQ,35376.238,35004,0,35004,0,0,0,Other
0013000000hKxn7AAC,Borussia Dortmund GmbH & Co. KG auf Aktien,aBR3y000000HBRyGAO,50342.6208,45965.0016,45965.0016,0,0,0,0,Other
0013000001GVcI3AAL,GRUPO CASAS BAHIA S.A.,aBR3y000000HE1WGAW,604191.8648,604191.8648,581774.3363,0,3467.0721,18950.4564,0,Other
0013y00001hNiduAAC,Enedis 2nd CDP,aBR300000004I0CGAU,28430.1415,28430.1415,0,0,0,0,28430.1415,Legacy CDP
0010M00001PE5uZQAT,"SOCIAL TECH, K.K.",0010M00001PE5uZQAT,59766.9811,59766.9811,49935.1833,9831.7978,0,0,0,Other
0013y00001cCaxzAAC,"SAKODA SHARYO, K.K.",aBR3y000000ygrZGAQ,34249.585,34249.585,34249.585,0,0,0,0,Other
0013y00001cjzMmAAI,Boels Verhuur B.V.,aBR3y000000HAZgGAO,43118.9653,43118.9653,0,43118.9653,0,0,0,Other
0010M00001WYnwiQAD,2GEZER,0010M00001WYnwiQAD,599.7338,547.2024,0,547.2024,0,0,0,Other
0013000000M20mMAAR,Ivoclar Vivadent AG,aBR3y0000000NdYGAU,57296.7236,57296.7236,57296.7236,0,0,0,0,Other
00130000000Ty8uAAC,Concentrix Solutions Corp.,aBR3y000000bsIkGAI,550506.6666,350506.6666,283333.3333,33333.3333,33840,0,0,Other
0013000000M1bY4AAJ,AAA Northeast,aBR3y000000H6TeGAK,60000,60000,60000,0,0,0,0,Other
0013y00001dM5PHAA0,"NTT DOCOMO, INC. (DCMP)",aBR30000000L6DHGA0,155866.3359,11138.3919,11138.3919,0,0,0,0,Other
0010M00001VKjDSQA1,REWE digital GmbH,aBR30000000Xd2MGAS,133212.9272,133212.9272,0,133212.9272,0,0,0,Other
00130000002uo5nAAA,Association de Moyens Assurance de Personnes (AMAP),00130000002uo5nAAA,247453.8429,247453.8429,246968.6693,0,485.1736,0,0,Other
001ed00000MghaBAAR,Redi/Proshred Inc.,001ed00000MghaBAAR,7148.4033,7148.4033,5400,1748.4033,0,0,0,Other
0013000000NQhgDAAT,"Datasite LLC, formerly known as Merrill Communications LLC",aBR300000004DKcGAM,463628.9869,248607.1785,0,243807.1785,0,4800,0,Other
0013y00001cZfXNAA0,Unleashed Brands (2nd Org),aBR3y000000h3gIGAQ,229000,229000,54000,175000,0,0,0,Other
0010M00001SJ3rlQAD,Concordia Theological Seminary_Ed Cloud Org,aBR0M0000004i88WAA,1497.883,984.7019,384.3729,600.329,0,0,0,Other
0013000000NQQKpAAP,ICL Group (IP),aBR3y000000HCLnGAO,2497.719,832.573,832.573,0,0,0,0,Other
0013000000BonumAAB,Moto Honda da Amazonia Ltda,aBR30000000L8ENGA0,84835.9132,84835.9132,79183.0782,0,5652.835,0,0,Other
0013y00001be1lnAAA,Betfair Interactive US LLC,aBR3y0000004tkXGAQ,4934142,2036402,2024522,9000,2880,0,0,Other
0010M00001MtQGPQA3,Ramanarayana Education Trust,0010M00001MtQGPQA3,33029.8171,33029.8171,0,28869.1531,0,4160.664,0,Other
00130000016jcqoAAA,Clari Inc.*,aBR3y0000004pOFGAY,6722.3738,6722.3738,6722.3738,0,0,0,0,Other
0013000000M2NeRAAV,"Serta Simmons Bedding, LLC",aBR3y000000H7uNGAS,10776,10776,10776,0,0,0,0,Other
0013000000Bmz4DAAR,Ally Bank,aBR300000004LwzGAE,108180,108180,5000,98200,1380,3600,0,Other
0013000000JjUnRAAV,True Alliance Corporate Services Pty Limited,aBR3y0000004kVOGAY,56778.4106,56778.4106,56778.4106,0,0,0,0,Other
0013y00001eBqDAAA0,Rawlings B2C,aBR3y0000004sUHGAY,435975.9632,411835.7515,0,361735.7515,0,50100,0,Other
00100000001ih1eAAA,Deloitte Global Services Limited,aBR300000004FdcGAE,7034900.96,6993699.279,5839722.577,0,1040672.077,113304.6248,0,Other
0013000000hJSb0AAG,"JPMorgan Chase Bank, National Association",aBR300000004C9RGAU,66070.3662,66070.3662,65494.3662,0,576,0,0,Other
0013000000RZFFEAA5,NTT ADVANCED TECHNOLOGY CORPORATION,aBR30000000L6DHGA0,33345.8451,23116.5335,0,23116.5335,0,0,0,Other
0013000000rnxJ8AAI,Multipoint S.A.,aBRed0000004vPfGAI,4125,4125,0,4125,0,0,0,Other
0010M00001JzvRYQAZ,Uab Kotryna Group,aBR3y000000HAzlGAG,33506.5163,33506.5163,0,0,0,0,33506.5163,Legacy CDP
00130000002xCrYAAU,AVL List GmbH,aBR300000004MtoGAE,52608.4402,19834.3968,16387.0217,0,3447.3751,0,0,Other
001ed00000e2r4VAAQ,SolarCore Global Energy SPV AG,001ed00000e2r4VAAQ,3365.2948,2052.009,0,2052.009,0,0,0,Other
0013000000Ikqx7AAB,Toyota do Brasil Ltda.,aBR3y000000TOkEGAW,99511.431,99511.431,99511.431,0,0,0,0,Other
00100000001uzucAAA,Cyber-Ark Software Ltd,aBR0M000000k9dsWAA,86976,50976,50700,0,276,0,0,Other
0013000000ZjQF8AAN,Treering Corp,0013000000ZjQF8AAN,168981.7722,139026.7067,0,124626.7067,0,14400,0,Other
0010M00001YtzhSQAR,Purdue for Life Foundation,aBR30000000PAweGAG,60787.4812,53405.6237,53405.6237,0,0,0,0,Other
0010M00001WJCS2QAP,Synthesia Limited,0010M00001WJCS2QAP,640.2648,640.2648,640.2648,0,0,0,0,Other
0013000001JySWtAAN,"EVERTEC GROUP, LLC (HQ)",aBR3y000000TRQFGA4,54000,54000,54000,0,0,0,0,Other
0013y00001cwCJsAAM,"CoreLogic Solutions, LLC",aBR300000004Q5bGAE,113189.6717,93040.56,0,0,0,0,0,Legacy CDP
00130000016iOIqAAM,AutoScout24 GmbH – B2B Sales,aBR3y000000HIUOGA4,54460.3853,54460.3853,0,54460.3853,0,0,0,Other
00100000002CNGAAA4,XYLEM,aBR300000004RAQGA2,320000,270000,150000,0,120000,0,0,Other
0013y00001g9ChwAAE,Gold Coast City Council - Data Cloud,aBRed0000006thlGAA,40227.504,40227.504,0,0,0,0,40227.504,Legacy CDP
0010M00001P02nHQAR,Atlas Insurance PCC Limited,0010M00001P02nHQAR,23639.1437,23639.1437,0,23639.1437,0,0,0,Other
0013000000HGUJeAAP,Sparta Global Limited,aBRed0000004yC9GAI,46317.033,42125.4463,42125.4463,0,0,0,0,Other
001ed000007tB21AAE,"From Advisory, Unipessoal LDA",001ed000007tB21AAE,1080.7248,1080.7248,1080.7248,0,0,0,0,Other
00100000001QPocAAG,"Calix, Inc.*",aBR0M000000bnNMWAY,70068,67668,7776,0,59892,0,0,Other
0013y00001cTGTzAAO,"Insight Direct USA, Inc.*",aBR300000004E2iGAE,48825,45000,45000,0,0,0,0,Other
0013y00001ce9KXAAY,"Skechers USA, Inc",aBR3y000000Cnb3GAC,915131.7232,692631.7232,0,354465.1232,0,338166.6,0,Other
0013000000ZjAa1AAF,Sony - Gaikai Inc.,aBR300000004DbTGAU,324077.04,324077.04,0,0,0,0,0,Legacy CDP
0013000000GMOw5AAH,dormakaba International Holding GmbH,aBR300000004SYZGA2,118200.6277,71940.7376,71940.7376,0,0,0,0,Other
00130000002xUguAAE,Corporation Service Company - Commercial Org,aBR300000004P2MGAU,4452,4452,3900,0,552,0,0,Other
00130000002xDYnAAM,Villeroy & Boch AG,aBR300000004HAAGA2,71350.8779,63475.4785,0,63475.4785,0,0,0,Other
0013000000RZCavAAH,Aussie Broadband (Main org),aBR3y0000000G4qGAE,29524.7736,29524.7736,0,0,0,29524.7736,0,Other
0010M00001QlIMcQAN,AGENCE ECONOMIQUE ET FINANCIERE,aBR30000000XnrUGAS,29588.3282,28493.9234,0,28493.9234,0,0,0,Other
001ed00000BrkjJAAR,"SPX PORTUGAL, SGOIC, S.A.",001ed00000BrkjJAAR,547.2024,547.2024,0,547.2024,0,0,0,Other
0013y00001fSuSmAAK,HomeEquity Bank - FSC Org,aBR0M000000Xp4eWAC,552265.5208,523050.392,0,523050.392,0,0,0,Other
0013y00001ep8u2AAA,Dietzler Ventures Inc. (Salesforce Org),aBR3y00000118AbGAI,20400,20400,20400,0,0,0,0,Other
0010M00001SegTQQAZ,HUMAN APPEAL,0010M00001SegTQQAZ,375530.4087,375530.4087,0,375530.4087,0,0,0,Other
0013000000ZmdsCAAR,SANSEI K.K.,0013000000ZmdsCAAR,33958.512,33958.512,33958.512,0,0,0,0,Other
0013000000hK7u2AAC,Keyloop Holdings (UK) Limited Main Org ljeI,aBR3y000000wrNiGAI,78599.5807,55750.4635,55750.4635,0,0,0,0,Other
00100000001DUQrAAO,"Allegis Group, Inc.**",aBR300000004F3yGAE,1492262.415,1324449.674,1113855.67,205634.3102,4959.6933,0,0,Other
0013000000KwxbsAAB,ARM Limited,aBR3y000000HHQ7GAO,78008.4,78008.4,78008.4,0,0,0,0,Other
0013y00001d0LnZAAU,Fundación FERO,0013y00001d0LnZAAU,232.561,232.561,232.561,0,0,0,0,Other
0013000000NPfGKAA1,BWH HOTELS ITALIA S.C.P.A. – SOCIETÀ BENEFIT,aBR3y000000h4SfGAI,32035.2126,32035.2126,702.4031,31332.8095,0,0,0,Other
00130000002xUfGAAU,Save The Children Federation Inc.,aBR300000004FV5GAM,525009.96,525009.96,0,0,0,0,525009.96,Legacy CDP
0010M00001WI0ICQA1,TeamMed,aBR3y000000XpeXGAS,1680.641,734.3341,473.1534,0,261.1807,0,0,Other
00130000002xRpzAAE,Zurich Financial Services Australia Limited,aBR30000000XicfGAC,76067.8017,76067.8017,75467.8017,0,600,0,0,Other
00100000001T7rXAAS,CDM Smith Inc.,aBR300000004FR8GAM,21306.4348,6306.4348,6306.4348,0,0,0,0,Other
0013000001JdVBpAAN,"Saviynt, Inc.",aBR3y0000004owZGAQ,121826.04,121826.04,0,0,0,0,0,Legacy CDP
00130000016gLLrAAM,Alpine Intel,aBR3y000000fze9GAA,66437.8913,61116.2789,55424.0765,5692.2024,0,0,0,Other
0013000000rqRfyAAE,Securonix,aBR3y00000116YNGAY,199490.04,199490.04,0,0,0,0,0,Legacy CDP
0013y00001fErMHAA0,Nissei Paraguay,0013y00001fErMHAA0,3760.3022,3760.3022,0,3760.3022,0,0,0,Other
0010M00001W7n0rQAB,"Signal Advisors USA, Inc.",aBRed0000003OU4GAM,2500,2500,2500,0,0,0,0,Other
0010M00001WJVO1QAP,NASA Central,aBR3000000001ozGAA,52431.12,52431.12,52431.12,0,0,0,0,Other
0013000000rqkUAAAY,OBVIO BRASIL SOFTWARE E SERVICOS S.A.,0013000000rqkUAAAY,85533.4094,85533.4094,0,85533.4094,0,0,0,Other
001ed00000BRpPuAAL,Hire Heroes - NPC Org,001ed00000BRpPuAAL,39978.0943,39978.0943,29983.5707,9994.5236,0,0,0,Other
0013000000RXTdMAAX,Sofigate Oy - main,aBR3y000000HDGTGA4,46327.4734,2551.2814,2186.8126,364.4688,0,0,0,Other
00130000006wsbFAAQ,Komax AG,aBR3y000000g3v2GAA,2370.4486,2370.4486,1000,547.2024,276,547.2462,0,Other
0013000000NPBTYAA5,DeVry University,aBR3y0000000K0iGAE,66963.3077,66963.3077,66963.3077,0,0,0,0,Other
0013y00001XzeimAAB,Sierra Investment Management,aBR3y000000CoIVGA0,5317.95,5317.95,5317.95,0,0,0,0,Other
0013000001NXGLOAA5,Emeritus Institute of Management Pte Ltd,aBR3y0000004ufTGAQ,3852,3852,0,3852,0,0,0,Other
00100000001TIviAAG,"Werner Enterprises, Inc.",aBR300000004DmAGAU,229687.1478,229687.1478,229687.1478,0,0,0,0,Other
0010M00001QajAaQAJ,I GRANDI VIAGGI SPA,0010M00001QajAaQAJ,88222.1597,73053.7092,73053.7092,0,0,0,0,Other
0010M00001P08QZQAZ,Grupo Qista - Bom Pra Crédito,0010M00001P08QZQAZ,92329.6387,92329.6387,45222.6801,47106.9586,0,0,0,Other
0013000000JhngnAAB,The Registered Clubs Association Of New South Wales,0013000000JhngnAAB,19937.7784,19060.5124,19060.5124,0,0,0,0,Other
0013y00001dxfaDAAQ,Global Trading Capital - GTC Forex,aBR3y000000CmTHGA0,47320,43320,42000,0,0,1320,0,Other
0013y00001cb7TJAAY,Compañia de Financiamiento Tuya S.A,aBR3y0000011A3wGAE,55400,55400,0,55400,0,0,0,Other
0013y00001gDiIyAAK,"Ronfeet Co., Ltd.",0013y00001gDiIyAAK,12725.257,10703.917,10703.917,0,0,0,0,Other
001ed00000W4COMAA3,"Otsuka America Pharmaceutical, Inc - Data Cloud",aBR300000004DMNGA2,192652,192652,0,85300,0,107352,0,Other
0013000000M133qAAB,Iceland Foods Limited,aBR30000000Xkr2GAC,561345.0644,561345.0644,474057.0494,87288.015,0,0,0,Other
0013000001M1Q2pAAF,YOPA Property Ltd,0013000001M1Q2pAAF,152468.9657,50299.0402,50299.0402,0,0,0,0,Other
0010M00001SIUEaQAP,Cesi ASBL,0010M00001SIUEaQAP,2881.8295,2881.1006,364.4688,546.7031,1969.9287,0,0,Other
0013y00001d7WxAAAU,ESR Energy Solutions SLU,0013y00001d7WxAAAU,5472.024,5472.024,0,5472.024,0,0,0,Other
0013000000LZOGVAA5,A-Rosa Flussschiff GmbH,aBR3y000000g0YTGAY,36771.6416,36771.6416,0,36771.6416,0,0,0,Other
0010M00001QaaZMQAZ,"Cengage Learning, Inc",aBR300000004QkbGAE,39000,39000,0,0,0,0,39000,Legacy CDP
0013000000roZxQAAU,"iHeartMedia Management Services, Inc. (Unified)",aBR300000004DtsGAE,453033.3333,453033.3333,415833.3333,0,37200,0,0,Other
0013000001FixZFAAZ,PACIFIC SMILES GROUP LIMITED,0013000001FixZFAAZ,62386.5089,40248.7747,222.2664,40026.5083,0,0,0,Other
0010M00001QqQRsQAN,Victor Community Support Services Inc,aBR0M000000LCfIWAW,93000,93000,0,93000,0,0,0,Other
0013000001J71LiAAJ,SF Anytime AB,aBR3y000000woDYGAY,43001.4519,43001.4519,43001.4519,0,0,0,0,Other
0013000000M2iX7AAJ,Mecwacare,aBR300000004SD0GAM,2357.6022,2357.6022,0,86.4658,0,2271.1364,0,Other
0013y00001ce5tBAAQ,BOLOGNA GOMME SRL,0013y00001ce5tBAAQ,2680.2142,2680.2142,2680.2142,0,0,0,0,Other
0013y00001f9Dp7AAE,LPMI Italy S.P.A.,aBR3y000000saMQGAY,142819.8264,52531.4304,52531.4304,0,0,0,0,Other
001ed00000n4LWHAA2,"Datavant, LLC f/k/a Ciox Health, LLC dba Datavant Group",aBR3y00000116ZuGAI,100000,60000,60000,0,0,0,0,Other
0013y00001cSejaAAC,Truehold,aBR3y000000yfhdGAA,54000,54000,54000,0,0,0,0,Other
0013y00001bebDYAAY,Australian Football League (GLG),aBR3y0000004tjZGAQ,1324.104,1324.104,1324.104,0,0,0,0,Other
0010M00001WOS1tQAH,ENGIE INFORMATION ET TECHNOLOGIES SA,aBR300000004I0ZGAU,11710.1314,1641.6072,1641.6072,0,0,0,0,Other
00130000008ea4rAAA,Galeries Lafayette Management,aBR30000000XnscGAC,81800.3499,81800.3499,0,81800.3499,0,0,0,Other
001ed00000DDtwsAAD,Hexagon Manufacturing Intelligence,aBR300000004OIoGAM,374366.04,374366.04,0,0,0,0,0,Legacy CDP
0013000000HJBfbAAH,Police & Nurses Ltd,aBR0M000000br5EWAQ,74545.2863,63895.9263,0,0,0,0,63895.9263,Legacy CDP
0013y00001bu2QxAAI,WWJ Corp.,aBR3y000000yf89GAA,43434.0149,43434.0149,0,19177.9349,0,24256.08,0,Other
0013y00001cJ3PCAA0,Sobeys Capital Incorporated,aBR3y000000wnsBGAQ,385140,385140,0,0,0,0,385140,Legacy CDP
0013000001Jy76XAAR,Cowbell Cyber,aBR3y000000CfiPGAS,8584.4228,6334.4228,6334.4228,0,0,0,0,Other
0013y00001e5xYdAAI,"Novatech, Inc.",aBR0M000000bpTuWAI,15000,15000,15000,0,0,0,0,Other
0013000000rq0OLAAY,One Partner Limited,0013000000rq0OLAAY,4373.1093,634.9924,634.9924,0,0,0,0,Other
0013000001MnyDoAAJ,Dreamplace Gestion SL,aBR0M000000GoGaWAK,24467.7031,24467.7031,0,24467.7031,0,0,0,Other
0013y00001d7z7zAAA,Australian Health Practitioner Regulation Agency 2(AHPRA),aBRed0000006l4HGAQ,57397.6897,57397.6897,0,48880.9281,0,8516.7616,0,Other
0013000000royjlAAA,"Kelley School of Business, Indiana University",aBR300000004OVpGAM,66300,66300,0,66300,0,0,0,Other
001ed00000F1a0sAAB,Navi Transport Services LLC,001ed00000F1a0sAAB,1000,500,500,0,0,0,0,Other
0010M00001SIJmuQAH,BizziPhone,0010M00001SIJmuQAH,1231.2054,1231.2054,1231.2054,0,0,0,0,Other
0010M00001SIrNLQA1,Berger Schuhe & Sport AG,0010M00001SIrNLQA1,38702.5314,38702.5314,0,36575.0085,0,2127.5229,0,Other
0013y00001cQFEMAA4,Gitgo,aBR3y000000fyxuGAA,500,500,500,0,0,0,0,Other
0013y00001cUJHIAA4,DFW Verwaltungs GmbH,0013y00001cUJHIAA4,8988.8938,507.2566,507.2566,0,0,0,0,Other
0010M00001XyGFVQA3,Abu Dhabi Global Market (Master),aBR3y000000HCsuGAG,48250,12250,12250,0,0,0,0,Other
0010M00001SIQPdQAP,OBG Real Estate Broker LLC,aBR3y000000Cm5tGAC,10318.0612,10318.0612,0,6958.0612,0,3360,0,Other
00100000001YfFOAA0,The Myers-Briggs Company,aBR3y0000004yc2GAA,35002.8,35002.8,35002.8,0,0,0,0,Other
0013000000Hk9dcAAB,Tata Motors Ltd.,aBR3y000000HS60GAG,115785.54,115785.54,0,110276.4908,0,5509.0492,0,Other
0013000001Msxi2AAB,Izivia,aBR300000004I0CGAU,18668.3571,18668.3571,18668.3571,0,0,0,0,Other
0013y00001epNaIAAU,Collinson - Lifestyle X,aBR30000000XkhgGAC,238135.7739,166028.4579,0,166028.4579,0,0,0,Other
001ed00000i7gMDAAY,"LADDER CO., LTD.",001ed00000i7gMDAAY,15160.05,15160.05,0,15160.05,0,0,0,Other
0013000000RYbeBAAT,TAKARA BIO INC.,aBR3y0000004yzbGAA,425.2899,425.2899,425.2899,0,0,0,0,Other
0013y00001chZInAAM,Alia Servizi Ambientali S.p.A.,aBR3y000000kCBjGAM,193808.146,52465.7661,52465.7661,0,0,0,0,Other
0013000000Zj6tuAAB,Eurospin Italia SpA,aBR0M000000GpcXWAS,66876.3963,45965.0016,45965.0016,0,0,0,0,Other
0013y00001c6plqAAA,"BELTA CO.,LTD",aBR3y00000058CiGAI,80848.4254,80848.4254,0,73086.4798,0,7761.9456,0,Other
0013000000rozAcAAI,Carnival plc trading as Carnival UK,aBR300000004FtDGAU,772962.598,772962.598,772962.598,0,0,0,0,Other
0013000000NPxiEAAT,HAIFA GROUP LTD,0013000000NPxiEAAT,14317.5,14317.5,0,11437.5,0,2880,0,Other
0010M00001JzpSuQAJ,MINISTERO DELL'UNIVERSITÀ E RICERCA (MUR),aBR3y000001183GGAQ,136.6758,136.6758,136.6758,0,0,0,0,Other
0013000000D9B1dAAF,"THE SHIZUOKA BANK,LTD.",aBR3y000000yfLlGAI,152593.6552,151380.8512,5255.484,121646.1313,223.1559,24256.08,0,Other
0013000000Fdae6AAB,SSP Corporation,0013000000Fdae6AAB,2038.4362,1019.2181,1019.2181,0,0,0,0,Other
0013y00001f6GnEAAU,"JPMorgan Chase Bank, National Association",aBR300000004C9RGAU,2121556,2121556,1214766,126700,780090,0,0,Other
0013y00001beI83AAE,SW-Paratus GmbH,0013y00001beI83AAE,10506.2861,10506.2861,10506.2861,0,0,0,0,Other
0013000000NT0e4AAD,Raia Drogasil,aBR0M00000006KKWAY,1415155.956,1288640.125,0,1269611.469,0,19028.6558,0,Other
001ed00000XMaRgAAL,Abbvie Data Cloud Home org,aBR30000000XiULGA0,1601172.635,1601172.635,1376292.635,0,224880,0,0,Other
0013y00001dk71oAAA,Contract Interiors 2nd Org (Fellowes),aBR0M000000TOT8WAO,20460,20460,20460,0,0,0,0,Other
0013y00001cTHGSAA4,ESCO SA,0013y00001cTHGSAA4,6321.2821,849.2581,547.2024,0,302.0557,0,0,Other
0013000000hMQcXAAW,OMNI,aBR3y000000wmr7GAA,430.5237,430.5237,0,430.5237,0,0,0,Other
0013y00001chQJ7AAM,Play Digital S. A. CUIT 30-71682943-6,0013y00001chQJ7AAM,24000,4000,4000,0,0,0,0,Other
0010M00001SHZkEQAX,DAA,aBR3y000000wmdyGAA,137362.8594,137362.8594,0,133453.7986,0,3909.0608,0,Other
0013000001CBwZjAAL,Zenchef,0013000001CBwZjAAL,33789.7482,21204.093,21204.093,0,0,0,0,Other
0013000001Jz47qAAB,Local Land Services,0013000001Jz47qAAB,1018.2261,1018.2261,1018.2261,0,0,0,0,Other
0010M00001NYgV2QAL,Santoni Spa,0010M00001NYgV2QAL,27888.2209,27888.2209,27888.2209,0,0,0,0,Other
00130000002xBCYAA2,MOBILIS,aBR300000004HjoGAE,13570.6195,13570.6195,13570.6195,0,0,0,0,Other
001ed00000Mm8hnAAB,Rocade Sud Automobile,001ed00000Mm8hnAAB,2461.0622,2461.0622,2461.0622,0,0,0,0,Other
00130000002xGXCAA2,PostNord Group AB,aBR3y000000wmdkGAA,65719.0403,65719.0403,0,61378.3051,0,4340.7352,0,Other
0013y00001fSvHkAAK,Ford Motor Company,aBR300000004C9OGAU,447926.04,314046,0,0,0,0,314046,Legacy CDP
0013y00001fF7KiAAK,"NXP USA, Inc.*",aBR300000004DdVGAU,201126,201126,0,0,0,0,0,Legacy CDP
0013y00001fSnIBAA0,LC ADROIT VANTAGE PRIVATE LIMITED,aBRed0000006YodGAE,35752.6369,35752.6369,0,6286.1779,0,29466.459,0,Other
0013000000ZkG9bAAF,"In-Q-Tel, Inc. (Primary Account)",aBR0M00000006p8WAA,59800,55200,55200,0,0,0,0,Other
0013000001LV6duAAD,Tenaga Nasional Berhad (Retail Org),aBR3y000000H8l4GAC,10800,10800,10800,0,0,0,0,Other
0013000000M2ftyAAB,"Hans Segmüller, Polstermöbelfabrik GmbH & Co. KG",aBR300000004HcwGAE,137725.5716,137725.5716,0,136937.6002,0,787.9714,0,Other
0013000001J4uxpAAB,Telia Sweden AB (se11),aBR300000004LrbGAE,48705.52,18732.8923,18732.8923,0,0,0,0,Other
00130000002xWU1AAM,Fort Wayne Metals Research Products LLC,aBR3y0000004oqVGAQ,74532.8846,74532.8846,0,74532.8846,0,0,0,Other
0013000001FkC3TAAV,Fritz Egger GmbH & Co. OG,aBR300000008Rs0GAE,133597.9346,55248.5352,18700.2328,22593.328,0,13954.9744,0,Other
0010M00001WaNaPQAV,Lionheart Systems Inc. (S. O. Asher),0010M00001WaNaPQAV,14660.2782,14660.2782,14660.2782,0,0,0,0,Other
0013000000hLyBXAA0,Verlag C.H.Beck GmbH & Co. KG,0013000000hLyBXAA0,180100.3319,180100.3319,0,180100.3319,0,0,0,Other
001ed00000M2dVIAAZ,Sony Pictures Entertainment Inc.,aBR300000004DbTGAU,125146.3139,125146.3139,68986.3139,0,54000,2160,0,Other
00100000001972OAAQ,"Kratos Communications, Inc",aBR3y00000113seGAA,1276,1276,1276,0,0,0,0,Other
0013y00001c4gGjAAI,Thunder,aBR3y000000wle5GAA,11476,576,576,0,0,0,0,Other
0013000000hKQaMAAW,SALON SERVICE GROUP,aBR3y000000yklnGAA,79535.1575,65729.0015,0,0,0,0,65729.0015,Legacy CDP
0010M00001QletCQAR,Vitality Corporate Services Limited (main),aBR3y000000HDfUGAW,102693.8739,523.9483,523.9483,0,0,0,0,Other
0013000000I3zENAAZ,IRESS Limited,aBR0M000000GoOrWAK,107855.2391,7249.817,7249.817,0,0,0,0,Other
0013000001GXFhTAAX,Boston Scientific Corporation**,aBR300000004DijGAE,559077.9828,512366.6628,0,374312.4228,0,138054.24,0,Other
0013000001Min8RAAR,"Focus Financial Partners, LLC",aBR3y0000000Dk7GAE,42000,42000,0,42000,0,0,0,Other
0013000000LiOl8AAF,BIC CAMERA INC.,aBR30000000L6caGAC,80.7982,80.7982,0,80.7982,0,0,0,Other
0013000001GV8PrAAL,"Algolia, Inc.*",aBR3y0000004pnDGAQ,161881.6371,60160.3982,0,60160.3982,0,0,0,Other
0013y00001be9hXAAQ,"AVEO Pharmaceuticals, Inc.",aBR3y000000btAHGAY,122340,108840,0,97800,0,11040,0,Other
0013000000Em8v9AAB,Waystar Health,aBR0M000000GofYWAS,10721.5837,3263.0907,3263.0907,0,0,0,0,Other
00130000016gxUuAAI,Robert Wood Johnson Foundation,aBR0M000000LCJ4WAO,20520,20520,20520,0,0,0,0,Other
001300000012rExAAI,MagMutual Insurance Company,001300000012rExAAI,267760,227760,225000,0,2760,0,0,Other
0013000001GEEnJAAX,Richardson Wealth Limited,aBR300000004R9fGAE,56399.8625,56399.8625,56399.8625,0,0,0,0,Other
0013000001GWf87AAD,Affinity Credit Union 2013,aBR3y0000008YoSGAU,39089.4919,39087.4468,24978.9601,14108.4867,0,0,0,Other
0013000001Iem5pAAB,SANSIRI PUBLIC COMPANY LIMITED,aBR3y000000H91EGAS,22722.7473,2970.9302,2970.9302,0,0,0,0,Other
0013000001GkFkQAAV,MAYA INNOVATIONS HOLDINGS PTE. LTD,aBR3y000000HSGXGA4,253419.6428,75659.9026,66659.9026,0,9000,0,0,Other
0013000001GWhGHAA1,British Columbia Automobile Association*,aBR3y000000HMqVGAW,286317.3681,213318.012,202076.336,11241.676,0,0,0,Other
001ed000006ghl5AAA,"Soporte de Servicios Administrativos, S.A. (New Org Motos)",aBR3y000000h4aYGAQ,100921.9794,222.0194,0,222.0194,0,0,0,Other
0013000001IgZnWAAV,FrieslandCampina Nederland B.V. (CD),aBR300000004LtmGAE,2998.6691,262.6571,262.6571,0,0,0,0,Other
0013000000HGos5AAD,Equipter,0013000000HGos5AAD,8695.2356,5496.988,5496.988,0,0,0,0,Other
0013y00001f9NIPAA2,Petrolina (Holdings) Public Ltd,0013y00001f9NIPAA2,31295.7819,31295.7819,0,31295.7819,0,0,0,Other
0013y00001c84w9AAA,humm SPV Pty Ltd,aBR300000004aoQGAQ,334119.3365,332543.4957,162573.1215,61956.7238,108013.6504,0,0,Other
001ed00000GJ5xKAAT,"Comikaze Entertainment, Inc.",001ed00000GJ5xKAAT,14787.5913,14787.5913,13587.5913,0,0,1200,0,Other
0013000000hMcOEAA0,Jetstar Airways Pty Ltd,aBR300000004CUqGAM,58891.4427,58891.4427,0,54024.7218,0,4866.7209,0,Other
0013000000hJRpDAAW,Vendee Habitat,aBRed00000096B3GAI,10637.6147,10637.6147,10637.6147,0,0,0,0,Other
0013000000FfaI7AAJ,MULTIOPTICAS SDAD COOP LTDA,0013000000FfaI7AAJ,75889.0844,60399.1625,45965.0016,13120.8751,0,1313.2858,0,Other
0013000000rpoOWAAY,MRV Engenharia e Participações S/A.,aBR3y000000wngkGAA,12339.5294,12339.5294,0,10962.951,0,1376.5784,0,Other
001ed000006OvWLAA0,"Syneos Health, LLC",aBR300000004FelGAE,441276.8111,441276.8111,404550.5207,27726.2904,9000,0,0,Other
0013y00001cZvhPAAS,"Honda Philippines, Inc.",aBR3y000000Cn3AGAS,158409.1837,158409.1837,157209.1837,0,0,1200,0,Other
00100000000nEBwAAM,"Skyward, Inc.",00100000000nEBwAAM,98000.04,98000.04,0,0,0,0,0,Legacy CDP
00100000000uKL2AAM,"Wheels, LLC",aBR3y000000sZDdGAM,348323.478,348323.478,0,348047.478,0,276,0,Other
0010M00001WYfdEQAT,"SpringWorks Therapeutics, Inc.",aBR3y000000bw9gGAA,118043.1908,118043.1908,0,118043.1908,0,0,0,Other
0013000000rp9mBAAQ,Plano & Plano Desenvolvimento Imobiliário Ltda - CNPJ 24.230.275/0001-80,aBRed0000004sTKGAY,20529.6612,7752.4595,7752.4595,0,0,0,0,Other
001ed000008Jj88AAC,Kiztopia Services Pte Ltd,001ed000008Jj88AAC,13258.1956,2763.9458,1499.1786,424.7672,0,840,0,Other
0013y00001gjNMjAAM,Fondation de France (Marketplace),aBR30000000XnPuGAK,528.2493,528.2493,528.2493,0,0,0,0,Other
0010M00001QnqKHQAZ,BHARATIYA VIDYA BHAVAN (S. P. JAIN INSTITUTE OF MANAGEMENT AND RESEARCH),0010M00001QnqKHQAZ,5264.2276,1576.4556,1576.4556,0,0,0,0,Other
001ed00000F184eAAB,LESEPIDADO S.R.L.,001ed00000F184eAAB,302.0557,302.0557,0,0,302.0557,0,0,Other
0010M00001W8QBZQA3,RollKall Technologies,aBR3y0000000DcrGAE,735.6978,735.6978,735.6978,0,0,0,0,Other
0013y00001f9E0oAAE,"United Wholesale Mortgage, LLC - Data Cloud Sandbox",aBR3y000000h4j9GAA,34220,34220,0,34220,0,0,0,Other
0013y00001fbt4WAAQ,SUZUKI GB PLC,aBR3y000000h4VuGAI,105627.9845,105627.9845,0,105627.9845,0,0,0,Other
0013000000Gu5xRAAR,Primark Limited,aBR3y000000yfydGAA,632229.8589,632229.8589,0,632229.8589,0,0,0,Other
0013000001JyKQjAAN,"MyQ, spol. s r.o.",0013000001JyKQjAAN,5557.5426,602.0777,602.0777,0,0,0,0,Other
0013y00001XzD3TAAV,Volvo Car Retail AB,aBR300000008QIFGA2,3146.5518,2002.3511,0,2002.3511,0,0,0,Other
0013000000LjCBWAA3,"Caruso Management Company, Ltd.",aBR3y000000bsHoGAI,137483.2117,137483.2117,0,127883.2117,0,9600,0,Other
0013000000ZmQ3UAAV,La Corporation Strom inc.,0013000000ZmQ3UAAV,69009.5254,6536.4796,6536.4796,0,0,0,0,Other
001ed000007skGPAAY,GESTIONE CREDITI PUBBLICI S.R.L.,001ed000007skGPAAY,3283.2144,3283.2144,3283.2144,0,0,0,0,Other
0010M00001Qqxw1QAB,True Terpenes,0010M00001Qqxw1QAB,276,276,0,0,276,0,0,Other
001ed000009umBFAAY,DOT Compliance Group,001ed000009umBFAAY,4495.8941,4495.8941,0,4495.8941,0,0,0,Other
0010M00001cCVCfQAO,Vehlo,aBR3y000000CgLbGAK,466.7001,466.7001,466.7001,0,0,0,0,Other
0013000001M0iCFAAZ,"CF Martin & Co., Inc.",aBR300000004ONDGA2,1500,1500,1500,0,0,0,0,Other
0013y00001c8OQ2AAM,ASIAN HONDA MOTOR COMPANY LIMITED,aBR3y000000H8zoGAC,109755.6569,109755.6569,108555.6569,0,0,1200,0,Other
0013000000M1OAlAAN,C2 Education HQ,aBR3y0000004iNwGAI,83058,65400,0,0,0,0,65400,Legacy CDP
0013000000E3U7FAAV,THE GREAT EASTERN LIFE ASSURANCE COMPANY LIMITED,aBR0M000000bm4BWAQ,2400,2400,0,0,0,2400,0,Other
0013y00001ep11lAAA,Unlimited Success Ventures LTD,aBR3y000000btLZGAY,987.8158,987.8158,0,987.8158,0,0,0,Other
0013y00001gDkBNAA0,Place Value Hotelmanagement GmbH,0013y00001gDkBNAA0,85522.9019,37201.3997,0,32998.8853,0,4202.5144,0,Other
0013000001GWQlTAAX,Corpay | PayByPhone Technologies Inc.,aBR3y000000yevBGAQ,202135.5,202135.5,0,202135.5,0,0,0,Other
0013000000hLbh2AAC,MIMIT,aBR3y000000g2QeGAI,245325.3334,224325.3334,132276,20049.3334,0,72000,0,Other
0013000001GWHseAAH,Sanofi Winthrop Industrie,aBR300000004DMOGA2,506442.3876,479082.2676,416175.8797,62906.3879,0,0,0,Other
00130000001JFI2AAO,"Perficient, Inc.",aBR300000004OiaGAE,668622,498622,201250,0,270000,27372,0,Other
0010M00001UMgoIQAT,"Disney Parks Technology Services Co., LLC",aBR300000004DuBGAU,2179940,2179940,1912500,206210,61230,0,0,Other
0010M00001QmFsqQAF,Grupo Posadas S.A.B. de C.V.,aBR30000000XihZGAS,256599.8258,116195.8564,55941.6782,254.1782,60000,0,0,Other
0010M00001UV2m4QAD,Kohlberg Kravis Roberts & Co. L.P.*,aBR300000004MsCGAU,24876.05,24876.05,24876.05,0,0,0,0,Other
0013000001CCmoUAAT,Laticínios Bela Vista (Piracanjuba),aBR3y000000buygGAA,3071.2488,1486.0881,1486.0881,0,0,0,0,Other
00130000002x97hAAA,Land Securities Properties Limited,aBR30000000XlfhGAC,5138.9928,4903.619,4903.619,0,0,0,0,Other
0010M00001Xy4qUQAR,"School Bus Space Design Co., Ltd.",0010M00001Xy4qUQAR,39202.5173,38809.728,38809.728,0,0,0,0,Other
00100000000BIm3AAG,"Interface, Inc.*",aBR300000004DDiGAM,8807.915,1761.583,1761.583,0,0,0,0,Other
0013000000RXbjcAAD,United Soccer League,aBR3y000000buDMGAY,39000,39000,39000,0,0,0,0,Other
0013000000hJwq5AAC,BNY Mellon Capital Markets LLC,aBR300000004EkRGAU,96000,96000,0,0,0,0,0,Legacy CDP
0013y00001ce2IsAAI,Kia Connect GmbH,aBR30000000XgUEGA0,726064.4116,726064.4116,0,726064.4116,0,0,0,Other
001ed000004Wg3SAAS,Morningstar Corporate Data Cloud,aBR300000004DK5GAM,3002.4,3000,3000,0,0,0,0,Other
00130000003BDsoAAG,BDO AG Wirtschaftsprüfungsgesellschaft,aBR3y000000fzrdGAA,24800.324,24164.458,0,24164.458,0,0,0,Other
0013y00001fTE7gAAG,Colorado Christian University - Education Cloud,aBR0M0000004i84WAA,80000,60000,60000,0,0,0,0,Other
001ed00000DS0fCAAT,Novartis AG,aBR300000004N3CGAU,2916380.845,2639968.86,2432573.419,0,1426.8906,205968.5505,0,Other
0013y00001cg2UmAAI,BFT GmbH,aBR30000000XipZGAS,3850.1952,1925.0976,1925.0976,0,0,0,0,Other
0013y00001f9TxQAAU,"Ominissa, LLC",aBR3y000000H6jTGAS,106328.04,106328.04,0,0,0,0,0,Legacy CDP
0013000001CB6ObAAL,Strauss Group (Water),aBR3y000000HCNyGAO,307864.3561,307103.9395,0,277103.9395,0,30000,0,Other
0013y00001cYIPeAAO,Indiana Office of Technology - CRM,aBR0M000000CcXSWA0,695634.2691,648777.5257,240848.672,0,407928.8537,0,0,Other
0013000001CDMDmAAP,Univest Financial Corporation,aBR300000004EXfGAM,203574.9841,203574.9841,0,198918.9841,0,4656,0,Other
001ed00000PrrEHAAZ,"Virtualex Consulting, Inc.",aBR3y000000yfCLGAY,51971.2387,51969.4599,51969.4599,0,0,0,0,Other
0010M00001Qaat7QAB,McLaren Integrated HMO Group,0010M00001Qaat7QAB,45000,45000,45000,0,0,0,0,Other
00130000002xGOhAAM,Svenska Handelsbanken AB,aBR300000004LsrGAE,60711.3132,60711.3132,0,60711.3132,0,0,0,Other
0013y00001g7UMsAAM,Smart Tech Solutions (Pty) Limited,0013y00001g7UMsAAM,82620,82620,82620,0,0,0,0,Other
0010M00001SIfqQQAT,Mary Kay Inc. (Org 4 EU),aBR300000004DNIGA2,117642.8824,101840,0,66080,0,35760,0,Other
0010M00001WZ8v4QAD,SolarEdge,aBR3y000000HCNxGAO,81000,81000,0,0,0,0,0,Legacy CDP
0010M00001WHv6VQAT,DIC Corporation,aBR0M000000LDlYWAW,4712.1566,4487.7682,4487.7682,0,0,0,0,Other
00100000001fTReAAM,"Shutterfly, LLC",aBR300000004PpNGAU,21133.3334,21133.3334,0,18733.3334,0,2400,0,Other
0013y00001fokB5AAI,Astute Solutions LLC,0013y00001fokB5AAI,1500,1000,1000,0,0,0,0,Other
0010M00001UV4pjQAD,Enilive S.p.A,aBR300000004NiaGAE,845212.8066,839893.9993,0,734831.1385,0,105062.8608,0,Other
0013000000hKO7iAAG,"Luke & Associates, Inc.",0013000000hKO7iAAG,26564.354,13702.177,13702.177,0,0,0,0,Other
0013000001GjtSuAAJ,SkipTheDishes (USE),aBR3y000000Cl3cGAC,152882.9219,152882.9219,0,152882.9219,0,0,0,Other
0013y00001bei1kAAA,rumble GmbH & Co. KG,aBR30000000Xh2aGAC,90580.1583,90580.1583,0,90580.1583,0,0,0,Other
0013000000JxkG9AAJ,Glaston Corporation,aBR30000000Xc7lGAC,3794.6662,3793.9366,3556.8156,237.121,0,0,0,Other
00130000002xcldAAA,"Cigna Corporate Services, LLC 00D1U000000xBKg",aBR3y000000H6pAGAS,970920.7015,970920.7015,165546,744498.7015,60876,0,0,Other
0010M00001NYn6eQAD,Naef Immobilier Genève SA,aBR3y000000HLnOGAW,129975.3901,129975.3901,0,117315.3153,0,12660.0748,0,Other
0013y00001c4evBAAQ,BENU Ceska republika s.r.o.,aBR3y000000cFXrGAM,47916.5905,47916.5905,0,45290.0189,0,2626.5716,0,Other
0010M00001SeOHmQAN,George Brown College -  Liaison & Recruitment Department,aBR30000000PB7kGAG,7500,500,500,0,0,0,0,Other
0013000000M2NY1AAN,Saia LTL Freight,aBR300000004DmwGAE,21627.2595,21627.2595,21627.2595,0,0,0,0,Other
0013y00001cjwM7AAI,Transport NSW,aBR3y000000HRoxGAG,33118.0358,33118.0358,33118.0358,0,0,0,0,Other
00130000001BbLDAA0,Continental Tyre Group Ltd.,aBR30000000XlVvGAK,6229.2963,6229.2963,0,6229.2963,0,0,0,Other
0013000000ZifvQAAR,Suites Operadora del Pacifico S.A de C.V.,aBR0M0000004hBdWAI,53956,53956,0,14284,0,39672,0,Other
0010M00001aPrnPQAS,Generali Česká pojišťovna a.s.,aBR3y000000XpI9GAK,98696.7532,98696.7532,0,95413.5388,0,3283.2144,0,Other
0013y00001f60oiAAA,"Nexus WW UK, A division of GroupM UK Digital Ltd",aBR300000004EufGAE,1100,500,500,0,0,0,0,Other
0013y00001epJ4xAAE,Toyota Canada Inc. Main Org,aBR30000000L86nGAC,1002525.92,1002525.92,0,1002525.92,0,0,0,Other
0013000001Hgz3DAAR,CARASSO MOTORS LTD,aBR3y000000kASDGA2,165107.5955,78794.5256,776,68418.5256,0,9600,0,Other
0010M00001WYLD7QAP,Hitachi Energy Holdings Ltd,aBR3y0000004jquGAA,32319.8743,31819.8743,31819.8743,0,0,0,0,Other
0013000001CBVCQAA5,Kimbo SpA,0013000001CBVCQAA5,67524.7761,67524.7761,0,62271.6331,0,5253.143,0,Other
00130000002xSH9AAM,Northern Trains Limited,aBR0M0000000AlHWAU,473027.388,442826.1561,0,427877.9101,0,14948.246,0,Other
0013000000RWsMUAA1,"SUN&SON'S CONSULTING CO., LTD.",aBR3y00000051ONGAY,16574.988,16574.988,16574.988,0,0,0,0,Other
0013y00001gms9cAAA,Essex Police & Kent Police,aBR3y000000h3ZuGAI,32092.8834,32092.8834,0,32092.8834,0,0,0,Other
0013000000K6hPDAAZ,Fire Mountain Gems,0013000000K6hPDAAZ,221366.652,170282.04,0,0,0,0,170282.04,Legacy CDP
0013y00001f9ZOhAAM,Marioff corporation / Spectrum Safety Solutions EE Local,aBRed00000002TFGAY,142990,27650,27650,0,0,0,0,Other
0013000001JyamSAAR,Crowley Maritime Corporation,aBR300000004DodGAE,114895.5831,114895.5831,300,114595.5831,0,0,0,Other
00130000002xHpjAAE,VODAFONE PROCUREMENT COMPANY S.A R.L.,aBR3y000000brFiGAI,1123034.43,1123034.43,0,1016018.056,0,107016.3733,0,Other
0013000000M2MgvAAF,"Jackson Family Wines, Inc.",aBR300000004DCQGA2,263255.5113,239611.7056,0,238891.7056,0,720,0,Other
0010M00001QqTaqQAF,"Virgin Cruises Intermediate Limited (""Virgin Voyages"")",aBR3y000000LIvUGAW,67000,60000,60000,0,0,0,0,Other
0010M00001aPuULQA0,Properti AG,0010M00001aPuULQA0,32011.3404,32011.3404,32011.3404,0,0,0,0,Other
00130000002xZy3AAE,NIKON INC.,aBR300000004RaMGAU,110913.7561,110913.7561,0,110913.7561,0,0,0,Other
0010M00001V6TJIQA3,Integramed,0010M00001V6TJIQA3,30000,30000,30000,0,0,0,0,Other
00130000000FDMiAAO,AstraZeneca UK Limited,aBR300000004FsdGAE,1774773.852,1258321.912,0,0,0,217704.4658,1040617.447,Legacy CDP
0013y00001cyeW4AAI,Wesionary Servizi Srl,0013y00001cyeW4AAI,23639.1437,23639.1437,0,23639.1437,0,0,0,Other
0013000001CBqOyAAL,CSAA Insurance Exchange,aBRed0000004smfGAA,736629.228,633414.6,0,0,0,60000,573414.6,Legacy CDP
0013y00001fodcrAAA,New Zealand Bullion Depository LP,0013y00001fodcrAAA,473.1534,473.1534,0,473.1534,0,0,0,Other
0010M00001WawooQAB,Magrabi Retail Management Services LLC,0010M00001WawooQAB,290857.6123,290857.6123,0,275017.6123,0,15840,0,Other
001ed00000NwNyIAAV,Futurum Bank AG,001ed00000NwNyIAAV,14871.238,14871.238,14569.1823,0,302.0557,0,0,Other
0010M00001btuJ9QAI,INTERMODALIDAD DE LEVANTE SOCIEDAD ANONIMA,0010M00001btuJ9QAI,40432.8253,35330.2628,0,32802.1877,0,2528.0751,0,Other
0013y00001cSMIBAA4,Banco Santander S.A.,aBR300000004NI7GAM,1363314.582,1363314.582,1361738.639,0,0,1575.9429,0,Other
0013000000Ik4V7AAJ,* The Humber College Institute of Technology and Advanced Learning *,aBR30000000PB6LGAW,142287.5154,113731.7661,0,113731.7661,0,0,0,Other
0013000000Cto1QAAR,Carsales AU,aBR0M000000GoPbWAK,26496.5917,26496.5917,0,26496.5917,0,0,0,Other
0010M00001QquufQAB,Techtorium,0010M00001QquufQAB,47283.7086,47283.7086,0,39082.4727,0,8201.2359,0,Other
0013000000NOw7KAAT,COCA-COLA FEMSA BRASIL,aBR3y000000k9eRGAQ,6783.402,6783.402,0,6783.402,0,0,0,Other
0013000000FI20DAAT,"Stellantis Financial Services, Inc.",aBR300000004DfEGAU,431654.94,431654.94,0,0,0,39000,392654.94,Legacy CDP
001ed00000aJa9VAAS,Southern California University Health Sciences Education Cloud RA,aBR3y0000000I7wGAE,2173.8089,2173.8089,2173.8089,0,0,0,0,Other
0013y00001chGv6AAE,Farm Credit Mid-America,aBR0M000000H0RWWA0,75148.179,75148.179,75148.179,0,0,0,0,Other
001ed00000WFbPpAAL,NYU Langone Hospitals- Data Cloud,aBR3y000000H7bJGAS,46498.6314,46498.6314,46498.6314,0,0,0,0,Other
0010M00001QqsjLQAR,Monarch Institute,0010M00001QqsjLQAR,17918.0931,17918.0931,0,14491.6295,0,3426.4636,0,Other
0013y00001e5bhBAAQ,American Bible Society - Marketing Cloud Instance,aBR0M000000CcMWWA0,96000,96000,0,96000,0,0,0,Other
0013000001NXZQOAA5,Naturgy Mexico S.A. de C.V,aBR300000004NHoGAM,49359.2591,49359.2591,0,49359.2591,0,0,0,Other
0013000001JyetzAAB,Dominion Lending,aBR3y0000000ECdGAM,42460,42460,41760,700,0,0,0,Other
0013000000HIbo1AAD,RepTrak,aBR3y0000004qiHGAQ,12000,2000,2000,0,0,0,0,Other
0013y00001bebDZAAY,Australian Football League (PORT),aBR3y0000004tjZGAQ,1324.104,1324.104,1324.104,0,0,0,0,Other
00130000016j2WjAAI,Savvas Learning Company LLC,aBR3y000000HLMIGA4,173899.92,173899.92,0,0,0,0,0,Legacy CDP
00100000001CwNfAAK,"FreedomRoads, LLC",aBR3y000000yfmCGAQ,1653819.682,1173819.682,1039886.027,0,133933.6554,0,0,Other
0013000000HF6UWAA1,Shell Information Technology International B.V. (SITI BV),aBR300000004LtKGAU,460205.731,460205.731,0,0,0,0,460205.731,Legacy CDP
0013000001GYVzOAAX,Keysight Technologies Inc.,aBR30000000L7szGAC,470.9678,235.4839,235.4839,0,0,0,0,Other
0013y00001e2uyEAAQ,Department of Education Victoria,aBR0M0000000A3AWAU,1844150.137,1329262.01,902783.387,219207.0735,26919.2734,180352.2762,0,Other
0013000000M0iNfAAJ,AZUL LINHAS AÉREAS BRASILEIRAS S.A.,aBR300000004RfQGAU,679906.2837,679906.2837,0,677750.6693,0,2155.6144,-1.16E-10,Other
0013000000Jy3J1AAJ,Onderlinge Waarborgmaatschappij Sazas UA,aBR300000008Q5JGAU,1641.6072,1641.6072,0,1641.6072,0,0,0,Other
0013000001GVbPcAAL,"United Country Real Estate, Inc.",aBR3y000000buDFGAY,4400,4400,2000,0,0,2400,0,Other
0013y00001d0h6RAAQ,"Indegene, Inc.",aBR3y0000004tpIGAQ,45000,45000,45000,0,0,0,0,Other
001ed00000SedliAAB,FNA (FSC),aBRed000000sO5NGAU,316396.9874,205510.9114,137458.9114,0,552,67500,0,Other
001ed00000bXmJyAAK,Au Small Finance Bank Ltd - Data Cloud,aBR3y0000000BpVGAU,50346.7223,50346.7223,0,49262.3566,0,1084.3657,0,Other
0013y00001e2uWyAAI,Internet Society (main org),aBR3y0000000DxlGAE,93580,93580,0,93580,0,0,0,Other
0010M00001Sef85QAB,Climate-KIC,0010M00001Sef85QAB,2052.009,2052.009,2052.009,0,0,0,0,Other
0013000001Msu8sAAB,Digital Canberra,aBRed000000AgafGAC,234270.2327,234270.2327,102699.8004,0,131570.4323,0,0,Other
0013000000ZlXOTAA3,World Wide Fund For Nature Australia,aBR3y0000000PspGAE,26765.3739,26765.3739,26765.3739,0,0,0,0,Other
0013y00001g8sg7AAA,"Komodo Health, Inc. (2nd Org)",aBR3y0000004oWvGAI,576,576,576,0,0,0,0,Other
00130000002xBenAAE,CHANEL LTD,aBR300000004HubGAE,1060534.319,1060534.319,-17455.2389,1038737.53,32265.5769,6986.4503,0,Other
0013y00001cmXT4AAM,Energyaid,0013y00001cmXT4AAM,3000,3000,3000,0,0,0,0,Other
00130000002xWhKAAU,GreatAmerica Financial Services Corporation*,aBR3y000000H79GGAS,193346.309,153741.3494,97491.3494,0,56250,0,0,Other
0013000000rpjtjAAA,The UK Branch of Awaze A/S,aBR3y000000HDbzGAG,407448.1979,407448.1979,0,379681.0844,0,27767.1135,0,Other
0010M00001NYVtaQAH,Picard Surgelés SAS,aBR300000004HpQGAU,74435.9798,30136.8588,29532.7474,0,604.1114,0,0,Other
0013000000NSMT0AAP,Service Logic (DO NOT CALL),aBR0M0000000AKBWA2,10800,10800,10800,0,0,0,0,Other
0010M00001SICQGQA5,Air Pacific Ltd trading as Fiji Airways,aBR3y000000H8caGAC,112510,112510,0,94750,0,17760,0,Other
001ed00000F53W5AAJ,The Christian Care Ministry Inc,aBR0M000000Gmy1WAC,127679.138,127679.138,127679.138,0,0,0,0,Other
001ed00000SZlySAAT,"EMPIRIA EVENTS, s. r. o.",001ed00000SZlySAAT,3023.2932,3023.2932,3023.2932,0,0,0,0,Other
0013000001CBAIqAAP,LuLu International Shopping Mall Pvt. Ltd,aBR3y0000000C43GAE,15385.2633,15385.2633,0,13554.5712,0,1830.6921,0,Other
001ed00000GGZv5AAH,EXL SERVICE.COM (INDIA) PRIVATE LIMITED(Child Org),aBR3y0000000Bl3GAE,9759.2912,565.756,565.756,0,0,0,0,Other
001ed00000G7OCcAAN,Slalom,aBR300000004QehGAE,16763.8666,11576,11576,0,0,0,0,Other
0013y00001Z1Ey6AAF,TRANSFR Inc.,aBR3y0000000JGpGAM,3193.0856,3193.0856,3193.0856,0,0,0,0,Other
001ed00000mFvIcAAK,GYEONGGI BUSINESS & SCIENCE ACCELERATOR,aBR30000000L7k1GAC,5000,1000,1000,0,0,0,0,Other
0013000000GIhuvAAD,PT Bank OCBC NISP Tbk,aBR3y000000H8hJGAS,1497.5383,1497.5383,1497.5383,0,0,0,0,Other
0010M00001V4Bs9QAF,Triumph RSM Management Ltd. (Triumph Inc),0010M00001V4Bs9QAF,510.7988,510.7988,510.7988,0,0,0,0,Other
00130000002xGZOAA2,Polttimo Oy,aBR30000000Xhf3GAC,774.4961,774.4961,774.4961,0,0,0,0,Other
001ed00000JFgKBAA1,INDIAN SCHOOL OF BUSINESS -  Education Cloud SLCM Org,aBR3y000000bsooGAA,11427.8692,11427.8692,11427.8692,0,0,0,0,Other
00130000016j5bjAAA,Pax8,aBR3y0000005HRdGAM,148435.8707,148435.8707,148435.8707,0,0,0,0,Other
0013000000rnaiWAAQ,Augusta Precious Metals,0013000000rnaiWAAQ,191909.7,166878,0,0,0,0,166878,Legacy CDP
0010M00001QnwZdQAJ,"Six Continents Hotels, Inc.",aBR300000004EypGAE,1608154.087,1442164.087,0,1227964.087,0,214200,0,Other
0013000001HflJcAAJ,Boston Planning & Development Agency (BPDA),aBR0M00000008TPWAY,1782.88,1782.88,0,1782.88,0,0,0,Other
0013y00001coj4eAAA,LINDT & SPRUNGLI (BRAZIL) COMERCIO DE ALIMENTOS,aBRed0000003cDdGAI,8165.2063,8165.2063,0,6765.4566,0,1399.7497,0,Other
0010M00001QjxyLQAR,Eminence Organic Skin Care,0010M00001QjxyLQAR,34156,34156,32500,0,1656,0,0,Other
00130000016gwJ7AAI,Retail Logistics Excellence - RELEX Oy,aBR3y000000TUO2GAO,4104.018,4104.018,4104.018,0,0,0,0,Other
0013y00001eIIueAAG,Suramericana Tech S.A.S. Colombia,aBR300000004fjxGAA,25864.044,20608.8,0,0,0,0,20608.8,Legacy CDP
00130000002xDp2AAE,geobra Brandstätter Stiftung & Co. KG,aBR3y000000bt0jGAA,21888.096,5472.024,5472.024,0,0,0,0,Other
0010M00001QaW2CQAV,Groupe V33,0010M00001QaW2CQAV,17005.2052,17005.2052,16401.0938,0,604.1114,0,0,Other
0013000000Jx8xDAAR,Prudent Insurance Brokers Pvt. Ltd.,aBR3y0000000BPvGAM,5304.1054,5304.1054,0,5304.1054,0,0,0,Other
0013000001GUTZdAAP,FEDEGARI AUTOCLAVI - S.P.A.,0013000001GUTZdAAP,9455.6575,9455.6575,9455.6575,0,0,0,0,Other
0013000001J5yBEAAZ,Finnair Oyj B2B Sales,aBR3y000000woE7GAI,1518102.135,655404.5992,383669.3594,0,190836.837,80898.4028,0,Other
0013y00001cJ2eLAAS,Grand Central co.,aBR3y000000kDLsGAM,28298.76,20213.4,20213.4,0,0,0,0,Other
0010M00001WksZQQAZ,Fondazione Slow Food E.T.S.,aBRed0000003orVGAQ,6566.4288,6566.4288,6566.4288,0,0,0,0,Other
0013y00001cg3TaAAI,Klarity,0013y00001cg3TaAAI,500,250,250,0,0,0,0,Other
0013000001L6cQvAAJ,Britannia Industries Ltd.,aBR3y0000000BpoGAE,185512.611,185512.611,137172.4981,19766.5769,0,28573.536,0,Other
001ed00000DJ4JlAAL,Prudential Holdings Limited,aBR3y0000000Gp8GAE,10974.5783,10974.5783,9894.5783,0,1080,0,0,Other
0013y00001cfv5NAAQ,Lucro,aBR3y000000h41BGAQ,865,465,465,0,0,0,0,Other
0013000001GURb5AAH,EF Education First Ltd  Product: EF Language CRM,aBR30000000XfqJGAS,795052,650052,0,528000,67500,54552,0,Other
0013y00001Z0oBpAAJ,WATCH TV ENTRETENIMENTOS,0013y00001Z0oBpAAJ,28892.2678,28892.2678,0,28892.2678,0,0,0,Other
0013000001CBs6NAAT,Costao do Santinho Resort Golf Spa,aBRed0000004sJiGAI,1230.8775,1230.8775,24.9394,0,0,1205.9381,0,Other
001ed00000jLb13AAC,The Pure Gold Company Ltd (Org 2),aBRed000000CT37GAG,2514.952,2514.952,0,0,0,2514.952,0,Other
0013000000B2QFXAA3,Fashion Digital GmbH & Co. KG,aBR300000004He9GAE,68947.5024,4924.8216,4924.8216,0,0,0,0,Other
0013y00001e63i9AAA,Prolaboral,0013y00001e63i9AAA,21920.9281,21920.9281,0,21920.9281,0,0,0,Other
00130000009hFp5AAE,Australian Postal Corporation,aBR300000004CFVGA2,1614091.777,1370420.469,0,1185751.527,0,184668.9416,0,Other
0013000000M1aLSAAZ,U.S. Venture Inc.,aBR300000004EESGA2,487413.1122,487413.1122,0,457413.1122,0,30000,0,Other
0013000001CDlqNAAT,"Gusto, Inc",aBR0M000000Gn4pWAC,25000,25000,25000,0,0,0,0,Other
0013y00001d2GZCAA2,Heineken International BV - Europe,aBR30000000XoY4GAK,290811.7172,95760.3324,0,0,0,95760.3324,0,Other
0013y00001cNN4bAAG,One Click Lca Oy,0013y00001cNN4bAAG,33554.6008,12779.882,9020.6016,0,3759.2804,0,0,Other
0010M00001QqVqiQAF,Grupo Avenida,aBR3y0000000QyBGAU,50046.4327,50046.4327,0,50046.4327,0,0,0,Other
0013000000GKgH0AAL,"MITSUI DIRECT GENERAL INSURANCE CO.,LTD. 1",aBR30000000L6CBGA0,62339.7427,58943.8915,0,58943.8915,0,0,0,Other
0013y00001gsEywAAE,EUROCEDIBE SRL,0013y00001gsEywAAE,4444.6146,4444.6146,0,4444.6146,0,0,0,Other
0013000001MssBjAAJ,"United Jewish Appeal - Federation of Jewish Philanthropies of New York, Inc.",aBRed0000004XF7GAM,60000,60000,60000,0,0,0,0,Other
0010M00001XyIy0QAF,Bybit Technology Limited,aBR3y000000CmibGAC,60000,60000,60000,0,0,0,0,Other
0010M00001SekHIQAZ,POLI ESPANSO SRL,0010M00001SekHIQAZ,4510.3008,4510.3008,0,4510.3008,0,0,0,Other
0010M00001WI71XQAT,Avance Clinical Pty Ltd,aBR3y000000kBe1GAE,13286.1481,13286.1481,13286.1481,0,0,0,0,Other
0010M00001WYbHXQA1,Abbott Laboratories,aBR300000004DLiGAM,691629.2037,691629.2037,685329.2037,0,6300,0,0,Other
00130000009Ms6uAAC,"Pacers Basketball, LLC",aBR3y000000H7h1GAC,970444.9645,931337.8216,0,894737.8216,0,36600,0,Other
0010M00001W874NQAR,Original Group,0010M00001W874NQAR,52950,52950,15000,18750,0,19200,0,Other
0013000001Gi8nnAAB,Biocartis,0013000001Gi8nnAAB,43148.0036,302.0557,0,0,302.0557,0,0,Other
0013000000rpNGxAAM,Sociedade Beneficente Israelita Brasileira Hospital Albert Einstein.,aBR300000004RhBGAU,556.0714,556.0714,556.0714,0,0,0,0,Other
0013000000CGwgVAAT,Gigamon Inc.,aBR3y000000H77kGAC,95196,95196,0,93396,0,1800,0,Other
0013y00001f8EeXAAU,"Uber Technologies, Inc. - Uber Mobility",aBR0M000000GnjkWAC,200,200,200,0,0,0,0,Other
0013000000RXT4BAAX,PayPoint Network Limited 2,aBR30000000XkK4GAK,72367.7442,72367.7442,0,46212.2433,0,26155.5009,0,Other
0010M00001SIJGyQAP,Midland Power Inc.,0010M00001SIJGyQAP,1500,1500,1500,0,0,0,0,Other
00100000001txZrAAI,"Hologic, Inc.",aBR300000004DjQGAU,859.8132,859.8132,859.8132,0,0,0,0,Other
0013000000M1p1MAAR,Lighthouse Credit Union,aBR3y000000cFPiGAM,146590.8579,146590.8579,0,146590.8579,0,0,0,Other
0013000000ZkqdgAAB,PATRIA,aBR3y000000TOkxGAG,78708.7238,77816.2513,892.4724,75371.1336,0,1552.6453,0,Other
0013y00001c6FhXAAU,Italia Trasporto Aereo S.p.A.,aBR3y000000wqjqGAA,503326.6171,503326.6171,0,501895.1357,0,1431.4814,0,Other
0013000001NWpdqAAD,"Artsana USA, Inc.",0013000001NWpdqAAD,162977.1898,162977.1898,132977.1898,0,30000,0,0,Other
0013y00001cSgUoAAK,NewHeart Watanabe Institute,0013y00001cSgUoAAK,46086.552,38809.728,38809.728,0,0,0,0,Other
0010M00001WJIbkQAH,Ferrari Of Newport Beach,0010M00001WJIbkQAH,104850,104850,0,0,0,0,104850,Legacy CDP
0013y00001beCapAAE,Valle de los Mezquites SA de CV (Ciudad Maderas),0013y00001beCapAAE,90000,50000,50000,0,0,0,0,Other
0013y00001f9TaHAAU,Student Loans Company UK - LLE,aBR0M000000077vWAA,132677.8651,132677.8651,90538.2724,0,42139.5927,0,0,Other
0013000001GXezDAAT,TVG_Medulla LLC,aBR3y000000Xqa7GAC,8250,8250,7500,750,0,0,0,Other
0013000000M1u7jAAB,National Library Board,aBRed000000ADDhGAO,14550,14550,11400,750,0,2400,0,Other
0013y00001cvtPQAAY,Cuida Perú,aBR3y000000HE8yGAG,7747.9999,7747.9999,7747.9999,0,0,0,0,Other
0013y00001cIZWpAAO,VIVENIO RESIDENCIAL SOCIMI SOCIEDAD ANONIMA,0013y00001cIZWpAAO,10494.1878,1188.7544,0,1188.7544,0,0,0,Other
0010M00001NYuKEQA1,Ready Media (TA Development Ready),aBR3y000000CehVGAS,23930.2074,23930.2074,0,23930.2074,0,0,0,Other
0010M00001UV1dGQAT,COMER SUD SPA,aBR3y000000HCaDGAW,65664.288,65664.288,65664.288,0,0,0,0,Other
0010M00001Xy8DqQAJ,KölnBusiness Wirtschaftsförderungs-GmbH,aBRed0000009CbRGAU,483.0896,483.0896,181.0339,0,302.0557,0,0,Other
0010M00001WY9g3QAD,"Rent-A-Center Texas, L.P.",aBR300000004F2UGAU,56380,6380,5000,0,1380,0,0,Other
0013y00001cUOGYAA4,Ceat Limited (CDC Org),aBR3y0000000Bj7GAE,96270.6954,96270.6954,0,85555.6194,0,10715.076,0,Other
0013000000CHhsBAAT,Paychex Inc.,aBR300000004FdpGAE,803763.0156,603763.0156,573763.0156,0,30000,0,0,Other
0010M00001WaxcJQAR,AAKEL inc.,0010M00001WaxcJQAR,35898.9984,33958.512,33958.512,0,0,0,0,Other
00100000002IsDcAAK,"Fortinet, Inc.",aBR300000004OzzGAE,786363.5,694363.5,0,694363.5,0,0,0,Other
0013000000GLN8IAAX,"Year Up, Inc.",aBR0M000000GmyfWAC,776,776,776,0,0,0,0,Other
001ed00000XOE26AAH,Slash.Digital GmbH,aBR0M000000H5fnWAC,105567.625,105567.625,0,105567.625,0,0,0,Other
0013y00001h7XEFAA2,McPhersons Consumer Products Pty Ltd,aBR300000004CKeGAM,6651.1853,6651.1853,6651.1853,0,0,0,0,Other
0010M00001QoLU5QAN,Cannetrotter,0010M00001QoLU5QAN,3108.1587,3108.1587,2460.1641,410.0273,0,237.9673,0,Other
0013000001GUZJFAA5,Banca Popolare Etica scpa,aBR0M000000Gq0JWAS,80985.9552,45965.0016,45965.0016,0,0,0,0,Other
0010M00001W8BG3QAN,Fairmed,0010M00001W8BG3QAN,1663.4952,1663.4952,0,1663.4952,0,0,0,Other
001ed00000F525PAAR,Mars Pet Nutrition US,aBR300000004DC6GAM,3794.9744,612.9231,612.9231,0,0,0,0,Other
0013000001MoBbSAAV,CONMED Corporation,aBR300000004DjWGAU,1500,1500,1500,0,0,0,0,Other
0013000000IWj3yAAD,PayPay Bank Corporation,aBR3y000000yf4KGAQ,586.9971,586.9971,586.9971,0,0,0,0,Other
0010M00001SJ3KSQA1,biBerk Insurance Services Inc.,aBRed000000B5ijGAC,1139352,312552,312552,0,0,0,0,Other
0013000001GXUWIAA5,"Exhibidora Mexicana Cinépolis, S.A. de C.V. // TCI121023F10",aBR0M000000LA1TWAW,236600,236600,0,115400,0,121200,0,Other
001ed00000FeI7HAAV,Nationwide Mutual Insurance Company,aBR300000004Eo0GAE,489489,425526,0,404526,0,21000,0,Other
001ed00000mudpTAAQ,Corporación El Rosado S.A. 2,001ed00000mudpTAAQ,173994.9566,87995.0366,87995.0366,0,0,0,0,Other
001ed00000AKNUAAA5,Sydney Children’s Hospital Foundation (NPC Org),001ed00000AKNUAAA5,56592.8454,56592.8454,0,56592.8454,0,0,0,Other
0013y00001bebE2AAI,Australian Football League (WBD),aBR3y0000004tjZGAQ,1324.104,1324.104,1324.104,0,0,0,0,Other
00130000002xaAqAAI,"HF Management Services, LLC.",aBR3y0000004ibvGAA,1369500,439500,439500,0,0,0,0,Other
00130000009X96HAAS,SVP Groupe,aBR3y000000Xq6lGAC,37067.4906,37067.4906,0,37067.4906,0,0,0,Other
0013y00001eDVorAAG,Zook Cabins,aBR3y000000sZW6GAM,25002,25002,0,25002,0,0,0,Other
0013000000M1gwMAAR,National Archives & Records Administration,aBR300000004UDrGAM,52800,52800,52800,0,0,0,0,Other
0013000001NXSzVAAX,"Luxury Leisure, Talarius Ltd & RAL LTD",0013000001NXSzVAAX,194646.8068,194646.8068,0,138060.3865,0,56586.4203,0,Other
0013000001Fj2fjAAB,"Concesionaria Vuela Compañía de Aviación, S.A.P.I. de C.V.",aBR30000000XohzGAC,194301.5202,194301.5202,28105,150800.5202,0,15396,0,Other
0013y00001cjtaZAAQ,City of Fresno 311,aBRed000000BHgfGAG,43010,22770,22770,0,0,0,0,Other
0013000000Zjm0AAAR,Bajaj Auto Ltd.,aBR3y0000008sbKGAQ,205245.4234,205245.4234,0,203359.5701,0,1885.8533,0,Other
0013y00001g9jmwAAA,ALDI International Services SE & Co. oHG,aBR3y000000HBPRGA4,61393.3503,61393.3503,61393.3503,0,0,0,0,Other
00130000002xcuuAAA,"PrimeSource Building Products, Inc.",aBR3y000000HLBNGA4,6235.2168,6235.2168,0,6235.2168,0,0,0,Other
0013000001L6DyBAAV,TIDHAR CONSTRUCTION LTD.,0013000001L6DyBAAV,10273.5849,5625,5625,0,0,0,0,Other
0013y00001ep16lAAA,"I2MAX co., Ltd (Marketing)",aBR3y000000Cmx8GAC,12000,12000,0,0,0,0,12000,Legacy CDP
0013000000ZjacRAAR,Pacific Clinics (Former Uplift Family Services Account),aBR300000004FXtGAM,438479.1929,108000,0,108000,0,0,0,Other
00130000000ThYNAA0,"International Air Transport Association, IATA",aBR300000008RL4GAM,15901.3121,12901.3121,0,8362.9121,0,4538.4,0,Other
0013000000JHxP7AAL,Gemeente Almere,aBR300000008PXzGAM,21630.2861,21630.2861,21630.2861,0,0,0,0,Other
0013y00001e65FzAAI,Legacy Capital,0013y00001e65FzAAI,17035.9333,17035.9333,17035.9333,0,0,0,0,Other
0013y00001dW6KbAAK,Levande Pty Ltd,aBR3y000000TR3UGAW,32874.5983,32401.5734,32401.5734,0,0,0,0,Other
0013000000NSTmsAAH,Breckenridge Grand Vacations,aBR3y000000g3LnGAI,25271.5687,25271.5687,0,21671.5687,0,3600,0,Other
0010M00001Z0QDpQAN,J.D. Power Company,aBR3y000000H7LPGA0,1650,750,750,0,0,0,0,Other
0013000000IklKUAAZ,Yarra Valley Water Corporation,aBR3y00000114TOGAY,102201.1392,102201.1392,0,102201.1392,0,0,0,Other
0010M00001SJTiaQAH,Magaya Corporation *MAIN*,aBR3y000000btsmGAA,87399.96,87399.96,0,0,0,0,0,Legacy CDP
0013y00001cMuxXAAS,Infifresh Foods Limited,0013y00001cMuxXAAS,1915.3198,957.6599,957.6599,0,0,0,0,Other
0013y00001Z0i3sAAB,"GRUPO ANAYA, S.A.U.",aBR30000000Xm8iGAC,74042.7755,74042.7755,0,66163.0609,0,7879.7146,0,Other
0013y00001h57HwAAI,Sisvel International SA,0013y00001h57HwAAI,11819.5719,11819.5719,0,11819.5719,0,0,0,Other
00130000008ebBFAAY,Bracco Imaging SpA,aBR30000000L5ytGAC,2188.8096,2188.8096,2188.8096,0,0,0,0,Other
0010M00001Qo3wlQAB,Topix Pharma (2nd org),aBR3y000000H89kGAC,7000,3500,3500,0,0,0,0,Other
00130000002xE6yAAE,Viega GmbH & Co. KG,aBR3y000000HBqnGAG,157536.4126,118159.4161,118159.4161,0,0,0,0,Other
0013000001EYPj5AAH,Recoletas Red Hospitalaria,aBR3y000000gE79GAE,1225.7333,1225.7333,0,437.7619,0,787.9714,0,Other
0013000000IkQD7AAN,CIELO S.A - INSTITUICAO DE PAGAMENTO,aBR30000000XifTGAS,270655.9533,23615.8617,23062.3433,0,553.5184,0,0,Other
0013000000269RRAAY,"Avalara, Inc.",aBR0M00000008YsWAI,513979.9646,400291.44,0,0,0,0,0,Legacy CDP
0013000001L5zt1AAB,Berry Appleman & Leiden LLP,aBR3y000000CgCeGAK,71995.5705,42012,42012,0,0,0,0,Other
001ed00000DzBjuAAF,CyTaka R&D,001ed00000DzBjuAAF,37800,37800,0,37800,0,0,0,Other
0013000000JgUnPAAV,L'OREAL SA,aBR300000004I1EGAU,356.7049,356.7049,356.7049,0,0,0,0,Other
0010M00001QkV8SQAV,"NihonPurple Co.,Ltd.",aBR3y0000005340GAA,27906.299,27906.299,27637.0329,269.2661,0,0,0,Other
0013y00001caf1NAAQ,AthenaPsych LLC*,0013y00001caf1NAAQ,27494.1388,21600,21600,0,0,0,0,Other
0010M00001V6UJnQAN,Vashi Integrated Solutions Ltd ( Org 2 ),aBR3y000000HA5mGAG,35530.2454,5708.0388,5708.0388,0,0,0,0,Other
0010M00001QllOJQAZ,Onnera Group S.Coop,aBR300000004NCdGAM,712.4575,712.4575,410.4018,0,302.0557,0,0,Other
0013000000RX1GVAA1,EQT Partners AB,aBR3y000000saPoGAI,16797.8183,15835.7759,11981.7571,0,3854.0188,0,0,Other
0013y00001fceNjAAI,GoCardless Ltd,aBR3y000000HDhKGAW,398.8761,398.8761,398.8761,0,0,0,0,Other
0013y00001cmX9sAAE,BIC CAMERA INC.,aBR30000000L6caGAC,193939.7285,193939.7285,0,193939.7285,0,0,0,Other
0013000000Ji0CsAAJ,Automotores Gildemeister SpA,0013000000Ji0CsAAJ,37702.4119,21827.7121,21827.7121,0,0,0,0,Other
0013y00001fElwJAAS,The Boeing Company,aBR300000004Dh5GAE,1069139.797,642719.7132,0,0,0,0,642719.7132,Legacy CDP
0013000000M2M0OAAV,Banner Health**,aBR300000004FPdGAM,124000,124000,0,112000,0,12000,0,Other
0010M00001XxztlQAB,DNSFilter,aBRed0000006WdDGAU,45000,45000,45000,0,0,0,0,Other
00130000002xIO0AAM,Prysmian S.p.A.,aBR0M000000GpXAWA0,78907.7097,48591.5731,48591.5731,0,0,0,0,Other
00130000005gxGpAAI,Participate Learning,aBR3y000000CiazGAC,60319.6143,33431.9532,0,25751.9532,0,7680,0,Other
0010M00001SeRneQAF,The Wellness Shop,aBR3y00000116XKGAY,6954.4914,412.2958,412.2958,0,0,0,0,Other
0013000000hIpwZAAS,ASOCIACIÓN ALUMNI DBA,aBR0M0000004hGMWAY,1532.1666,1532.1666,766.0833,766.0833,0,0,0,Other
0013y00001gjS6qAAE,Duferco Energia SPA,aBR0M000000GpqaWAC,89278.5622,87556.7616,87556.7616,0,0,0,0,Other
0010M00001Xy4QfQAJ,Dimopoulos Law Firm,0010M00001Xy4QfQAJ,15330,8130,6750,0,1380,0,0,Other
0013y00001eEjkjAAC,Wag’n Tails,0013y00001eEjkjAAC,48482.7858,46944,0,44544,0,2400,0,Other
0013y00001ea3iDAAQ,OneSavings Bank Plc,aBR3y0000008XH4GAM,67589.3354,62873.8003,62873.8003,0,0,0,0,Other
0013000000hJddAAAS,Medibank Private Ltd,aBR300000004CRCGA2,539484.1245,539484.1245,0,514858.5167,0,24625.6078,0,Other
0013y00001cfkxDAAQ,DMO SPA,aBR3y000000LI57GAG,80354.4194,74882.3954,24939.8536,49942.5418,0,0,0,Other
0013000001GUx9zAAD,"Magazijn ""De Bijenkorf"" B.V.",aBR3y0000004jXoGAI,1292.4468,1292.4468,1292.4468,0,0,0,0,Other
0010M00001Qk4ISQAZ,"Hirtle, Callaghan & Co.",aBR3y0000004rC1GAI,44100,44100,44100,0,0,0,0,Other
0013000000rpCReAAM,Totalenergies global information technology services,aBR300000004HjZGAU,180776,776,776,0,0,0,0,Other
0010M00001Yty8CQAR,Payclip S. de R.L. de C.V. RFC: BLI120726UF6,aBR3y000000h4gcGAA,82089.0869,42089.0869,42089.0869,0,0,0,0,Other
0013000001GVnehAAD,Chemorbis,0013000001GVnehAAD,10975,10975,0,10975,0,0,0,Other
0013y00001cmV2GAAU,"FDS CO., LTD.",0013y00001cmV2GAAU,19294.3641,11791.15,11791.15,0,0,0,0,Other
0013000000ZjGyCAAV,Tempo Beverages Ltd,aBR3y000000HCOAGA4,807.5221,115.3603,115.3603,0,0,0,0,Other
0013000001CBFeVAAX,Copado Inc.,aBRed0000004ohXGAQ,6660.584,6660.584,6660.584,0,0,0,0,Other
00100000002ABSsAAO,DiaSorin Inc. *,aBR3y0000004kQFGAY,42000,42000,0,0,42000,0,0,Other
0013y00001fvAbEAAU,Proquire LLC,aBR300000004Fk5GAE,150502,32002,1902,100,30000,0,0,Other
0013000001GXASkAAP,Bristol-Myers Squibb Company,aBR300000004DLhGAM,14276,14276,14276,0,0,0,0,Other
0013000001GGD4ZAAX,Ecovadis SAS,aBR3y000000HBxzGAG,147639.6,7200,7200,0,0,0,0,Other
0013y00001dVtGfAAK,KA HOSPITALITY PRIVATE LIMITED,aBR3y000000CoDfGAK,5975.798,5975.798,0,5598.6273,0,377.1707,0,Other
00100000001tiiUAAQ,Shaklee Corporation,aBR0M000000bmwEWAQ,361275.8453,138375.082,0,131295.082,0,7080,0,Other
0013000001MsrQcAAJ,The Trustee For Tour De Cure Trust,0013000001MsrQcAAJ,12673.6044,12673.6044,12673.6044,0,0,0,0,Other
001ed00000VyjV5AAJ,"CBRE, Inc",aBR300000004EsrGAE,360475.9248,239563.0891,239563.0891,0,0,0,0,Other
001ed00000LQx6qAAD,Lilly Life Sciences Cloud Org - New,aBR300000004DLmGAM,1205957.925,1096087.965,0,1095487.965,0,600,0,Other
00130000008Xu5IAAS,"UNIADEX, Ltd.",aBR30000000Xoi9GAC,46086.552,36384.12,36384.12,0,0,0,0,Other
00130000004vJLWAA2,Big Red Group Pty Ltd,aBR0M000000GowlWAC,4866.7208,4866.7208,4393.5674,473.1534,0,0,0,Other
0013y00001f60wDAAQ,Nueva Elektra del Milenio S.A de CV - TAX ID: ECE9610253TA,aBR3y000000wlF4GAI,354328.9338,354328.9338,0,126957.3738,46021.56,181350,0,Other
0010M00001Qkl8BQAR,Wolseley UK Ltd,aBR300000004FsxGAE,236119.8064,181630.6203,0,0,0,0,181630.6203,Legacy CDP
00130000016k237AAA,INSEAD,aBR0M000000TNprWAG,10944.048,1094.4048,1094.4048,0,0,0,0,Other
0013000001GY1kKAAT,StocksToTrade,aBR3y000000TTxSGAW,42150,42150,42150,0,0,0,0,Other
0013y00001fT166AAC,University of Florida: The Lastinger Center - Education Cloud,aBR300000004OIRGA2,89131.4499,89131.4499,0,89131.4499,0,0,0,Other
0013000000M1BXwAAN,L'OREAL Brazil,aBR300000004RmoGAE,125589.4878,109208.2503,0,0,0,0,109208.2503,Legacy CDP
0013000000hIbvSAAS,1st Day School Supplies,aBR3y000000CpTvGAK,69286.4,69286.4,63686.4,5600,0,0,0,Other
0010M00001S9B5xQAF,"JECT ONE CO., LTD.",0010M00001S9B5xQAF,24094.3728,24094.3728,0,18272.9136,0,5821.4592,0,Other
00100000001CwQMAA0,"The Greenbrier Companies, Inc.",aBR300000004DhiGAE,330157.6054,330157.6054,330157.6054,0,0,0,0,Other
0013y00001ca4v4AAA,Juan Valdez,0013y00001ca4v4AAA,45368,45368,0,42800,0,2568,0,Other
0013000000NQ5duAAD,Cooper Parry Advisory Limited,aBR3y000000PDd1GAG,43285.1185,37347.0374,0,37347.0374,0,0,0,Other
001200000000KiRAAU,Intelliflo Limited,aBR0M00000007PkWAI,1131.7284,1131.7284,1131.7284,0,0,0,0,Other
0013y00001h7nZBAAY,The New Zealand Automobile Association - AA 2.0,aBR3y000000H8e1GAC,150009.3808,54136.9606,54136.9606,0,0,0,0,Other
0010M00001QqcIcQAJ,DESKTOP S.A.,aBR3y00000116kCGAQ,55644.0314,48386.1143,0,0,0,0,48386.1143,Legacy CDP
0010M00001Qk64LQAR,Penn State World Campus & Graduate School,aBR30000000PAwbGAG,660492.7856,616510,0,607510,0,9000,0,Other
001ed00000KrEuDAAV,"Tokio Marine & Nichido Fire Insurance Co., Ltd.",aBR30000000L6E6GAK,137032.2984,137032.2984,0,97630.722,0,39401.5764,0,Other
001ed00000MbwhyAAB,Associazione Artigiani di Brescia e Provincia,aBR300000004fndGAA,546.9028,546.9028,0,546.9028,0,0,0,Other
001ed00000hPWGuAAO,PLC-CITY (DIELLE SRL),001ed00000hPWGuAAO,102.5302,102.5302,102.5302,0,0,0,0,Other
00130000016gnYAAAY,Workplace Gender Equality Agency,00130000016gnYAAAY,9487.6725,3809.8314,3548.6507,0,261.1807,0,0,Other
0013y00001Y0ng6AAB,Yü Energy Retail Ltd T/A Yü Energy,aBR3y000000Xq9gGAC,55085.8322,55085.8322,0,53627.16,0,1458.6722,0,Other
0010M00001QaQtRQAV,Hopebridge*,aBR3y000000HKjxGAG,49200,49200,49200,0,0,0,0,Other
0010M00001QlsNeQAJ,Dakota Live LLC,aBR3y0000004uqgGAA,27576,25576,22000,3576,0,0,0,Other
001ed00000eSqaxAAC,"Booz Allen Hamilton, Inc - GovCloud",aBR300000004Fk3GAE,50312.5,25875,25875,0,0,0,0,Other
0013y00001f60ydAAA,Index Living Mall,aBR3y000000saMpGAI,79862.4,67680,0,0,0,0,67680,Legacy CDP
0013y00001djzCpAAI,Columbia Sportswear Company- Service Org,aBR300000004DEGGA2,6500,1500,1500,0,0,0,0,Other
0013y00001f651YAAQ,El Jannah,0013y00001f651YAAQ,38219.3993,17104.4962,0,15401.1439,0,1703.3523,0,Other
00130000002xYmzAAE,TAMKO Building Products LLC,aBR3y00000116Y1GAI,12733.0079,12733.0079,12733.0079,0,0,0,0,Other
0013000000LiPGbAAN,"Toyoko Inn Co.,Ltd.",aBR3y000000fyalGAA,52773.1447,52773.1447,0,52773.1447,0,0,0,Other
0013000000HkGP8AAN,"CHRISTUS MUGUERZA SISTEMAS HOSPITALARIOS, S.A. DE C.V.",aBR3y000000wl89GAA,23691,14430,0,3750,0,10680,0,Other
00130000000LIrdAAG,Nice Actimize (EBU),aBR300000008RRMGA2,94500,94500,0,0,0,0,0,Legacy CDP
0013y00001eSEpbAAG,Zalando SE - Greenfield Project Org,aBR30000000XfCLGA0,48533.6799,2097.8088,2097.8088,0,0,0,0,Other
0013000000RZ5aDAAT,Wallix,aBR3y000000HC7MGAW,3283.2144,3283.2144,3283.2144,0,0,0,0,Other
0013000000RYefLAAT,"Lusitânia - Companhia De Seguros, S.A.",aBR3y000000wpgvGAA,88736.3787,88736.3787,0,52621.0203,0,36115.3584,0,Other
0013y00001griEEAAY,Proquire LLC.,aBR300000004Fk5GAE,6485.5,3985.5,3985.5,0,0,0,0,Other
0013y00001fvAb4AAE,Proquire LLC,aBR300000004Fk5GAE,96502,32002,1902,100,30000,0,0,Other
001ed00000RjkTsAAJ,KPMG LLP,aBR300000004FdZGAU,34900,30400,0,400,30000,0,0,Other
001ed00000IaQrGAAV,DENTSU SOKEN INC.,aBR30000000L6BAGA0,607.2105,607.2105,0,607.2105,0,0,0,Other
0013000001IerO3AAJ,Adtalem Global Education Inc.,aBR300000004FTzGAM,776,776,776,0,0,0,0,Other
0010M00001WYtdnQAD,UNIQUES Corporation.,0010M00001WYtdnQAD,33958.512,33958.512,33958.512,0,0,0,0,Other
0013000001MrU5nAAF,North Western Melbourne PHN,aBR3y0000000PRXGA2,4727.2171,4727.2171,4727.2171,0,0,0,0,Other
001ed00000TMIIaAAP,Bodega Monteviejo,001ed00000TMIIaAAP,399.635,399.635,399.635,0,0,0,0,Other
0013y00001dxxvgAAA,"8am, LLC",aBR3y000000HK8jGAG,87380,39380,38000,0,1380,0,0,Other
0013000001MiRjCAAV,Sutton Tools Pty Ltd,aBR300000004ahPGAQ,80782.7346,67330.1105,67330.1105,0,0,0,0,Other
0013000000LiOExAAN,"AOYAMA TRADING CO., LTD.",aBR0M000000LDpkWAG,33958.512,33958.512,0,33958.512,0,0,0,Other
0010M00001QqndUQAR,FP Markets LLC,aBR3y0000004kgNGAQ,55984.762,55984.762,0,55984.762,0,0,0,Other
0013000001EZD5JAAX,"Jaroc Co,.Ltd.",0013000001EZD5JAAX,17904.9597,17215.079,17215.079,0,0,0,0,Other
0013000001GURKNAA5,Shibolet Co.,aBR3y000000HFnPGAW,6800,4300,3850,450,0,0,0,Other
0013000001HdhbSAAR,TRX Now / Allied Dispatch Solutions,aBR3y000000H6X1GAK,2313.3803,1927.8169,1927.8169,0,0,0,0,Other
0013y00001fDqrCAAS,Jaykay Marketing Services Pvt Ltd.,aBR3y000000Cpb1GAC,102064.9507,102064.9507,0,99964.9507,0,2100,0,Other
00100000001SdrtAAC,Brother International Corporation - Main,aBR300000004E21GAE,522312.5912,522312.5912,0,314712.5912,162600,45000,0,Other
0013y00001car1hAAA,THE SIAM COMMERCIAL BANK PUBLIC COMPANY LIMITED,aBR0M000000bpyFWAQ,20395.16,20395.16,0,20395.16,0,0,0,Other
00130000007SGrNAAW,"Murata Manufacturing Co., Ltd. (Main)",aBR30000000L6U7GAK,19280,17280,17280,0,0,0,0,Other
001ed000004fdvxAAA,FHP Holding Portuale,001ed000004fdvxAAA,790.4838,263.4946,263.4946,0,0,0,0,Other
0013000001JyxTCAAZ,Varonis (Slack Org),aBR3y000000TRojGAG,25449.96,25449.96,0,0,0,0,0,Legacy CDP
0013000000LiOkNAAV,"TOBU RAILWAY CO., LTD.",aBR30000000L6O8GAK,211624.0618,170664.566,0,0,0,0,170664.566,Legacy CDP
0010M00001Sq2VqQAJ,"ATN International Services, LLC",aBR300000004QBeGAM,383608.02,383608.02,0,0,0,100000.02,283608,Legacy CDP
001ed00000Q98U8AAJ,SPODEAL MARKETING SL.,001ed00000Q98U8AAJ,35568.156,24624.108,24624.108,0,0,0,0,Other
00130000001u88dAAA,"RingCentral, Inc.",aBR3y00000113uVGAQ,500,250,250,0,0,0,0,Other
00130000002xGtfAAE,Speedy France SAS,aBR30000000XnjkGAC,11819.5719,11819.5719,0,0,0,11819.5719,0,Other
0013y00001f64SCAAY,"MEDICE Arzneimittel Pütter GmbH & Co. KG (Core, Service)",aBR3y000000HBhUGAW,15441.9094,10286.6079,1757.4891,1757.4891,6771.6297,0,0,Other
00100000000nE26AAE,Insurity Inc,aBR3y000000H77eGAC,220817.04,220817.04,0,0,0,0,0,Legacy CDP
0013y00001XyzhyAAB,If IT Services (Prod),aBR3y00000119ohGAA,272535.6876,227113.073,0,0,0,0,227113.073,Legacy CDP
0013000000M2tjxAAB,Discovery Central Services (Pty) Limited,aBR3y000000Cm7gGAC,208022.4302,208022.4302,0,82022.4302,0,126000,0,Other
00100000001SiphAAC,"Staples, Inc.",aBR300000004E9sGAE,167091.6394,167091.6394,167091.6394,0,0,0,0,Other
001ed00000OcwDHAAZ,Naturesse,001ed00000OcwDHAAZ,6276,276,0,0,276,0,0,Other
0010M00001OzyxNQAR,Sweden for UNHCR,aBRed0000005eUgGAI,4560.9244,4132.3216,4132.3216,0,0,0,0,Other
0013y00001coiEiAAI,KDDI CORPORATION [Personal],aBR30000000L6BkGAK,495177.6318,272830.2318,0,271937.608,0,892.6238,0,Other
0013000000KxEK1AAN,MedPro Staffing,aBR3y000000XqdHGAS,49864.8571,864.8571,864.8571,0,0,0,0,Other
0010M00001W8PZaQAN,Pluxee Peru SAC,aBR3y000000h4QHGAY,5104,2104,1000,0,1104,0,0,Other
0013000000rq3KSAAY,"IPro Media, Inc.",0013000000rq3KSAAY,1200,1200,1200,0,0,0,0,Other
00130000004IEsAAAW,Caterpillar Financial Services Corporation,aBR300000004DWQGA2,136000,136000,136000,0,0,0,0,Other
0010M00001ULZS5QAP,"RYOBI SYSTEMS CO., LTD.",aBR0M000000LDltWAG,42043.872,38809.728,0,38809.728,0,0,0,Other
0013000000AT0wwAAD,J.M. Voith SE & Co. KG (DSG),aBR3y000000HBqyGAG,3177.0877,707.0161,707.0161,0,0,0,0,Other
0013000000DVFPCAA5,Captivate,aBR3y000000g3bHGAQ,41018.4,41018.4,41018.4,0,0,0,0,Other
0013000000ZkjtNAAR,"SS&C Technologies, Inc.",aBR300000004F72GAE,88695,88695,0,0,0,0,0,Legacy CDP
0010M00001YtwhoQAB,Boutique Recruiting,aBRed000000A6deGAC,26480,24480,23100,0,1380,0,0,Other
0013000001JxurQAAR,"YPO, Inc.",aBR3y0000004nQGGAY,5226,5226,5226,0,0,0,0,Other
0013000000JjhM5AAJ,WTP Australia  Pty  Ltd,0013000000JjhM5AAJ,666.3707,666.3707,666.3707,0,0,0,0,Other
0013y00001chPJQAA2,"Speee, Inc.(MI事業本部)",aBR3y00000057SzGAI,46248.2592,44065.212,0,44065.212,0,0,0,Other
0013y00001cSNwEAAW,Yara International ASA,aBR3y000000h3r7GAA,65844,55800,0,0,0,0,55800,Legacy CDP
0013y00001eEspqAAC,Australian Made Campaign Ltd,aBR3y000000g46TGAQ,30248.6621,30248.6621,0,30248.6621,0,0,0,Other
0013y00001cU2S1AAK,iRobot,aBR300000004Z9nGAE,284280,68780,20000,45000,1380,2400,0,Other
0010M00001UVA2GQAX,"PMI WW Brands, LLC",aBR300000008SbOGAU,166580,166580,0,152900,0,13680,0,Other
0013000000M1oHJAAZ,Brink's Incorporated,aBR300000004FB2GAM,144000,144000,97200,0,46800,0,0,Other
0013000001GXWUYAA5,GMS Development - ISV Edition,aBR300000004HVsGAM,911.1719,911.1719,0,911.1719,0,0,0,Other
0013000000ZmjhHAAR,Rodobens,aBR3y000000wms0GAA,140995.2722,140995.2722,0,135719.2929,0,5275.9793,0,Other
0013000000RZH0iAAH,"MedAmerica, Inc. dba Vituity",aBR300000004T3YGAU,92680.6648,89948.5219,1094.3857,64854.1362,0,24000,0,Other
0013y00001folw7AAA,"Carillon Tower Advisers, Inc. d/b/a Raymond James Investment Management",aBR300000004Ej6GAE,499816.8642,354820.8642,0,256324.8642,0,98496,0,Other
0013000001Jeq1SAAR,Randstad N.V.,aBR300000004NoXGAU,1213437.656,1213437.656,919361.0453,154591.5717,59264.5473,80220.4913,0,Other
0013y00001d7WstAAE,BREFICOM SRL,0013y00001d7WstAAE,2736.012,2736.012,2736.012,0,0,0,0,Other
0013000001JeaYBAAZ,OVO Energy,aBR30000000XkImGAK,61958.9866,61958.9866,0,61380.5476,0,578.439,0,Other
0013000000KvwLBAAZ,NN Insurance Eurasia,aBR30000000XgsaGAC,2216.1318,2216.1318,2216.1318,0,0,0,0,Other
0013y00001crz44AAA,DFW Airport- MC Org,aBRed0000006VdpGAE,868500,868500,0,868500,0,0,0,Other
001ed00000KkKprAAF,adesso SE,aBR30000000XfyoGAC,25867.556,14862.557,14862.557,0,0,0,0,Other
0010M00001WY4brQAD,DE CASTELLI SRL,0010M00001WY4brQAD,1094.4048,1094.4048,0,1094.4048,0,0,0,Other
0013000001L5ufmAAB,TDC Erhverv,aBR0M000000k9ddWAA,130337.6827,130337.6827,0,108996.789,0,21340.8937,0,Other
0010M00001UEVrsQAH,Cummins India Limited,aBR3y0000000BUcGAM,96948.093,43800.1404,42715.7747,0,1084.3657,0,0,Other
00130000016gP9nAAE,Telefónica Germany GmbH & Co. OHG,aBR300000004HeMGAU,89328,89328,0,89328,0,0,0,Other
0010M00001W7zJcQAJ,"Fussball Club Cincinnati, LLC",aBR3y0000000R0XGAU,86258.4753,86258.4753,0,73982.4753,0,12276,0,Other
0013000000RYGdNAAX,Abharan Jewellers,0013000000RYGdNAAX,47622.5123,47622.5123,0,47622.5123,0,0,0,Other
0010M00001WXzHcQAL,Kapitus (BDR DO NOT CALL),aBR0M000000H2T4WAK,43200,43200,43200,0,0,0,0,Other
0013000000JjZOnAAN,FFVA Mutual Insurance Co,0013000000JjZOnAAN,1500,1500,1500,0,0,0,0,Other
0013y00001cvtSFAAY,MULTIPLIER TECHNOLOGIES INDIA PRIVATE LIMITED,aBR3y000000kDBHGA2,6545.1256,294.6646,294.6646,0,0,0,0,Other
0013y00001cHTnyAAG,Eduards Trailer Factory BV,0013y00001cHTnyAAG,6008.595,741.0203,741.0203,0,0,0,0,Other
001ed00000MJlYAAA1,Tipalti 2nd Org,aBR3y000000HVeXGAW,25306.8852,25306.8852,25306.8852,0,0,0,0,Other
0013y00001c8LgnAAE,Ford Motor Company,aBR300000004C9OGAU,227661,210081,0,0,0,0,210081,Legacy CDP
00130000016j3WpAAI,Vacatia,aBR3y000000wsVkGAI,176862,176862,0,167262,0,9600,0,Other
0013000000JjhosAAB,U-POWER GROUP S.P.A,0013000000JjhosAAB,41587.1826,41587.1826,0,41587.1826,0,0,0,Other
0013000000JJwhrAAD,"TOWA DENKI CO.,LTD.",0013000000JJwhrAAD,36384.12,36384.12,36384.12,0,0,0,0,Other
0010M00001SeluGQAR,James Hardie Building Products Inc.,aBR300000004QuCGAU,321.5123,320.9522,320.9522,0,0,0,0,Other
0013000001L5m8EAAR,"NEC Fielding,Ltd.",aBR30000000L6ClGAK,46207.8324,36384.12,0,36384.12,0,0,0,Other
0010M00001YamoMQAR,DKMS Group gGmbH,aBR0M000000PBeEWAW,49069.2269,49069.2269,0,49069.2269,0,0,0,Other
0013y00001XzUYiAAN,Kia Canada Inc,0013y00001XzUYiAAN,73848.1504,73848.1504,0,73848.1504,0,0,0,Other
0013y00001f9E9HAAU,Allwyn Entertainment Ltd,aBR3y0000000NdiGAE,47155.3502,47155.3502,0,0,0,0,47155.3502,Legacy CDP
001000000006rVyAAI,ScholarOne,aBR0M0000000AXtWAM,10000,5000,5000,0,0,0,0,Other
0013000000M2jd2AAB,Wyndham Vacation Resorts Asia Pacific Pty Ltd,aBR300000004aFOGAY,56702.1487,56702.1487,42000,3122.1487,10140,1440,0,Other
00130000002Oe3pAAC,Interhyp AG,aBR3y0000004tprGAA,49248.216,49248.216,49248.216,0,0,0,0,Other
0010M00001WZTjsQAH,"CBRE, Inc.",aBR300000004EsrGAE,50400,50400,50400,0,0,0,0,Other
0013y00001eEb02AAC,Mazda Motor Corporation(C360A1),aBR30000000L6BpGAK,65928.0255,65928.0255,0,65928.0255,0,0,0,Other
0013000001EZKbvAAH,JMA North America LLC,0013000001EZKbvAAH,33270,7020,7020,0,0,0,0,Other
0013000000ZmXzFAAV,Brigade Enterprises limited,aBR3y0000000BiOGAU,9625.71,5303.9627,0,5303.9627,0,0,0,Other
0010M00001QaZEhQAN,EAST WEST COMPANY SPAIN SL,0010M00001QaZEhQAN,18262.8801,18262.8801,18262.8801,0,0,0,0,Other
0013000000JIu1eAAD,Rochester Electronics,0013000000JIu1eAAD,225459.5931,187959.5931,124500,63459.5931,0,0,0,Other
0013000001GVj6cAAD,Oxford Road,0013000001GVj6cAAD,31221.0772,7909.0334,5957.0598,1123.9736,828,0,0,Other
0013000000M2QSNAA3,Warren CAT,aBR300000004DWQGA2,41866.7536,30157.603,27822.1795,0,270.3997,2065.0238,0,Other
0010M00001QaRWTQA3,"Truman Medical Center, Incorporated d/b/a University Health",aBR300000004PQyGAM,77276,77276,77000,0,276,0,0,Other
0013y00001es0NfAAI,TIAA,aBR300000004EfmGAE,1446929.201,1280289.201,0,0,0,111912,1168377.201,Legacy CDP
0013y00001cjx8vAAA,Cognizant Technology Solutions Corporation,aBR300000004F5eGAE,24831.7527,24831.7527,23841.7527,0,990,0,0,Other
0013000000ZmjBGAAZ,City of New York - Employees Retirement System,aBRed000000BtKXGA0,144533.2989,62039.612,60096.572,0,1943.04,0,0,Other
0010M00001SHbkXQAT,Aakash Healthcare,0010M00001SHbkXQAT,20615.2253,1963.3548,1963.3548,0,0,0,0,Other
0013y00001cbDCyAAM,ORIX COMPUTER SYSTEMS CORPORATION,aBR30000000L6SZGA0,53666.9929,53363.376,0,48512.16,4851.216,0,0,Other
0010M00001XyCy2QAF,Apirem,0010M00001XyCy2QAF,548.7057,548.7057,548.7057,0,0,0,0,Other
0013000001CCnBDAA1,Cueros Velez S.A.,0013000001CCnBDAA1,152805.0789,152805.0789,110805.0789,42000,0,0,0,Other
0013000000NQc6pAAD,Cencosud Colombia S.A.,0013000000NQc6pAAD,346623.5916,346623.5916,0,346623.5916,0,0,0,Other
0013y00001dOO66AAG,"Verqor Capital, S.A de C.V.",0013y00001dOO66AAG,3679.5618,3679.5618,399.7809,399.7809,0,2880,0,Other
0013y00001giysfAAA,"Tokio Marine & Nichido Fire Insurance Co., Ltd.",aBR30000000L6E6GAK,114226.7319,114226.7319,0,114003.576,0,223.1559,0,Other
0010M00001WI51zQAD,Madison Energy Infrastructure (SDR's dont reach out),aBR3y000000gDxHGAU,1889.0849,465.7747,465.7747,0,0,0,0,Other
0010M00001Z08O3QAJ,"Club Car, LLC",aBR3y000000h4KNGAY,16865.7584,16865.7584,16865.7584,0,0,0,0,Other
0010M00001XxwNrQAJ,Insuritas,aBR3y0000004rYBGAY,77100,77100,0,77100,0,0,0,Other
0013000000LiRe0AAF,Allina Health System,aBR300000004FNPGA2,712561.2084,561071.8176,0,0,0,0,561071.8176,Legacy CDP
0013000000RXdhBAAT,S. Spitz GmbH,aBR3y000000HAQSGA4,1094.4048,547.2024,547.2024,0,0,0,0,Other
0013000001LXwQwAAL,The Mediterranean Towers,0013000001LXwQwAAL,9674.5856,1608.2873,1608.2873,0,0,0,0,Other
0013000000M1ZDSAA3,"Florida Health Sciences Center, Inc., d/b/a Tampa General Hospital",aBR3y000000ydsYGAQ,424733.3333,416400,362000,47200,0,7200,0,Other
0010M00001Y5RmPQAV,LOR Foundation Inc,0010M00001Y5RmPQAV,776,776,776,0,0,0,0,Other
0010M00001Yu7zNQAR,HERE Europe B.V.,aBRed0000004UfRGAU,160200,160200,0,0,0,0,0,Legacy CDP
00130000002xb0OAAQ,Children's Hospital Medical Center*,aBR3000000004JCGAY,486607.6591,486607.6591,0,471247.6591,0,15360,0,Other
0013y00001cChQdAAK,Krishna Jewellers Pearls & Gems Pvt Ltd,0013y00001cChQdAAK,1607.2614,1607.2614,0,1607.2614,0,0,0,Other
0013y00001chXXRAA2,Baltacon SIA,0013y00001chXXRAA2,12312.054,12312.054,12312.054,0,0,0,0,Other
0013y00001fEk4UAAS,One New Zealand Group Limited,aBR3000000001unGAA,369426,319926,0,319926,0,0,0,Other
0013000000rqn5TAAQ,"Republic National Distributing Company, LLC",aBR3y000000gEUXGA2,111316.3139,52878.507,52878.507,0,0,0,0,Other
0013000001LV46LAAT,"Faithlife, LLC*",0013000001LV46LAAT,210060,210060,210060,0,0,0,0,Other
0010M00001SJK7UQAX,LY Corporation (CS),aBR3y00000055TWGAY,1478104.469,9408.757,9408.757,0,0,0,0,Other
0010M00001Sq0KGQAZ,"Illumina, Inc. - New Org",aBR300000004DiEGAU,767482.196,644817.396,0,429477.396,0,215340,0,Other
00100000001UPGhAAO,"Dell USA, L.P.",aBR300000004DYxGAM,15353571.34,6614921.888,5313805.022,0,1301116.867,0,0,Other
0010M00001QqUG3QAN,The LCF Group,0010M00001QqUG3QAN,53200,48400,33400,0,15000,0,0,Other
00120000000034GAAQ,Tuskerdirect.com,aBR30000000Xm6mGAC,50299.0403,50299.0403,50299.0403,0,0,0,0,Other
0010M00001QlDCTQA3,Operation Keloid Inc.,0010M00001QlDCTQA3,8125.9125,8125.9125,8125.9125,0,0,0,0,Other
0013y00001fSzjFAAS,Elavara MD,0013y00001fSzjFAAS,776,776,776,0,0,0,0,Other
0013y00001folMnAAI,"Beren Therapeutics, P.B.C.",0013y00001folMnAAI,90,90,90,0,0,0,0,Other
0013y00001cCieqAAC,Aire Ancient Baths Management SL,aBR3y000000wrKyGAI,64613.6594,64613.6594,63431.7022,0,1181.9572,0,0,Other
0013000001GUv0DAAT,SOLEA,0013000001GUv0DAAT,14699.3525,3760.2995,3760.2995,0,0,0,0,Other
0010000000027D7AAI,Pomeroy Technologies LLC,aBR3y000000H7kdGAC,1000,1000,1000,0,0,0,0,Other
001ed00000U0Yd7AAF,"Orange Dcx, S. de R.L. de C.V.",aBR3y000000gESpGAM,2347.5682,2347.5682,2347.5682,0,0,0,0,Other
0010M00001WJPFAQA5,L&T Finance Holdings Limited ( Org 2),aBR3y000000wn9GGAQ,9940.0189,6011.1577,6011.1577,0,0,0,0,Other
0013000000hJrm4AAC,American Petroleum Institute - 2nd Org,aBR3y0000004stZGAQ,119487.744,101260.8,0,0,0,0,101260.8,Legacy CDP
0013000001Iey4yAAB,SHIMIZU KANGYO.Corp,0013000001Iey4yAAB,35171.316,33958.512,33958.512,0,0,0,0,Other
0010M00001W8RzmQAF,Mac Hospitales,aBR3y000000yfYkGAI,18750,18750,18750,0,0,0,0,Other
0013000000JzdsaAAB,NAGANO TOYOTA JIDOSHA K.K.,aBR30000000L6FRGA0,51544.17,51139.902,51139.902,0,0,0,0,Other
0010M00001QlWVQQA3,Capital Inteligente,aBR3y000000buzRGAQ,12859.65,11659.65,11074.5,369.15,0,216,0,Other
0010M00001SIpawQAD,GoodLeap (formerly Loanpal) - Consumer Finance,aBR0M000000PBfgWAG,130000,120000,120000,0,0,0,0,Other
0013000001MjQTfAAN,Arcos Dourados Comércio de Alimentos S.A.,aBR3y000000wmkfGAA,110083.3092,110083.3092,0,0,0,0,110083.3092,Legacy CDP
0013y00001dLtC7AAK,Booking.com BV - B2B Accommodations,aBR300000004NldGAE,1368786.427,1321786.427,0,1093721.027,0,228065.4,0,Other
0010M00001P0B4uQAF,ROMA CAPITALE,aBR3y000000kCE4GAM,328321.44,65664.288,65664.288,0,0,0,0,Other
0010M00001QqwVwQAJ,"VALUE BOOKS, K.K.",aBR3y00000057MhGAI,193155.2092,193155.2092,0,193155.2092,0,0,0,Other
0013000000RaqLdAAJ,Constance hospitality management Ltd,aBR3y0000004mzRGAQ,8547.4332,8547.4332,3747.4332,0,0,4800,0,Other
0013000001Jy6GXAAZ,SCENE Limited Partnership,aBR300000004FEtGAM,926742.0224,544547.5293,0,0,0,0,544547.5293,Legacy CDP
00130000002xcJaAAI,Acts Retirement-life Communities Inc,aBR30000000PBPSGA4,335040,155040,0,109800,600,44640,0,Other
0013000000DmkTRAAZ,"MI Windows and Doors, LLC (MITER Brands)",aBR3y000000CfGfGAK,295790,64790,0,59750,0,5040,0,Other
0010M00001WHoD1QAL,"SmartRent Technologies, Inc",aBR3y000000fziLGAQ,143050,143050,114250,0,28800,0,0,Other
00130000000Pq5AAAS,"PointClickCare Technologies, Inc.",aBR0M000000bmj2WAA,52857.0629,31999.92,0,31999.92,0,0,0,Other
0013000001NXj8IAAT,Cint AB,aBR3y000000HJyVGAW,31676.4526,31676.4526,31676.4526,0,0,0,0,Other
0013y00001fFDCqAAO,"Region Design Holdings Co.,Ltd.",aBR3y000000h3qYGAQ,12089.2303,1173.9943,727.6824,0,446.3119,0,0,Other
0010M00001JzhiUQAR,FUJIFILM Holdings Corporation (Org:FUJIFILM Europe GmbH),aBR30000000L7xkGAC,31152.0835,31152.0835,31152.0835,0,0,0,0,Other
0013000001CArCyAAL,"Seminole Hard Rock Support Services, LLC",aBR300000004USnGAM,218152,218152,138152,80000,0,0,0,Other
0013y00001ce5HqAAI,National Transport Research Organisation (NTRO),aBR3y000000g1WsGAI,19408.4919,19408.4919,4727.2171,0,0,14681.2748,0,Other
0013y00001d0mJ2AAI,Mortgage Advice Bureau Ltd 3rd org,aBR3y000000XquZGAS,250980.4256,250980.4256,0,250980.4256,0,0,0,Other
0013000001GXfq7AAD,Bank of Guam (US),0013000001GXfq7AAD,15900,15900,15900,0,0,0,0,Other
001ed00000XorirAAB,Gilead Sciences Inc.,aBR300000004DMsGAM,1123497.361,884644.2011,0,856744.2011,0,27900,0,Other
0013000000ZjaKvAAJ,Bottom Line NPC Org,0013000000ZjaKvAAJ,82326.44,82326.44,0,82326.44,0,0,0,Other
0010M00001MtNonQAF,NetJets Services (2nd Org),aBR0M000000bmc1WAA,492322.32,410268.6,0,0,0,0,410268.6,Legacy CDP
0013000000RakNuAAJ,Hypera Pharma,aBR300000004RkbGAE,13339.5818,13339.5818,0,13339.5818,0,0,0,Other
0013000000hJOi1AAG,Engine (formerly Hotel Engine),0013000000hJOi1AAG,61000,40000,40000,0,0,0,0,Other
0013000001Jy00gAAB,Principal Life Insurance Company,aBR300000004EpvGAE,1815945.319,1644573.689,0,1644573.689,0,0,0,Other
0013y00001eU1eqAAC,TVS Motor Company - S  (Child Org 1),aBR3y000000yewBGAQ,16545.1155,16545.1155,0,15259.3064,0,1285.8091,0,Other
00130000016hS8sAAE,MS Financing LLC,aBR3y000000Ci2cGAC,1310687.404,1131996.04,910147.08,0,221848.9596,0,0,Other
0010M00001U3yOFQAZ,Driven Financial Technologies,aBR3y000000gFgdGAE,77435.8281,77435.8281,77435.8281,0,0,0,0,Other
0013000000RXZwUAAX,Raymond Ltd.,aBR3y000000wnAsGAI,31563.2329,26205.6949,24205.5473,0,0,2000.1476,0,Other
0013y00001c7OefAAE,"SI&C Co.,Ltd.",aBR3y00000053JjGAI,22234.7408,22234.7408,0,22234.7408,0,0,0,Other
0013y00001car1cAAA,THE SIAM COMMERCIAL BANK PUBLIC COMPANY LIMITED,aBR0M000000bpyFWAQ,256871.58,256871.58,0,256871.58,0,0,0,Other
0013000001CClGQAA1,Cipatex,aBR3y000000HDvTGAW,2091.7323,2091.7323,2091.7323,0,0,0,0,Other
0010000000282ReAAI,Inpro Corporation,aBR3y000000wrUZGAY,42104.8,41104.8,41104.8,0,0,0,0,Other
001000000027UZ7AAM,Amica Mutual Insurance Company,aBR300000004EoRGAU,150097.7548,75138.8281,75138.8281,0,0,0,0,Other
001ed00000AsgB0AAJ,"Marriott International Administrative Services, Inc..",aBR300000004ExiGAE,945839.9194,938951.791,0,892415.595,0,46536.196,0,Other
00130000006BiQGAA0,Schulthess Maschinen AG,aBR3y000000wqkPGAQ,8755.2384,3283.2144,3283.2144,0,0,0,0,Other
0013y00001be39lAAA,Survitec Group,aBR0M00000007fEWAQ,54570.2249,54570.2249,54570.2249,0,0,0,0,Other
0013y00001e5yFjAAI,The Prudential Insurance Company of America,aBR300000004EksGAE,1066276,1066276,706000,0,360276,0,0,Other
0013y00001gDZUaAAO,"NAKAMURA IRON WORKS CO.,LTD.",0013y00001gDZUaAAO,4584.3991,4584.3991,0,4584.3991,0,0,0,Other
0010M00001X8YalQAF,SCHIBSTED MEDIA PRODUCTS & TECHNOLOGY,aBR300000004Md2GAE,150908.7592,51000,51000,0,0,0,0,Other
0013000000hL7m2AAC,2U LLC,aBR300000004YnoGAE,786248.3593,473689.3652,77304.0318,382585.3334,0,13800,0,Other
0013000001FKz8LAAT,Amart Furniture Pty Ltd,aBR0M000000GoGnWAK,95517.5091,95517.5091,94211.6057,0,1305.9034,0,0,Other
0013000000M1aukAAB,"Charter Manufacturing Company, Inc.",aBR300000004P7iGAE,110997.6739,110997.6739,109625.1073,1096.5666,276,0,0,Other
0013000000ZjRGHAA3,"Cooper’s Hawk Intermediate Holding, LLC",aBR0M000000CbprWAC,36540.0102,36540.0102,14107.7302,0,0,22432.28,0,Other
00130000008eb0VAAQ,"Vista Equity Partners Management, LLC",aBR0M0000004h5kWAA,108000,108000,108000,0,0,0,0,Other
0013y00001ep16qAAA,DXentric (Marketing),aBR3y0000008XVWGA2,12000,12000,0,0,0,0,12000,Legacy CDP
0013000000I5yJ2AAJ,Groupama Assicurazioni SpA,0013000000I5yJ2AAJ,53551.7055,20582.1063,0,20582.1063,0,0,0,Other
0013000001NX6jcAAD,Lexisnexis Risk Solutions Inc.,aBR300000004F9TGAU,80340,80340,0,0,0,0,0,Legacy CDP
001ed00000UoSpUAAV,BD Liberator,aBR300000004DifGAE,85590.3703,85590.3703,40230.3703,0,39600,5760,0,Other
00130000002xcjPAAQ,"Orgill, Inc.",aBR3y0000000GU0GAM,196584.9537,189084.9537,0,189084.9537,0,0,0,Other
0013y00001cZiHmAAK,"Family Support Co., Ltd.",0013y00001cZiHmAAK,27027.0669,27027.0669,0,24465.6249,0,2561.442,0,Other
0013000001C9xLcAAJ,International Olympic Committee,0013000001C9xLcAAJ,1786920,1786920,0,1772520,0,14400,0,Other
0013y00001dy4ImAAI,Shinyoung Wacoal Inc. (MC),aBR3y000000sZz7GAE,96000,96000,0,0,0,0,96000,Legacy CDP
001ed000006IPe3AAG,Nissan Mexicana SA de CV,aBR300000004fkJGAQ,97056,42806,42806,0,0,0,0,Other
0013000000ALdWoAAL,"TaylorMade Golf Company, Inc. (MAIN ACCOUNT)",aBR0M000000CdRXWA0,693434.5403,522674.5403,0,439874.5403,0,82800,0,Other
0013000001CAsqJAAT,Snowleader,aBR3y000000CpQhGAK,82700.5811,13862.5192,13862.5192,0,0,0,0,Other
0013y00001chXM9AAM,NSW Department of Education (Main Corp Org),aBR0M000000boGvWAI,297023.8834,297023.8834,212451.4592,0,84572.4242,0,0,Other
0013000000M1REXAA3,Merseyside Police,0013000000M1REXAA3,12339.6295,12339.6295,0,12339.6295,0,0,0,Other
0013000000RaHhWAAV,"MongoDB, Inc.",aBR0M000000GnszWAC,249333.3333,66000,66000,0,0,0,0,Other
00130000000cS3sAAE,FORD OTOMOTIV SANAYI ANONIM SIRKETI,00130000000cS3sAAE,150203.6459,150203.6459,0,132203.6459,0,18000,0,Other
00130000005mDAmAAM,Nihon M&A Center Holdings Inc.,aBR3y00000056FGGAY,44049.0413,43660.944,43660.944,0,0,0,0,Other
0013000000Zm7ocAAB,Gonzaga University (Student Success & Advancement),aBR0M000000CaeuWAC,67965.3875,67965.3875,67741.2893,224.0982,0,0,0,Other
0013y00001g82d4AAA,Harvard University Division of Continuing Education,aBR30000000L82YGAS,60750,750,0,0,750,0,0,Other
0013000001CAynRAAT,Cirrus,aBR3y000000XqtpGAC,1736.1765,1038.2161,0,1038.2161,0,0,0,Other
0010M00001UEbXpQAL,"Pantero, Inc.",0010M00001UEbXpQAL,5500,500,500,0,0,0,0,Other
0013000001GYSt5AAH,"RevolutionParts, Inc.",0013000001GYSt5AAH,6000,1000,1000,0,0,0,0,Other
0013y00001eEcFsAAK,Alinghi 3,0013y00001eEcFsAAK,690.2631,690.2631,690.2631,0,0,0,0,Other
0013000000hJSRoAAO,"Granite Telecommunications, LLC",aBR300000004DsrGAE,70000,60000,60000,0,0,0,0,Other
0010M00001W8TmgQAF,Flow Control Holdings,aBR3y000000PDgwGAG,42000,42000,42000,0,0,0,0,Other
0013000001NXlEKAA1,Maryville University of St. Louis,aBR0M0000004gHnWAI,87234.7076,87234.7076,0,84762.7076,0,2472,0,Other
0013y00001cEKapAAG,Barco NV,aBR300000004LuSGAU,16732.4188,690.6333,690.6333,0,0,0,0,Other
0013y00001erMN1AAM,Demo 2023,0013y00001erMN1AAM,1076,676,400,0,0,0,0,Other
0013000001GUlhBAAT,Lanza Commercio Detergenza S.a.p.a.,0013000001GUlhBAAT,18868.1441,18868.1441,18868.1441,0,0,0,0,Other
00130000016g13LAAQ,Voortman Steel Machinery BV,aBR3y000000h4p3GAA,424.8398,424.8398,424.8398,0,0,0,0,Other
0013y00001eC1ubAAC,Saddle Rock Legal Group,0013y00001eC1ubAAC,70525,48000,48000,0,0,0,0,Other
0013y00001cNQIIAA4,Searce Cosourcing Services Pvt. Ltd. Org 2,aBR3y000000bsumGAA,18622.7724,637.8693,637.8693,0,0,0,0,Other
00130000002xJvWAAU,Belambra Holding B2C,aBR3y000000HBvHGAW,10943.6102,10943.6102,10943.6102,0,0,0,0,Other
0013000000HljIuAAJ,Varma Mutual Pension Insurance Company,0013000000HljIuAAJ,46293.3231,46293.3231,46293.3231,0,0,0,0,Other
0013000000rnvEkAAI,MOL Magyar Olaj-és Gázipari Nyrt.,aBR300000008QfjGAE,507348.0914,507348.0914,0,492901.9481,0,14446.1433,0,Other
001ed00000jfAeLAAU,FIMPE,001ed00000jfAeLAAU,720,720,0,0,0,720,0,Other
0013000000Zjai8AAB,"Alzheimer's Disease and Related Disorders Association, Inc.",aBR30000000PBPkGAO,193028.0511,193028.0511,0,190628.0511,0,2400,0,Other
0010M00001PE3JMQA1,Hinode,aBR3y000000LI6tGAG,9511.1192,9511.1192,0,9511.1192,0,0,0,Other
0013000000rp4gaAAA,Previ,0013000000rp4gaAAA,72721.8383,63236.3811,0,0,0,0,63236.3811,Legacy CDP
00130000002xYO9AAM,"Rockler Companies, Inc.",aBR3y000000H7qRGAS,143957.0256,61457.0256,0,52457.0256,0,9000,0,Other
0013000000Iknt9AAB,Companhia Energética de Minas Gerais - CEMIG,aBR0M00000006K5WAI,64950.8846,54568.7008,0,52344.1756,0,2224.5252,0,Other
0010M00001SHyeIQAT,Meilleurtaux Placement SAS,aBR3y000000HIsiGAG,7551.3931,7551.3931,7551.3931,0,0,0,0,Other
0013000000hJVzFAAW,Laboratoires Rivadis Sas,aBR30000000XaVvGAK,96417.0629,60279.8163,0,60279.8163,0,0,0,Other
0010M00001SHwPuQAL,Foxway AB,aBR3y00000114CvGAI,35631.0137,35631.0137,33899.3374,0,1731.6763,0,0,Other
0013000001CDkWfAAL,School of Visual Arts (MAIN),aBR0M000000CagKWAS,9375,6375,6375,0,0,0,0,Other
0013000001IgPLaAAN,SOCIETE NATIONALE SNCF,aBR300000004I2sGAE,680529.3592,680529.3592,47880.21,0,632649.1492,0,0,Other
0013y00001cMwGfAAK,Japan Corporate Advisory Institute,0013y00001cMwGfAAK,41639.604,41235.336,41235.336,0,0,0,0,Other
0013000000Zjac0AAB,YMCA of San Francisco*,aBR0M000000LCJqWAO,26276,1276,1276,0,0,0,0,Other
0013000001GUWL0AAP,Loomis AB,aBR3y000000HDRKGA4,28086.9153,28086.9153,0,28086.9153,0,0,0,Other
0010M00001QlLsXQAV,"JAKALA SPAIN AND LATAM, S.L.",0010M00001QlLsXQAV,18788.1944,18788.1944,0,0,0,0,18788.1944,Legacy CDP
0010M00001SImsIQAT,PRESIDENT INC.(main),aBR3y00000051xcGAA,88854.8722,88854.8722,0,88631.7163,0,223.1559,0,Other
0010M00001WYmd1QAD,Columbia Bank,aBR300000004EavGAE,177856,177856,37120,0,140736,0,0,Other
0013y00001dOIEqAAO,North Carolina CC System-Workforce Development,aBRed000000BhPqGAK,42000,42000,42000,0,0,0,0,Other
0013y00001d7H6VAAU,Aristo Pharma GmbH,aBR30000000XeF2GAK,164948.6915,164948.6915,0,0,0,0,164948.6915,Legacy CDP
0013000001Kc0bGAAR,MFM INVESTMENT Ltd Italian Branch,0013000001Kc0bGAAR,78720.5372,1094.4048,1094.4048,0,0,0,0,Other
0010M00001UM1l0QAD,Mizuno EMEA Corporation BV,0010M00001UM1l0QAD,61676.6417,61676.6417,0,61676.6417,0,0,0,Other
0013000000M1ZnLAAV,University of Missouri - Saint Louis,aBR30000000PAxlGAG,4276,4276,2500,1500,276,0,0,Other
0010M00001QkrMtQAJ,Medecins Sans Frontieres Australia Limited,aBR3y0000000O72GAE,46455.1001,46455.1001,0,23743.7359,0,22711.3642,0,Other
0013000000GIhu6AAD,Thai Life Insurance Public Company Limited,aBRed00000088QDGAY,28320,28320,28320,0,0,0,0,Other
0013y00001g9J7qAAE,EINA - Centre Universitari de Disseny i Art de Barcelona,aBRed0000004i2TGAQ,3447.3751,3447.3751,0,3447.3751,0,0,0,Other
0013y00001cSXuuAAG,American National University,aBR0M000000GvzVWAS,26387.1314,26387.1314,24587.1314,0,1800,0,0,Other
0013000000GKlWrAAL,Terrapinn holdings ltd,0013000000GKlWrAAL,77667.4878,69284.3144,0,53565.8644,0,15718.45,0,Other
0010M00001Sel1zQAB,Ennovative Pty Ltd - ISV Edition,aBR3y0000004kWdGAI,5939.0217,734.3341,473.1534,0,261.1807,0,0,Other
0013000000ro3SCAAY,OPENLANE,aBR3y000000CnWXGA0,171993.3984,145936.1348,0,0,0,0,145936.1348,Legacy CDP
0013000000M12uAAAR,MSC Mediterranean Shipping Company S.A.,aBR300000004N1VGAU,34670.7441,34670.7441,0,32832.144,0,1838.6001,0,Other
0013000000RZTzrAAH,Oxford Nanopore Technologies,0013000000RZTzrAAH,94039.4174,50833.8779,49729.8779,0,1104,0,0,Other
0013y00001YbVF9AAN,Cochlear Limited,aBR300000004CJTGA2,71453.4,71453.4,0,71453.4,0,0,0,Other
0013y00001epV0sAAE,The Scout Association Of Australia/Western Australian Branch,0013y00001epV0sAAE,2502.9486,2502.9486,0,458.9258,0,2044.0228,0,Other
0013y00001fZbIgAAK,"UZABASE, INC.",aBR3y000000yh0tGAA,341.381,186.5459,186.5459,0,0,0,0,Other
00130000016isxdAAA,"SETAGAYA SHIZEN SHOKUHIN, K.K.",00130000016isxdAAA,365021.9061,295885.3663,0,0,0,0,295885.3663,Legacy CDP
00100000001HioZAAS,Duke Energy Business Services LLC (MAIN),aBR300000004DvfGAE,458540,458540,0,67700,0,390840,0,Other
00130000016hbPjAAI,"Focus Advisors, Inc",00130000016hbPjAAI,18360,18360,18360,0,0,0,0,Other
0013000001MnrE4AAJ,Steelcase MAIN,aBR300000004DGeGAM,150000,150000,0,150000,0,0,0,Other
0013y00001dXO3gAAG,Adalvo Ltd.,aBRed0000003LBBGA2,105205.8629,105205.8629,0,26408.7173,0,78797.1456,0,Other
0013000001KaZNzAAN,audibene GmbH,aBR3y000000HBQMGA4,820.8036,820.8036,0,0,820.8036,0,0,Other
00100000001axhaAAA,"General Motors Holdings, LLC",aBR300000004C9MGAU,619786.8681,591776.6558,80036.7287,442173.6277,0,69566.2994,0,Other
0013000000Zjs4kAAB,Clube de Regatas do Flamengo,aBR3y000000HDvXGAW,1040.8394,1040.8394,1040.8394,0,0,0,0,Other
0013y00001cFZgtAAG,Express Wash Concepts,aBR3y000000kBe2GAE,200499.4761,118646.6535,88766.4234,4200.2301,3600,22080,0,Other
0013y00001d9OgDAAU,Allura y peimondt,0013y00001d9OgDAAU,1313.2858,1313.2858,0,1313.2858,0,0,0,Other
0013000001Jxw2nAAB,Hotel & Tourism Management PTY. LTD,0013000001Jxw2nAAB,141115.3245,141115.3245,0,132030.7788,0,9084.5457,0,Other
0013000001J60f3AAB,Sammode,0013000001J60f3AAB,2785.155,1691.7487,1691.7487,0,0,0,0,Other
0013000000HkmgZAAR,Prodigios Interactivos S.A.,aBR300000004NGoGAM,56416.5675,56416.5675,0,53789.9959,0,2626.5716,0,Other
0013y00001g8jMjAAI,Logitech Europe S.A,aBR300000004DZTGA2,1179000,1059000,0,0,0,0,1059000,Legacy CDP
00130000002xciaAAA,First Horizon Bank,aBR300000004EXzGAM,987437.3887,987437.3887,14854.5079,970782.8808,0,1800,0,Other
0010M00001WYAw7QAH,"Fidelity Information Services, LLC",aBR300000004F5zGAE,1375365.329,1157084.934,263855.4217,866469.5126,0,26760,0,Other
0013000000rnxFBAAY,PatientPoint (Orange Org),aBR3y000000H7i3GAC,17776,17776,17776,0,0,0,0,Other
0013000001L5xJpAAJ,GlobeNet Travel*,aBR3y0000004kkXGAQ,3548.6507,3548.6507,0,3548.6507,0,0,0,Other
00130000016hbSTAAY,Concordia Plan Services,aBR300000004PJlGAM,98990.1424,81000,81000,0,0,0,0,Other
0013y00001cyfwcAAA,Oxfam Mexico A.C. RFC: OME960319729 -,aBRed0000004wOuGAI,700.22,700.22,700.22,0,0,0,0,Other
00130000016hsajAAA,Blackbaud,aBR300000004F6RGAU,51595,19095,19095,0,0,0,0,Other
0013000000NPQyQAAX,"Joban Kosan Co.,Ltd.",aBR3y0000004zdGGAQ,42513.0654,42513.0654,0,42513.0654,0,0,0,Other
00130000016glLvAAI,"Aboff's, Inc.",00130000016glLvAAI,16900,16900,0,16900,0,0,0,Other
0013000000ILaP6AAL,Dun & Bradstreet Information Services India Pvt Ltd,0013000000ILaP6AAL,59451.8133,59451.8133,0,56122.9964,0,3328.8169,0,Other
0010M00001PE4rVQAT,QUIBIM SOCIEDAD LIMITADA.,0010M00001PE4rVQAT,901.4393,901.4393,0,0,0,901.4393,0,Other
00130000002x8XwAAI,Kruger Products Inc,aBR0M000000bmHTWAY,349050,268500,0,0,0,0,268500,Legacy CDP
0010M00001U3yIlQAJ,Beta Bionics,aBR3y000000wlmnGAA,1247.1,1247.1,1247.1,0,0,0,0,Other
0010M00001P0PDnQAN,"United Airlines, Inc.",aBR300000004DpBGAU,40712.8985,40712.8985,0,40712.8985,0,0,0,Other
0013000001GUMt5AAH,S. Karger AG,aBR30000000Xg3EGAS,45965.0016,45965.0016,45965.0016,0,0,0,0,Other
00100000001KsQCAA0,Six Flags Entertainment Corporation,aBRed0000004pC5GAI,288150,21250,21250,0,0,0,0,Other
0013y00001fvAazAAE,Proquire LLC,aBR300000004Fk5GAE,133002,32002,1902,100,30000,0,0,Other
0013000001GWY0DAAX,O.P.A.P. GREEK ORGANIZATION OF FOOTBALL PROGNOSTICS S.A (B2C Org),aBR3y000000HAuZGAW,79709.5149,72271.6378,0,67018.4948,0,5253.143,0,Other
0013000000NQA8TAAX,"TerraSky Co., Ltd.(main)",aBR3y00000057XqGAI,24409.1443,21392.466,0,21392.466,0,0,0,Other
0013000001CDygNAAT,JFE ENGINEERING CORPORATION(産業機械事業),aBR30000000L6BgGAK,47501.49,43660.944,43660.944,0,0,0,0,Other
0013000000ZkDbMAAV,Grand Ole Opry,aBR3y000000H7rVGAS,95760,95760,0,95760,0,0,0,Other
00130000002x9LyAAI,Groupe Atlantic UK & ROI,aBR3y000000HDiaGAG,72937.5029,44011.6602,44011.6602,0,0,0,0,Other
0010M00001U3rJnQAJ,"Monogram Health, Inc.",aBR3y00000116kuGAA,353106,183606,141276,42330,0,0,0,Other
0013y00001cfxJvAAI,Coterie Insurance,aBR3y000000btanGAA,42350,9850,8050,0,1800,0,0,Other
0010M00001V6YLxQAN,Thermo Fisher Scientific Inc.,aBR300000004DiXGAU,290234.9452,75181.3412,75181.3412,0,0,0,0,Other
0010M00001XyR46QAF,e.optimum AG,0010M00001XyR46QAF,6970.4649,6970.4649,6970.4649,0,0,0,0,Other
0013000000RXdxcAAD,Lucet,aBR0M000000Xp4jWAC,108078.2374,108078.2374,0,108078.2374,0,0,0,Other
0013000001He5wTAAR,NETERRA EOOD,0013000001He5wTAAR,715.1159,715.1159,596.6949,118.421,0,0,0,Other
0013000000Gu2qkAAB,AXA Ireland Ltd.,aBR300000004LZ5GAM,201723.0566,179788.8205,0,0,0,0,179788.8205,Legacy CDP
0013000000JITj2AAH,PASSEPARTOUT S.P.A.,aBR3y000000wkUwGAI,255.1282,255.1282,255.1282,0,0,0,0,Other
0013000000FL0jxAAD,Foodstuffs North Island Limited,aBR3000000001rLGAQ,10916.2829,1924.4946,1648.4946,0,276,0,0,Other
0010M00001WZ3EoQAL,Blue Cross and Blue Shield of North Carolina,aBR300000004EmhGAE,516019.5489,502378.1473,108208.1941,159971.9855,61682.2968,35231.7109,0,Other
00130000002xbLLAAY,NAMSA - Parent Acct,aBR0M0000004h2CWAQ,85321.3028,85000,85000,0,0,0,0,Other
0013y00001eqNXdAAM,AGRIMONTANA INTERNATIONAL,0013y00001eqNXdAAM,3782.7439,3782.7439,3782.7439,0,0,0,0,Other
0013000000rpkHGAAY,Joyce Meyer Ministries,0013000000rpkHGAAY,249653.6924,109000,0,109000,0,0,0,Other
0013000001GgznTAAR,Walo Bertschinger Central AG,aBR300000004N1RGAU,7857.7041,2276.2397,2276.2397,0,0,0,0,Other
0013y00001cMw6zAAC,JSOL CORPORATION,aBR3y00000057EbGAI,9521.3199,1435.9599,1435.9599,0,0,0,0,Other
0013y00001fSlgVAAS,"Golfzon County Co.,LTD. (MC)",aBR3y000000HOWWGA4,74420.96,74420.96,0,71600,0,2820.96,0,Other
0013000000IkiBPAAZ,Grupo ADO,aBR3y0000004kJoGAI,41250,37750,37750,0,0,0,0,Other
0010M00001QkcP4QAJ,The Boeing Company,aBR300000004Dh5GAE,71882.944,50000.04,50000.04,0,0,0,0,Other
00130000009lkTXAAY,Banco Popular,aBR0M000000LBWXWA4,400085.5,375247.5,0,318247.5,0,57000,0,Other
0013y00001dxf3xAAA,SchoolsFirst FCU,aBR0M000000GoyNWAS,44619.4388,44619.4388,44619.4388,0,0,0,0,Other
00130000009wxMbAAI,DECATHLON SE,aBR300000004HtlGAE,6075.1397,6075.1397,0,6075.1397,0,0,0,Other
0013000000ZknYTAAZ,GDIT / General Dynamics Information Technology (Primary Account),aBR0M000000GofVWAS,10350,5175,5175,0,0,0,0,Other
0013000000RYbGfAAL,ITAU UNIBANCO S.A.,aBR300000004RnRGAU,3342384.658,3342384.658,0,2574426.54,0,767958.118,0,Other
0013000000K88w0AAB,Prime Financial Group,aBR30000000XbEaGAK,41959.2455,41959.2455,41959.2455,0,0,0,0,Other
0013000000IknbyAAB,Scotiabank Colpatria S.A. (Data Cloud),aBR3y0000008XaLGAU,50517.9915,50517.9915,0,45717.9915,0,4800,0,Other
00100000001CwQkAAK,"Trueblue, Inc.",aBR300000004F45GAE,258865.146,193265.146,0,153665.146,0,39600,0,Other
0013000000NRiDMAA1,TeamSpirit Inc.,aBR3y0000004zlPGAQ,5004.9061,5004.9061,5004.9061,0,0,0,0,Other
0013000001GUWvsAAH,Suavinex Group SL,0013000001GUWvsAAH,6156.027,6156.027,6156.027,0,0,0,0,Other
0013000000RXQoMAAX,"PRIO ENERGY, S.A.",0013000000RXQoMAAX,45965.0016,45965.0016,0,45965.0016,0,0,0,Other
00100000002CrVuAAK,NCL (Bahamas) Ltd.,aBR3y000000ye30GAA,1098398,1098398,0,1098398,0,0,0,Other
00130000016jpeRAAQ,Hästens Limited,aBR3y0000004ukUGAQ,102184.4565,96061.3814,82928.5238,0,0,13132.8576,0,Other
0013000001GWA7uAAH,CORE Foodservice,aBR300000004FBoGAM,59400,59400,59400,0,0,0,0,Other
0010M00001QnNbiQAF,Medely,aBR3y0000004pq9GAA,43067.5,43067.5,0,43067.5,0,0,0,Other
0013y00001gCsB2AAK,OhioDAS - OIT - eLicensing Org 2,aBR0M000000CchyWAC,50000,37500,37500,0,0,0,0,Other
0013y00001eux6mAAA,REWE Digital GmbH - ZooRoyal 2.0,aBR30000000Xd2MGAS,132987.669,132987.669,0,132987.669,0,0,0,Other
0010M00001Xy64IQAR,Baptist Health South Florida,aBR300000004FOpGAM,342603.6,191603.64,0,116250,15077.64,60276,0,Other
0013000000NPgoDAAT,DELTA DORE,0013000000NPgoDAAT,34613.8445,3146.7131,3146.7131,0,0,0,0,Other
0010M00001VMZydQAH,Zurich Life Assurance Plc,aBR300000004U5LGAU,130652,30650,20750,0,9900,0,0,Other
001ed00000cLOkbAAG,Walnut Creek Luxury Cars LLC,001ed00000cLOkbAAG,562.5,562.5,375,187.5,0,0,0,Other
0013000000AbbTGAAZ,Reece Australia Pty LTD,aBR300000004CDvGAM,10244.9972,518.5593,518.5593,0,0,0,0,Other
00130000007Ela7AAC,"United Site Services, Inc.",00130000007Ela7AAC,125667.8832,125667.8832,0,125667.8832,0,0,0,Other
0010M00001ULsv5QAD,"Reyes Holdings, L.L.C.",aBR300000004EF1GAM,23944.3132,3133.0662,2370,763.0662,0,0,0,Other
0013000001L6HoFAAV,Prosumia,aBR3y000000bt8GGAQ,166146,166146,95550,2400,62436,5760,0,Other
0013000001L6Gw8AAF,"Kao Industrial (Thailand) Co., Ltd.",0013000001L6Gw8AAF,42560,42560,0,39200,0,3360,0,Other
0010M00001QkQJzQAN,Polestar performance AB,0010M00001QkQJzQAN,164545.1983,162274.7783,0,137887.0034,0,24387.7749,0,Other
0013000001NXB1LAAX,RE/MAX Germany - REF Real Estate Franchise GmbH,0013000001NXB1LAAX,7989.155,7989.155,0,6675.8692,0,1313.2858,0,Other
0013y00001cNPKmAAO,Crohns & Colitis Foundation Inc.,aBR30000000PBTWGA4,67114.5235,57120,0,48000,0,9120,0,Other
0010M00001SJ16rQAD,"Fisher Asset Management, LLC (d/b/a Fisher Investments)",aBR0M000000GzMnWAK,116001.6884,116001.6884,0,116001.6884,0,0,0,Other
0013000001CAtWKAA1,Twist BioScience Corporation,aBR3y000000btHBGAY,46285.0019,46285.0019,0,42685.0019,0,3600,0,Other
00130000000T6hNAAS,memoryBlue,aBR3y0000004vC1GAI,17583.9416,8791.9708,8791.9708,0,0,0,0,Other
0010M00001SIwbSQAT,Fulton Financial Corporation (nCino Org),aBR300000004EtUGAU,319169.3791,319169.3791,0,315857.3791,0,3312,0,Other
001ed000009gz6jAAA,CLIENT CO SERVIÇOS DE REDE NORDESTE S.A,aBR3y000000yfSiGAI,736119.7134,736119.7134,0,616656.4666,0,119463.2468,0,Other
0013y00001cHWDUAA4,Brookfield Corporation,aBR3y000000H6HWGA0,5776,5776,5776,0,0,0,0,Other
001300000082qyFAAQ,Skan AG,001300000082qyFAAQ,20355.9293,17729.3578,17729.3578,0,0,0,0,Other
0013y00001f61STAAY,CH-Media B2C,aBR30000000XirKGAS,148153.4831,51332.3592,0,40563.416,0,10768.9432,0,Other
0013y00001cbBKGAA2,Grupo Cimarron,0013y00001cbBKGAA2,992.3438,992.3438,992.3438,0,0,0,0,Other
0013000000RYstOAAT,"Wellesley Information Services, LLC",aBR3y000000TRSRGA4,95400,95400,0,94680,0,720,0,Other
0013000000IkqzmAAB,Scotiabank Chile,aBR3y000000HE2oGAG,18750,18750,18750,0,0,0,0,Other
001ed00000DZtJtAAL,"Versant Media, LLC",aBR300000004C9KGAU,868662.38,768662.38,249662.38,0,519000,0,0,Other
0010M00001WACjjQAH,Chicago Mercantile Exchange Inc.,aBR3y000000H6qNGAS,45944.3609,45944.3609,45944.3609,0,0,0,0,Other
00130000002vzHpAAI,Cornell Lab of Ornithology,aBR30000000L0IqGAK,215697.7996,215697.7996,0,204897.7996,0,10800,0,Other
00130000016gEL8AAM,"Risepoint, LLC",aBR3y0000004oWeGAI,574380,38880,38880,0,0,0,0,Other
0013000001L5m50AAB,Hutt St Centre,aBR3y000000TUfMGAW,3974.4887,3974.4887,1135.5682,1135.5682,0,1703.3523,0,Other
001ed000006qcXEAAY,Arctera US LLC,aBR30000000Xml6GAC,85162,85162,0,85162,0,0,0,Other
0013000000ZjbZnAAJ,MOTHERS AGAINST DRUNK DRIVING,aBR0M000000LCYaWAO,334425,334425,0,0,0,0,334425,Legacy CDP
001ed00000N0JDXAA3,"ALL NIPPON AIRWAYS CO., LTD.",aBR30000000L6IKGA0,18002.9098,18002.9098,17464.3776,538.5322,0,0,0,Other
0010M00001W7s0cQAB,NEPES Corporation,aBR3y000000HOAGGA4,11989.051,6660.5839,6660.5839,0,0,0,0,Other
001200000001W8pAAE,Siemens Corporation,aBR300000004H4YGAU,356500,100625,100625,0,0,0,0,Other
00130000002x9gxAAA,Oxfam GB,aBR0M000000PBgAWAW,241493.6921,241493.6921,0,241493.6921,0,0,0,Other
00130000001Mx4TAAS,Marel HF,aBR3y000000HDH3GAO,47387.7277,47387.7277,0,47387.7277,0,0,0,Other
0013000000ZioQWAAZ,L&T Finance Holdings Limited,aBR3y000000HS2kGAG,43047.9351,18295.3724,18295.3724,0,0,0,0,Other
0013000001CBG78AAH,Delhivery Limited,aBR3y000000HRLDGA4,75021.9619,52921.7605,0,52921.7605,0,0,0,Other
0013y00001dNie4AAC,Localiza Seminovos,aBR300000004RjJGAU,482375.255,482375.255,398713.2967,81400.8243,2261.134,0,0,Other
0013000000NPme0AAD,Total Environment Building Systems Private Limited,aBR3y000000HRjJGAW,22152.11,21680.6467,21138.4638,0,542.1829,0,0,Other
0013y00001e67lmAAA,California Physicians' Service d/b/a Blue Shield of California - Data Cloud,aBR300000004EmiGAE,94076,94076,0,34076,0,60000,0,Other
0013y00001cSN3iAAG,"TIP de México, S.A.P.I. de C.V.",aBR3y000000sZ9qGAE,33944.7153,33944.7153,0,29624.7153,0,4320,0,Other
0013000000M2t5iAAB,"Gaggle.net, Inc. (SDR NO TOUCH)",aBR3y000000cFyaGAE,7176,6176,6176,0,0,0,0,Other
001ed00000LcMrTAAV,Concentrix Solutions Corp.,aBR3y000000bsIkGAI,36787.1008,36787.1008,36787.1008,0,0,0,0,Other
001ed00000NvIG0AAN,"Fabeee, Inc.",aBR3y0000000OYQGA2,404.268,404.268,404.268,0,0,0,0,Other
0013000000IkksKAAR,Teachers Health Federation Ltd,aBR3y000000H8ajGAC,124912.5034,124912.5034,0,56778.4106,68134.0928,0,0,Other
00100000000MY1KAAW,Kaufman Rossin & Co. PA,aBR3y0000004svyGAA,1738.9259,1738.9259,1462.9259,0,276,0,0,Other
0013000001GUbJFAA1,D.B. GROUP S.P.A.,aBRed0000004pDtGAI,8929.4844,1640.1093,1640.1093,0,0,0,0,Other
0013000001Gl6A9AAJ,Tnuva,aBR3y000000HCOIGA4,192088.5583,91735.626,455.626,80480,0,10800,0,Other
00100000001bVlsAAE,Sunset Learning,00100000001bVlsAAE,14582.2168,355.6638,355.6638,0,0,0,0,Other
0013000001GUfAkAAL,OMEGA FUSIBILI SPA,aBR3y000000Cl9qGAC,3593.0062,3593.0062,0,3593.0062,0,0,0,Other
00130000016gtR6AAI,SBA - Data Cloud Prod,aBR300000004UDlGAM,54300,54300,0,54300,0,0,0,Other
0013000000HIoUhAAL,Il Sole 24 Ore SpA,aBR3y000000HUIkGAO,33986.711,1093.4062,1093.4062,0,0,0,0,Other
0010M00001Jzq2nQAB,Aethon Holding B.V.,aBR3y000000HAYUGA4,17510.4768,8755.2384,8755.2384,0,0,0,0,Other
0013000000JgAa7AAF,QIAGEN GmbH,aBR300000004HFsGAM,794.5378,794.5378,794.5378,0,0,0,0,Other
0013000001CBOk4AAH,ENGIE INFORMATION ET TECHNOLOGIES SA,aBR300000004I0ZGAU,529517.298,399915.892,0,227052.7784,0,172863.1136,0,Other
0013y00001g8TfGAAU,Powering Australia Ltd,0013y00001g8TfGAAU,6949.8897,6885.3286,6885.3286,0,0,0,0,Other
00130000003Fv9BAAS,Liberty Iberoamerica S.L.U.,aBR3y000000TOjQGAW,363905.6811,52169.1992,44969.1992,0,7200,0,0,Other
0013y00001dXI4iAAG,Bacardi Martini BV,aBR300000004N3vGAE,1218036.866,1218036.866,0,507936.8659,0,710100,0,Other
0010M00001UMbzLQAT,Casa Tradición S.A de C.V,0010M00001UMbzLQAT,115722.0865,115722.0865,0,111642.0865,0,4080,0,Other
00130000016iuRWAAY,Manipal Academy of Higher Education,aBR3y000000HSePGAW,7714.8547,7714.8547,0,0,0,7714.8547,0,Other
0013000000E1rjUAAR,BANYAN TREE HOTELS & RESORTS PTE. LTD.,aBR3y000000H8pDGAS,142949.8353,96949.8357,0,96949.8357,0,0,0,Other
0013y00001dWyF2AAK,"NIMA Partners, LLC",0013y00001dWyF2AAK,757.6415,757.6415,757.6415,0,0,0,0,Other
001ed00000kjCSNAA2,Nucleus Network UK,aBR3y0000004tzNGAQ,3271.6892,3271.6892,3271.6892,0,0,0,0,Other
0013y00001cQIilAAG,Amtrak CDP Production,aBR300000004UPdGAM,1110200.32,1110200.32,0,1057846.36,0,52353.96,0,Other
00130000016gyDHAAY,"Automation Anywhere, Inc. parent",aBR0M000000Gof4WAC,165906,165906,0,0,0,0,0,Legacy CDP
0013000000ZjaJ9AAJ,The Huntington,0013000000ZjaJ9AAJ,134193.6131,134193.6131,0,104193.6131,0,30000,0,Other
0010M00001QaIx4QAF,EMBRAER S.A,aBR300000004Rl4GAE,107957.2342,107957.2342,4946.1948,0,103011.0394,0,0,Other
0013000000RX5iWAAT,DriveWealth,aBR3y0000004pRgGAI,7920,7920,7920,0,0,0,0,Other
0013y00001gfipBAAQ,ITALIANA PETROLI,aBR0M000000GpvrWAC,76595.3919,76595.3919,0,74494.1347,0,2101.2572,0,Other
0013y00001eBNExAAO,FPT Software Company Limited,aBR0M000000bq09WAA,16351.7671,16351.7671,16351.7671,0,0,0,0,Other
0013y00001embZ1AAI,American Family Life Assurance Company of Columbus,aBR300000004EluGAE,381833.081,251833.121,0,251833.121,0,0,0,Other
0013y00001d0a1PAAQ,Leisure Networks Association Inc,aBR3y000000wsOoGAI,2316.3364,2316.3364,2316.3364,0,0,0,0,Other
0013000000hL0KlAAK,Bouygues Telecom,aBR3y000000woCzGAI,958332.9316,595552.4008,225496.6264,22557.5283,183467.6138,164030.6323,0,Other
001ed000009n3XRAAY,With Intelligence Limited,aBR0M00000007iNWAQ,20249.7618,11525.2571,11525.2571,0,0,0,0,Other
0013000000M1XO7AAN,Majoituspalvelu Forenom Oy,0013000000M1XO7AAN,5335.2234,5335.2234,4924.8216,410.4018,0,0,0,Other
0013y00001fEtehAAC,Pro-Spectus,0013y00001fEtehAAC,50967.9307,50967.9307,49587.9307,0,1380,0,0,Other
0013000000ZjjHQAAZ,CTT - Correios de Portugal SA,aBR3y000000HCGDGA4,153362.5926,153362.5926,0,146796.1638,0,6566.4288,0,Other
00130000003ZN2QAAW,Experian Colombia SA,aBR3y000000brELGAY,49276,1776,1500,0,276,0,0,Other
0013y00001h7ZERAA2,"NISHIGAKI CO., LTD.",0013y00001h7ZERAA2,21614.8624,21614.8624,0,19674.376,0,1940.4864,0,Other
0010M00001Xy2NLQAZ,"Biz Boost Co., Ltd.",aBR3y00000053UdGAI,308.4564,308.4564,0,308.4564,0,0,0,Other
0013y00001e2p72AAA,ZuttoRide Corporation,aBR3y000000LDzxGAG,817.1044,429.2197,429.2197,0,0,0,0,Other
00130000002x9J7AAI,Ford Retail - Europe,aBR3y000000XqAAGA0,68298.3,63024.3,0,0,0,0,63024.3,Legacy CDP
0013y00001fnrNRAAY,SunSpace Solar GmbH,0013y00001fnrNRAAY,13345.4176,13345.4176,13345.4176,0,0,0,0,Other
0013y00001fSw8pAAC,Accion Opportunity Fund,aBR0M000000LCZiWAO,600,600,0,0,600,0,0,Other
0013y00001e5u6bAAA,Bangkok Life Assurance Public Company Limited,aBR3y000000wsYUGAY,41914.781,41914.781,41581.7518,333.0292,0,0,0,Other
0013y00001dkBYAAA2,Azienda Regionale Della Salute Regione Sardegna,0013y00001dkBYAAA2,87484.1334,87484.1334,87484.1334,0,0,0,0,Other
0013y00001XzHFsAAN,"Ecolog Co., Ltd.",aBR3y00000053JyGAI,77619.456,36869.2416,36869.2416,0,0,0,0,Other
0013y00001d1m90AAA,"Huvitz Co.,Ltd.",0013y00001d1m90AAA,11751.1177,11751.1177,5619.8677,0,0,6131.25,0,Other
0013000001NXjsOAAT,"School Specialty, LLC",aBR0M000000GnsUWAS,1766140.836,1306140.876,1159740.876,21600,120000,4800,0,Other
00130000002xJHkAAM,Bidafarma SCA,00130000002xJHkAAM,48571.2697,38249.6119,0,0,0,0,38249.6119,Legacy CDP
0013y00001coi5WAAQ,Sol Millennium 2nd Org,aBR3y0000000QwGGAU,402,402,0,0,0,402,0,Other
0013000000EzzIdAAJ,Wacker Chemie AG,aBR300000004HVZGA2,283205.9102,191359.7848,188339.2276,0,3020.5572,0,0,Other
0010M00001WkY4nQAF,Precisely Software Incorporated,aBR3y000000TPIdGAO,60000,60000,60000,0,0,0,0,Other
001300000009xjyAAA,Brown-Forman Corporation*,aBR3y0000004j1SGAQ,10176.896,1108.573,1108.573,0,0,0,0,Other
0010M00001QknaXQAR,Stratasys (New Org),aBR0M000000bonxWAA,206698.591,174358.3406,160865.7338,13492.6068,0,0,0,Other
0013000000LzlQzAAJ,7SPEAKING SA,0013000000LzlQzAAJ,4924.8216,4924.8216,4924.8216,0,0,0,0,Other
0013y00001cw3y3AAA,NORTHERN POWER DISTRIBUTION COMPANY OF TELANGANA LIMITED,aBR3y000000bswEGAQ,4445.5065,2358.299,2087.2076,0,271.0914,0,0,Other
0013000000rnMAAAA2,Uniprint.net Corp,0013000000rnMAAAA2,11220.32,11220.32,7591.2,3629.12,0,0,0,Other
001ed00000QfqlJAAR,Golden Touch Jewellery,001ed00000QfqlJAAR,472.7833,472.7833,472.7833,0,0,0,0,Other
0013000000ZmBa3AAF,S.E. Palmeiras,0013000000ZmBa3AAF,43928.9526,38545.3002,0,35361.6235,0,3183.6767,0,Other
0010M00001QqSCiQAN,Informatica LLC,aBR3y000000PDXwGAO,8.19E-12,8.19E-12,0,8.19E-12,0,0,0,Other
0013y00001cQ379AAC,Multitravel S.A,0013y00001cQ379AAC,5157.2628,2160,0,0,0,2160,0,Other
0013000001Jy0bwAAB,Supermercados La Colonia,aBR3y0000000QjJGAU,43266,43266,0,42750,0,516,0,Other
0013000000HIhozAAD,CJD Equipment,0013000000HIhozAAD,42816.0056,42816.0056,40204.1987,0,0,2611.8069,0,Other
0013y00001bf2oEAAQ,Botanic Tonics,0013y00001bf2oEAAQ,16500,6000,6000,0,0,0,0,Other
0013000001MrsxTAAR,ZIAJA LTD ZAKLAD PRODUKCJI LEKOW SP Z O O,0013000001MrsxTAAR,64931.9156,64931.9156,0,58628.144,0,6303.7716,0,Other
0013000000ZmgYnAAJ,Easypark Ab,aBR3y00000116rwGAA,65664.288,65664.288,65664.288,0,0,0,0,Other
001ed00000ljdgVAAQ,Pierre Fabre SA,aBR30000000XnLZGA0,275574.2959,275574.2959,275574.2959,0,0,0,0,Other
001ed00000QDQdgAAH,Cambridge Casual,001ed00000QDQdgAAH,3840,3840,0,0,0,3840,0,Other
0013000001M0biLAAR,BBB spa,0013000001M0biLAAR,92940.8258,64402.9226,64402.9226,0,0,0,0,Other
0013y00001fFER8AAO,MSN URBAN VENTURES LLP,aBR0M00000009GnWAI,3506.0621,3506.0621,1841.6537,0,0,1664.4084,0,Other
0013y00001bexAOAAY,Cincinnati USA Regional Chamber,aBR3y0000011HKCGA2,772,380,380,0,0,0,0,Other
0013000001MsB0sAAF,Küche & Co. GmbH,aBR3y000000ygBnGAI,17729.3578,17729.3578,17729.3578,0,0,0,0,Other
00100000000Cc6QAAS,athenahealth Inc. *,aBR300000004PpMGAU,367429.2093,200617.7617,199226.3968,0,1391.3649,0,0,Other
0013y00001cSVkJAAW,Mediaworks Holdings Limited,aBR3y0000004ikmGAA,37183.6538,37183.6538,0,37183.6538,0,0,0,Other
0013000000ZmUJpAAN,"Juniper Networks, Inc.",aBR300000004DZcGAM,50256,8676,8400,0,276,0,0,Other
0013000000NPZgzAAH,NIM-Operating Services,aBR3y000000wlL7GAI,48729.4681,46540.6585,0,46540.6585,0,0,0,Other
0010M00001VKfscQAD,Nova Wealth Management,aBRed000000C69hGAC,49090.9911,38478.7658,0,38478.7658,0,0,0,Other
0013000001GWf4MAAT,A.I. Real Estate Technologies Inc.,aBR3y000000H6E2GAK,27608.3243,27608.3243,27608.3243,0,0,0,0,Other
0010M00001QahqoQAB,bp International Ltd,aBR300000004FsHGAU,2581517.135,2466478.158,0,1515840.387,0,950637.771,0,Other
0013000001J6afaAAB,"FreewayJapan Co.,Ltd",0013000001J6afaAAB,4265.8359,4265.8359,4042.68,0,223.1559,0,0,Other
001ed000006q8SjAAI,The Manors VA,001ed000006q8SjAAI,4776,776,776,0,0,0,0,Other
0013y00001ce2H7AAI,Tricentis Americas Inc (Triforce),aBR3y000000h417GAA,666.0584,666.0584,666.0584,0,0,0,0,Other
0010M00001QqcSyQAJ,Supermercado Hirota Ltda,0010M00001QqcSyQAJ,1301.7149,1301.7149,0,1301.7149,0,0,0,Other
0010M00001Qm0TQQAZ,TOKYO GAS i NET CORP.,aBR30000000XbB2GAK,21830.472,10915.236,10915.236,0,0,0,0,Other
0013000001M0tocAAB,RINA Spa,0013000001M0tocAAB,35493.8198,2070.9998,2070.9998,0,0,0,0,Other
0013000001JyYNcAAN,"Boot Barn, Inc.",aBR3y000000H6fvGAC,253725.3613,253725.3613,253725.3613,0,0,0,0,Other
00130000002xIydAAE,ARTECHE LANTEGI ELKARTEA S.A.,aBR3y000000TR9SGAW,30000.6366,30000.6366,28876.464,0,0,1124.1726,0,Other
0013000000hLSTDAA4,Colibri - Data Cloud Org,aBR3y000000kC8pGAE,1037050,660800,0,510800,54000,96000,0,Other
001ed00000H4qKpAAJ,CAIS - Data Cloud HOME Org,aBR3y0000004s0tGAA,17500,17500,17500,0,0,0,0,Other
0013000001CAU89AAH,Intuit Inc.,aBR300000004F6YGAU,251940.8141,251940.8141,251940.8141,0,0,0,0,Other
0010M00001QjwfEQAR,Baxter Healthcare Corporation**,aBR300000004DMoGAM,327723.5465,327723.5465,22026.7726,215010.2668,90686.5071,0,0,Other
0013000001Igp6mAAB,Cook County Health & Hospital System,aBR0M000000CcXFWA0,183126,1126,1126,0,0,0,0,Other
00130000006dG8GAAU,NEC Financial  Services   Inc.,aBR300000004F7JGAU,5000,3000,3000,0,0,0,0,Other
0013y00001cSeprAAC,"Banco Santander Totta, S.A.",aBR3y000000wrVrGAI,24605.1967,20487.2579,0,0,0,0,20487.2579,Legacy CDP
00130000002xT2mAAE,"American Outdoor Brands, Inc.",aBR300000004DVSGA2,48872,23760,23760,0,0,0,0,Other
001ed000007DPz3AAG,Avanciers Incorporated,001ed000007DPz3AAG,2052.9875,690.8574,690.8574,0,0,0,0,Other
0013000000GIhA6AAL,WNS Global Services Private Limited,aBR3y0000011AT7GAM,25049.4666,3333.5792,3333.5792,0,0,0,0,Other
0013000000hKLBoAAO,Trotec Laser GmbH,aBR0M0000004iHKWAY,95596.2592,73708.1632,0,28892.2867,0,44815.8765,0,Other
00130000002xZSNAA2,"Topcon Healthcare, Inc",aBR300000004QTYGA2,50776,776,776,0,0,0,0,Other
00130000016hGMxAAM,Matrix Education (and tripbookr),aBR3y000000HI6UGAW,945.7886,945.7886,945.7886,0,0,0,0,Other
0010M00001WkcXjQAJ,Bioconnect*,aBR3y000000HHS3GAO,32533.3333,32533.3333,32533.3333,0,0,0,0,Other
00130000000Ec9QAAS,DEVOTEAM SA,aBR3y00000116UtGAI,6518.4617,6518.4617,6518.4617,0,0,0,0,Other
0013y00001d9OyvAAE,"Nomura Research Institute, Ltd.",aBR30000000L6TIGA0,586.9971,586.9971,586.9971,0,0,0,0,Other
0013000000ZlV9zAAF,Pictet Asset Management SA,aBR300000004N1AGAU,113296.7986,113296.7986,0,113296.7986,0,0,0,Other
0013000000NPQOBAA5,TaskUs Holdings Inc,aBR3y0000004o9BGAQ,1554.1362,1554.1362,0,1554.1362,0,0,0,Other
0010M00001QkcU9QAJ,EMPARK APARCAMIENTOS Y SERVICIOS SA,aBRed0000004u3lGAA,47874.9531,46623.9382,38087.5808,0,0,8536.3574,0,Other
0013000000ZlaXDAAZ,ALDI International Services SE & Co. oHG,aBR3y000000HBPRGA4,89702.4563,89702.4563,0,89702.4563,0,0,0,Other
0010M00001MtNrNQAV,"VILLAGE HOUSE MANAGEMENT Co., Ltd.",0010M00001MtNrNQAV,51607.2358,51607.2358,0,51607.2358,0,0,0,Other
0013y00001d9Ib7AAE,FS Technology S.p.A. - Org Trenitalia Spa,aBR0M000000GpL9WAK,1687598.467,1392109.171,0,936766.7326,0,455342.4387,0,Other
0013000001Mj8erAAB,Banco Santander Totta S.A.,aBR3y000000wrVrGAI,286688.9264,238901.8876,0,0,0,0,238901.8876,Legacy CDP
0013000000Gqno4AAB,Australian Football League (HQ),aBR3y0000004tjZGAQ,2383.3873,2383.3873,0,2383.3873,0,0,0,Other
001ed00000VJ7vBAAT,Five V Capital (FSC on Platform Org),aBR3y000000H8YYGA0,8687.0968,8687.0968,8687.0968,0,0,0,0,Other
0013y00001cyk7GAAQ,Ohio Department of Developmental Disabilities - 2nd org,aBR0M000000Cci3WAC,22500,5000,5000,0,0,0,0,Other
0013y00001cIoruAAC,Saks.com LLC,aBRed0000000ZKLGA2,2492699.276,1450307.257,1123241.769,-24027.3155,350096.0889,996.7149,0,Other
0010M00001SJGHgQAP,Southbridge Chile,aBR3y000000TVltGAG,65553.8375,63700,63700,0,0,0,0,Other
0013000001Ig7dbAAB,GEFIX SNC,0013000001Ig7dbAAB,2035.7417,2035.7417,2035.7417,0,0,0,0,Other
0013000001GUVHkAAP,Hurtigruten Global Services AS,aBR3y000000HDJ8GAO,467400,467400,0,467400,0,0,0,Other
0013y00001d2WWAAA2,Tramontina Central de Administracao Ltda.,aBR3y0000004xUeGAI,16927.4609,16927.4609,0,16927.4609,0,0,0,Other
0013000000hMZ59AAG,NSW Electricity Networks Operations Pty Limited,aBR300000004CWzGAM,70438.5585,70200.7602,0,70200.7602,0,0,0,Other
0013y00001djtT4AAI,Stella Geração Distribuida (Org 2),aBR3y000000wniQGAQ,48237.5255,1884.2784,0,1884.2784,0,0,0,Other
001ed000006RbHlAAK,United Network for Organ Sharing,aBR3y0000000KJwGAM,4950,4950,4950,0,0,0,0,Other
0013y00001h7KliAAE,TOYOTA MOTOR CORPORATION(モータースポーツ 取組3),aBR30000000L6FTGA0,28818.4074,28818.4074,0,28818.4074,0,0,0,Other
0013y00001eU7CIAA0,Australian Film Television and Radio School,aBR3y000000TUg4GAG,42583.808,42583.808,42583.808,0,0,0,0,Other
00130000000OOPOAA4,Imperva Inc. a Thales company,aBR300000004FEWGA2,188988,188988,0,0,0,0,0,Legacy CDP
0010M00001V4DZTQA3,Cloudwerx,aBR3y000000TRmeGAG,53683.9872,53683.9872,53683.9872,0,0,0,0,Other
0013000000K842JAAR,Cytiva,aBR30000000Xlp7GAC,85371.8457,85371.8457,0,80296.8239,0,5075.0218,0,Other
00100000001CwRxAAK,Robert Half International Inc.,aBR300000004F3lGAE,1342127.294,1078984.346,1076079.243,0,2905.1026,0,0,Other
0013y00001g5O9XAAU,GLOBOLOSYS FASHION PRIVATE LIMITED,0013y00001g5O9XAAU,12660.7551,12464.312,0,12464.312,0,0,0,Other
0013000000E22lbAAB,Interactive Investor Services Limited,aBR30000000XlugGAC,66393.1574,66393.1574,0,27097.0323,0,39296.1251,0,Other
00130000002weRRAAY,Pioneer,00130000002weRRAAY,59685.48,59685.48,59685.48,0,0,0,0,Other
0013000000hIeYmAAK,Consumer Financial Protection  Bureau (CFPB)-Mosaic Org-CFPB1,aBR30000000L7t8GAC,122640,122640,2640,0,120000,0,0,Other
0010M00001Yu5U3QAJ,ASRock Industrial Computer Corporation,0010M00001Yu5U3QAJ,3016.5289,301.6529,301.6529,0,0,0,0,Other
0013y00001fc351AAA,Fareshare (Data Cloud Sandbox),aBR3y0000000P6mGAE,32552.9101,32552.9101,0,0,0,0,32552.9101,Legacy CDP
0013000000I3dRGAAZ,Laboratoires de Biologie Vegetale Yves Rocher SA,aBR30000000XZP9GAO,36979.9382,36979.9382,0,36979.9382,0,0,0,Other
0013y00001dk9nyAAA,"La Aurora, USA, LLC",0013y00001dk9nyAAA,1275,1275,1275,0,0,0,0,Other
0010M00001QkS4oQAF,"Apollo Management Holdings, L.P.",aBR0M000000Cbt0WAC,149701,137201,136891,310,0,0,0,Other
0013y00001dy0fvAAA,SupplyCore,aBR3y000000HNWWGA4,130776,130776,128776,2000,0,0,0,Other
001ed00000GF2oNAAT,ANIKA INDUSTRIES PRIVATE LIMITED (Org1),aBR3y000000H9h5GAC,73916.1659,73916.1659,0,73916.1659,0,0,0,Other
0010M00001WkkdIQAR,Summit Health Management LLC (AfterCare),aBR3y000000H8F5GAK,563841.3426,545841.3426,0,542601.3426,0,3240,0,Other
0013000000ro2dsAAA,Oldcastle,aBR300000004DRbGAM,91005.6597,91005.6597,12593.0997,42000,34800,1612.56,0,Other
0010M00001WZ9UEQA1,Stanford GSB Seed,aBR30000000L7rNGAS,1276,1276,1276,0,0,0,0,Other
001ed000006F4KnAAK,RAYMOND LIFESTYLE LIMITED,aBR3y0000000Ol6GAE,6071.8764,714.3384,0,0,714.3384,0,0,Other
0013000000JjZdCAAV,MSTS (dba TreviPay),aBR3y000000HL0UGAW,92427.0076,92427.0076,92427.0076,0,0,0,0,Other
0010M00001UVVMEQA5,S&P Global Indices,aBR300000004DJlGAM,3007.2701,3007.2701,799.2701,0,2208,0,0,Other
0013y00001dVwNSAA0,Carlini Gomme s.r.l.,0013y00001dVwNSAA0,21425.1671,21425.1671,0,21425.1671,0,0,0,Other
0013y00001f9WR9AAM,Sofigate Demo Org,aBR3y000000HDGTGA4,3572.4056,1151.4495,1151.4495,0,0,0,0,Other
0010M00001QqcS2QAJ,Drogal Farmaceutica Ltda,0010M00001QqcS2QAJ,25624.391,25624.391,0,22103.4823,0,3520.9087,0,Other
0013000000C3qNZAAZ,Kaufman Hall,aBR3y0000004pDOGAY,60000,60000,60000,0,0,0,0,Other
00130000016iGItAAM,AmaWaterways,aBR3y000000TUpJGAW,354778.3102,354778.3102,0,351178.3102,0,3600,0,Other
0013000000M2S1wAAF,Girtz Industries Inc,0013000000M2S1wAAF,37800,37800,0,37800,0,0,0,Other
0010M00001QlJ62QAF,Specialty Food Association,aBR3y0000004qTUGAY,20000,20000,0,20000,0,0,0,Other
0013000001CCacpAAD,City of Coral Gables,0013000001CCacpAAD,11000,2000,2000,0,0,0,0,Other
0013000001CBNarAAH,Smyk sp. z o.o.,aBR3y000000XpE6GAK,110308.6945,110308.6945,0,109783.3802,0,525.3143,0,Other
0013000001GUnmNAAT,Kreyenhop & Kluge GmbH & Co. KG,0013000001GUnmNAAT,7251.5261,7251.5261,7251.5261,0,0,0,0,Other
001000000027vN5AAI,Rockwell Automation (Parent),aBR300000004DaoGAE,960.033,960.033,960.033,0,0,0,0,Other
00130000000YMm5AAG,NAVEX Global Inc,aBR30000000Xn5uGAC,104982,104982,0,0,0,0,0,Legacy CDP
00100000001hgGwAAI,AGCO Corporation NA*,aBR300000004DWKGA2,1059312.023,669859.9379,0,427843.9379,0,242016,0,Other
0013000000FduuFAAR,Advisory Council on Historic Preservation,0013000000FduuFAAR,53340.5,53340.5,53340.5,0,0,0,0,Other
0013000001GWqIiAAL,Dyson Technology Limited.,aBR3y0000000P1RGAU,4157533.504,3652925.359,0,0,0,0,3652925.359,Legacy CDP
0013000001LyL4UAAV,LITE N' EASY PTY LTD,0013000001LyL4UAAV,158033.2431,158033.2431,0,151219.8338,0,6813.4093,0,Other
0013000000M1P6kAAF,"Cablevisión, S.A. de C.V.",aBR3000000001mLGAQ,594890.3492,409731.0218,407735.7086,891.3132,1104,0,0,Other
001ed00000MTw7CAAT,"OSAKA GAS CO.,LTD-DX Agentforce PoC",aBR30000000PAyNGAW,8217.96,6064.02,6064.02,0,0,0,0,Other
0010M00001SIgvlQAD,LLT CONSULTING,aBR3y000000HC0BGAW,178.6197,178.6197,178.6197,0,0,0,0,Other
00130000004IFavAAG,Ubisoft Inc.,aBR300000004HlgGAE,141194.3141,101399.4724,101399.4724,0,0,0,0,Other
0013000001FjR5xAAF,TALAN Corporate,aBR3y000000gFioGAE,38855.6603,38855.6603,30923.4143,0,906.1672,7026.0788,0,Other
0010M00001P02nCQAR,New York Life Insurance Company,aBR300000004EkjGAE,159375,60000,60000,0,0,0,0,Other
0013000001CE1I8AAL,RENAULT SAS,aBR300000004HuNGAU,89511.2584,15834.3343,15834.3343,0,0,0,0,Other
0013000000HIiFHAA1,Coöperatie VGZ UA,aBR300000004NofGAE,377653.0343,333315.7344,0,0,0,85363.5744,247952.16,Legacy CDP
0013000000rnnUDAAY,"Productos Metálicos Steele, S.A. de C.V.",0013000000rnnUDAAY,23281.2427,23281.2427,22729.2427,0,552,0,0,Other
0010M00001QaWTcQAN,"Partsone CO.,LTD.",0010M00001QaWTcQAN,34281.9264,33958.512,33958.512,0,0,0,0,Other
0013000000JiMLdAAN,Macrotech Developers Ltd.,aBR3y000000HQRtGAO,254852.5147,254852.5147,0,249600.6988,0,5251.8159,0,Other
0013000001CAFzXAAX,IronSource LTD,aBR3y000000g3ZcGAI,106080,105630,3600,0,0,0,0,Other
001ed00000Ca47qAAB,ADK Marketing Solutions Inc,aBR3y00000057zeGAA,52393.1328,52393.1328,0,52393.1328,0,0,0,Other
0013000001CBW1hAAH,CAJA DE SEGUROS REUNIDOS COMPAÑIA DE SEGUROS Y REASEGUROS SA (Helvetia),aBR3y0000004vinGAA,8181.7702,3147.5081,2845.4524,0,302.0557,0,0,Other
001ed000002xsEXAAY,Path CCM d/b/a Rula,aBR3y0000004vSGGAY,75600,75600,75600,0,0,0,0,Other
0013000000HI6oVAAT,Dolce & Gabbana SRL,aBR3y000000sZT7GAM,406680.8237,402740.9664,0,394861.2518,0,7879.7146,0,Other
0013000000RamRsAAJ,Lyyti Oy,aBR3y000000HIlxGAG,40066.5393,37333.0236,32802.1877,0,4530.8359,0,0,Other
0013000001Fj5nTAAR,Rocscience Inc,aBR3y000000broJGAQ,4021.9534,4021.9534,0,4021.9534,0,0,0,Other
0013y00001eJNvGAAW,RCM Group,0013y00001eJNvGAAW,12421.4945,12421.4945,11108.2087,0,0,1313.2858,0,Other
0013000000roZMjAAM,TVer INC.,0013000000roZMjAAM,1819.206,1819.206,1819.206,0,0,0,0,Other
0013000000hLmWcAAK,SCA AXEREAL,aBR3y000000HBu6GAG,21127.4847,21127.4847,20825.429,0,302.0557,0,0,Other
0013y00001eYsctAAC,Christian Education Ministries Ltd (2nd org),aBR3y0000000P7hGAE,39744.8875,39744.8875,39744.8875,0,0,0,0,Other
0013y00001dON9NAAW,King Power International Company Limited,aBRed00000086MnGAI,210397.44,182550.72,0,0,0,0,182550.72,Legacy CDP
0013000001CB9EpAAL,"AT&T Services, Inc.",aBR300000004C9QGAU,3396567.732,3396567.732,3066712.578,320589.9816,8463.6869,801.4856,3.49E-10,Other
0010M00001WJkjRQAT,"Kapsten, LLC",aBR3y000000CkkTGAS,5000,5000,0,5000,0,0,0,Other
0010M00001WJB2hQAH,UFL - United Football League,aBRed0000004bdhGAA,730410,80160,0,80160,0,0,0,Other
0013y00001gWUpKAAW,"Honda Motor Co., Ltd. / D2C",aBR30000000L6FsGAK,9820.0879,4446.948,4366.0944,80.8536,0,0,0,Other
0013000001JzMFfAAN,"CJ Olivenetworks Co.,Ltd.",aBR0M000000GoV4WAK,450,450,450,0,0,0,0,Other
0013000000ZkL9fAAF,Mount Sinai Health Systems,aBR300000004FLXGA2,807449.2954,807449.2954,0,733649.2954,0,73800,0,Other
0013y00001fDfUoAAK,Remote Legal,0013y00001fDfUoAAK,188.1443,188.1443,188.1443,0,0,0,0,Other
001ed0000074jDpAAI,OCP Nutricrops,aBR3y0000000N2XGAU,563.1429,563.1429,563.1429,0,0,0,0,Other
00100000002CNGgAAO,"Guitar Center, Inc.",aBR300000004EQsGAM,644326.8248,482010.219,36000,426810.219,0,19200,0,Other
0013000000roG6UAAU,SOGEDEV,aBR3y000000CeftGAC,11631.2699,11631.2699,0,11631.2699,0,0,0,Other
0010M00001W8eGpQAJ,Sana Benefits,0010M00001W8eGpQAJ,5625,5625,5625,0,0,0,0,Other
0013000000rptRxAAI,Unite Integrated Solutions Plc,aBR30000000Xjw8GAC,273594.4618,231859.7134,0,0,0,0,231859.7134,Legacy CDP
0013000000hKOA8AAO,Acea ENERGIA SpA,aBR0M000000GpJkWAK,383234.2952,383234.2952,0,383234.2952,0,0,0,Other
0013y00001cgU2kAAE,CDP - Grupo Fartura de Hortifrut Ltda.,aBR3y000000CoPvGAK,66016.4613,66016.4613,0,63375.0045,0,2641.4568,0,Other
001ed00000GDurEAAT,Optus Systems Pty Ltd**,aBR3y0000004iPTGAY,2148725.619,1985074.017,0,1367608.802,617465.2157,0,0,Other
0013000000NSdUHAA1,"Department of Jobs, Skills, Industry and Regions",aBRed0000006qTlGAI,54141.3787,47609.3179,47609.3179,0,0,0,0,Other
0013y00001evDcjAAE,British Car Auctions Limited,aBR3y000000wllBGAQ,159533.754,159533.754,0,152743.3836,0,6790.3704,0,Other
0013y00001coqhdAAA,Hipto,aBRed0000009F6HGAU,143447.1015,143447.1015,0,137458.5184,0,5988.5831,0,Other
0013000000K13F4AAJ,Goosehead Insurance,aBR3y0000004slGGAQ,776038.0313,776038.0313,745446.0094,11656.0219,0,18936,0,Other
0013000000hJOoxAAG,Tata Housing Development Company Limited,aBR3y000000HSBDGA4,5690.8959,630.9989,630.9989,0,0,0,0,Other
0013000000ZkK6hAAF,"Whoop, Inc.",aBR3y000000Cgz3GAC,108000,108000,108000,0,0,0,0,Other
00130000002xXgaAAE,Bernie & Phyl's Furniture,aBR3y000000H86WGAS,10538.1,10538.1,7222.5,0,0,3315.6,0,Other
001ed0000032pazAAA,Bell Canada COCD 1000,aBR300000004DtiGAE,1154256.987,1087590.32,1001790.32,0,85800,0,0,Other
0013000001GUhG7AAL,Paul Hartmann AG (Org for Pflege.de),aBR3y000000HBmfGAG,70466.2438,45965.0016,45965.0016,0,0,0,0,Other
0013000000rpX55AAE,Israeli Government - public Sharing,aBRed000000B3nNGAS,45696,45696,0,40800,0,4896,0,Other
0013000001JzNbWAAV,Equifax Inc - EFX4BIZ,aBR300000004F0YGAU,53629.4888,53629.4888,52249.4888,0,1380,0,0,Other
0013000001FjpzOAAR,"DoorDash, Inc.",aBR3y000000wm35GAA,88421.6391,88421.6391,58421.6394,0,29999.9997,0,0,Other
0013000001CBzaaAAD,Fibergate.Inc,aBR3y00000055oAGAQ,33958.512,33958.512,33958.512,0,0,0,0,Other
0013y00001cseBWAAY,Headswap SA,0013y00001cseBWAAY,8755.2384,8755.2384,8755.2384,0,0,0,0,Other
0013y00001cTJjWAAW,My Fleet AI Inc,0013y00001cTJjWAAW,13200,13200,13200,0,0,0,0,Other
0013000001GWr72AAD,"The Educational and Research Foundation of MEMA, Inc.",0013000001GWr72AAD,8800,8800,8000,800,0,0,0,Other
0013000000hL7DWAA0,"The Children’s Place Services Company, LLC",aBR300000004EOmGAM,482044.9621,375044.9617,0,370904.9617,0,4140,0,Other
0010M00001SeUJ9QAN,THE FLADGATE PARTNERSHIP,aBRed0000004T8HGAU,36646.8987,34047.253,0,27283.8313,0,6763.4217,0,Other
0013000000A4tAdAAJ,Prolitec,aBR3y0000004qmSGAQ,4000,4000,4000,0,0,0,0,Other
0013000001GEJL1AAP,Yettel Magyarország Zrt.,aBR3y000000HAyIGAW,10260.045,10260.045,10260.045,0,0,0,0,Other
0013y00001cIfS0AAK,Sime Darby Auto Bavaria Sdn Bhd,aBR0M000000bprDWAQ,79471.6371,67348.8816,0,0,0,0,67348.8816,Legacy CDP
0013y00001fcd3EAAQ,Zinc RE B.V.,aBRed00000052qsGAA,5253.143,5253.143,5253.143,0,0,0,0,Other
0010M00001SeNPaQAN,Netel AS,aBR3y000000HJqoGAG,677.4859,677.4859,375.4302,0,302.0557,0,0,Other
0013000000RaV9gAAF,United Wholesale Mortgage - Unified CDP,aBR3y000000h4j9GAA,1034161.08,1034161.08,0,1002229.08,0,31932,0,Other
0013000000hIY3hAAG,The Coca-Cola Company,aBR300000004DCZGA2,73321.1546,60000,60000,0,0,0,0,Other
0010M00001QkUHxQAN,AutoStore AS,aBR3y00000116VzGAI,88515,88515,0,0,0,0,0,Legacy CDP
0013000001CDxt7AAD,New MVP Org: One Clean Earth,aBR300000004F2CGAU,180957.64,180957.64,148793.44,0,32164.2,0,0,Other
0013y00001h6oNsAAI,Harbour Hotels Data Cloud Org,aBRed00000036yZGAQ,77597.9155,77597.9155,0,77597.9155,0,0,0,Other
0013y00001gxN0VAAU,INTERVIEWBIT SOFTWARE SERVICES PRIVATE LIMITED,aBR3y000000HQZ2GAO,97481.2611,97481.2611,0,95571.1202,0,1910.1409,0,Other
0013000000NRvLBAA1,TOWARZYSTWO UBEZPIECZEN I REASEKURACJI WARTA S A,0013000000NRvLBAA1,24427.1151,24427.1151,0,24427.1151,0,0,0,Other
0013000000RZYVNAA5,Hill-Smith Family Estates,aBR3y000000XpjqGAC,44363.3546,44363.3546,0,42452.3546,0,1911,0,Other
0013y00001cykVDAAY,Novartis AG - US Data Cloud (OrgID=00DHo000002h1SQ),aBR300000004N3CGAU,353315.1516,76800,0,0,76800,0,0,Other
0013000000RX6uWAAT,Elevance Health - Commercial 2.0,aBR300000004EmcGAE,47341.468,30016.6098,16.6098,0,30000,0,0,Other
0013000000M089EAAR,Teach for All Inc,aBR0M000000LCdJWAW,3000,3000,3000,0,0,0,0,Other
0013000001LWu3QAAT,Kawasaki Engines,aBR300000004Di6GAE,22585.9069,2445.9708,2445.9708,0,0,0,0,Other
0013y00001d1gsIAAQ,SomnoMed Limited,aBR3y000000wmFQGAY,5829.8741,5829.8741,5297.5765,0,0,532.2976,0,Other
0013y00001cmS9dAAE,SANOFI WINTHROP INDUSTRIE,aBR300000004HjdGAE,484.29,484.29,484.29,0,0,0,0,Other
0013000000KuiDCAAZ,Conviva Inc.,aBR3y0000004raEGAQ,29474.13,12218.2351,11942.2351,0,276,0,0,Other
0013000001Mri1YAAR,"Partners Commercial Realty, L.P.",aBR3y000000btwDGAQ,10673,10673,10397,0,276,0,0,Other
001ed000006sZWnAAM,Transurban Limited,aBR3y000000yfKxGAI,34067.0464,34067.0464,0,34067.0464,0,0,0,Other
0010M00001QnZ2KQAV,ROCKIN'ON HOLDINGS INC.,aBR3y00000051gCGAQ,39555.1982,39555.1982,0,38041.6188,0,1513.5794,0,Other
00100000000sJgGAAU,Abbott Laboratories,aBR300000004DLiGAM,1.16E-10,1.16E-10,1.16E-10,0,0,0,0,Other
0013y00001cvs9BAAQ,Delosi S.A.,0013y00001cvs9BAAQ,158665.647,158665.647,0,135997.647,0,22668,0,Other
0013000001FKz6mAAD,Vitra IT Services GmbH,aBR3y000000HBqsGAG,262.5133,262.5133,262.5133,0,0,0,0,Other
001ed00000gu4SFAAY,The New York Community Trust,aBR0M000000LCIpWAO,5247.2628,5247.2628,0,2997.2628,0,2250,0,Other
00130000000VTDwAAO,"Revvity Health Sciences, Inc.",aBR300000004Di9GAE,168000,136500,0,0,0,0,136500,Legacy CDP
0013000001GVDQaAAP,Zoetis [Touchpoint],aBR300000008RrfGAE,205117.4727,205117.4727,145117.4727,0,60000,0,0,Other
0013000000RX469AAD,MarinHealth Medical Center,0013000000RX469AAD,105375,90750,0,0,0,0,90750,Legacy CDP
0013000000LEMryAAH,Century Business Solutions,aBR3y0000004r8zGAA,797,385.5,385.5,0,0,0,0,Other
0013000000hMenpAAC,Redstone Federal Credit Union,aBR3y000000H7oVGAS,127423.7373,127423.7373,0,115423.7373,0,12000,0,Other
0013y00001eDUwfAAG,National Corporate Housing (MAIN ORG),aBR3y000000H7ZvGAK,9890.9671,9890.9671,9890.9671,0,0,0,0,Other
00130000002LPpiAAG,Great Northern Corporation,aBR0M0000008UvSWAU,1877.4215,1755.511,1755.511,0,0,0,0,Other
00130000001xTuVAAU,THESEE,aBR3y000000HC6bGAG,28454.5248,13132.8576,13132.8576,0,0,0,0,Other
001000000008ZtyAAE,"Genentech, Inc",aBR300000004DMEGA2,51104,51104,50000,0,1104,0,0,Other
00130000002980eAAA,EverCommerce Solutions Inc,aBR3y00000113Q1GAI,47625,47625,47062.5,562.5,0,0,0,Other
0013y00001cScCbAAK,HEINEKEN AMER MC,aBR30000000XoY4GAK,95760.3324,95760.3324,0,0,0,95760.3324,0,Other
001ed00000Kl8JiAAJ,Amgen - OneCRM PSP,aBR300000004DMqGAM,48833.0078,37426.7578,37426.7578,0,0,0,0,Other
0013000000M2SktAAF,Gooseneck Implement Company,aBR3y0000000GrCGAU,4500,3500,3500,0,0,0,0,Other
0013y00001dX4iEAAS,Airbus Protect,aBR300000004I09GAE,25070.6251,25070.6251,0,0,25070.6251,0,0,Other
0010M00001SIOjRQAX,Carlos Rosario International Public Charter School,aBR0M000000LCNSWA4,34200,34200,34200,0,0,0,0,Other
0013y00001cgOsGAAU,Hamilton College - Advancement,aBR300000004OMuGAM,9794.6331,4997.2618,4997.2618,0,0,0,0,Other
0010M00001QmqoGQAR,BEC Financial Technologies a.m.b.a. (Fynske Bank),aBR0M000000Cda5WAC,7426.631,2775.4106,1313.2858,437.7619,1024.3629,0,0,Other
0013y00001cQCM3AAO,TKWW,aBR3y000000wkA8GAI,661756.68,460756.68,0,406756.68,0,54000,0,Other
0013000001MrsQyAAJ,Jaguar Land Rover Limited,aBR30000000XlLRGA0,1177291.091,712565.8201,0,174567.6941,0,537998.126,0,Other
0013000000M1b5RAAR,Southwest Airlines Co.,aBR300000004DpCGAU,676128.4589,11349.7704,11349.7704,0,0,0,0,Other
0013000000IURmVAAX,MarketAxess Corporation,aBR0M0000008UruWAE,31661.6279,3819.7674,3819.7674,0,0,0,0,Other
001ed00000idTC7AAM,"Dai Nippon Printing Co., Ltd.",aBR30000000L6coGAC,9096.03,9096.03,9096.03,0,0,0,0,Other
0013000000E3pu8AAB,"NRG Energy, Inc - AELA",aBR300000004DxhGAE,3478750,620166.2501,606366.2501,0,13800,0,0,Other
0013000000hJXHNAA4,Questacon The National Science and Technology Centre,aBRed000000AmzRGAS,52015.3328,52015.3328,0,49744.1964,0,2271.1364,0,Other
0013y00001bf9aUAAQ,Alta Development,0013y00001bf9aUAAQ,7680,7680,0,0,0,7680,0,Other
0013000001GUWPSAA5,Svenska kyrkan (Swedish Church),aBR3y0000000OrWGAU,67766.2667,55990.8677,0,0,0,0,55990.8677,Legacy CDP
0013y00001dO1g7AAC,Mahindra & Mahindra Limited (Farm Division),aBR3y000000wnCKGAY,121504.8744,121504.8744,0,109954.0225,0,11550.8519,0,Other
00100000001L6sqAAC,Deluxe Corporation,aBR300000004DKnGAM,215172.1798,96617.3552,1577.3552,95040,0,0,0,Other
0013000000RYHRWAA5,UCHealth,aBR300000004QnDGAU,84776,84776,0,84776,0,0,0,Other
0010M00001UM772QAD,"IPP Buyer Acquisition, LLC",aBRed0000003x1xGAA,187570.3088,187570.3088,0,183250.3088,0,4320,0,Other
00130000002xJA9AAM,"HOLCIM EMEA Digital Center, S.L.U.",aBR3y000000HCCWGA4,33268.6116,1982.8973,1982.8973,0,0,0,0,Other
0010M00001Xxib4QAB,International Retail Development Srl,0010M00001Xxib4QAB,54720.2392,54720.2392,0,51992.9833,0,2727.2559,0,Other
0010M00001QaRv9QAF,Ameritas Life Insurance Corp. (Primary),aBR300000004EkwGAE,108000,108000,108000,0,0,0,0,Other
001ed00000EfLzlAAF,Proximus CBU,aBR3y000000HHMFGA4,362840.83,362840.83,0,220710.4786,0,142130.3514,0,Other
0010M00001S9GBwQAN,Bose Corporation*,aBR300000004DbJGAU,523496.6452,256711.4754,0,256711.4754,0,0,0,Other
0013000000RaNoiAAF,Boots UK Limited,aBR3y000000HDciGAG,23391.9552,8275.9933,2617.3513,5658.642,0,0,0,Other
0013000000hLRNgAAO,Medical Information Technology   Inc.,0013000000hLRNgAAO,63200,20000,20000,0,0,0,0,Other
001ed00000GoLBKAA3,10X Health System - New Org (Main Org Transferring Over at Renewal),001ed00000GoLBKAA3,43200,43200,43200,0,0,0,0,Other
0013000001MsHoYAAV,Unimed Nacional,aBRed000000074pGAA,55071.1749,2512.3711,2512.3711,0,0,0,0,Other
0013000000hLHwmAAG,Reynaers Aluminium NV,aBR3y000000fyuMGAQ,13891.7863,13891.7863,13891.7863,0,0,0,0,Other
00130000002xJBaAAM,"Banco de Crédito Social Cooperativo, SA",aBR0M000000GoEUWA0,121478.9328,2188.8096,0,2188.8096,0,0,0,Other
0013y00001buGzOAAU,Kataline Infraproducts Pvt. Ltd.,0013y00001buGzOAAU,3028.4635,672.6478,672.6478,0,0,0,0,Other
0010M00001WOTclQAH,SMBC Trust Bank Ltd. (FSC),aBR30000000L6E2GAK,88938.96,88938.96,88938.96,0,0,0,0,Other
0013y00001erec6AAA,RAK Digital Assets Oasis,aBR3y000000h3ncGAA,64000,12000,12000,0,0,0,0,Other
0013y00001h2N1vAAE,Capstone Wellness,0013y00001h2N1vAAE,960,960,0,0,0,960,0,Other
00100000000CK5KAAW,Dynatrace,aBR3y000000g3fkGAA,41600,21600,21600,0,0,0,0,Other
0013y00001eEy9OAAS,"EDP, S.A.",aBR300000004NswGAE,288621.7413,288621.7413,0,286390.3375,0,2231.4038,0,Other
00100000001TIyUAAW,"Conagra Brands, Inc. (BDR DO NOT TOUCH)",aBR300000004DDAGA2,22674.059,472.1126,472.1126,0,0,0,0,Other
0013y00001dNGguAAG,Bank of the Philippine Islands,aBR3y000000H8lfGAC,567808.223,453808.223,351172.93,0,101255.293,1380,0,Other
0013000000royQJAAY,Familiprix Inc.,aBR3y000000yeLCGAY,263264.82,222540,0,0,0,0,222540,Legacy CDP
0013000000GMQ8TAAX,Suzuki Canada Inc,0013000000GMQ8TAAX,45842.0887,45842.0887,45842.0887,0,0,0,0,Other
0010M00001SIoLJQA1,Alliance des Energies,0010M00001SIoLJQA1,1496.8832,1496.8832,820.8036,0,0,676.0796,0,Other
0013y00001g9XOrAAM,Alpha Bank Cyprus,0013y00001g9XOrAAM,28835.6397,28835.6397,0,24895.7824,0,3939.8573,0,Other
0013000001Mik9dAAB,Knight Protection Ltd,aBR3y000000h3j4GAA,289.2194,289.2194,289.2194,0,0,0,0,Other
0013y00001d6ynMAAQ,Qik Banco Digital Dominicano,aBR0M000000L9hkWAC,10800,10800,10800,0,0,0,0,Other
001ed00000IX9DUAA1,Servetto srl,001ed00000IX9DUAA1,985.5905,985.5905,712.1766,273.4139,0,0,0,Other
0013000001GUW0CAAX,Treston Oy,aBR3y0000004lknGAA,1969.9287,1969.9287,1969.9287,0,0,0,0,Other
0013y00001e5dscAAA,"Panasonic Information Systems Co., Ltd.",aBR30000000L6DYGA0,11809.4769,11809.4769,0,11809.4769,0,0,0,Other
0013000000ZlQp1AAF,Banco do Brasil SA,aBRed0000003JsYGAU,1669687.264,1242551.975,0,0,0,0,1242551.975,Legacy CDP
0010M00001WZjyLQAT,NDIS Quality and Safeguards Commission,aBRed0000006nFmGAI,56778.4106,56778.4106,56778.4106,0,0,0,0,Other
0010M00001Qlm0nQAB,Sally Holdings LLC  (New Service Org),aBR300000004DNPGA2,2165312.333,2013693.333,0,1941333.333,0,72360,0,Other
0013000000hJJ2ZAAW,ENGIE INFORMATION ET TECHNOLOGIES SA,aBR300000004I0ZGAU,11710.1314,1641.6072,1641.6072,0,0,0,0,Other
001ed00000DWsH7AAL,"AEON Next CO., LTD.",aBR30000000L6AqGAK,33958.512,33958.512,0,33958.512,0,0,0,Other
0010M00001QaVIiQAN,Swile,aBR3y0000000LqmGAE,69523.1593,64598.3377,59371.4604,4924.8216,302.0557,0,0,Other
00130000016gkZmAAI,MECCA Brands Pty Ltd,aBR3y0000004iZiGAI,116553.327,102075.0101,608.3402,93988.5476,0,7478.1223,0,Other
00100000001kWK4AAM,Harmonic Inc. - ULTIMATE PARENT,aBR3y0000004r3xGAA,90663.96,90663.96,0,0,0,0,0,Legacy CDP
0013000001CAAD3AAP,"Acima Digital, LLC",aBR300000004F2UGAU,99604.9052,99604.9052,56224.9052,0,43380,0,0,Other
0010M00001P09fKQAR,CAPANESA SLU,aBR3y000000LI7hGAG,15365.4435,13001.529,0,13001.529,0,0,0,Other
0010M00001SegLtQAJ,Suncorp Corporate Services PTY LTD,aBR300000004CU8GAM,59982.3352,59982.3352,0,59982.3352,0,0,0,Other
0013000001LWxPCAA1,Taking Shape,aBRed0000004w7CGAQ,24639.6821,16760.9869,16760.9869,0,0,0,0,Other
001ed00000MPd37AAD,LR Specialty Services LLC*,aBR3y000000wkU3GAI,578161.2,403661.2,0,282161.2,0,121500,0,Other
0013000001J7KrGAAV,EDEN BRAE HOLDINGS PTY LIMITED,0013000001J7KrGAAV,3252.3557,3252.3557,2991.175,0,261.1807,0,0,Other
0010M00001Wknq5QAB,BEC Financial Technologies a.m.b.a. (Lægernes Bank),aBR0M000000Cda5WAC,7280.7103,2629.4899,1167.3651,437.7619,1024.3629,0,0,Other
00100000001CwNeAAK,Adventist Health System,aBR300000004PVzGAM,247352.8809,247352.8809,0,247352.8809,0,0,0,Other
0013000000hL3YgAAK,"Sport Lisboa Benfica, SAD",aBR3y000000LIOuGAO,118186.5125,101385.6607,0,94556.5747,0,6829.086,0,Other
0013y00001fbpElAAI,Air Haifa,0013y00001fbpElAAI,88325,77700,0,77700,0,0,0,Other
00130000000VrwfAAC,PACCAR Inc.,aBR300000004DeyGAE,62000,42000,42000,0,0,0,0,Other
0013000000LzMnoAAF,"BITE LIETUVA, UAB",aBR3y0000000LAJGA2,52750.1916,52750.1916,0,52750.1916,0,0,0,Other
0010M00001UVhxmQAD,NS Solutions Corporation,aBR30000000L6CwGAK,14553.648,12936.576,12936.576,0,0,0,0,Other
0013y00001cFOqSAAW,PVR INOX Ltd,aBR3y000000wncEGAQ,481577.8401,481577.8401,0,475495.9629,0,6081.8772,0,Other
0010M00001U3wdiQAB,Banco de Costa Rica (New),aBR30000000XimUGAS,5376,5376,5376,0,0,0,0,Other
0010M00001W7yiqQAB,UNIVERSITY OF TECHNOLOGY SYDNEY,aBRed000000AtWHGA0,100041.9824,100041.9824,0,100041.9824,0,0,0,Other
0013000000roJaiAAE,Secret Escapes Ltd,aBR3y0000004m1oGAA,63201.7918,619.3068,619.3068,0,0,0,0,Other
0010M00001WY0gnQAD,"LegalOn Technologies, Inc.",aBR3y000000yhJBGAY,57809.3136,57809.3136,57809.3136,0,0,0,0,Other
0013y00001bdm7VAAQ,BEC Financial Technologies a.m.b.a (COOP Bank),aBR0M000000Cda5WAC,6259.2659,1608.0455,145.9207,437.7619,1024.3629,0,0,Other
0013y00001ey2ClAAI,PRUDENTIAL VIETNAM ASSURANCE PRIVATE LIMITED,0013y00001ey2ClAAI,69811.2279,69811.2279,0,51811.2279,0,18000,0,Other
00130000016jgHqAAI,Stansberry Holdings,aBR3y000000yeB8GAI,913043.4005,863089.021,0,770089.021,0,93000,0,Other
0013000001NX7h3AAD,3 Dimensional Wealth,0013000001NX7h3AAD,42400,42400,0,42400,0,0,0,Other
00130000002xXHaAAM,WEX Inc.,aBR300000004FCEGA2,1167664.886,1163157.6,0,1043507.514,0,119650.0864,0,Other
0013000000NRZxGAAX,LINK STATION Co. Ltd.,aBR3y000000yfLEGAY,24157.3892,15091.1407,15091.1407,0,0,0,0,Other
00130000007DUsJAAW,Seamless North America LLC,aBR0M0000008UyJWAU,875,875,875,0,0,0,0,Other
0010M00001QneWRQAZ,KG Knutsson AB,0010M00001QneWRQAZ,1385.341,1385.341,567.605,817.736,0,0,0,Other
001000000027wI3AAI,"Guardian Industries Holdings, LLC",aBR300000004DIVGA2,4471.4023,4471.4023,4471.4023,0,0,0,0,Other
0010M00001WJTfdQAH,Storebrand & SPP Business Services AB,aBR3y000000CkKqGAK,463208.2468,457912.4738,660.2077,401751.9177,0,55500.3484,-1.82E-12,Other
0010M00001PE5buQAD,"NAIMONO, INC.",0010M00001PE5buQAD,21426.204,21426.204,21426.204,0,0,0,0,Other
0013y00001d1oDSAAY,JTB CORP.,aBR30000000L6BhGAK,27975.3456,27975.3456,0,27975.3456,0,0,0,Other
0013y00001YbT8QAAV,Year Up (Student Org),aBR0M000000GmyfWAC,57776,32776,32776,0,0,0,0,Other
0013y00001f9LJRAA2,"iPark Institute Co., Ltd.",0013y00001f9LJRAA2,33958.512,33958.512,33958.512,0,0,0,0,Other
001ed00000P2RDqAAN,United Vertical Group,001ed00000P2RDqAAN,12500,2500,2500,0,0,0,0,Other
0013000000M2sOcAAJ,"Doosan Bobcat North America, Inc",aBR3y000000H6xoGAC,992069.3333,992069.3333,0,988733.3333,0,3336,0,Other
0013000000LzsGRAAZ,Coopeuch,aBR3y000000fzbZGAQ,121826,116826,0,116826,0,0,0,Other
00130000002xXzRAAU,Health Alliance Plan Of Michigan,aBR300000004FMJGA2,28234.2278,22683.6158,22683.6158,0,0,0,0,Other
0010M00001UVfIIQA1,Cencora - US Commercial Sales and Operations (ABFORCE),aBR300000004EADGA2,251452,210952,178000,0,30552,2400,0,Other
0010M00001W8e2SQAR,STADA Arzneimittel AG - E1,aBR300000004H7HGAU,23639.1437,23639.1437,0,23639.1437,0,0,0,Other
00100000001nu5DAAQ,GE Precision Healthcare LLC,aBR0M000000bqxZWAQ,82292,52292,48692,0,3600,0,0,Other
0010M00001W7xkzQAB,"Included Health, Inc.*",aBR0M000000GxedWAC,291194.7829,290794.7829,0,290794.7829,0,0,0,Other
0013000001GWo5SAAT,Merck Sharp & Dohme LLC,aBR300000004DLrGAM,531948.4033,313948.3633,0,313948.3633,0,0,0,Other
00100000001rsa6AAA,"Fifth Third Bank, N.A.",aBR300000004EaMGAU,912141.7393,912141.7393,0,818541.7393,0,93600,0,Other
001ed00000pfYoRAAU,37 CONSULTANT LTD,001ed00000pfYoRAAU,70000,70000,0,70000,0,0,0,Other
0010M00001WYuvnQAD,Orde,aBR3y0000004kVaGAI,78228.0324,78228.0324,0,78228.0324,0,0,0,Other
00130000002xL2OAAU,Transpower New Zealand Limited,00130000002xL2OAAU,21669.9617,21669.9617,0,21669.9617,0,0,0,Other
0013000000rq2LUAAY,RESTALLIANCE,0013000000rq2LUAAY,3829.2511,3829.2511,2552.8341,1276.417,0,0,0,Other
0013y00001cQ2aPAAS,Heathrow Airport Limited,aBR30000000Xkg6GAC,2238078.642,1769058.198,0,1613445.542,0,155612.6557,0,Other
0013000000IklxaAAB,Immobilien Scout GmbH,aBR3y000000HBmjGAG,22068.9349,22068.9349,22068.9349,0,0,0,0,Other
0013000000Raya2AAB,"eN Holdings Co.,Ltd.",aBR3y00000056qvGAA,29008.8433,29008.8433,0,29008.8433,0,0,0,Other
001ed000009w6cbAAA,Kyni Solutions,001ed000009w6cbAAA,2496,2496,2496,0,0,0,0,Other
0013y00001cosU0AAI,"Premier Tech Digital, une unité d’affaires de Mirego Inc (Org#6 PTG)",aBR300000004EtkGAE,67596.7111,67596.7111,0,67596.7111,0,0,0,Other
0010M00001WJiA5QAL,ASB Bank Limited,aBR3000000001qvGAA,495.8288,495.8288,234.6481,0,261.1807,0,0,Other
00100000000IQBcAAO,"Alpine Power Systems, Inc.",aBR3y0000004oI5GAI,2044.9452,2044.9452,2044.9452,0,0,0,0,Other
00130000002xJFZAA2,"Hermandad Farmacéutica del Mediterráneo, Soc. Coop. Resp. Ltda",aBR0M000000Go9gWAC,20712.7052,20712.7052,849.2581,19863.4471,0,0,0,Other
00130000002xRiAAAU,ASX Operations Pty Limited,aBR300000004CAcGAM,269161.1107,169215.8752,106750.103,62465.7722,0,0,0,Other
0013000000ZlQslAAF,EMPRESA DE TECNOLOGIA E INFORMACOES DA PREVIDENCIA S.A. - DATAPREV,0013000000ZlQslAAF,5762733.311,783752.1163,775084.436,0,8667.6803,0,0,Other
0013000001IfByxAAF,BIGLOBE Inc.,aBR30000000L6BkGAK,195850.1408,176462.982,0,176462.982,0,0,0,Other
0010M00001P0EVXQA3,Berlin Packaging (Main Account),aBR3y000000gFbmGAE,101000,24000,24000,0,0,0,0,Other
0013y00001fwGu7AAE,Revizto CH,0013y00001fwGu7AAE,24952.4295,24952.4295,0,22982.5008,0,1969.9287,0,Other
0013y00001gxO2YAAU,"Mariner Finance, LLC",aBR3y0000004uxcGAA,347309.6932,347309.6932,254860.3504,92449.3428,0,0,0,Other
0013000001L5iIfAAJ,CENTRE NATIONAL D'ART ET DE CULTURE GEORGES POMPIDOU,aBR0M000000bqijWAA,8240.8681,8240.8681,0,8240.8681,0,0,0,Other
0010M00001QqrBxQAJ,"Halliburton Energy Services, Inc.",aBR300000004D2KGAU,124104.3302,84086.7304,84086.7304,0,0,0,0,Other
00130000009mJALAA2,KPN New Business,aBR300000004Ls2GAE,10698.9013,6321.2821,6321.2821,0,0,0,0,Other
0013000000FL0hJAAT,Foodstuffs Rewards Limited,aBR3y000000TVfiGAG,376646.0427,331850.0427,0,214085.0427,0,117765,0,Other
0010M00001So8MVQAZ,SAT Corporation,aBR3y00000057hfGAA,16170.72,16170.72,16170.72,0,0,0,0,Other
0010M00001OzvzQQAR,Swiss Life Investment Management Holding AG,aBR300000004N2GGAU,9987.2709,5612.0491,4101.7704,0,1510.2787,0,0,Other
0013000000Ikl6zAAB,Daikin Australia Pty Ltd,aBR0M000000GobAWAS,70711.837,1355.7644,1355.7644,0,0,0,0,Other
0010M00001QqcHEQAZ,Rede D'Or Sao Luiz (Matriz),aBR300000004Rk8GAE,335890.2008,221027.5158,56860.3367,123715.2954,20528.812,19923.0717,0,Other
0013000001JyDsUAAV,Pramana Fr,aBR0M000000LBldWAG,34692.6322,32832.144,32832.144,0,0,0,0,Other
0010M00001WYsIiQAL,Gopalan Enterprises,0010M00001WYsIiQAL,332.8531,332.8531,0,0,0,332.8531,0,Other
0013000000ZlijDAAR,PEPPERSTONE OPERATIONS PTY LTD,aBR3y0000011BUXGA2,54945.4143,54945.4143,0,54945.4143,0,0,0,Other
001ed00000mItKEAA0,"AAA Northern California, Nevada & Utah",aBR300000004EoeGAE,2092268.193,1901965.321,0,1790689.321,0,111276,0,Other
00130000002xIouAAE,WithSecure Ltd,aBR0M000000CdhsWAC,28980.9334,28980.9334,0,28980.9334,0,0,0,Other
0010M00001WJJrGQAX,NHS Professionals,aBR0M000000bqgsWAA,103355.9884,85017.7966,82085.2928,2932.5038,0,0,0,Other
0013y00001crMSwAAM,APLAZ SA DE CV RFC: APL200511RL7,0013y00001crMSwAAM,41020,29550,29550,0,0,0,0,Other
0013y00001f9Z43AAE,Flagstone Group New Org,aBRed00000003ynGAA,337037.1025,337037.1025,0,238953.9739,0,98083.1286,0,Other
0010M00001W7jE5QAJ,WorkSafe Victoria,aBRed0000007A97GAE,240663.2801,199430.9515,0,65343.419,0,134087.5325,0,Other
0010M00001YuHSpQAN,FERCO GESTION SL,aBR3y000000g385GAA,7498.6262,498.6393,498.6393,0,0,0,0,Other
0010M00001Xy1U5QAJ,MISUMI GROUP INC.,aBR3y00000050VwGAI,69183.1914,69183.1914,0,69183.1914,0,0,0,Other
0010M00001WkXXUQA3,World Food Program USA_Primary Org,aBRed0000005kevGAA,10000,5000,5000,0,0,0,0,Other
00130000002xXF7AAM,Cross Insurance (Primary),aBR3y000000H6u6GAC,324276,324276,324276,0,0,0,0,Other
0010M00001UV369QAD,QROMA,aBR3y000000HE90GAG,7744,7744,7744,0,0,0,0,Other
001000000001cULAAY,Unisys Corporation,aBR300000004F7eGAE,191975.5899,191975.5899,0,112617.1899,0,79358.4,0,Other
0013000000JgfuSAAR,Intesa Sanpaolo S.p.A. (Marketing Automation - Production),aBR0M000000GpL0WAK,2575361.11,2422144.438,0,2422144.438,0,0,0,Other
0013000000ZjT2uAAF,National Insurance Producer Registry,0013000000ZjT2uAAF,537.0872,537.0872,537.0872,0,0,0,0,Other
0010M00001SJLc4QAH,Origin Energy Services Ltd,aBR300000004aVEGAY,5110.057,5110.057,0,5110.057,0,0,0,Other
001ed00000i5cjHAAQ,MINOR HOTEL GROUP LIMITED org2,aBR0M000000bpxXWAQ,348491.7979,348491.7979,184439.9179,0,92123.88,71928,0,Other
0010M00001WIJkKQAX,Knowledge Road,0010M00001WIJkKQAX,4272.3503,4272.3503,3996.3503,0,0,276,0,Other
0013000000NT5EpAAL,"Piñero Gestion Hotelera, S.A",aBR30000000Xh0KGAS,5244.522,2622.261,2622.261,0,0,0,0,Other
0013000001NXldmAAD,Netradyne,aBR3y000000ChbQGAS,618.4009,618.4009,512.399,106.0019,0,0,0,Other
0010M00001Sn4G8QAJ,L’Aréna des Canadiens Inc.,aBR0M000000GohlWAC,310708.1719,239006.2861,0,0,0,0,239006.2861,Legacy CDP
0013000000RZHVGAA5,Kitalive Inc.,aBR3y000000ygpSGAQ,22087.5722,20146.022,0,20146.022,0,0,0,Other
0013y00001ce56EAAQ,Stainless Bazaar India,0013y00001ce56EAAQ,11429.4144,1428.6768,1428.6768,0,0,0,0,Other
0010M00001QaCqrQAF,COTRAL S.P.A.,aBR3y000000kCE4GAM,77648.0206,45965.0016,45965.0016,0,0,0,0,Other
0013000000rqTKmAAM,Federation Internationale de l'Automobile - FIA,0013000000rqTKmAAM,72221.9616,72221.9616,38295.4128,273.6012,0,33652.9476,0,Other
0010M00001Wa6HQQAZ,United Way East Ontario,aBR0M000000PBvPWAW,67364.3113,67364.3113,0,67364.3113,0,0,0,Other
0013000000rpZHdAAM,Trinity Law School,aBR0M0000004i9eWAA,37800,37800,37800,0,0,0,0,Other
001000000008KjWAAU,Diabsolut,aBR0M000000bmg8WAA,9898.0255,7003.4991,7003.4991,0,0,0,0,Other
0010M00001Qan7tQAB,ePac Flexible Packaging Company,aBR3y0000004kP1GAI,15650.6591,4900,4900,0,0,0,0,Other
0013000001CAibSAAT,Oscar Management Corporation,aBR3y000000yfmBGAQ,17393.9781,17393.9781,0,17393.9781,0,0,0,Other
0013000001CCYHSAA5,Cybex Retail GmbH,aBR3y000000H6AvGAK,17401.0363,17401.0363,0,17401.0363,0,0,0,Other
0013000001GUZCRAA5,UNICOOP ETRURIA SOCIETA' COOPERATIVA,0013000001GUZCRAA5,90586.2596,60411.145,60411.145,0,0,0,0,Other
0010M00001U1k6SQAR,Bitcoin Depot*,aBR3y0000004ofNGAQ,18917.6,18917.6,0,18917.6,0,0,0,Other
0013000000RXVhMAAX,EIH LIMITED,aBR3y0000000BeMGAU,3979.9365,3979.9365,0,3437.7536,0,542.1829,0,Other
0013y00001eXnceAAC,CDE Group,0013y00001eXnceAAC,3451.0365,3077.1535,0,2322.6679,0,754.4856,0,Other
0013y00001d1rOYAAY,David Yurman Enterprises LLC - 2nd Org,aBR3y000000XqahGAC,123334.1421,83334.1421,0,83334.1421,0,0,0,Other
001ed00000cKggRAAS,Blackbird Bakery,001ed00000cKggRAAS,2125,2125,2125,0,0,0,0,Other
0013000001MntT0AAJ,Magnolia Market L L C,aBR3y0000004xOlGAI,286124.896,286124.896,0,93620.146,0,192504.75,0,Other
0010M00001WOTkaQAH,Multi Proyectos (Corporación Multi Inversiones),0010M00001WOTkaQAH,144000,144000,60000,0,84000,0,0,Other
0013y00001cIygmAAC,OSINT Combine,0013y00001cIygmAAC,14455.7834,14455.7834,14194.6027,0,261.1807,0,0,Other
0013y00001epnf0AAA,MARUNI SHOJI K.K.,0013y00001epnf0AAA,5295.9108,3234.144,3234.144,0,0,0,0,Other
0013000000K6TEFAA3,The Moses H Cone Memorial Hospital,aBR300000004FLVGA2,124200,124200,0,124200,0,0,0,Other
0013y00001euOjFAAU,Tātaki Auckland Unlimited Trust - Data Cloud,aBRed0000005m41GAA,65880.5475,65880.5475,0,65880.5475,0,0,0,Other
0013000001EYWJBAA5,"University of Florida Foundation, Inc.",aBR300000004OIRGA2,520885,491435,490990,445,0,0,0,Other
0013000000M1P78AAF,"Grupo Sanborns, S.A. de C.V.",aBR3y000000wl5PGAQ,6109.9562,6109.9562,6109.9562,0,0,0,0,Other
0013000001L6MQcAAN,Vanquis Bank Limited,aBR300000004FyTGAU,533682.7121,510426.8722,500995.8022,0,9431.07,0,0,Other
0010M00001Qkq0hQAB,"Village Practice Management Company, LLC",aBR3y000000H8F5GAK,82472.2793,42000,42000,0,0,0,0,Other
0013000001FiqzSAAR,Toyota Financial Services India Limited,aBR3y0000000BtHGAU,5795.7252,5795.7252,0,5418.5545,0,377.1707,0,Other
0013000000HFFemAAH,Perstorp AB,aBR3y000000HK0bGAG,476.5486,476.5486,476.5486,0,0,0,0,Other
001ed00000qc4PeAAI,Berry Appleman & Leiden LLP- New Org,aBR3y000000CgCeGAK,71995.5705,42012,42012,0,0,0,0,Other
0013y00001f90KJAAY,Hogar Total SA,0013y00001f90KJAAY,4500,500,0,500,0,0,0,Other
001ed00000Av62vAAB,The Guardian Life Insurance Company of America,aBR300000004EkZGAU,150000,150000,150000,0,0,0,0,Other
0013000000HH0gZAAT,Cadent,aBR0M000000Xp3qWAC,442.5146,442.5146,442.5146,0,0,0,0,Other
00130000016iTjYAAU,Integrated Management Systems Singapore Pte. Ltd.,aBR3y0000004wDSGAY,52320,16320,0,12000,0,4320,0,Other
0013y00001c6cc0AAA,Vista Vision SRL,0013y00001c6cc0AAA,956.7304,956.7304,956.7304,0,0,0,0,Other
00130000016hJBEAA2,Civitas Learning,aBR3y000000btYdGAI,48104.7776,40504.7776,40504.7776,0,0,0,0,Other
0010M00001Z04PVQAZ,Mahadhan Agritech Limited,aBR0M000000097vWAA,10259.8213,10259.8213,0,9760.4987,0,499.3226,0,Other
0013y00001cfrCyAAI,ORIX LIFE INSURANCE CORPORATION,aBR30000000L6SZGA0,45379.083,43660.944,43660.944,0,0,0,0,Other
0013y00001cs6YxAAI,"Brandarrays Mexico, S.A. de C.V. RFC BME111104ED2",0013y00001cs6YxAAI,1950,1950,750,0,0,1200,0,Other
00130000001kJLSAA2,"Mizuho Leasing Company, Limited",aBR3y000000500KGAQ,50937.768,36384.12,36384.12,0,0,0,0,Other
0013000001GkUqfAAF,Core Concept Technologies Inc.,aBR3y00000050g6GAA,31662.1539,24391.9693,0,24391.9693,0,0,0,Other
0013000001L6Bi9AAF,Watkins Distribution UK Ltd,aBR30000000XlkxGAC,2810.7207,2810.7207,2521.5013,0,289.2194,0,0,Other
0013000000NPWRjAAP,"ODAKYU REAL ESTATE CO.,LTD.(main)",aBR0M000000LDnXWAW,71113.8085,60208.369,0,0,0,0,60208.369,Legacy CDP
0013y00001dVzB5AAK,ProCredit Bank a.d,0013y00001dVzB5AAK,46981.6627,46981.6627,46981.6627,0,0,0,0,Other
0013000000RYqOZAA1,"Information Systems Audit and Control Association, Inc.",aBR0M000000TOKzWAO,26080,18580,8500,0,0,10080,0,Other
0013y00001Xz9vbAAB,"ESCO CO., LTD.",0013y00001Xz9vbAAB,7422.3605,7422.3605,7422.3605,0,0,0,0,Other
001ed00000FsvYXAAZ,Blue Diamond Hotels and Resorts Inc (2nd Org),001ed00000FsvYXAAZ,15000,15000,15000,0,0,0,0,Other
0013y00001dy0xkAAA,PowerSchool Group LLC - New Org,aBR3y0000004tK6GAI,992279.8413,661082.3048,496796.3048,0,164094,192,0,Other
0013000001Jy5F8AAJ,CNOSF - COMITÉ NATIONAL OLYMPIQUE ET SPORTIF FRANÇAIS,0013000001Jy5F8AAJ,85271.9829,76752.5258,76752.5258,0,0,0,0,Other
0013000000hJBsMAAW,"Race Telecommunications, LLC.",0013000000hJBsMAAW,28487.8212,28080,28080,0,0,0,0,Other
0013y00001c6qftAAA,UL LLC (UL Enterprise),aBR300000004FfpGAE,9146.3871,5203.9928,5203.9928,0,0,0,0,Other
00130000002xcgHAAQ,Stowers Machinery Corp,aBR300000004DWQGA2,4352,3852,3576,0,276,0,0,Other
0010M00001cDPiAQAW,SA Damm,aBR30000000XlWAGA0,37894.7008,33237.9984,31222.6768,45.3929,1969.9287,0,0,Other
00130000005v7hEAAQ,Realty Income,aBR3y000000btgQGAQ,33159.2978,33159.2978,33159.2978,0,0,0,0,Other
0013y00001cTKSWAA4,Lixil International Pte Ltd (CDP Org),aBR3y000000CmJBGA0,60672.456,48929.4,0,0,0,0,48929.4,Legacy CDP
0013000000hJyLWAA0,Retire Australia Management Pty Ltd,0013000000hJyLWAA0,39162.9087,39162.9087,0,0,0,0,39162.9087,Legacy CDP
0013y00001cFwGPAA0,"VeraBank, National Association",aBR3y000000XqcJGAS,137642.5201,137642.5201,0,92642.5201,0,45000,0,Other
00130000007sVUAAA2,"Bazaarvoice, Inc.",aBR300000004QNiGAM,1776,1776,1776,0,0,0,0,Other
0010M00001SIfKmQAL,"MATHS FOR MORE, SLU",aBR3y0000004lgbGAA,61314.029,59097.8592,59097.8592,0,0,0,0,Other
001ed00000qYoNpAAK,WithSecure CPSF demo org,aBR0M000000CdhsWAC,1969.9286,984.9643,984.9643,0,0,0,0,Other
0013000000Zlg61AAB,Halberg Foundation,0013000000Zlg61AAB,283.7365,283.7365,212.8024,70.9341,0,0,0,Other
00130000002xJwvAAE,ASL Airlines,aBRed000000GM4bGAG,65489.1832,60017.1592,60017.1592,0,0,0,0,Other
0013y00001beD75AAE,CIMET (eCONNEX),0013y00001beD75AAE,6699.8524,6699.8524,0,6132.0683,0,567.7841,0,Other
0013000001GHjIsAAL,"Pearson Education, Inc.",aBR300000004DJuGAM,308000,14000,14000,0,0,0,0,Other
0013000000rms93AAA,CSL Behring LLC,aBR300000004DMuGAM,122653.0073,122653.0073,79927.0073,0,41250,1476,0,Other
00130000008ebNgAAI,Bombardier Inc.,aBR300000004KM4GAM,422799.1,398799.1,378113.6,15165.5,5520,0,0,Other
001ed00000GyWdNAAV,Alpine Intel (Surveillance Org),aBRed000000GLlFGAW,42000,42000,0,0,42000,0,0,Other
0010M00001QqcYmQAJ,Engemon Comercio E Servicos Tecnicos Ltda,0010M00001QqcYmQAJ,4429.7984,4429.7984,2214.8992,2214.8992,0,0,0,Other
0010M00001WZ1MlQAL,FFT Education Ltd,0010M00001WZ1MlQAL,4715.535,4715.535,4715.535,0,0,0,0,Other
0013000001LYQc6AAH,Enloc Squad GmbH,0013000001LYQc6AAH,31518.8583,31518.8583,27907.3224,0,1510.2787,2101.2572,0,Other
00100000000iMa2AAE,Vizrt Group AS,aBR3y000000HJrdGAG,488.5439,488.5439,488.5439,0,0,0,0,Other
0013000001CCwsZAAT,Real Betis Balonpie SAD,aBR3y0000000MeJGAU,72868.5371,72868.5371,0,66302.1083,0,6566.4288,0,Other
0013y00001f9LrTAAU,ALIA SERVIZI AMBIENTALI SPA,aBRed0000006Xm7GAE,420083.1487,391247.5573,391247.5573,0,0,0,0,Other
0013000000rpFSiAAM,"Freshworks, Inc",0013000000rpFSiAAM,70400,5400,5400,0,0,0,0,Other
0013000000LiPBNAA3,"YAMAHA MOTOR CO., LTD.",aBR30000000L6LsGAK,66668.884,66668.884,0,66668.884,0,0,0,Other
001ed00000JKXjFAAX,Cal Baptist (CAML Org),aBR0M0000000AOXWA2,776,776,776,0,0,0,0,Other
0013000001FjiK1AAJ,Toyota Motor Credit Corporation,aBR3y000000CmkdGAC,21755.2994,21755.2994,0,21755.2994,0,0,0,Other
0010M00001SpykvQAB,Southern New Hampshire University*,aBR30000000PBHAGA4,1612031.4,1380031.44,0,0,0,0,1380031.44,Legacy CDP
0010M00001QaXNQQA3,Bluwave,aBR3y000000TVl0GAG,20004,20004,20004,0,0,0,0,Other
0013000000Zm73KAAR,Riverside Community College District Foundation,aBRed0000005Y4HGAU,2000,2000,2000,0,0,0,0,Other
0013000001J5soXAAR,Acct-TEGNA,aBR0M000000GoIGWA0,37500,30000,30000,0,0,0,0,Other
0013000000KxIZiAAN,Angel MedFlight,aBR3000000002UwGAI,20431.3412,499.5438,499.5438,0,0,0,0,Other
0010M00001UEgGiQAL,DPG Media Services NV,aBR3y000000LIicGAG,874.087,874.087,874.087,0,0,0,0,Other
0013000000Ez4hkAAB,"The Neo First Life Insurance Company, Limited",aBR30000000L6B6GAK,30562.6608,30562.6608,30562.6608,0,0,0,0,Other
0013000001If26qAAB,TSURUHA HOLDINGS INC.,aBRed000000AutlGAC,332357.5202,275406.904,0,0,0,0,275406.904,Legacy CDP
00130000002xRsgAAE,Castle Hill RSL Club Ltd,00130000002xRsgAAE,5433.6939,4298.1257,3548.6507,0,0,749.475,0,Other
0013000000NPlSJAA1,Foreign Commonwealth & Development Office,aBR300000004VuQGAU,77544.3422,52394.8283,52394.8283,0,0,0,0,Other
0013y00001h7tEDAAY,"Honda Motor Co., Ltd. / D2C MC",aBR30000000L6FsGAK,34686.1944,4446.948,0,4446.948,0,0,0,Other
0013000000DTBk1AAH,ABB Information Systems Ltd.,aBR300000004N12GAE,28750,19750,19750,0,0,0,0,Other
00130000000bhoIAAQ,Cirrus Aircraft,aBR3y0000004uvsGAA,32769.1664,32769.1664,0,32769.1664,0,0,0,Other
0013000000Ikq2wAAB,Banco Mercantil do Brasil S/A.,aBR3y000000wmlnGAA,38331.6267,38331.6267,0,38331.6267,0,0,0,Other
0013000001CCCa0AAH,Apex Advice Group,0013000001CCCa0AAH,27044.3481,27044.3481,27044.3481,0,0,0,0,Other
0013y00001e2je9AAA,Campus Multimedia,0013y00001e2je9AAA,27333.3333,27333.3333,0,27333.3333,0,0,0,Other
0013y00001cfw7PAAQ,CSL Plasma,aBR300000004DMuGAM,1763060.113,1627656.533,0,1624056.533,0,3600,0,Other
0013000000GLQpLAAX,Vigorate Digital Marketing,aBR3y000000brd7GAA,1650,750,750,0,0,0,0,Other
001ed00000T40TmAAJ,"ZS Associates, Inc.",aBR3y0000004qFKGAY,1000,1000,1000,0,0,0,0,Other
0013y00001g8gblAAA,American Regent - Data Cloud,aBR300000004DMMGA2,61332.1168,61332.1168,0,61332.1168,0,0,0,Other
0010M00001QnUsQQAV,IPIC Pty Ltd,0010M00001QnUsQQAV,166547.9689,166547.9689,0,166547.9689,0,0,0,Other
0013000000M2NSRAA3,Savannah College of Art & Design,0013000000M2NSRAA3,57107.6555,2619.6172,2619.6172,0,0,0,0,Other
0013000001JxyurAAB,SOLETANCHE FREYSSINET,aBR300000004HjcGAE,1776.7852,1776.7852,1776.7852,0,0,0,0,Other
001ed00000asyGzAAI,Texas State Technical College Foundation - Marketing Cloud,aBR30000000PAwqGAG,3829.8358,3829.8358,3829.8358,0,0,0,0,Other
001ed00000F9BExAAN,GlaxoSmithKline LLC,aBR300000004DM7GAM,163026,163026,0,60000,0,103026,0,Other
0013000001NXg4DAAT,Safe & Sound Security,0013000001NXg4DAAT,1000,1000,1000,0,0,0,0,Other
0013000001CCYfjAAH,Zagame Automotive Group Pty Ltd,0013000001CCYfjAAH,24528.2734,24528.2734,0,24528.2734,0,0,0,Other
0010M00001WkuODQAZ,The Surplus Line Association of California,aBR3y000000gFaIGAU,600,600,0,0,600,0,0,Other
0013000000RXVwgAAH,"CEBU AIR, INC.",aBRed0000007uIPGAY,12315.9204,12315.9204,10500,1815.9204,0,0,0,Other
0010M00001UMcsaQAD,Ethos Technologies Inc.,aBR3y000000TQCJGA4,34452.03,34452.03,34452.03,0,0,0,0,Other
0013000001GUgQCAA1,Takeaway.com Central Core B.V.,aBR3y000000HAdsGAG,28892.2867,28892.2867,0,28892.2867,0,0,0,Other
0013y00001XzWMFAA3,GIVERY.INC.,aBR3y0000004zicGAA,50726.7814,41033.202,40426.8,0,0,606.402,0,Other
0010M00001WkU5SQAV,"Mercury Technologies, Inc.",aBR3y000000ChTNGA0,2000,2000,2000,0,0,0,0,Other
00130000002xTetAAE,Seminole Hard Rock Digital LLC,aBR300000004USnGAM,4000,4000,2000,2000,0,0,0,Other
0013y00001c6GluAAE,MusiCares,aBR3y0000000HPMGA2,4950,4950,4950,0,0,0,0,Other
0010M00001UMgR9QAL,"ENÉRGYA VM GESTIÓN DE ENERGÍA, SLU",aBR300000004UU0GAM,16380.996,630.1974,630.1974,0,0,0,0,Other
001ed00000PZ1w3AAD,The Capital Group Companies Inc.,aBR300000004EvvGAE,175630.3521,68922.1368,38490.1368,0,30432,0,0,Other
001ed00000oWKlCAAW,"BeOne Medicines USA, Inc.",aBR3y000000HHUdGAO,96000,51000,51000,0,0,0,0,Other
001000000017PhDAAU,"Avnet, Inc.",aBR300000004E4PGAU,568710.1278,561216.9708,165816.9708,0,395400,0,0,Other
0013000000RYumZAAT,"NIHON SYSTEM & DESIGN, INC",aBR3y00000053KwGAI,29107.296,21830.472,21830.472,0,0,0,0,Other
001ed00000Jh1u3AAB,LTI Mindtree Limited,aBR3y0000000BSvGAM,1317.3592,1317.3592,491.1077,369.0749,0,457.1766,0,Other
001ed00000e1KFUAA2,NORIKA Nordring Kartoffelzucht- und Vermehrungs- GmbH,001ed00000e1KFUAA2,39398.5728,39398.5728,39398.5728,0,0,0,0,Other
0013y00001YbZUfAAN,Uniwersytet SWPS,aBR3y0000000O12GAE,52531.4304,49248.216,49248.216,0,0,0,0,Other
00130000005GA7mAAG,MA Money Financial Services Pty Ltd,aBR0M000000H62eWAC,8043.6082,946.3069,946.3069,0,0,0,0,Other
00130000002xWZ5AAM,Peerless Pump Co,aBR3y000000H7kqGAC,126750.6751,126750.6751,0,125310.6751,0,1440,0,Other
00100000001wk27AAA,"Shoe Carnival, Inc.",aBR0M000000Cbu4WAC,1522240.96,1001660,0,998876,0,2784,0,Other
00130000004IFhfAAG,National Bank Of Greece S.A.,aBR3y0000004tUZGAY,53492.0493,53492.0493,0,51522.1206,0,1969.9287,0,Other
0010M00001WaAVgQAN,CBP - ACE,aBR0M00000007pFWAQ,266175,214425,200625,0,13800,0,0,Other
0010M00001QmHtCQAV,Toyota Motor Manufacturing Kentucky (TMMK),aBR3y000000CmkdGAC,23900,4900,4900,0,0,0,0,Other
0013y00001gmvoJAAQ,"Samty Holdings Co.,Ltd.",0013y00001gmvoJAAQ,49879.2033,49879.2033,49879.2033,0,0,0,0,Other
00130000016gN3aAAE,GT GETTAXI (UK) LIMITED,00130000016gN3aAAE,11350,11350,11350,0,0,0,0,Other
001ed00000XW98TAAT,Fusion Dental Implants,001ed00000XW98TAAT,1873.2892,1873.2892,1873.2892,0,0,0,0,Other
0010M00001PEmr1QAD,SPORTS AID TRUST,0010M00001PEmr1QAD,4449.4974,4449.4974,0,4449.4974,0,0,0,Other
0010M00001U1dx3QAB,U.S. Dermatology Partners,aBR3y000000kAU9GAM,204822.3138,173585.3033,0,0,0,0,173585.3033,Legacy CDP
0013000000M1bsdAAB,Inglis,0013000000M1bsdAAB,54000,54000,54000,0,0,0,0,Other
0010M00001MtMQ1QAN,Pepperdine Waves,aBR30000000PBH6GAO,74986.3139,60000,60000,0,0,0,0,Other
001ed000008fOBYAA2,Neybor,001ed000008fOBYAA2,1457.8751,728.9376,728.9376,0,0,0,0,Other
0013000000M1P8vAAF,"Farmacias Benavides, S.A.B. de C.V.",aBR3y000000HE8MGAW,151512,151512,0,145512,0,6000,0,Other
0013y00001emOh8AAE,Tyndale (Commerce Org),aBR3y000000TRApGAO,5133.3333,5133.3333,4800,333.3333,0,0,0,Other
00130000016hY0VAAU,Pushpay Holdings Limited,aBRed0000003T8kGAE,206954.7456,311.6994,311.6994,0,0,0,0,Other
0013000000NPxd0AAD,Rugby Football Union,aBR3y0000004mL9GAI,196259.9723,196259.9723,0,195970.7529,0,289.2194,0,Other
0013000000M26jJAAR,"Condensed Curriculum International, Inc",0013000000M26jJAAR,27500,2500,2500,0,0,0,0,Other
001ed000003hRg0AAE,Telenet Group,aBRed0000006YOrGAM,117191.4926,73415.3006,0,73415.3006,0,0,0,Other
0010M00001QklMwQAJ,Ministry of Science and Technology,aBR3y00000119wSGAQ,6715,2125,2125,0,0,0,0,Other
0010M00001QqfHPQAZ,Momentum Life Sciences,aBR3y000000H8FHGA0,5726,3476,3476,0,0,0,0,Other
0013y00001eeKlEAAU,VERSES Solutions Inc.,0013y00001eeKlEAAU,4076,576,576,0,0,0,0,Other
0013y00001gERPkAAO,"FATCO Holdings, LCC - FA Direct (FSC Org)",aBR300000004EpnGAE,563.08,163.08,81.54,81.54,0,0,0,Other
0013000001MjReyAAF,"Fortra, LLC",aBR3y00000116tJGAQ,75600,75600,75600,0,0,0,0,Other
001ed00000PF5VfAAL,"Vermilion, Lda",001ed00000PF5VfAAL,24350.5068,22161.6972,22161.6972,0,0,0,0,Other
0013000000RYnyKAAT,Rector & Visitors of The University of Virginia,aBR30000000PBHSGA4,120900,93000,0,0,0,0,93000,Legacy CDP
0010M00001QnVYoQAN,HARBOUR ROCK CAPITAL LIMITED,aBRed0000003WhiGAE,61857.3405,61857.3405,0,55538.5236,0,6318.8169,0,Other
0013000000KxNQNAA3,CMiC,0013000000KxNQNAA3,26877.0045,479.683,479.683,0,0,0,0,Other
00130000002xcfkAAA,Ballad Health,aBR3y000000H6csGAC,45089.3204,45089.3204,45089.3204,0,0,0,0,Other
0013000001GXmUWAA1,John Muir Health - Org 2,aBR300000004PYbGAM,126527.4672,126527.4672,0,98519.4672,0,28008,0,Other
0013000000J7h5iAAB,"SHOKO CHUKIN BANK,LTD., THE",aBR3y0000000PCjGAM,10208.5755,7459.5531,6872.556,0,586.9971,0,0,Other
0013y00001h1xwqAAA,GO Markets AUS Pty Ltd (2nd Org),aBR3y000000h4r1GAA,3083.0925,3083.0925,2821.9118,0,261.1807,0,0,Other
0013000001CA8EDAA1,"TRADERS SECURITIES CO.,LTD.",aBR3y00000051wZGAQ,29450.4135,29450.4135,0,29450.4135,0,0,0,Other
0013000000rpOM7AAM,"MY BASKET CO.,LTD.",aBR30000000L6AqGAK,50114.4777,33958.512,33958.512,0,0,0,0,Other
001ed000008rLwIAAU,GOODAI GLOBAL INC.,001ed000008rLwIAAU,37008.0329,37008.0329,0,36144.0329,0,864,0,Other
0013000000M1acMAAR,Les Schwab Warehouse Center Inc,aBR3y0000000HVYGA2,677401.5,677401.5,0,629478.3,0,47923.2,0,Other
0013000000RWvByAAL,BAUMANN Federn AG,aBRed0000006XpOGAU,2187.6109,2187.6109,2187.6109,0,0,0,0,Other
0013000000LiOO3AAN,Kanadevia Corporation,aBR0M000000LDkcWAG,627.4239,627.4239,627.4239,0,0,0,0,Other
001ed00000YDAUEAA5,"Netflix, Inc.",aBR300000004FEyGAM,168.75,168.75,168.75,0,0,0,0,Other
0013000000ZjkASAAZ,"Tanium, Inc.",aBR3y0000004nsfGAA,165191.04,165191.04,0,0,0,0,0,Legacy CDP
0013000001JyhIaAAJ,"Green Brick Partners, Inc.",aBR3y000000Cng8GAC,118214.2019,42214.2019,0,42214.2019,0,0,0,Other
0013000001MrML2AAN,Acast AB,aBR3y0000004nGxGAI,500,500,500,0,0,0,0,Other
00130000016iyVDAAY,ID Business Solutions Limited,aBR30000000Xm71GAC,362.3097,362.3097,362.3097,0,0,0,0,Other
00100000002006eAAA,Hexure,aBR3y000000HKmhGAG,5400,5400,5400,0,0,0,0,Other
0010M00001SJIYAQA5,MedVet,aBR3y000000H7VuGAK,30820.3577,30820.3577,0,28804.3577,0,2016,0,Other
0013000000LiPGvAAN,"KENTUCKY FRIED CHICKEN JAPAN,LTD",aBR3y000000504CGAQ,11521.638,11521.638,11521.638,0,0,0,0,Other
0010M00001JzqukQAB,Isaksen Solar,0010M00001JzqukQAB,20000,2500,2500,0,0,0,0,Other
0013000000FJdfkAAD,Sika Informationssysteme AG (SELA Main Org),aBR3y000000HBLvGAO,4161,4161,4161,0,0,0,0,Other
0013y00001caB3uAAE,"CircusTrix Holdings, LLC",aBR0M000000H5i0WAC,620002,620002,0,610000,0,10002,0,Other
0010M00001W7tt4QAB,"KYOCHON F & B CO.,LTD.",0010M00001W7tt4QAB,14986.3139,14986.3139,14986.3139,0,0,0,0,Other
0013000000JguydAAB,"Samsung Electronics Co.,Ltd.",aBR30000000L7jnGAC,283248.0592,62110.7935,61329.5027,781.2908,0,0,0,Other
0013y00001epXBbAAM,Navy Federal Credit Union (MC CDP),aBR300000004MrYGAU,3605526.774,3268526.814,0,3084926.814,0,183600,0,Other
0013000000hK18VAAS,COMPAGNIE DU MONT BLANC,aBR30000000Xax6GAC,43804.6465,43804.6465,39262.8666,4541.7799,0,0,0,Other
0010M00001SIBg8QAH,Lycadigital Private Ltd,aBR3y0000000QtuGAE,81130.9838,81130.9838,0,79952.3255,0,1178.6583,0,Other
0013000000NRMhoAAH,IHEID - Graduate Institute of International and Development studies,aBR0M0000004gC4WAI,6560.4376,6560.4376,6560.4376,0,0,0,0,Other
0013000000ExeJ9AAJ,"Public Service Division, Singapore",0013000000ExeJ9AAJ,32400,32400,32400,0,0,0,0,Other
00130000004EBQ0AAO,"Wealth Enhancement Group, Llc",aBR3y000000TPEHGA4,164566.6667,164566.6667,151900,12666.6667,0,0,0,Other
0010M00001QqmV0QAJ,"HANWHA ASSET MANAGEMENT CO.,LTD.",aBR3y000000HOAVGA4,8500,4250,4250,0,0,0,0,Other
0013y00001Y0bF7AAJ,"BARCELO GESTION HOTELERA, S.L",aBR30000000XfKIGA0,307156.7046,307156.7046,0,280890.9894,0,26265.7152,0,Other
0013y00001esldWAAQ,Sony Interactive Entertainment LLC,aBR300000004DbTGAU,3539542.6,3539542.6,3069022.6,345000,125520,0,0,Other
0013000000hJZchAAG,Sunseeker Florida Inc,aBR300000004DpVGAU,86772.72,86772.72,0,81096,0,5676.72,0,Other
00130000016hMnvAAE,ContiTech Deutschland GmbH,aBR300000004HUbGAM,67141.1697,49606.0863,47636.1576,0,1969.9287,0,0,Other
0013000001C9zOOAAZ,Taulia - Operational Instance,aBR300000004F5QGAU,30000,7500,7500,0,0,0,0,Other
0013000000ro3QzAAI,Chartswap,aBR3y000000bsI5GAI,18000,18000,0,18000,0,0,0,Other
0010M00001UMdNxQAL,Banco C6 S.A.,aBR3y000000HDvGGAW,1153853.354,964709.4738,0,964709.4738,0,0,0,Other
0010M00001UV6CjQAL,International Rescue Committee,aBR30000000PBVrGAO,23338.9713,579.1561,579.1561,0,0,0,0,Other
00130000007WM8KAAW,Visit California,aBR0M000000CcRQWA0,11500,7500,7500,0,0,0,0,Other
0010M00001WOTXbQAP,Inter Miami CF,aBR3y0000000R0XGAU,64878.7516,64878.7516,61134.7516,0,0,3744,0,Other
0013000001GXLgoAAH,Xero Limited,aBR0M000000Go41WAC,460530.9522,340929.0285,0,306861.9822,0,34067.0463,0,Other
0013y00001eBwKUAA0,Employ,aBR3y0000004rZYGAY,95927.9769,26177.9769,25349.9769,0,828,0,0,Other
0013y00001cSrB7AAK,Big Think Capital,0013y00001cSrB7AAK,105700,33700,33700,0,0,0,0,Other
0013y00001cs7baAAA,"Transcend Company, Inc",0013y00001cs7baAAA,38266.6667,21600,21600,0,0,0,0,Other
0013000000hKhEJAA0,"KENKO KAZOKU, K.K.",aBR3y000000g3GgGAI,101528.5147,101528.5147,0,86974.8667,0,14553.648,0,Other
00130000002xItgAAE,"BON PREU, S.A.",00130000002xItgAAE,51468.0999,49068.2344,0,49068.2344,0,0,0,Other
0013000000Ikq45AAB,Racon Consorcios Ltda,aBR3y000000wnjOGAQ,18460.7883,18460.7883,0,18460.7883,0,0,0,Other
0013y00001cgQ1IAAU,Japan Airlines,aBR30000000L6BaGAK,139720.391,121423.7922,0,0,0,0,121423.7922,Legacy CDP
0013000001FoSd6AAF,Rattix srl,0013000001FoSd6AAF,179499.1097,152117.8896,0,0,0,0,152117.8896,Legacy CDP
0013y00001d1lK2AAI,Vodafone Procurement Company S.A.R.L,aBR300000004NH5GAM,120042.5265,92340.405,0,0,0,0,92340.405,Legacy CDP
00130000016jvthAAA,Modulat Leasing,00130000016jvthAAA,5253.1431,5253.1431,4377.6192,875.5239,0,0,0,Other
00130000016iGtQAAU,Westchester Medical Center Corporation,aBR3y000000HElTGAW,141136,141136,0,79336,0,61800,0,Other
0013000001L5hSnAAJ,Online Courses Australia Pty Ltd,0013000001L5hSnAAJ,70195.3301,58452.9228,6977.3724,51475.5504,0,0,0,Other
0013y00001f9IAyAAM,Braza,aBR3y000000gEMAGA2,6783.402,6783.402,0,6783.402,0,0,0,Other
0013y00001XzTx3AAF,Credit Agricole Leasing Factoring (CALF ORG GROUP),aBR3y000000Cm9lGAC,18549.6371,1902.5269,1902.5269,0,0,0,0,Other
0013y00001d78ARAAY,SLS (Straight Line Source),aBR3y000000CelxGAC,49193.4283,37200,37200,0,0,0,0,Other
0010M00001c4TbeQAE,Burton & Co. (Veruna Org),aBR3y000000bsHLGAY,1450,950,950,0,0,0,0,Other
0010M00001ULhbLQAT,Weruva International,aBR3y0000004rCTGAY,24597.3813,24597.3813,0,24597.3813,0,0,0,Other
0013000001HgcRIAAZ,DCC Energi Center A/S,aBR3y0000004lfkGAA,16416.072,16416.072,8208.036,8208.036,0,0,0,Other
001ed00000ARFWgAAP,MEDICE Arzneimittel Pütter GmbH & Co. KG (MC),aBR3y000000HBhUGAW,45445.8739,45445.8739,0,23281.8128,0,22164.0611,0,Other
0013000000JKscKAAT,"Domtar Paper Company, LLC",aBR3y000000H6xlGAC,29716,29716,29716,0,0,0,0,Other
0013000000LiK2xAAF,EL AL Israel Airlines Ltd.,aBR3y000000HCL7GAO,67008,67008,0,64800,0,2208,0,Other
0013y00001dxgENAAY,Serveo Servicios SAU,aBR300000004NBXGA2,113818.0992,113818.0992,113818.0992,0,0,0,0,Other
0013000001MicDYAAZ,Rede Tauá de Hotéis e Resorts,aBR3y000000h3aYGAQ,69980.7844,29986.4056,0,29986.4056,0,0,0,Other
0013000001FbUvJAAV,Corendon Holding,aBRed0000003fOPGAY,8864.6789,984.9643,984.9643,0,0,0,0,Other
001ed00000hFcp1AAC,KW Dubai,001ed00000hFcp1AAC,2160,2160,0,0,0,2160,0,Other
0010M00001QkrO6QAJ,Vy Buss AB,aBR3y000000HDN6GAO,7896.444,7896.444,0,0,0,7896.444,0,Other
0013y00001f9DUmAAM,Losani Developments,aBR3y000000kCNzGAM,42863.3595,24879.7829,22254.6761,2073.1068,552,0,0,Other
0010M00001QqLwaQAF,Philippe Vediaud Publicite SAS,0010M00001QqLwaQAF,83130.9886,55551.9876,0,55551.9876,0,0,0,Other
0013y00001cZnkKAAS,Kredsløb A/S,aBR30000000XcCuGAK,65664.288,65664.288,0,65664.288,0,0,0,Other
00130000002DYIiAAO,Climate Impact Partners,aBR3y0000004lxWGAQ,471.5536,471.5536,0,471.5536,0,0,0,Other
00130000009aNB2AAM,"Oxford Global Resources, LLC",aBRed000000CO4zGAG,91800,91800,91800,0,0,0,0,Other
00130000002xZIPAA2,Atlantic Health System*,aBR300000004OJcGAM,54000,54000,0,54000,0,0,0,Other
0010M00001WIEQ0QAP,Godrej Finance Limited,aBR3y000000HRy9GAG,33630.1136,15716.9958,0,13145.3776,0,2571.6182,0,Other
0013y00001g5NMCAA2,"Chosun Ilbo Co.,Ltd. (Maketing Cloud)",aBR3y000000Cmw9GAC,30267.1533,30267.1533,0,30267.1533,0,0,0,Other
0013000000RXVeHAAX,"Indian Institute of Technology, Bombay",aBRed000000A4rxGAC,5303.9627,5303.9627,0,5303.9627,0,0,0,Other
0013000000NPjicAAD,Twilio,aBR0M0000004h7lWAA,112965.3375,112965.3375,112965.3375,0,0,0,0,Other
0013y00001bedrVAAQ,"Airbnb, Inc",aBR0M000000GndOWAS,170600.08,170600.08,170600.08,0,0,0,0,Other
0013000001GXbMZAA1,Canada Worldwide,0013000001GXbMZAA1,14547.9464,14547.9464,12673.9732,1873.9732,0,0,0,Other
001ed00000JOGqIAAX,Slalom Fins,aBR300000004QehGAE,16763.8666,11576,11576,0,0,0,0,Other
0013000000M1dxKAAR,Daimler Truck North America LLC,aBR3y000000gE4CGAU,339921.5896,318366.1947,233926.2131,0,84439.9816,0,0,Other
0013000000JgvnlAAB,Dpdgroup Uk Ltd,aBR3y000001189nGAA,91981.9597,65379.95,65379.95,0,0,0,0,Other
0010M00001JzqK3QAJ,Hejaz Financial Services,0010M00001JzqK3QAJ,98313.5034,98313.5034,0,86957.8213,0,11355.6821,0,Other
0013y00001dPY4qAAG,Antuns Caterers,0013y00001dPY4qAAG,12019.83,1399.83,1399.83,0,0,0,0,Other
0013y00001f9CCcAAM,American Academy of Ophthalmology,aBR3y000000CpSJGA0,153250,153250,0,84250,0,69000,0,Other
0010M00001WJhBuQAL,BFS PARTNER SPA,0010M00001WJhBuQAL,1895.2376,1895.2376,0,1895.2376,0,0,0,Other
0013000000Em7DYAAZ,"Global Payments Direct, Inc.",aBR300000004FBNGA2,29500,10000,10000,0,0,0,0,Other
00130000000KhaoAAC,AYVENS,aBR300000004I2iGAE,119946.766,43776.192,43776.192,0,0,0,0,Other
0013000001GUWNwAAP,DMS Daten Management Service GmbH,0013000001GUWNwAAP,7000.3549,1203.186,1203.186,0,0,0,0,Other
0010M00001QaTstQAF,DALKIA - DIRECTION FRANCE (30446),aBR300000004I0CGAU,1861.5825,1861.5825,1861.5825,0,0,0,0,Other
00130000002xUaxAAE,"Tauck, Inc.",aBRed00000001grGAA,254280,195600,0,0,0,0,195600,Legacy CDP
0013y00001d0KDZAA2,Bank of the Philippine Islands,aBR3y000000H8lfGAC,1224214.402,1224214.402,1149238.402,0,74976,0,0,Other
0013000000Ca6SzAAJ,Crown Melbourne Limited,aBR300000004SCSGA2,433964.5297,433964.5297,0,418806.7219,0,15157.8078,0,Other
0013y00001cgOlAAAU,"PERSOL HOLDINGS CO., LTD.",aBR0M000000Gof1WAC,42448.14,42448.14,0,42448.14,0,0,0,Other
00130000002xANGAA2,"Arc’teryx Equipment, a division of Amer Sports Canada Inc.",aBR3y000000CmurGAC,1109095.997,819396.0773,0,788196.0773,0,31200,0,Other
0013000000RYO3eAAH,MCH Group AG,aBR30000000XjGAGA0,139864.9332,139864.9332,0,85796.9585,0,54067.9747,0,Other
0013000000LzN6uAAF,Hewlett Packard Enterprise Company,aBR30000000fxh0GAA,1009794.598,960000,960000,0,0,0,0,Other
0013y00001cfuEYAAY,Meals on Wheels San Antonio,aBR0M000000LCOYWA4,2124.0861,2124.0861,2124.0861,0,0,0,0,Other
0013y00001d0wNsAAI,Edgerock Wealth Management (Main Org),0013y00001d0wNsAAI,10600,10600,1000,0,0,9600,0,Other
0010M00001XyGQYQA3,ORIX Hotel Management Corporation,aBR30000000L6SZGA0,24741.2016,24741.2016,0,24741.2016,0,0,0,Other
0013000000NQj5mAAD,Practising Law Institute,0013000000NQj5mAAD,95981.6446,74663.034,67463.034,0,0,7200,0,Other
0013y00001cgVT4AAM,Ernst & Young U.S. LLP,aBR300000004FdgGAE,56640,56640,56640,0,0,0,0,Other
001ed00000b02bAAAQ,Global Electronics Association,001ed00000b02bAAAQ,23366.1816,23366.1816,20606.1816,0,2760,0,0,Other
0013000000Zj8FjAAJ,TICORP Limited and Affiliates,aBR0M000000LDx3WAG,129100.87,129100.87,0,129100.87,0,0,0,Other
00130000008YU9cAAG,Blox Digital (TownNews.com),aBR300000004DItGAM,4000,4000,4000,0,0,0,0,Other
0013000000RaTSvAAN,"Gurobi Optimization, LLC",aBRed00000053jfGAA,16984.4891,1998.1752,0,1998.1752,0,0,0,Other
0013000000Jy95PAAR,"AHNLAB, INC.",0013000000Jy95PAAR,5062.2124,1800,0,0,1800,0,0,Other
0013y00001cw0P8AAI,Dynamic Ecohome,0013y00001cw0P8AAI,400.9144,400.9144,400.9144,0,0,0,0,Other
001ed000006cdEbAAI,South Lucky Global Services INC.,001ed000006cdEbAAI,22100,22100,0,22100,0,0,0,Other
0013000000roycFAAQ,Antioch University,aBR30000000PAw2GAG,76044,51044,0,27740,0,23304,0,Other
0010M00001WZ5xWQAT,Konvert HR,aBR3y0000004kknGAA,24690.1818,24690.1818,1059.8532,23630.3286,0,0,0,Other
0013y00001cp3CQAAY,"GRUPO DIROSAN CANARIAS, SOCIEDAD LIMITADA.",0013y00001cp3CQAAY,33100.2733,28235.6439,28235.6439,0,0,0,0,Other
0010M00001NYX2tQAH,Ache Laboratorios Farmaceuticos (CPV),aBR30000000XodsGAC,275127.9669,240959.7196,146255.8903,94213.917,0,489.9123,0,Other
0013y00001cG1eHAAS,Sophos Limited (GF),0013y00001cG1eHAAS,1207.4669,1207.4669,1207.4669,0,0,0,0,Other
0013y00001d6xbjAAA,"Cengage Learning, Inc.",aBR300000004QkbGAE,1123462.87,873462.8698,840890.2022,172.6676,29700,2700,0,Other
0013y00001fohJVAAY,Cornerstone Health Pty Limited,aBR3y000000h4u1GAA,30311.338,30311.338,0,30311.338,0,0,0,Other
0013000001GURzwAAH,Feinmetall GmbH,0013000001GURzwAAH,1674.4395,1674.4395,1255.8296,418.6099,0,0,0,Other
0013000001CB67QAAT,Georgia-Pacific LLC,aBRed0000004cl4GAA,4520.186,4520.186,4520.186,0,0,0,0,Other
0010M00001QkY6ZQAV,Kaplan Australia Pty Ltd,aBR300000004S3mGAE,129991.9436,129991.9436,0,92518.1926,0,37473.751,0,Other
0013000001CCmXYAA1,CPqD,aBR3y000000HDyIGAW,8793.299,8793.299,8793.299,0,0,0,0,Other
0013000000LzUqfAAF,Meo - Serviços de Comunicações e Multimídia S.A.,aBRed0000004iorGAA,262807.7119,231493.6401,0,0,0,0,231493.6401,Legacy CDP
0010M00001Z06tqQAB,Amused Group,0010M00001Z06tqQAB,30562.8721,30562.8721,0,30562.8721,0,0,0,Other
00130000016hsMhAAI,EURONICS ITALIA SPA,aBR3y0000004mxWGAQ,124191.3488,47583.0128,47583.0128,0,0,0,0,Other
0013y00001d0hvAAAQ,Industrielle Alliance - B2C,aBR3y000000g2z2GAA,459633.0178,459633.0178,459633.0178,0,0,0,0,Other
0013000000NSmFWAA1,"Ryan Lawn & Tree, Inc.",0013000000NSmFWAA1,1941.3106,1347.0094,1347.0094,0,0,0,0,Other
0013y00001dWSM5AAO,Association Dentaire Française,0013y00001dWSM5AAO,9849.6432,9849.6432,9302.4408,547.2024,0,0,0,Other
0013000000ZmQlHAAV,"Castlight Health, Inc.",0013000000ZmQlHAAV,248344.7826,248344.7826,0,229144.7826,0,19200,0,Other
0013000000ZjOAhAAN,ProcessBarron,0013000000ZjOAhAAN,500,500,500,0,0,0,0,Other
00130000002xDUTAA2,ZWILLING J. A. Henckels AG,aBR300000004H6IGAU,122638.744,111946.188,59097.8592,13449.756,0,39398.5728,0,Other
0010M00001Smz7zQAB,CBP - HRM (Employee),aBR0M00000007pFWAQ,101550,101550,100050,0,1500,0,0,Other
00130000002xID4AAM,Carel Industries SpA,aBR3y000000g1BLGAY,43487.7744,13837.0651,12628.8422,0,1208.2229,0,0,Other
0013000000Zl8v5AAB,"Carlyle Investment Management, LLC (Main)",aBR300000004EuPGAU,25750,9750,9750,0,0,0,0,Other
0013000001Mj9ThAAJ,Sika Informationssysteme AG* WW (K4YL),aBR3y000000HBLvGAO,10035.64,10035.64,0,10035.64,0,0,0,Other
00130000002xcAYAAY,"Dick's Sporting Goods, Inc.",aBR300000004EVCGA2,57782.56,18441.2426,14343.1887,4098.0539,0,0,0,Other
0013000000RXl2DAAT,"Flect Co., Ltd.",aBR3y000000543SGAQ,41859.858,40430.0341,0,40430.0341,0,0,0,Other
0010M00001U1b4iQAB,reMarkable AS,0010M00001U1b4iQAB,706958.9787,355280.1465,340293.8326,14986.3139,0,0,0,Other
0010M00001WkccoQAB,Cotecna Inspection India Pvt. Ltd.,aBR3y000000ClTMGA0,12887.8554,4911.0766,4911.0766,0,0,0,0,Other
0013000001CCoozAAD,Clínica Internacional S.A.,aBR3y000000HE8yGAG,7746.576,7746.576,7746.576,0,0,0,0,Other
001ed0000043ii9AAA,Ohio Department of Children and Youth,aBR0M000000Cci8WAC,120070.88,97570.88,97328,0,242.88,0,0,Other
0010M00001QaVhnQAF,Ocorian Services Limited,aBR3y000000HJGDGA4,16476.178,16461.0777,0,16461.0777,0,0,0,Other
0013000001EYIxUAAX,Medair,aBR0M000000TNp8WAG,2462.4108,2462.4108,0,2462.4108,0,0,0,Other
0010M00001SJJK8QAP,Madinet Masr for housing & development,0010M00001SJJK8QAP,38000,8000,8000,0,0,0,0,Other
0013y00001eU2wgAAC,The Property Industry Foundation Limited,0013y00001eU2wgAAC,1418.1652,1418.1652,709.0826,709.0826,0,0,0,Other
0013y00001dOMGXAA4,KDDI CORPORATION [Personal Trial],aBR30000000L6BkGAK,55621.7518,55621.7518,0,55621.7518,0,0,0,Other
0010M00001XxvlPQAR,ITEL,aBR300000004OyFGAU,46040,41040,41040,0,0,0,0,Other
0013000000ZkZCFAA3,ELETROBRAS (AXIA),aBR0M000000L93dWAC,156356.9363,156356.9363,0,0,0,0,156356.9363,Legacy CDP
0010M00001NYu8cQAD,AESIO MUTUELLE,aBR0M000000bldnWAA,703155.084,538994.364,78797.1456,547.2024,459650.016,0,0,Other
0013000001CCqYFAA1,"SBI Sumishin Net Bank, Ltd.",aBR3y0000005135GAA,8732.1888,8732.1888,8732.1888,0,0,0,0,Other
0013y00001e652vAAA,DIGITAL DATA SOLUTION INC.,aBR3y00000055V9GAI,23313.2241,22703.6909,0,22703.6909,0,0,0,Other
0010M00001WZppVQAT,London North Eastern Railway,aBR0M0000000AlHWAU,21247.1529,551.1936,551.1936,0,0,0,0,Other
0013000001MjRU2AAN,Republic Bank & Trust Company Inc*,aBR3y0000004r38GAA,54651.9418,54651.9418,16200,32601.9418,0,5850,0,Other
0013000001CCVRxAAP,unblu inc.,aBRed0000007dRFGAY,300,300,300,0,0,0,0,Other
0013000000hIWOmAAO,ABN Group,aBR3y000000H8LrGAK,25167.4449,25167.4449,0,25167.4449,0,0,0,Other
001ed00000AB4c4AAD,Aman Group S.á.r.l. (Aman360 Current),aBR3y000000TUF7GAO,20000,20000,20000,0,0,0,0,Other
0013000000ZkJFlAAN,"AMERICAN CANCER SOCIETY, INC.",aBR30000000PBPqGAO,1698517.025,1349509.025,0,1313509.025,0,36000,0,Other
0013000001MnrGyAAJ,IJM Corporation Berhad,aBR3y000000LIKYGA4,1072.7326,1072.7326,136.7326,0,936,0,0,Other
00130000008eb9yAAA,Brenntag SE,aBR300000004H59GAE,475441.4525,118353.1354,118353.1354,0,0,0,0,Other
0013000000M2Ns9AAF,"Rumpke Consolidated Companies, Inc.",aBR3y000000HH6pGAG,52592.3499,52512.3937,52236.3937,0,276,0,0,Other
0010M00001WaXgyQAF,BEC Financial Technologies a.m.b.a. (Møns Bank),aBR0M000000Cda5WAC,2510.9294,2045.8074,729.6032,291.8413,1024.3629,0,0,Other
0013000001Mv6knAAB,Limedika,aBR3y000000HAznGAG,58842.2568,58842.2568,0,10250.6837,48591.5731,0,0,Other
0013000001J606SAAR,ATCO Technology Management Ltd.,aBR300000004IlJGAU,206032.4494,206032.4494,0,204232.4494,0,1800,0,Other
0013000000IT2iUAAT,Pathward,aBR0M00000009aNWAQ,77868,77868,77868,0,0,0,0,Other
0013000001J6cgsAAB,Salience TMS Neuro Solutions,0013000001J6cgsAAB,48300,48300,0,48300,0,0,0,Other
0013y00001cSewnAAC,YAY ehf,0013y00001cSewnAAC,3366.3891,2901.2671,0,2901.2671,0,0,0,Other
0013y00001h9f0pAAA,UniSuper Management Pty Ltd (FSC),aBR0M000000GoWeWAK,143756.2792,143756.2792,82678.9236,57459.7516,0,3617.604,0,Other
001ed00000JOsnYAAT,Slalom,aBR300000004QehGAE,16763.8666,11576,11576,0,0,0,0,Other
0013000001LWJ9VAAX,"Sitetracker, Inc. (Main Org)",aBR3y000000bsY0GAI,91083.96,91083.96,0,0,0,0,0,Legacy CDP
0010M00001THHN2QAP,Portwest UC,aBR3y000000TUFBGA4,3644.6875,1822.3438,1822.3438,0,0,0,0,Other
0013000000CIMnjAAH,TTS Group Ltd,aBR300000004G28GAE,44011.6602,44011.6602,44011.6602,0,0,0,0,Other
0013y00001g8T4yAAE,Grace Christian JRM Org,aBR0M000000LDcBWAW,1998.1752,1998.1752,1998.1752,0,0,0,0,Other
0013y00001e5uzvAAA,Ottobock SE & Co. KGaA,aBR3y000000HIaUGAW,465089.5705,465089.5705,366593.1385,0,98496.432,0,0,Other
0013000000IUP7dAAH,South Australia Police,aBR3y000000HTApGAO,86113.9229,28862.3588,28862.3588,0,0,0,0,Other
001ed00000UozF9AAJ,T Mobile Secure Federal Operations LLC,001ed00000UozF9AAJ,37800,37800,37800,0,0,0,0,Other
001ed00000DCzgBAAT,Amnesty International Aotearoa New Zealand.,001ed00000DCzgBAAT,3687.2294,3687.2294,1843.6147,1843.6147,0,0,0,Other
001ed000003kPbEAAU,Delta Dental of California - Marketing,aBR3y000000H6wBGAS,937404.0327,937404.0327,0,877404.0327,0,60000,0,Other
0013y00001dNCsZAAW,Pexto S A S - NIT: 9011830296,aBR3y0000000Rh2GAE,12336,1176,1176,0,0,0,0,Other
0010M00001QkjIEQAZ,Kidde Residential North America (KGS),aBR0M0000008WPWWA2,427440,427440,0,0,0,0,427440,Legacy CDP
00130000002xDvjAAE,Linde GmbH,aBRed00000040z7GAA,31846.3862,5854.2722,5854.2722,0,0,0,0,Other
00100000001CwNbAAK,Seagate Technology LLC,aBR3y000000yhFKGAY,191477.5686,191477.5686,185127.5686,350,0,6000,0,Other
0013000001L6Yz4AAF,Motorcorp Distributors Limited (Jaguar Land Rover New Zealand),aBR0M000000CdJYWA0,63102.6008,63102.6008,0,43445.915,0,19656.6858,0,Other
0010M00001Sq1BZQAZ,Kaleva Oy,aBR30000000XbSIGA0,121778.9407,121778.9407,0,115212.5119,0,6566.4288,0,Other
0013000001GkgIWAAZ,IMDEX Limited,aBR30000000L7tGGAS,48621.1603,48621.1603,0,46664.917,0,1956.2433,0,Other
00100000001WTFpAAO,"WeatherTech Direct, LLC",aBR3y0000000OfaGAE,1272672,1272672,0,1174872,0,97800,0,Other
0013000000NSSonAAH,Chubb Life Insurance New Zealand Limited,0013000000NSSonAAH,7560,7560,7560,0,0,0,0,Other
0013000000FL0hkAAD,NZDF - Recruitment,aBRed00000070XxGAI,129000,129000,0,93936,0,35064,0,Other
0013000000RZ2aOAAT,Delta Dental of Kansas,aBR3y000000h4g8GAA,37315.9216,37315.9216,0,37315.9216,0,0,0,Other
0013000000D88PtAAJ,AUSTRALIAN HEALTH & NUTRITION ASSOCIATION LIMITED,aBR3y000000TOblGAG,39744.8875,39744.8875,0,39744.8875,0,0,0,Other
0010M00001Qmd06QAB,IEG - Impact Plastics,aBR3y000000HKlXGAW,7760,7760,5000,0,2760,0,0,Other
0013000000RaWb7AAF,"Esquire Financial Holdings, Inc (Esquire Bank)",aBR3y000000bsL1GAI,45000,45000,45000,0,0,0,0,Other
0013000000M1J2bAAF,"Thom Browne, Inc.",aBR3y000000PDcHGAW,43026,43026,0,42750,0,276,0,Other
0013000001GViboAAD,Delivery Hero SE,aBR0M000000bq7cWAA,84317.8085,83862.8294,73985.8833,0,9876.9461,0,0,Other
0013000001JfOf7AAF,Nehs Développement (Hospimedia),aBR3y000000yeNwGAI,45841.9905,18481.8705,0,16744.3934,0,1737.4771,0,Other
00130000002xDeqAAE,Gebr. Heinemann SE & Co. KG,aBR300000004HXjGAM,119685.3178,119685.3178,470.8041,119214.5137,0,0,0,Other
0013y00001cFcgOAAS,Lybernet Banque,0013y00001cFcgOAAS,178407.3528,178407.3528,0,178407.3528,0,0,0,Other
0013y00001fSntqAAC,"Canon U.S.A., Inc.",aBR3y000000TRkuGAG,80000,40000,40000,0,0,0,0,Other
0013000000ZkMrJAAV,ALFRESA HEALTHCARE CORPORATION,aBR30000000L6AzGAK,4759.0429,4759.0429,0,4759.0429,0,0,0,Other
0013000000hMVuLAAW,FTL Finance,aBR3y000000CfU3GAK,25276,25276,25000,0,276,0,0,Other
00130000005ukw2AAA,YELLOW HAT LTD.,aBR3y00000050NxGAI,175128.8976,175128.8976,0,175128.8976,0,0,0,Other
0013y00001cSirQAAS,CIA Latino Americana de Medicamentos,aBRed0000003F7NGAU,121994.4607,121994.4607,0,121994.4607,0,0,0,Other
0010M00001QqqDTQAZ,Thym Business,aBRed0000004G1NGAU,4920.3281,4920.3281,4920.3281,0,0,0,0,Other
0013y00001gDBAbAAO,Cardinal Health - Major Rugby,aBR300000004EALGA2,628.5434,628.5434,628.5434,0,0,0,0,Other
00130000002xGeZAAU,Valmet Oyj,aBR0M000000XonEWAS,109008.1354,91630.1363,0,91630.1363,0,0,0,Other
0013000001JxykHAAR,JILITI,0013000001JxykHAAR,4475.2365,2291.9707,2291.9707,0,0,0,0,Other
001300000025ReUAAU,"PayPal, Inc. (Main)",aBR30000000XZEYGA4,970422.0152,395922.0152,395922.0152,0,0,0,0,Other
0010M00001QaLHCQA3,DESENVOLVE SP AGENCIA DE FOMENTO DO ESTADO DE SAO PAULO SA,aBR300000004Rc4GAE,47134.5945,33917.0101,0,33917.0101,0,0,0,Other
0013000000rnwwAAAQ,Global Citizen,aBR3y0000000IgTGAU,21276.2,14410.75,14134.75,0,276,0,0,Other
0013000000RXUubAAH,FREITAG lab.ag,aBR3y000000ClLcGAK,43986.1367,16233.5967,0,16233.5967,0,0,0,Other
0013000000ZllMNAAZ,Groupement Hospitalier de l'Ouest Lémanique S.A. (GHOL),0013000000ZllMNAAZ,6880.612,6880.612,6880.612,0,0,0,0,Other
001ed000006Ywz0AAC,Elevance Health - Data Cloud Org,aBR300000004EmcGAE,8224829.183,8073821.183,5375504.518,1793366.664,0,904950,0,Other
0013000000RaEf4AAF,A-LIGN,aBR3y0000008Yq4GAE,1126.5016,1126.5016,1126.5016,0,0,0,0,Other
0013y00001d1lOKAAY,"Daewon Media Co.,Ltd.",aBR3y000000HODPGA4,23046.4122,23046.4122,0,21894.4122,0,1152,0,Other
0010M00001WYqZhQAL,British Airways PLC,aBR300000004FtOGAU,28831.8106,28831.8106,28831.8106,0,0,0,0,Other
0010M00001QqVtrQAF,Sicoob Soluções de Pagamento Ltda,aBR0M00000006amWAA,424574.6716,316901.6236,0,286901.6297,0,29999.9939,0,Other
0013000001LY5UGAA1,Outset Medical,aBR3y000000CkTDGA0,42000,42000,0,42000,0,0,0,Other
0013y00001Z1HEVAA3,Paymentsense Limited (t/a Dojo),aBR3y0000004mHgGAI,72837.426,68125.1186,68125.1186,0,0,0,0,Other
0010M00001Yu5s5QAB,COPEC S.A.,aBR3000000001i9GAA,62426,36426,0,32250,0,4176,0,Other
0013000000I4M7bAAF,Adent Cliniques Dentaires SA,0013000000I4M7bAAF,84314.2153,84314.2153,0,80985.9552,0,3328.2601,0,Other
0010M00001SmsqrQAB,TAKATAYA Inc.,aBR3y00000052VAGAY,34261.5055,33958.512,33958.512,0,0,0,0,Other
0013000001MsekXAAR,SINDBAD SP Z O O,0013000001MsekXAAR,27911.8024,27911.8024,0,24234.6023,0,3677.2001,0,Other
00130000016i56DAAQ,Canterbury Christ Church University,aBR0M0000008UYoWAM,44011.6602,44011.6602,0,44011.6602,0,0,0,Other
0013000001MrUDDAA3,Telia Norge AS (NO07),aBR300000004LtkGAE,18732.8923,18732.8923,18732.8923,0,0,0,0,Other
0013y00001d24hZAAQ,POCO Einrichtungsmärkte,aBR3y000000h4nTGAQ,75271.165,75271.165,0,75271.165,0,0,0,Other
0013000001KZn36AAD,METROKIA S.A. - Nit : 830078966-6,aBRed00000041dSGAQ,73297.3769,38872.3769,0,38872.3769,0,0,0,Other
0013y00001f9ZN0AAM,Marioff corporation / Spectrum Safety Solutions EE Global,aBRed00000002TFGAY,71100,11850,11850,0,0,0,0,Other
0013000000Gu54VAAR,TAKKT Industrial & Packaging GmbH,aBR300000004H4nGAE,151061.6238,121078.0531,0,119878.0531,0,1200,0,Other
0013y00001cIcKNAA0,"PERSOL CROSS TECHNOLOGY CO., LTD.",aBR0M000000Gof1WAC,627.4239,627.4239,627.4239,0,0,0,0,Other
001ed00000XnOsbAAF,"Equinix, Inc.",aBR300000004DugGAE,2732853.61,1674040.313,0,1625651.931,0,48388.382,0,Other
00130000000D0DjAAK,IntraFi LLC,aBR3y0000004qVaGAI,62125,60000,60000,0,0,0,0,Other
0013y00001cTL3XAAW,"Comunicación Celular, S.A. (Org B2C Industries)",aBR3y000000TUhmGAG,5128820.202,431233.3333,431233.3333,0,0,0,0,Other
001ed00000grHybAAE,Beiersdorf Shared Services GmbH,aBR300000004H52GAE,5472.024,5472.024,5472.024,0,0,0,0,Other
00130000002xW67AAE,Crescent Electric Supply Company,aBR300000004P7CGAU,25143.7044,24477.646,24477.646,0,0,0,0,Other
00130000002xduZAAQ,ECi,aBR300000004XbiGAE,24509.4018,9644.5831,9368.5831,0,276,0,0,Other
0010M00001Q6zroQAB,SCSK Corporation_Main Org,aBR30000000L6GrGAK,2466.0348,2061.7668,2061.7668,0,0,0,0,Other
0010M00001aPs7eQAC,"Liveops Agent Services, LLC (2nd org)",aBR3y0000004r8sGAA,26775,5525,5525,0,0,0,0,Other
0013y00001eMMfgAAG,Engineering Ingegneria Informatica S.p.A.,aBR3y000000TULTGA4,236391.4368,30643.3344,30643.3344,0,0,0,0,Other
001ed00000CpwvuAAB,Alexandra Lozano Immigration Law PLLC - MAIN,aBR3y000000g3dmGAA,45000,45000,45000,0,0,0,0,Other
0013y00001fokYdAAI,University of Florida: Institute for Food & Agricultural Sciences AI/BI,aBR300000004OIRGA2,56760,56760,56760,0,0,0,0,Other
0013000000HIDGJAA5,OVS S.p.a.,aBR3y0000000DjOGAU,31947.8792,13745.0178,13745.0178,0,0,0,0,Other
0013000000roxFAAAY,"Simantel Group, Ltd.",aBR3y0000004o05GAA,2331.2044,832.573,0,832.573,0,0,0,Other
0013000000Kb3zgAAB,Alelo SA,aBR3y000000wmohGAA,804.9669,402.1998,402.1998,0,0,0,0,Other
00130000000jwXPAAY,"United Rentals, Inc.*",aBR300000004F2MGAU,29750,25000,25000,0,0,0,0,Other
0010M00001Qn0B2QAJ,ZenBusiness Inc.,aBR3y000000Cg5qGAC,10500,10500,0,10500,0,0,0,Other
0013000001L6N1nAAF,Austrian Post International Deutschland GmbH,aBR30000000XcOHGA0,712.4575,712.4575,410.4018,0,302.0557,0,0,Other
0013000000RXYVnAAP,Terra Insights,aBR3y000000HII6GAO,30000,25200,25200,0,0,0,0,Other
0013000000M2jWIAAZ,Royal Automobile Club of Victoria (RACV) Ltd,aBR300000004CTYGA2,280787.4098,122083.3164,1419.4602,9936.2219,57039.5914,53688.0429,0,Other
00130000002xCVhAAM,Groupe Randstad France,aBR300000004HsYGAU,124655.9021,124655.9021,0,124655.9021,0,0,0,Other
0013y00001d7zz0AAA,Intesa Sanpaolo S.p.A. (Marketing Automation - Test),aBR0M000000GpL0WAK,9583.9371,9583.9371,0,9583.9371,0,0,0,Other
0010M00001QmdQjQAJ,GXP-Storage LLC*,aBR3y000000TU2fGAG,634.5462,634.5462,634.5462,0,0,0,0,Other
0013000001GUmH6AAL,Paul Leibinger GmbH & Co. KG Nummerier- und Markierungssysteme,0013000001GUmH6AAL,212481.7705,2625.1331,2625.1331,0,0,0,0,Other
0013000001GXX4qAAH,Federal Express Corporation,aBR300000004DpXGAU,4919154.403,4919154.403,0,4616175.864,0,292452.2587,10526.2801,Other
0010M00001QldiNQAR,Adelaide Fringe Inc,0010M00001QldiNQAR,16838.2179,16838.2179,0,16838.2179,0,0,0,Other
0013y00001cU45EAAS,LABORATORIOS CINFA SA,aBR30000000XjwhGAC,3242.7878,1601.1806,0,1601.1806,0,0,0,Other
001ed00000fxjJJAAY,INSTITUTO DE EDUCACION SUPERIOR TECNOLOGICO PRIVADO DE LA CONSTRUCCION,001ed00000fxjJJAAY,1520,1520,0,1520,0,0,0,Other
001ed000005uwcjAAA,Proquire LLC,aBR300000004Fk5GAE,111302,7302,1902,0,5400,0,0,Other
0010M00001QajE4QAJ,"Sovos Compliance, LLC (Core Org)",aBR0M0000000A6xWAE,12776,12776,12776,0,0,0,0,Other
0013000001GUX6rAAH,Astara Mobility S.A.,aBR30000000XiL9GAK,662527.7877,662527.7877,0,662527.7877,0,0,0,Other
0013y00001d9FDPAA2,GAVI*,aBR0M0000004gDbWAI,58650.1868,57784.5735,57784.5735,0,0,0,0,Other
0010M00001W8XWRQA3,"TORAY INDUSTRIES,INC.",aBR30000000L6N5GAK,9298.164,6064.02,6064.02,0,0,0,0,Other
0013000000ImTX9AAN,Vestas Wind Systems A/S,aBR300000004NDuGAM,143496.2481,21096.2481,21096.2481,0,0,0,0,Other
0013000000hKRhgAAG,Bango.Net Limited,aBR3y0000000MM8GAM,9038.1088,9038.1088,9038.1088,0,0,0,0,Other
0013000001L6GE6AAN,DIGITALL Nature Germany GmbH,aBRed0000006XhHGAU,47509.1384,47509.1384,0,0,0,0,47509.1384,Legacy CDP
00130000009wxLSAAY,HIT Handelsgruppe GmbH & Co. KG,aBR300000004HYvGAM,26287.4474,26287.4474,0,26287.4474,0,0,0,Other
00130000016hvXYAAY,COLE HAAN JAPAN LLC,aBR3y00000116XUGAY,49252.7789,49252.7789,0,49252.7789,0,0,0,Other
0013000001GURjHAAX,Forvis Mazars Group Business Support SRL (9),0013000001GURjHAAX,565.8042,565.8042,565.8042,0,0,0,0,Other
0013000000hMeQkAAK,Unipol Assicurazioni S.p.A.,aBR300000004SgFGAU,356699.0341,339319.897,207346.3401,97329.0786,1812.3343,32832.144,0,Other
0013000000GLhe0AAD,Clark Capital Management,aBR3y0000000OHLGA2,65816,65816,65816,0,0,0,0,Other
00100000000WYwJAAW,Kinaxis Inc,00100000000WYwJAAW,517.8394,517.8394,517.8394,0,0,0,0,Other
0013000000rpztSAAQ,Crefisa,aBR3y000000HDvwGAG,24040.5975,9189.8543,8928.5963,261.258,0,0,0,Other
0013000000AXupCAAT,THE STANDARD BANK of SOUTH AFRICA LTD,aBR0M000000LDiHWAW,572753.8035,572753.8035,0,403191.7965,0,169562.007,0,Other
001ed000003kazeAAA,Decathlon SE,aBR300000004HtlGAE,3027988.96,2872824.248,1809522.432,488542.3027,0,574759.513,0,Other
0013y00001erpcAAAQ,North Lincolnshire Council 1 (Direct Org) (*Star),aBR3y000000gE4xGAE,66148.4776,57765.3042,57765.3042,0,0,0,0,Other
0013000000NSzSkAAL,"Nextcare, Inc.",aBR3y000000HLchGAG,118764.8176,118764.8176,0,108684.8176,0,10080,0,Other
0013000000NQjtNAAT,INTERMESTIC INC.,aBR3y00000058BQGAY,16574.988,2425.608,2425.608,0,0,0,0,Other
0013y00001eEMQMAA4,SCSK Corporation,aBR30000000L6GrGAK,39846.2711,39658.6908,0,39658.6908,0,0,0,Other
00130000002U4wmAAC,"Bed Bath & Beyond, Inc.",aBR300000004EW5GAM,942064.8889,692064.9289,0,638544.9289,0,53520,0,Other
0013000001Jy1HLAAZ,Wyoming Department of Family Services,aBR0M000000CcpsWAC,257250.4,242070.4,240856,0,1214.4,0,0,Other
0013000000Zm7E7AAJ,Emporia State University,aBR30000000PBGrGAO,11260,11260,6500,2600,2160,0,0,Other
0013000001CAj8MAAT,"Integral System Engineering CO.,LTD.",aBR3y00000056nnGAA,5295.9109,5239.3133,5239.3133,0,0,0,0,Other
0013000001GUTAtAAP,Forrest Solutions Group - PRIMARY ORG*,aBR3y000000h4kWGAQ,375,375,375,0,0,0,0,Other
0013y00001Xz3EHAAZ,Fertitta Entertainment,aBR300000004brsGAA,358329.7446,358329.7446,0,118929.7446,237000,2400,0,Other
0013y00001f90UlAAI,Straddle Payments,0013y00001f90UlAAI,8000,8000,8000,0,0,0,0,Other
00130000016h0dYAAQ,"PARTNERS CO., LTD.",aBR3y0000005281GAA,32765.7597,32361.4917,32361.4917,0,0,0,0,Other
00130000002xDTmAAM,Dr. Ing. h.c. F. Porsche AG,aBR300000004H4VGAU,182431.9594,182431.9365,0,81377.4,0,101054.5365,0,Other
00130000007qkCbAAI,Mnet Telekommunikations Gmbh,aBR3y000000wmhqGAA,87005.1816,87005.1816,0,87005.1816,0,0,0,Other
0013y00001crQB7AAM,Kingspan Group plc,aBR300000004FxoGAE,103355.5892,103355.5892,0,16678.7291,0,86676.8601,0,Other
00130000005YInzAAG,Motability Operations  Limited,aBR3y000000yeFzGAI,106657.305,106657.305,18344.7652,0,44300.8796,44011.6602,0,Other
0010M00001P06QmQAJ,quantilope GmbH,0010M00001P06QmQAJ,13816.8606,9439.2414,9439.2414,0,0,0,0,Other
0013000001HhRvQAAV,Circle K AS,aBR3y000000g32aGAA,68154.0114,18495.4283,984.9637,17510.4646,0,0,0,Other
0013y00001c860hAAA,Bank of the Philippine Islands,aBR3y000000H8lfGAC,82439.15,82439.15,22163.15,0,60276,0,0,Other
0010M00001XxeJMQAZ,"TOKIO MARINE&NICHIDO LIFE INSURANCE CO.,LTD.",aBR30000000L6E6GAK,8389.3695,627.4239,627.4239,0,0,0,0,Other
0013000001JyANWAA3,Banque Fiducial,aBR30000000XnsXGAS,11965.8576,712.083,410.0273,0,302.0557,0,0,Other
00130000000TCmwAAG,"Kaseya US, LLC",aBR3y000000h3vyGAA,1322052.889,690874.6094,591653.3893,99221.2201,0,0,0,Other
0013000001MriefAAB,VRG S.A.,aBR3y000000HB8XGAW,133728.955,133728.955,0,131102.3834,0,2626.5716,0,Other
0010M00001QlWFXQA3,ACCOR SA,aBR300000004HjsGAE,1087753.734,1087753.734,0,875706.6757,0,212047.0586,0,Other
0010M00001QaCixQAF,CISALFA SPORT S.P.A.,aBR0M000000GpbiWAC,60192.264,60192.264,0,59207.2997,0,984.9643,0,Other
0013y00001cCiRmAAK,Acerto,0013y00001cCiRmAAK,456849.0348,456849.0348,0,0,0,0,456849.0348,Legacy CDP
0013y00001d25YOAAY,SURUGA bank Ltd.,aBR3y0000004zgtGAA,56597.52,56597.52,56597.52,0,0,0,0,Other
0013000000K8FanAAF,Citizens Telecom Services Company L.L.C.   d/b/a Frontier Communications,aBRed0000006WqAGAU,625370,625370,0,625370,0,0,0,Other
0010M00001SIQLlQAP,Freedom Mortgage Corporation..,aBR300000004EiXGAU,348000,108000,108000,0,0,0,0,Other
0013y00001cQ1ZpAAK,Kimberly-Clark Corporation,aBR300000004DIUGA2,8232,276,0,0,276,0,0,Other
0010M00001UMGwUQAX,Jeronimo Martins Drogerie i Farmacja sp. z o.o.,aBR3y000000HB3uGAG,300639.433,300639.433,0,0,0,32832.144,267807.289,Legacy CDP
0010M00001QlMlXQAV,"Brundage Medical Group, LLC",aBR3y000000PCvbGAG,10776,776,776,0,0,0,0,Other
0010M00001P02CzQAJ,Vector Procurement Solutions Inc,aBR3y0000004lkaGAA,32466.4214,21848.3945,20819.6492,1028.7453,0,0,0,Other
0013y00001d0cBMAAY,Establishment Labs (MIA Instance),aBR0M0000004hYCWAY,108874.8,91800,0,0,0,0,91800,Legacy CDP
0013y00001emNjXAAU,GALERIE THADDAEUS ROPAC,0013y00001emNjXAAU,23639.1437,23639.1437,23639.1437,0,0,0,0,Other
0013000000GJCy3AAH,State Bank of India,aBR3y000000wn51GAA,76315.3906,565.756,565.756,0,0,0,0,Other
0013000000HHevrAAD,NTUC Fairprice Co-operative Limited,aBR3y000000H8vTGAS,137551.52,111764,74276,0,37488,0,0,Other
0013y00001eIJJBAA4,"The Korea Economic Daily Co.,Ltd. (Marketing Cloud)",aBR3y000000Cm3gGAC,41465.6797,41465.6797,0,41465.6797,0,0,0,Other
0013000000RZytgAAD,Urjanet (Arcadia 2nd Org),aBR3y000000saX4GAI,750,750,750,0,0,0,0,Other
0010M00001QqcJIQAZ,Espaçolaser,aBR3y000000HIAdGAO,12668.4519,12668.4519,0,12668.4519,0,0,0,Other
0013000000BPSmaAAH,Singapore Airlines Ltd,aBR0M000000bm4eWAA,167612,167612,166676,0,936,0,0,Other
0013000001J7YNWAA3,Bella International Group,0013000001J7YNWAA3,84040,84040,0,76600,0,7440,0,Other
0010M00001Qk7d1QAB,Infiniti ME HQ,0010M00001Qk7d1QAB,5400,5400,0,5400,0,0,0,Other
0013000001JelBQAAZ,Applied Data Finance LLC OEM (Cloudlending Org),aBR3y0000004pKfGAI,1276,1276,1276,0,0,0,0,Other
0010M00001XxlnfQAB,"Aternity, LLC",aBR3y000001172uGAA,79536,79536,0,0,0,0,0,Legacy CDP
0010M00001Xy7bSQAR,Penn Medicine,aBR3y000000H88UGAS,525079.2,502579.2,0,491779.2,0,10800,0,Other
0013000001GXdKJAA1,NEC NETWORKS & SYSTEM INTEGRATION CORPORATION,aBR30000000L6CjGAK,41036.1792,40750.2144,0,40750.2144,0,0,0,Other
00130000002xUMVAA2,FOCUS ON THE FAMILY,aBR0M000000GmzfWAC,72000,72000,0,60000,0,12000,0,Other
0013y00001eRwlVAAS,WellnessLiving Systems,aBRed0000004FDPGA2,6676.8292,6676.8292,6676.8292,0,0,0,0,Other
0013000001CAGNPAA5,Lapland Hotels & Safaris Services Oy,0013000001CAGNPAA5,7030.6022,7030.6022,7030.6022,0,0,0,0,Other
0013y00001fSzMzAAK,Board of Supervisors of Louisiana State University and A&M College,aBR30000000PAwLGAW,63000,63000,0,63000,0,0,0,Other
00130000016k8IOAAY,Adecco IT Services,aBR300000004HsXGAU,2278240.187,2278238.458,2198302.441,0,79936.0171,0,0,Other
0013y00001dWyVXAA0,Deda Digital srl,aBR0M000000084XWAQ,1396.4605,849.2581,547.2024,0,302.0557,0,0,Other
0010M00001UV9xzQAD,"Cummins Filtration, Inc.",aBR300000004DWCGA2,100008,100008,100008,0,0,0,0,Other
0010M00001VKfwyQAD,Ecovie Water Management,0010M00001VKfwyQAD,23970,23970,22590,0,1380,0,0,Other
0013000000RYyr7AAD,"Zerto, Inc.",aBR30000000fxh0GAA,112125.96,112125.96,0,0,0,0,0,Legacy CDP
0013y00001ce8BPAAY,Enedis,aBR300000004I0CGAU,861916.0107,861916.0107,0,0,0,0,861916.0107,Legacy CDP
0010M00001Wac9gQAB,Accquis Group,aBR3y000000yeR8GAI,4977.5092,3562.8487,3562.8487,0,0,0,0,Other
0010M00001S9S6pQAF,SunExpress Güneş Ekspres Havacılık A.Ş.,0010M00001S9S6pQAF,113073.904,113073.904,0,100663.3536,0,12410.5504,0,Other
0010M00001XxxacQAB,"Tokio Marine Direct Insurance Co.,Ltd.",aBR30000000L6E6GAK,97549.0764,97144.8084,0,56297.5696,0,40847.2388,0,Other
0013000000hMQ7vAAG,"NTT DOCOMO BUSINESS, Inc. (FOCUS)",aBR30000000L6DHGA0,32563.3023,23266.4319,23266.4319,0,0,0,0,Other
0013000000hIetpAAC,United Methodist Communications,aBR3y000000g3YcGAI,98258.0531,98258.0531,36000,4514.0531,37200,20544,0,Other
0013y00001e63ueAAA,Lionsoul,0013y00001e63ueAAA,66480.8356,66480.8356,0,66480.8356,0,0,0,Other
0010M00001QkhhDQAR,A.C. Milan S.p.A.,aBRed000000056BGAQ,218641.742,218641.742,65495.1119,109440.48,32832.144,10874.0061,0,Other
001ed00000fV8ktAAC,Australian Football League (TAS),aBRed000000wKWMGA2,662.052,662.052,662.052,0,0,0,0,Other
00100000001v7hkAAA,Epsilon - Technology & Agency,aBR3y000000wkTtGAI,189915.96,189915.96,0,0,0,0,0,Legacy CDP
0010M00001SJK2KQAX,FUJITSU LIMITED,aBR30000000L6BJGA0,4851.216,3234.144,3234.144,0,0,0,0,Other
001ed00000QkuORAAZ,"TSG Resources, Inc.",aBR300000004FF6GAM,131061.2096,131061.2096,97785.2096,0,33276,0,0,Other
001ed00000G2wMsAAJ,Engineering Ingegneria Informatica S.p.A.,aBR3y000000yebpGAA,20793.7788,10944.1356,0,10944.1356,0,0,0,Other
0013y00001cMkZGAA0,Keck Medicine of USC (HealtheCRM Org),aBR0M000000H5xFWAS,356360,356360,0,350960,0,5400,0,Other
00130000016g0DUAAY,Banco Santa Cruz- Rep. Dominicana,aBR3y000000TUkGGAW,43603.8367,43603.8367,0,37273.8367,0,6330,0,Other
0013000000GJJOvAAP,OPTICAS DEVLYN,aBR0M0000000A2vWAE,63010.3,63010.3,0,59543.5,0,3466.8,0,Other
0013y00001c6OmWAAU,"Chubu Electric Power Miraiz Company, Business CRM(SA+LB-B2B)Enterprise Sales",aBR30000000L6B4GAK,4102.3842,132.335,132.335,0,0,0,0,Other
0013000000GJxdKAAT,Telegraph Media Group Holdings Ltd,aBR3y000000HDpxGAG,5501.4577,3929.6126,3929.6126,0,0,0,0,Other
0013000000M1lsuAAB,Institut Municipal d'Informàtica de Barcelona,aBR3y000000wksKGAQ,64641.0196,64641.0196,2232.5858,59781.8622,0,2626.5716,0,Other
0013y00001crLlnAAE,"NEO CAREER CO., LTD.(MV,RI,RS)",aBR3y000000fybTGAQ,47829.6179,47829.6179,0,47829.6179,0,0,0,Other
00130000000hE5SAAU,American Equity Investment Life Insurance Company,aBRed0000006YOsGAM,151745.7583,5400,0,5400,0,0,0,Other
0013000000IjzQOAAZ,"Vindicia, Inc",aBR300000004F75GAE,73080,73080,0,0,0,0,0,Legacy CDP
0013y00001dk9RBAAY,VILLAGGIO TURISTICO INTERNAZIONALE SRL,0013y00001dk9RBAAY,44197.494,44197.494,0,44197.494,0,0,0,Other
0013000000hIbnmAAC,"Full Circle Insights, Inc. (Acquired by Conquer 2025)",0013000000hIbnmAAC,1000,1000,0,1000,0,0,0,Other
00130000016hIYEAA2,Takeda Pharmaceuticals International AG,aBR300000004N3pGAE,4001956.9,2553415.216,0,546697.971,0,313900.5898,1692816.655,Legacy CDP
0013000001J4ig8AAB,"REMIXPOINT,INC.",aBR3y00000056nkGAA,33958.512,33958.512,33958.512,0,0,0,0,Other
00130000007UGjsAAG,New York State Office of Information Technology Services - Agentforce,aBR3y000000HTfxGAG,7496.11,7494,7494,0,0,0,0,Other
0013y00001Z19ncAAB,Aché Laboratórios Farmacêuticos S.A. (Corp),aBR30000000XodsGAC,73328.5759,73328.5759,66545.1739,0,6783.402,0,0,Other
0013000000NP3N8AAL,Godrej Properties Limited.,aBR3y000000HRxHGAW,75991.9619,75991.9619,0,67923.9382,0,8068.0237,0,Other
00130000016iQ3TAAU,"Western Union Financial Services, Inc.",aBR300000004EhdGAE,342921.8885,342921.8885,328881.8885,0,14040,0,0,Other
001ed00000SFQRuAAP,Red Sea Global,aBR3y00000119HGGAY,34224.7782,34224.7782,32844.7782,0,1380,0,0,Other
0013y00001epI95AAE,New Zealand Rugby Commercial LP,aBR3y0000000DkbGAE,208279.4127,208279.4127,0,116622.8477,0,91656.565,0,Other
0013000000NT1nlAAD,Seguros Generales Suramericana S.A.,aBR300000004fhVGAQ,125960,95960,0,95960,0,0,0,Other
0013y00001d0wAxAAI,PwC Consulting LLC,aBR3y000000fyYBGAY,1031.6919,627.4239,404.268,0,223.1559,0,0,Other
0013000000GpvVkAAJ,Health Care Service Corporation,aBR300000004EmbGAE,381453.8364,269244.8828,243308.2473,0,25936.6355,0,0,Other
0010M00001QoKhzQAF,Emami Agrotech Limited,0010M00001QoKhzQAF,8838.0012,8838.0012,8248.9948,589.0064,0,0,0,Other
0013y00001eMN9WAAW,My Digital Health,0013y00001eMN9WAAW,4272.5754,4272.5754,0,1774.3253,0,2498.2501,0,Other
0013000001JbQkPAAV,Agilysys,aBR3y000000cF1iGAE,20000,10000,10000,0,0,0,0,Other
00130000004IFiiAAG,Rank  Interactive (Gibraltar) Limited,aBR300000004G0fGAE,135897.4298,6666.3579,6666.3579,0,0,0,0,Other
0013000001CB8uaAAD,HelloFresh SE,aBR3y000000HBbdGAG,439381.6391,439381.6391,0,423096.8957,0,16284.7434,0,Other
001ed000008Y88DAAS,"Vantive Healthcare, LLC",aBR300000004DMoGAM,60000,60000,0,0,60000,0,0,Other
00130000005NWMnAAO,"ADVANTECH CO., LTD.",aBR0M000000bpySWAQ,87520,78070,0,46570,0,31500,0,Other
001ed000003mDNrAAM,ANIKA INDUSTRIES PRIVATE LIMITED,aBR3y000000H9h5GAC,96971.4306,96971.4306,0,96971.4306,0,0,0,Other
001ed00000RKtteAAD,Matter Brothers Furniture,001ed00000RKtteAAD,7495.8927,7495.8927,7495.8927,0,0,0,0,Other
00130000002DMIhAAO,"Colony Bankcorp, Inc.",aBR3y000000H6r3GAC,28080,28080,28080,0,0,0,0,Other
0013000000rpjdrAAA,Fox Restaurant Concepts LLC,aBR300000004EUVGA2,227227.4912,227227.4912,0,197227.4912,0,30000,0,Other
0013000000M0xGJAAZ,Daiwa Institute of Research Ltd.,aBR30000000L6cAGAS,35898.9984,33958.512,33958.512,0,0,0,0,Other
0013000001GWwFRAA1,Grupo Pereira,aBRed00000006YVGAY,287034.3807,287034.3807,284880.9197,0,0,2153.461,0,Other
0013000000M2dDzAAJ,"T-Mobile USA, Inc",aBR300000004DsMGAU,1644264.55,1644264.55,0,1499458.148,0,144806.4017,0,Other
001ed00000JrLhmAAF,CentriCity,001ed00000JrLhmAAF,20376,20376,0,19176,0,1200,0,Other
0013y00001beIy9AAE,Lombard Odier Asset Management (Switzerland) SA,aBR30000000L0WiGAK,776,776,776,0,0,0,0,Other
0013000000IkksBAAR,Jani-King (Australia) Pty Ltd,aBR3y000000H8U9GAK,162578.9786,323.1177,323.1177,0,0,0,0,Other
001ed000006EFOjAAO,Department of Primary Industries and Regional Development,aBR3y000000cElUGAU,109866.2246,109866.2246,109866.2246,0,0,0,0,Other
0010M00001Yb5sNQAR,Ministry of Health,aBR3y000000cEsGGAU,17580,15000,15000,0,0,0,0,Other
0013y00001beEJbAAM,Emergency Nurses Association,aBR3y0000000JaBGAU,776,776,776,0,0,0,0,Other
0010M00001cHTEtQAO,Vocus Pty Ltd,aBR300000004S4YGAU,144399.48,144399.48,76341,0,68058.48,0,0,Other
0013y00001ce79LAAQ,Sobeys Capital Incorporated,aBR3y000000wnsBGAQ,583500,583500,0,0,0,0,583500,Legacy CDP
0013y00001eZGLrAAO,"Giving Home Health Care, LLC",aBRed0000003VYkGAM,211732.3114,211732.3114,154072.3114,22500,35160,0,0,Other
0013000001NXD05AAH,Raizers,0013000001NXD05AAH,2872.8126,2872.8126,2872.8126,0,0,0,0,Other
001ed00000TWT35AAH,"Mars Information Services, Inc.",aBR300000004DC6GAM,576,576,576,0,0,0,0,Other
0013000000M1w0GAAR,Citron Hygiene Canada Inc.,aBR3y000000H6GCGA0,66323.687,66323.687,0,66323.687,0,0,0,Other
00130000002xKX9AAM,Konecranes Global Oy,00130000002xKX9AAM,19152.084,10944.048,10944.048,0,0,0,0,Other
00130000002xRcUAAU,SATS Norge AS,00130000002xRcUAAU,273.6012,273.6012,273.6012,0,0,0,0,Other
0013y00001chJS7AAM,"Bengo4.com,Inc.",aBR3y00000057HrGAI,56694.5443,56694.5443,0,56694.5443,0,0,0,Other
0013y00001dO0YgAAK,Floor Xpert Pte Ltd,0013y00001dO0YgAAK,3689,3689,425,0,0,3264,0,Other
0013000000ZiwLxAAJ,CeriFi - Primary Org,aBR3y000000gEUzGAM,313920,313920,0,308640,0,5280,0,Other
0013000001L6SITAA3,"TOBE MARKETING, INC.",aBR3y00000053B6GAI,35302.7928,35302.7928,0,35302.7928,0,0,0,Other
0010M00001QaUJGQA3,Milan Laser Hair Removal,aBR3y0000000DELGA2,6417.0183,6417.0183,6417.0183,0,0,0,0,Other
0013y00001dVsQJAA0,"CareFirst Management Company, LLC",aBR300000004EnNGAU,739882.1983,737214.0696,575299.0929,161914.9767,0,0,0,Other
0013000000JJO7AAAX,RCH S.p.A.,aBR0M000000GpopWAC,28846.3217,6520.4638,4104.018,0,2416.4458,0,0,Other
0013000000NQT4mAAH,Arktura LLC,aBR300000004FppGAE,52153.16,52153.16,0,44953.16,0,7200,0,Other
0013y00001f8GejAAE,LG Electronics (GMC-MEA),aBR30000000L7jqGAC,66600,66600,0,66600,0,0,0,Other
0013y00001caj6qAAA,LIV Golf Ltd,0013y00001caj6qAAA,2154245.754,858835.6678,0,670214.2668,0,188621.401,0,Other
0013000000AbLU2AAN,**Federal Aviation Administration,aBR0M000000CcvCWAS,304374.64,300832.64,300104,0,728.64,0,0,Other
0013000001LyHcEAAV,"Gurunavi, Inc.",aBR3y00000055JqGAI,119369.099,115491.6672,0,115268.5113,0,223.1559,0,Other
0013000001MsGKCAA3,Langley Federal Credit Union,aBR3y0000004pKgGAI,95375,95375,95375,0,0,0,0,Other
0013000000RXIzzAAH,Banco CSF,aBR3y000000wmnPGAQ,1058501.433,1058501.433,0,936400.1966,0,122101.2364,0,Other
00130000001O7a5AAC,"Pearson Education Inc,  VUE",aBR300000004DJuGAM,95000,95000,95000,0,0,0,0,Other
0013000000ITptiAAD,United States Postal Service (USPS Main Org),aBR300000004UE6GAM,73721.7277,73721.7277,73721.7277,0,0,0,0,Other
0013000000hK9ulAAC,IDEMIA France SAS,aBR30000000XajDGAS,109440.48,9302.4408,9302.4408,0,0,0,0,Other
0013y00001fOBwjAAG,Leve Saúde,aBRed000000006TGAQ,3768.5568,3768.5568,3768.5568,0,0,0,0,Other
0013000001MsJ1jAAF,Movement Mortgage,aBR0M000000bpJwWAI,211940,211940,164000,0,47940,0,0,Other
0013000001JyDCnAAN,Pathé Cinemas Services,aBR30000000XaxZGAS,800778.5015,566768.2913,0,526400.2913,34800,5568,0,Other
0013000000RXwV6AAL,Fusion Academy,aBR3y000000HLjWGAW,61992.8391,1992.8391,1992.8391,0,0,0,0,Other
0013y00001fTCQqAAO,"Fanatics Holdings, Inc.",aBR3000000002JjGAI,219126.5969,219126.5969,219126.5969,0,0,0,0,Other
0013000000NQzhNAAT,Upwardly Global,aBR3y0000000GrZGAU,6776,776,776,0,0,0,0,Other
00100000001L6qjAAC,Ameren Services Company,aBR300000004DxfGAE,6480,6480,0,6480,0,0,0,Other
0010M00001WIMeFQAX,MiiN Cosmetics S.L.,0010M00001WIMeFQAX,5786.6654,5786.6654,5130.0225,0,0,656.6429,0,Other
0010M00001WJOw3QAH,Mercedes-Benz Fleet,aBR300000004FvVGAU,49022.1127,49022.1127,0,49022.1127,0,0,0,Other
001300000027QzxAAE,Associated Newspapers - Direct to Consumer,aBR0M00000006xwWAA,74245.5787,70223.6,70223.6,0,0,0,0,Other
0013000000rpgynAAA,Masco Canada Limited,aBR300000004KhRGAU,490.8147,490.8147,490.8147,0,0,0,0,Other
0013y00001cQ8wKAAS,Royal Mail Group Limited,aBR30000000XlIhGAK,463383.838,402942.4678,0,0,0,0,402942.4678,Legacy CDP
0013000001Mj6G9AAJ,Axis,0013000001Mj6G9AAJ,3283.2144,3283.2144,3283.2144,0,0,0,0,Other
0010M00001Z0e1hQAB,"UPM-Kymmene Oyj, IT",aBR300000004LuRGAU,8458.6388,8458.6388,8458.6388,0,0,0,0,Other
00130000005Cza1AAC,*Queen's University at Kingston*,aBR30000000PB6SGAW,123672,123672,0,123672,0,0,0,Other
0013000001J4XDyAAN,Etex Services NV,aBR30000000XbhNGAS,28776.5353,1416.4153,1416.4153,0,0,0,0,Other
0013y00001cIYI8AAO,Boehringer Ingelheim GmbH (00D09000007TYVC),aBR300000004HU8GAM,22218.1254,22218.1254,10076,10342.1254,1800,0,0,Other
0013000000rqW2mAAE,DECENCIA INC.,aBR3y00000057jqGAA,29289.2166,29289.2166,29289.2166,0,0,0,0,Other
0013000001GUbmQAAT,SAPA SpA,aBR3y000000HCQdGAO,16547.4006,16547.4006,16547.4006,0,0,0,0,Other
0010M00001P0SjKQAV,Organizacion Courier Argentina SA (OCASA),0010M00001P0SjKQAV,799.2701,799.2701,0,799.2701,0,0,0,Other
0013000000ZmUShAAN,"Cushman & Wakefield Global, Inc",aBR3y000000H6ukGAC,170748.8695,155602.9649,125311.1558,30291.8091,0,0,0,Other
0013y00001eXR1lAAG,Global TV Distribution Opportunity Management,aBR300000004C9KGAU,175332.7587,67332.7587,0,67332.7587,0,0,0,Other
0013000000RZH1kAAH,"LINK THEORY JAPAN CO.,LTD.",aBR30000000L6BCGA0,15989.6079,15989.6079,0,15989.6079,0,0,0,Other
0013000001GWlfhAAD,E-LAND GROUP,aBR3y0000008XBtGAM,56548.8563,56548.8563,0,56548.8563,0,0,0,Other
0013000000HHYXcAAP,SKOPE INDUSTRIES LIMITED,0013000000HHYXcAAP,60000,60000,60000,0,0,0,0,Other
0010M00001U1YVlQAN,Synapse Innovation Inc,aBR3y00000054SwGAI,35898.9984,33958.512,33958.512,0,0,0,0,Other
00100000001rsZyAAI,"Highmark, Inc.-",aBR3y000000saD4GAI,570361.2716,368361.3116,0,249561.3116,0,118800,0,Other
0013000000HklfUAAR,"Universidad Iberoamericana, A.C. RFC: UIB540920IT3",aBR3y000000TRi3GAG,776,776,776,0,0,0,0,Other
00130000002xEOJAA2,Gerhard Schubert Gesellschaft mit beschränkter Haftung,aBR30000000XiBjGAK,13094.1157,13094.1157,13094.1157,0,0,0,0,Other
0013000001Mo07tAAB,"Landmark Properties Management, LLC",0013000001Mo07tAAB,217999.9945,118000,0,118000,0,0,0,Other
00130000009bViPAAU,VanEck,aBR0M000000H5rlWAC,12000,12000,12000,0,0,0,0,Other
00130000008eaG1AAI,"KOBE STEEL, LTD.(Whole Company CRM)",aBR30000000L6XUGA0,40325.733,40325.733,40325.733,0,0,0,0,Other
0013y00001dkyJnAAI,Sony Honda Mobility Inc.,0013y00001dkyJnAAI,110307.4387,89447.2099,0,89447.2099,0,0,0,Other
00130000008cidGAAQ,"CPI Security Systems, Inc.",aBR3y000000gFwHGAU,5400,5400,5400,0,0,0,0,Other
0010M00001P06QrQAJ,"Black Rifle Coffee Company, LLC",aBR3y000000PDeFGAW,507310.65,419265,0,0,0,0,419265,Legacy CDP
00130000002xYnzAAE,"Helzberg's Diamond Shops, LLC",aBRed000000B5ijGAC,358342.6667,358342.6667,0,358342.6667,0,0,0,Other
0013000001NXfs2AAD,European Society of Medical Oncology,aBR3y0000000NfaGAE,57891.8252,57891.8252,0,55265.2536,0,2626.5716,0,Other
0013000001L5xZjAAJ,Bestseller Service B.V.,aBR3y0000004wCdGAI,547202.4,273601.2,273601.2,0,0,0,0,Other
0013000001GUm9mAAD,PVA TePla AG,aBR30000000XeoOGAS,6015.9299,2187.6109,2187.6109,0,0,0,0,Other
0013y00001cjxdtAAA,Cyrix Healthcare Private Limited,0013y00001cjxdtAAA,3014.7373,315.1244,315.1244,0,0,0,0,Other
0010M00001W7v5QQAR,GYEONGGI BUSINESS & SCIENCE ACCELERATOR,aBR30000000L7k1GAC,5000,1000,1000,0,0,0,0,Other
0013y00001eU0HvAAK,NZ Post Data Cloud,aBRed0000006J4nGAE,138026.7476,138026.7476,0,138026.7476,0,0,0,Other
0013y00001cycbHAAQ,The Fono Trust,0013y00001cycbHAAQ,21748.159,21748.159,21748.159,0,0,0,0,Other
0013000000hKqBcAAK,Marketsource-AvayaAT&T-Sales Center,aBR300000004F3yGAE,7264.06,5778,5778,0,0,0,0,Other
00130000002xDDuAAM,Dagrofa Aps,aBR3y000000HDCNGA4,32832.144,32832.144,32832.144,0,0,0,0,Other
001ed00000gqnhBAAQ,Comune di Bari - URP,aBR300000004fndGAA,81256.0574,46267.0573,45965.0016,0,302.0557,0,0,Other
0013000000ZjZz8AAF,Patient Access Network Foundation,aBR3y000000TUp2GAG,116553.0859,116553.0859,116553.0859,0,0,0,0,Other
0013000000ITiYqAAL,Experience Australia Group Pty Ltd,aBR0M000000fyJNWAY,21829.4488,18268.6035,541.5393,17727.0642,0,0,0,Other
00130000002xCYEAA2,Poclain Hydraulics Industrie SAS,aBR3y000000CkLaGAK,1203.8453,1203.8453,1203.8453,0,0,0,0,Other
0013000000IknlFAAR,Banco BOCOM BBM,aBR3y000000wml9GAA,2868.6615,1434.3308,1434.3308,0,0,0,0,Other
00130000002xbfdAAA,Hanna Andersson LLC,aBR3y000000HKhpGAG,32054.0602,32054.0602,32054.0602,0,0,0,0,Other
0010M00001QqiwgQAB,"Aioi Nissay Dowa Insurance Co., Ltd.",aBR30000000L6CBGA0,627.4239,627.4239,627.4239,0,0,0,0,Other
0010M00001P0OX3QAN,adesso SE,aBR30000000XfyoGAC,13216.1457,13216.1457,0,13216.1457,0,0,0,Other
0013y00001congcAAA,Grasp Technologies Inc.,0013y00001congcAAA,28010,25510,22750,0,2760,0,0,Other
001ed000009JTQwAAO,Novartis AG - International DC (OrgID=00Dbk000000jzgs),aBR300000004N3CGAU,3.27E-13,3.27E-13,0,3.27E-13,0,0,0,Other
0013y00001f9A82AAE,Imobilem Promotora RFC : IPR170530TY7,aBR3y000000g4BYGAY,7080,7080,0,0,0,7080,0,Other
0013000001CDlbwAAD,Woningstichting Eigen Haard,0013000001CDlbwAAD,5909.7859,5909.7859,5909.7859,0,0,0,0,Other
0013y00001coeaaAAA,DB Immo,0013y00001coeaaAAA,1231.2054,1231.2054,1231.2054,0,0,0,0,Other
0013000001NX69zAAD,Johnny's Selected Seeds,aBR3y000000bsPFGAY,422676.697,322668.0292,272988.0292,0,49680,0,0,Other
00130000002xSLBAA2,Purdy Motor S.A,aBR30000000XimKGAS,146400,131400,131400,0,0,0,0,Other
0010M00001YauFCQAZ,"Reimagined Parking LLC (formerly, Reef Global Holdings, Inc.)",aBR3y0000010xlZGAQ,62920,62920,61000,0,0,1920,0,Other
001ed00000XVcfVAAT,Compañía Mundial de Seguros,aBR3y000000sZuRGAU,59893.7226,59893.7226,0,57973.7226,0,1920,0,Other
00100000000ktisAAA,"Dayforce US, Inc.",aBRed0000004lOXGAY,233712.4735,28699.6998,28423.6998,0,276,0,0,Other
0010M00001WZx1iQAD,Fastrac Energy Services,0010M00001WZx1iQAD,690,690,690,0,0,0,0,Other
0013y00001dYL6tAAG,The Golden 1 Credit Union,aBR300000004PhNGAU,46263.3223,46263.3223,0,11463.3223,0,34800,0,Other
0013y00001crXv0AAE,Edith Cowan University (ECU),aBRed000000Apm1GAC,491591.5861,216684.0435,0,193972.6793,0,22711.3642,0,Other
0010M00001WYRXLQA5,Aditya Birla Capital Ltd.,aBR3y000000HSCzGAO,41965.7617,41965.7617,41378.8137,586.948,0,0,0,Other
0013y00001d95PUAAY,Demerara Bank Limited,0013y00001d95PUAAY,38280,38280,0,38280,0,0,0,Other
0013y00001chKm8AAE,TOTO LTD.,aBR30000000L6N0GAK,91642.6778,91238.4098,808.536,90206.7179,223.1559,0,0,Other
0010M00001Qqt9TQAR,Clearview Partners,aBR3y000000CfXgGAK,87331.0136,78564,48564,0,30000,0,0,Other
0013000000KtPsSAAV,"Wounded Warrior Project, Inc.",aBR0M000000GmydWAC,71623.1752,71623.1752,0,47623.1752,0,24000,0,Other
00130000016gSHbAAM,CORPORACION INMOBILIARIA KTRC S.A DE C.V.,aBR0M000000L92TWAS,220678.443,52954.1542,51251.2582,1426.896,276,0,0,Other
0013y00001cb7tWAAQ,ABEAM CONSULTING LTD.,aBR30000000L6ClGAK,39658.6908,39658.6908,0,39658.6908,0,0,0,Other
0010M00001Z07UXQAZ,Wiliot Ltd.,aBR3y00000119y8GAA,776,776,776,0,0,0,0,Other
00130000002xD9gAAE,BEC Financial Technologies a.m.b.a. (Spar Nord Bank),aBR0M000000Cda5WAC,849.2581,849.2581,849.2581,0,0,0,0,Other
00130000002xRuiAAE,Woolworths Group Limited,aBR300000004CGhGAM,565714.1278,565714.1278,0,0,0,565714.1278,0,Other
0013y00001caXagAAE,"King Power Corporation Co., Ltd. (Headquarter)",aBRed00000086MnGAI,87600,87600,0,87600,0,0,0,Other
0013y00001cMkONAA0,ICL Group (GS),aBR3y000000HCLnGAO,2497.719,832.573,832.573,0,0,0,0,Other
0010M00001QkoWCQAZ,RED AMIGO DAL S.A.P.I. de C.V. S.O.F.O.M. E.N.R. RFC: RAD130627IH2,aBR3y000000bt98GAA,200190,200190,0,196926,0,3264,0,Other
001ed00000ZN4JjAAL,Legal & General Resources Limited,aBR300000004FtrGAE,492407.0103,492407.0103,124526.6134,70537.6203,297342.7766,0,0,Other
0013000000LBLjLAAX,Centrica Plc,aBR300000004FsZGAU,379910.7434,117194.007,0,117194.007,0,0,0,Other
0013y00001exv2KAAQ,GLOBO COMUNICACAO E PARTICIPACOES S/A - D2C - ID 354226,aBR3y0000000R1kGAE,840250.6841,201103.4712,0,198088.6259,0,3014.8453,0,Other
0013y00001eYQFqAAO,FIELDFORCE Corp.,aBR3y000000saBhGAI,27490.224,24256.08,0,24256.08,0,0,0,Other
0013y00001casHEAAY,Elephant Energy (Boulder),0013y00001casHEAAY,6778.4,6778.4,0,500,0,6278.4,0,Other
00130000016iOBQAA2,MENORA MIVTACHIM INSURANCE LTD.,aBR30000000L5yZGAS,16200,16200,16200,0,0,0,0,Other
0013000000hLNfMAAW,OZVISION.INC.,0013000000hLNfMAAW,14265.2895,14265.2895,0,14265.2895,0,0,0,Other
0013000000ZjZzWAAV,"Greenpeace, Inc.",0013000000ZjZzWAAV,966.5826,966.5826,966.5826,0,0,0,0,Other
0013000000M2LyGAAV,URBN US Retail LLC,aBR300000004EO6GAM,999296.099,563145.6988,0,365405.9561,0,197739.7427,-4.55E-13,Other
0013000000RX560AAD,The Curators of the University of Missouri,aBR3y000000H8D3GAK,173716.3385,173716.3385,0,143836.3385,0,29880,0,Other
001ed00000mFkQLAA0,GYEONGGI BUSINESS & SCIENCE ACCELERATOR,aBR30000000L7k1GAC,5000,1000,1000,0,0,0,0,Other
0013y00001fSxH9AAK,CCEP Group Services Limited,aBR3y000000yfzOGAQ,54000,54000,54000,0,0,0,0,Other
00130000016hlAeAAI,Innovator Industrial Services Inc,aBR3y0000004sx7GAA,22000,22000,0,10000,0,12000,0,Other
0010M00001WZmuJQAT,Generali Central India Insurance Company,aBR3y000000HTkiGAG,27454.2554,18306.0644,18306.0644,0,0,0,0,Other
0013y00001cZao8AAC,BIT MOBILITY SRL,0013y00001cZao8AAC,302.0557,302.0557,0,0,302.0557,0,0,Other
0013000000ZkxzHAAR,HDI Seguros Colombia S.A.,aBRed0000004ubaGAA,27158.5396,276,0,0,276,0,0,Other
0013000001LYpodAAD,Catholic Mission,0013000001LYpodAAD,48110.2399,48110.2399,0,25398.8757,0,22711.3642,0,Other
0010M00001NYVrpQAH,"Indegene, Inc.",aBR3y0000004tpIGAQ,42000,42000,42000,0,0,0,0,Other
0010M00001Qnq3aQAB,Ministero del Lavoro e delle Politiche Sociali,aBR0M000000H66KWAS,849.2581,849.2581,849.2581,0,0,0,0,Other
0013y00001cQ8edAAC,Pharvaris GmbH,aBR3y00000116j9GAA,29359.0577,29300.7186,0,29300.7186,0,0,0,Other
0013000000582PtAAI,Yale New Haven Health System*,aBR3000000004AcGAI,78576.657,78576.657,0,63180.657,0,15396,0,Other
00130000000EVpYAAW,Gold Coast City Council,aBRed0000006thlGAA,137256.9815,137256.9815,0,0,0,0,137256.9815,Legacy CDP
0013000001CCv4iAAD,GEOCON GROUP PTY LTD,aBR3y000000XsHtGAK,10605.6454,7676.4411,7676.4411,0,0,0,0,Other
0013000000AbcHGAAZ,SCHARLAB SL,aBR30000000XkcWGAS,20618.2328,19688.4981,16407.0818,3281.4163,0,0,0,Other
0013y00001eX4NBAA0,Trustees of Boston University on behalf of WBUR,aBR30000000PBF0GAO,263706,263706,0,0,0,0,263706,Legacy CDP
0013y00001dy19gAAA,University of Westminster - Enquiry Management,aBR0M0000008Ud2WAE,73378.9646,36702.581,35654.6843,1047.8967,0,0,0,Other
0013y00001Z1CjTAAV,Moremac Property Group,aBR3y000000CmvlGAC,112134.441,112134.441,0,0,0,0,112134.441,Legacy CDP
0013000000RYm0WAAT,Medical Guardian,aBR3y000000HKvxGAG,14453.2985,14453.2985,14453.2985,0,0,0,0,Other
0013y00001bf54EAAQ,Tarsus Pharmaceuticals,aBR3y0000000ISXGA2,217500,217500,0,60000,0,157500,0,Other
00130000016jMLsAAM,Stephen Siller Tunnel to Towers Foundation,aBR3y0000000KP5GAM,383994.4848,383977.0102,334004.3924,49972.6178,0,0,0,Other
0010M00001Y5PrzQAF,Janie and Jack LLC,aBR3y000000gEV9GAM,262089.15,262089.15,0,260889.15,0,1200,0,Other
001ed000005GfFdAAK,Lumivero B2B,aBR3y000000kDRWGA2,45776,776,776,0,0,0,0,Other
0013y00001cw1lAAAQ,"ClickHouse, Inc.",aBR3y000000gDxeGAE,44200,36000,36000,0,0,0,0,Other
0013000000ELxFaAAL,Sony Korea Corporation Ltd.,aBR3y0000008XOyGAM,49800,49800,49800,0,0,0,0,Other
0013y00001cSXOGAA4,Supernus Pharmaceuticals - Marketing Cloud,aBR3y0000004r0EGAQ,67866.6666,67866.6666,0,63666.6666,0,4200,0,Other
0013000000LBM32AAH,Seara Alimentos S/A.,aBR300000004RmNGAU,68127.4651,68127.4651,0,26704.3514,0,41423.1137,0,Other
0013000001FjuDrAAJ,Cricket Victoria,0013000001FjuDrAAJ,47134.192,47134.192,47134.192,0,0,0,0,Other
0013000000HIf7aAAD,Candy Hoover Group Srl,aBR0M000000Gq1bWAC,55486.3234,55486.3234,0,55486.3234,0,0,0,Other
0013000000ZjBOQAA3,Allianz Technology SE (Org for Allianz Seguros de Vida S.A. (Colombia)),aBR3y000000TPVTGA4,2392.2718,2392.2718,2392.2718,0,0,0,0,Other
0010M00001Y5NoiQAF,Swiss Management Zürich AG,0010M00001Y5NoiQAF,33952.7006,30569.7518,0,30569.7518,0,0,0,Other
0013y00001fzE6zAAE,VR Beneficios - Super CRM,aBR3y000000CoMiGAK,51817.6543,51817.6543,0,51817.6543,0,0,0,Other
0013y00001eU367AAC,"TOKIO MARINE&NICHIDO LIFE INSURANCE CO.,LTD.",aBR30000000L6E6GAK,111643.6212,111643.6212,0,111643.6212,0,0,0,Other
001ed000004OqKwAAK,Telefonika Ghana Limited,001ed000004OqKwAAK,1875,1875,1875,0,0,0,0,Other
0013000000Gu5dPAAR,Nestlé Operational Services WorldWide SA.,aBR300000004MqpGAE,2232660,2232660,0,0,0,2232660,0,Other
0013000000ZkD8mAAF,HHS - Office of the Secretary - Executive Secretariat,aBR300000004UClGAM,45000,45000,45000,0,0,0,0,Other
0013y00001cILhHAAW,Hapimag AG,aBR3y000000sYA4GAM,47799.4404,30976.0483,5449.0564,14446.1433,0,11080.8486,0,Other
0010M00001VKlKoQAL,Sdui GmbH,0010M00001VKlKoQAL,28834.7196,23639.1437,23639.1437,0,0,0,0,Other
0013000000rqWpyAAE,Premium Restaurant Brands,aBR3y000000gFvFGAU,139768.2684,139768.2684,0,104198.9484,0,35569.32,0,Other
00130000002xRqTAAU,Insurance and Care NSW,aBRed0000006vurGAA,40479.2216,40479.2216,40479.2216,0,0,0,0,Other
0013y00001fc6GRAAY,Kiwibank Limited,aBRed0000004rFXGAY,117026.285,117026.285,0,36887.614,0,80138.671,0,Other
0010M00001QkwSkQAJ,Infrastrutture Wireless Italiane S.p.A.,aBRed0000006XmDGAU,101762.275,49927.8762,49927.8762,0,0,0,0,Other
0013000000KxNaGAAV,Region of Peel,aBR3y000000TQbQGAW,54386.9566,42946.2823,42946.2823,0,0,0,0,Other
0013000000ZjcNcAAJ,"AMERICAN DIABETES ASSOCIATION, INC.",aBR30000000PBPsGAO,332679.3679,266215.7864,266215.7864,0,0,0,0,Other
0010M00001XyHDGQA3,SanCor Salud,aBRed000000A9EwGAK,303615.5073,60037.9526,5437.9526,0,52200,2400,0,Other
00130000016gLqLAAU,Nordic Business Group Oy,00130000016gLqLAAU,6285.1667,5737.9643,5737.9643,0,0,0,0,Other
0013y00001e2wYeAAI,DIGGLE K.K.,aBR3y000000yf8gGAA,6064.02,6064.02,6064.02,0,0,0,0,Other
0013000001JfPTXAA3,Stanford Continuing Studies,aBR30000000L7rNGAS,24986.3089,24986.3089,24986.3089,0,0,0,0,Other
001ed00000ViThDAAV,KPIT Technologies Limited,aBR3y0000011A9uGAE,43394.7482,43394.7482,42039.2911,0,1355.4571,0,0,Other
0013000000M2jV6AAJ,Cotton On Clothing Pty Ltd,aBR300000004S6nGAE,170335.232,170335.232,0,56778.4107,0,113556.8213,0,Other
0013y00001h5OmHAAU,AGL Energy Limited,aBR300000004S6LGAU,647695.9343,381854.0082,0,265571.8232,0,116282.185,0,Other
0013y00001eJlGWAA0,Audio Enhancement Inc.,aBR3y000000CiztGAC,37133.4712,20492.1338,2492.1338,0,18000,0,0,Other
0013y00001cs3yOAAQ,FIDIA Farmaceutici SpA,0013y00001cs3yOAAQ,75474.396,75474.396,0,75474.396,0,0,0,Other
001ed00000NE9kZAAT,Groupe CDA - La Compagnie des Animaux,aBRed000000ERwWGAW,14774.4648,14774.4648,14774.4648,0,0,0,0,Other
0013000000ZlJCpAAN,Legend Boats,aBR3y0000000KPKGA2,82175.3653,55830.167,0,0,0,0,55830.167,Legacy CDP
0010M00001c5OlJQAU,Cosm Inc.,aBR3y000000TVppGAG,2500,2500,2500,0,0,0,0,Other
001ed00000Yf9F3AAJ,Boehringer Ingelheim,aBR300000004DMBGA2,4085.7779,4085.7779,0,4085.7779,0,0,0,Other
0010M00001WZrTGQA1,INFOCOMM MEDIA DEVELOPMENT AUTHORITY OF SINGAPORE,aBRed000000ABjlGAG,75000,75000,0,75000,0,0,0,Other
0013y00001grsw1AAA,American Association for Cancer Research - NPC,aBR0M000000LCGbWAO,157557.3358,157557.3358,0,157557.3358,0,0,0,Other
00130000004IFaQAAW,Atlas Copco Support Services NV,aBR300000004LsSGAU,27906.8456,6693.1574,5484.9345,0,1208.2229,0,0,Other
0010M00001ULoXzQAL,Shangri-La International Hotel Management Limited,aBR3y000000yfVCGAY,299471.6,299471.6,0,259470.8,0,40000.8,0,Other
0010M00001SmxgmQAB,AMI,0010M00001SmxgmQAB,87880.7054,87880.7054,0,77374.4193,0,10506.2861,0,Other
0010M00001WXwuWQAT,Telefonia por Cable S.A. de C.V.,aBR0M000000CbkSWAS,2818.5328,2818.5328,2818.5328,0,0,0,0,Other
0013000001L61UBAAZ,BMW SELA - JAWA_MOVE,aBR300000004HTXGA2,907.8585,453.9292,453.9292,0,0,0,0,Other
0013y00001cScNoAAK,Powers Health (2nd Org),aBR3y000000H6rdGAC,33850,33850,0,32746,0,1104,0,Other
0013000001LX5EfAAL,Locally.com,0013000001LX5EfAAL,3327.5932,3327.5932,3327.5932,0,0,0,0,Other
00100000001pJD7AAM,Spin Master Ltd,aBR3y000000brcuGAA,95719.5,80100,0,0,0,0,80100,Legacy CDP
0013000000NPvOtAAL,"Lucid USA, Inc.",aBR3y000000H7SZGA0,42200,42000,42000,0,0,0,0,Other
0013000000BoaF2AAJ,SOCIEDAD INFORMATICA DEL GOBIERNO VASCO SA - EJIE,aBR30000000XlRAGA0,53844.7162,45965.0016,45965.0016,0,0,0,0,Other
0013y00001fom38AAA,Isha Foundation (NPC Org),aBRed00000051Q9GAI,221334.4203,92704.9022,78278.419,3498.0832,0,10928.4,0,Other
00100000000fvEpAAI,"Airgas, Inc.",aBR300000004DL0GAM,486655.7005,406379.2028,0,296333.2028,0,110046,0,Other
0013y00001g5NMHAA2,IPLTECH ELECTRIC PRIVATE LIMITED,aBR3y000000HRKYGA4,8836.9083,8836.9083,0,8244.1503,0,592.758,0,Other
0013000000M1lXzAAJ,DIA Digital Consulting GmbH *,aBRed0000004VEvGAM,22819.122,13503.7241,13503.7241,0,0,0,0,Other
0010M00001Yu8OSQAZ,LIVPURE PRIVATE LIMITED,aBR3y00000116fhGAA,171620.5255,171620.5255,0,168791.7454,0,2828.7801,0,Other
00100000001bOXnAAM,"QVC, Inc.*",aBR300000004EWGGA2,553823.5,403823.5,0,355576,0,48247.5,0,Other
0013y00001fogHhAAI,EBOS Healthcare Enterprise,aBR3y000000H8PqGAK,126190.0176,99362.2186,0,0,0,0,99362.2186,Legacy CDP
0013y00001emP2VAAU,Boreal Cobertura de Salud,0013y00001emP2VAAU,38248.2856,532.8467,532.8467,0,0,0,0,Other
0010M00001SIcdGQAT,Sveriges Läkarförbund,0010M00001SIcdGQAT,12763.5742,12763.5742,0,12232.5268,0,531.0474,0,Other
0013y00001eqAKUAA2,Mission Telecom,aBR3y000000yfQyGAI,776,776,776,0,0,0,0,Other
0010M00001QmgHyQAJ,Industrious CRM,aBR3y000000brhkGAA,793.4836,793.4836,793.4836,0,0,0,0,Other
0013y00001crQo9AAE,"KPMG CONSULTING CO., LTD.",aBR30000000PBOWGA4,17100.5364,15160.05,15160.05,0,0,0,0,Other
0013000000LiP9TAAV,"TOYOTA MOTOR EAST JAPAN,INC.",aBR30000000L6FTGA0,16009.0128,1819.206,1819.206,0,0,0,0,Other
0010M00001WkNBUQA3,Lumion (Act-3D BV),0010M00001WkNBUQA3,5619.4141,5056.7976,5056.7976,0,0,0,0,Other
00130000016gWA4AAM,SavvyMoney,aBR3y000000TVSQGA4,4945.5531,4945.5531,4945.5531,0,0,0,0,Other
0013y00001cw9JGAAY,"American Lebanese Syrian Associated Charities, Inc.",aBR30000000PBPjGAO,1324692.977,1191970.817,0,941770.8167,0,250200,0,Other
0013000000LiOcnAAF,"FUJIFILM MEDICAL CO., LTD.",aBR30000000L6BDGA0,4415.0237,4040.2737,4040.2737,0,0,0,0,Other
00130000002xH6cAAE,Renault SAS (MFS France),aBR300000004HuNGAU,119541.3985,119541.3985,0,86709.2545,0,32832.144,0,Other
0010M00001XyDFNQA3,OCP DO BRASIL LTD,0010M00001XyDFNQA3,8188.9806,8188.9806,0,6950.7406,0,1238.24,0,Other
0013y00001erFrIAAU,Nstock Inc.,aBR3y00000051pZGAQ,404.268,404.268,404.268,0,0,0,0,Other
00130000009b2rkAAA,"FARO Technologies, Inc. - Main",aBR300000004QPjGAM,42000,42000,42000,0,0,0,0,Other
001ed00000KJibKAAT,Flight Centre Travel Group Limited,aBR300000004CJuGAM,216997.3179,161575.0538,44808.8206,75579.7132,29728.8,11457.72,0,Other
0013y00001ffe4fAAA,ZRG Partners,aBR3y000000HLiGGAW,27124.4253,26600,0,26600,0,0,0,Other
001ed00000JirSJAAZ,Tony Blair Institute,aBR0M000000PBfMWAW,27251.365,27251.365,21480.3833,5770.9817,0,0,0,Other
0013000000hLkKqAAK,Melon S.A.,aBR3y000000wrfDGAQ,7738.2396,7738.2396,7738.2396,0,0,0,0,Other
00130000009ZDKKAA4,Actian Corporation,aBR300000004F5kGAE,79927.0073,29972.6278,29972.6278,0,0,0,0,Other
0013000000K8UwaAAF,Sony Assurance Inc. 1,aBR3y000000wpj1GAA,43660.944,43660.944,43660.944,0,0,0,0,Other
00100000001UKxwAAG,CCEP Group Services Limited,aBR3y000000yfzOGAQ,546271.2593,475975.9963,470465.7034,5217.396,292.8969,0,0,Other
00130000016jM8KAAU,Cummins - Guidanz (Service Org),aBR300000004DWCGA2,44776,44776,0,44776,0,0,0,Other
0013000000RaYH2AAN,Experiencias Xcaret Parques SAPI de CV,aBR3y000000wlFsGAI,48001.0941,1996.7177,1996.7177,0,0,0,0,Other
0013y00001fbq7EAAQ,Ohana Development,0013y00001fbq7EAAQ,12855.3017,12855.3017,0,855.3017,0,12000,0,Other
0013000000hJECTAA4,CSX Sales & Marketing,aBR300000004DgoGAE,60000,60000,60000,0,0,0,0,Other
0013y00001g9kguAAA,Milestone Systems A/S (New Org),aBRed00000005kVGAQ,48412.5468,48412.5468,0,48412.5468,0,0,0,Other
00130000002x9CQAAY,Reckitt Benckiser Corporate Services Limited,aBR300000004FtJGAU,74855.4825,74855.4825,0,74855.4825,0,0,0,Other
0013000001CCq9PAAT,Administradora De Fondos De Pensiones y Cesantias Proteccion,aBRed000000CHhpGAG,157304,82304,74500,2500,2808,2496,0,Other
0010M00001JzvBBQAZ,ABSA Bank Limited,aBR0M000000CdaFWAS,604300.679,596733.432,0,576537.9464,0,20227.4683,-31.9827,Other
001300000032mW4AAI,Compass Banca S.p.A.,aBR300000004Ni7GAE,229900.1553,115466.6349,115466.6349,0,0,0,0,Other
001ed00000jmoLaAAI,Merck Sharp & Dohme LLC,aBR300000004DLrGAM,2016996,1827000,1056000,0,159000,612000,0,Other
00130000016iMheAAE,Cayosoft.com,aBR3y000000kDVJGA2,705.711,494.1274,494.1274,0,0,0,0,Other
0010M00001QaAiMQAV,Nissan Middle East FZE,aBR3y000000HCyOGAW,5400,5400,0,5400,0,0,0,Other
0013000001KbkOTAAZ,Engineering Ingegneria Informatica S.p.A.,aBR3y000000TULTGA4,10944.1356,10944.1356,0,10944.1356,0,0,0,Other
0013000001JzF3IAAV,Massanutten Resorts,aBR3y000000H7UWGA0,61323.5921,61323.5921,61323.5921,0,0,0,0,Other
0013y00001c6FWeAAM,Allegiance Real Estate LLC,aBR3y000000Cm0fGAC,3016.2019,2266.2019,0,214.2019,0,2052,0,Other
00130000002xS2lAAE,HBF Health Limited,aBR300000004COIGA2,505093.5219,397192.062,397192.062,0,0,0,0,Other
00130000002xD7zAAE,If IT Services A/S,aBR300000004M0VGAU,164023.4381,164023.4381,162873.0918,1150.3463,0,0,0,Other
0010M00001bbwIHQAY,Domo ICT N.V,aBR3y0000000Mk6GAE,39004.5871,39004.5871,39004.5871,0,0,0,0,Other
0013y00001fDfJAAA0,SHIMADZU CORPORATION,aBR0M000000LDldWAG,67118.1904,47713.3264,47713.3264,0,0,0,0,Other
00130000003QfO6AAK,SMARTCOMMS SC LIMITED,aBR3y00000116ahGAA,25636,5476,5476,0,0,0,0,Other
0010M00001U1aUzQAJ,Moelis & Company Group LP,aBR300000004QdYGAU,6912,6912,6912,0,0,0,0,Other
001ed000005r1nvAAA,Cable Television TOYAMA Inc.,aBRed0000006ZRJGA2,45480.15,43660.944,43660.944,0,0,0,0,Other
0010M00001Jza8rQAB,PPL PRS Ltd,aBR3y000000HDnVGAW,85927.5272,62873.8004,62873.8004,0,0,0,0,Other
0013000001Mo8b1AAB,DENSO WAVE INCORPORATED,aBR30000000L6B8GAK,8813.8509,8813.8509,8590.695,0,223.1559,0,0,Other
00130000000KOkWAAW,"Proofpoint, Inc. (MAIN)",aBR300000004PygGAE,144386.04,24386.04,0,0,0,0,0,Legacy CDP
00130000003LwYXAA0,Canon Canada Inc.,aBR300000004KTLGA2,75004.0696,75004.0696,52204.0696,0,0,22800,0,Other
0013000000rqNUqAAM,KASIKORNBANK Public Company Limited,aBR3y000000H904GAC,11196.2519,11196.2519,11196.2519,0,0,0,0,Other
001ed00000hPABWAA4,Sumaria Systems,001ed00000hPABWAA4,276,276,0,0,0,0,0,Legacy CDP
0013y00001g8uGuAAI,Astound Digital (Dev. Org),aBR3y0000000JhTGAU,33363.2629,33015.6439,32931.5426,84.1013,0,0,0,Other
0013000001CAjBkAAL,Neuroth International AG,aBR3y000000CiotGAC,16738.9215,16738.9215,0,16738.9215,0,0,0,Other
0010M00001QqpEYQAZ,Humanitas SPA,aBR3y000000sZwwGAE,54965.7697,54965.7697,54965.7697,0,0,0,0,Other
0013000000LiORNAA3,"Belluna Co., Ltd.",aBR3y00000050pIGAQ,251956.331,216853.2406,0,0,0,0,216853.2406,Legacy CDP
001000000013NNzAAM,"AvidXchange, Inc.",aBR0M000000CbtPWAS,27006,27006,27006,0,0,0,0,Other
0013000000M17QuAAJ,"Owens & Minor Medical, LLC",aBR0M00000006ooWAA,32534.4828,27500,27500,0,0,0,0,Other
0010M00001PEoRDQA1,Paris La Défense Arena,aBR3y000000HC7DGAW,3493.1791,3283.2144,2736.012,547.2024,0,0,0,Other
00130000000e8ZQAAY,Teleperformance Group Inc.,aBR300000004FCzGAM,120361.5572,120361.5572,115921.1679,4440.3893,0,0,0,Other
0013000001GY1fZAAT,Sas International Limited,aBR30000000Xkn0GAC,2880.5628,807.4881,518.2687,0,289.2194,0,0,Other
0013000000JzFnxAAF,CRU International Ltd - HQ,aBR3y0000004mJsGAI,75003.9692,75003.9692,0,75003.9692,0,0,0,Other
0010M00001QaCsAQAV,D.M.O. PET CARE S.R.L.,0010M00001QaCsAQAV,9180.4244,9180.4244,9180.4244,0,0,0,0,Other
0013000000K5wbKAAR,FIS,aBR300000004F5zGAE,474965.04,474965.04,0,0,0,0,0,Legacy CDP
0013000000I6FrYAAV,VALUEDESIGN INC.,aBR3y00000057KsGAI,17181.39,17181.39,17181.39,0,0,0,0,Other
0013000000rqxY0AAI,Murrelektronik GmbH,aBR30000000XboJGAS,192.7884,192.7884,0,192.7884,0,0,0,Other
0013y00001cQ8b5AAC,WOMPI SAS,aBR0M00000004o8WAA,8378.8,8378.8,0,8378.8,0,0,0,Other
0013000001CAINWAA5,JOSKO Fenster und Türen GmbH,0013000001CAINWAA5,285.5937,285.5937,285.5937,0,0,0,0,Other
0013000000IkoRRAAZ,Socovesa S A,aBR3y000000XprbGAC,4116.6667,116.6667,116.6667,0,0,0,0,Other
0013y00001cjypVAAQ,"eMed Labs, LLC",aBR3y000000LI9TGAW,185500,108000,108000,0,0,0,0,Other
0013000000M1BwYAAV,HP Inc *,aBR300000004C9PGAU,1253520,1145520,1008000,36000,95520,6000,0,Other
0010M00001WaNczQAF,DR.VRANJES FIRENZE SPA,aBRed00000037Y2GAI,3234.185,849.2581,547.2024,0,302.0557,0,0,Other
0013y00001dKbLmAAK,Bristol Myers Squibb - Data Cloud & Commercial Marketing Cloud - Production Org,aBR300000004DLhGAM,782682.15,509057.19,0,384317.19,0,124740,0,Other
00130000000TlAAAA0,Diligent Corporation,aBR3y000000H6x4GAC,10099.7426,4697.5547,4697.5547,0,0,0,0,Other
0013y00001cItCwAAK,Montway LLC DBA Montway Auto Transport,aBR3y0000004rtvGAA,110321.9081,59321.9081,0,59321.9081,0,0,0,Other
0010M00001ULuEwQAL,AI inside Inc.,aBR3y000000LIsNGAW,46586.2211,40426.8,40426.8,0,0,0,0,Other
0010M00001QqW5FQAV,Caixa De Assistencia Dos Funcionarios Do Banco Do Brasil - CASSI,0010M00001QqW5FQAV,12618.4301,12618.4301,0,12618.4301,0,0,0,Other
0010M00001Wae3YQAR,"Worldpay, LLC",aBR3y000000gDuAGAU,42000,42000,42000,0,0,0,0,Other
0013y00001cHXPwAAO,Givaudan International SA,aBR300000004N19GAE,229519.6505,216009.2417,0,216009.2417,0,0,0,Other
0013y00001cakCTAAY,WEST JAPAN RAILWAY COMPANY,aBR30000000L6MMGA0,627591.0362,543368.5335,0,543368.5335,0,0,0,Other
0013y00001cavYWAAY,Otis Elevator Company,aBR3y0000004iOkGAI,7000,7000,7000,0,0,0,0,Other
0013000000ImkJ3AAJ,University College Dublin,aBR0M00000004xtWAA,29227.459,7313.6324,6938.5547,375.0777,0,0,0,Other
0010M00001NYmNgQAL,ORTHOMOL pharmazeutische Vertriebs GmbH,aBR3y000000HBjQGAW,31494.0516,31494.0516,0,26372.2372,0,5121.8144,0,Other
0013000001CBWDdAAP,Synapsys,0013000001CBWDdAAP,1230.082,1230.082,1230.082,0,0,0,0,Other
0013000000I3zExAAJ,Legend Corporate Services Limited,aBR0M000000GoZAWA0,11446.4786,11446.4786,11185.2979,0,261.1807,0,0,Other
0013000000hJjStAAK,"ABASIC, S.A",aBR30000000XcuhGAC,33322.908,33322.908,300.3376,26265.7152,0,6756.8552,0,Other
0013000000hIzE1AAK,"Liquid Web, Inc.",aBR0M000000LDl0WAG,157250,26250,26250,0,0,0,0,Other
0013000000RafK7AAJ,Jovia Financial Credit Union BDR DO NOT CALL,0013000000RafK7AAJ,61876,61876,0,61876,0,0,0,Other
0013000001JyK1mAAF,Alphamega Hypermarkets,0013000001JyK1mAAF,62635.3116,62635.3116,0,57382.1686,0,5253.143,0,Other
0013000001GVUgNAAX,LS Mtron Tractors,aBR3y000000Ce6JGAS,7650,3150,3150,0,0,0,0,Other
001ed00000GLtRhAAL,Optimum Communications,001ed00000GLtRhAAL,296514,236514,229314,0,7200,0,0,Other
0010M00001QqqnWQAR,CMS/OIT/SEI - Master Org (App Launcher) CMS*ELA,aBR0M000000CctrWAC,52800,52800,52800,0,0,0,0,Other
0013000000hKE12AAG,CAPGEMINI TECHNOLOGY SERVICES INDIA LIMITED.,aBR3y000000wn5TGAQ,38074.2367,38074.2367,0,35716.92,0,2357.3167,0,Other
0013000001Hg8inAAB,Noble Metal Solutions Inc,0013000001Hg8inAAB,504,504,0,0,0,504,0,Other
0013y00001hNn7HAAS,ZENTH,0013y00001hNn7HAAS,1200,1200,0,0,0,1200,0,Other
0013y00001hEAJNAA4,The United Methodist Publishing House,aBR0M000000GmySWAS,104586.969,101285.1598,55999.8,45285.3598,0,0,0,Other
0013000000D9pM2AAJ,Credit Corp Group Limited,aBR300000004S1JGAU,91244.6634,91244.6634,0,52181.1168,0,39063.5466,0,Other
0010M00001QmQhtQAF,Harvest Digital,aBRed0000003Mf7GAE,500,500,500,0,0,0,0,Other
001ed0000099VkDAAU,FITNESS AND LIFESTYLE GROUP,aBR300000004bsJGAQ,36517.8132,21993.2025,21993.2025,0,0,0,0,Other
0013000000D8UBQAA3,Lutheran Church Missouri Synod,aBR300000004PJlGAM,5521.9742,5521.9742,5521.9742,0,0,0,0,Other
0010M00001SJK8DQAX,Foxtel Management Pty Limited,aBR30000000XmrEGAS,32647.5861,32647.5861,32647.5861,0,0,0,0,Other
0013000000I3xVCAAZ,Grupo Collado SA de CV,aBR0M00000004z1WAA,4676,676,676,0,0,0,0,Other
0010M00001YuI0JQAV,Air FX Trampoline Park,0010M00001YuI0JQAV,637.5,637.5,637.5,0,0,0,0,Other
0010M00001QjslLQAR,Gamma Interactive Inc.,0010M00001QjslLQAR,167064,167064,0,167064,0,0,0,Other
0010M00001YtsUFQAZ,"NTT EAST, Inc.",aBR30000000L6DHGA0,110243.8837,110243.8837,0,110243.8837,0,0,0,Other
0013000000ZjGsSAAV,Local Government Economic Services Ltd,0013000000ZjGsSAAV,21600,21600,21600,0,0,0,0,Other
0013y00001foc5SAAQ,Woom Italia Srl,0013y00001foc5SAAQ,2406.3719,2187.6108,0,2187.6108,0,0,0,Other
00130000002xKFHAA2,Gyldendal Asa,aBR30000000Xh7uGAC,215050.5432,215050.5432,0,0,0,0,215050.5432,Legacy CDP
0013000000Kv7dgAAB,G Adventures,0013000000Kv7dgAAB,120001.9696,120000,0,120000,0,0,0,Other
0013y00001c5Q2zAAE,Trans Union LLC,aBR300000004F0eGAE,32458.1705,32458.1705,32458.1705,0,0,0,0,Other
0013y00001dKgj3AAC,Southern Cross Austereo Pty Ltd,aBR300000004CTRGA2,346093.6589,346093.6589,0,336522.4419,0,9571.217,0,Other
0013000001GXGozAAH,"Pan American Energy, S.L., Sucursal Argentina",aBR3y000000HE1nGAG,381844.7538,111844.7538,0,110884.7538,0,960,0,Other
0013000000rp2UAAAY,Northwest Federal Credit Union,aBR0M0000008UyOWAU,150,150,150,0,0,0,0,Other
0013y00001c8RMsAAM,Claro MC,aBR30000000XilMGAS,282924.7011,246021.4792,0,0,0,0,246021.4792,Legacy CDP
0010M00001UVHLPQA5,GN Consumer Hearing Corporation (Jabra Enhance_Listen Lively_Gearset),aBR3y000000TQvkGAG,28125,28125,28125,0,0,0,0,Other
00100000001Uux1AAC,Marco,aBR0M000000bpCUWAY,1776,1776,1776,0,0,0,0,Other
0013000000Em49PAAR,"Lafayette 148, Inc.",aBR3y0000004rsWGAQ,104132.448,92975.4,0,0,0,0,92975.4,Legacy CDP
0010M00001MtMLQQA3,Scottish Widows Schroder Personal Wealth Limited,aBR30000000Xm6mGAC,104368.5473,184.774,0,184.774,0,0,0,Other
0013y00001dWcu0AAC,SUN Life Assurance Company Of Canada,aBR300000004KOVGA2,569.6006,569.6006,569.6006,0,0,0,0,Other
0013000000LXP3qAAH,Info-Tech Research Group. (Main),aBR3y000000H6JTGA0,166075.8367,141098.6469,140822.6469,0,276,0,0,Other
00130000016ggIiAAI,St John Ambulance Australia (National),00130000016ggIiAAI,36473.3695,36473.3695,21008.0119,378.5228,0,15086.8348,0,Other
00100000002JlrNAAS,Proquire LLC*,aBR300000004Fk5GAE,9841442.827,466670.9294,444038.9294,0,22632,0,0,Other
0013y00001fbiSRAAY,CALSTART,aBR3y000000sZJHGA2,45545,45545,45000,545,0,0,0,Other
00130000008eaIgAAI,Barry Callebaut Services NV,aBR3y000000wm19GAA,279080.6986,239102.6044,0,12232.4893,0,226870.1151,0,Other
0013000001CDA2rAAH,Eicher Motors Limited,aBR3y000000HRMtGAO,255917.6847,255917.6847,0,255917.6847,0,0,0,Other
0013y00001ca9FwAAI,Humana - CDP Org,aBR300000004EmgGAE,5400,5400,0,5400,0,0,0,Other
0013y00001cULl5AAG,Mercy Health Direct,aBRed00000002BdGAI,429260.9263,429260.9263,0,419660.9263,0,9600,0,Other
0010M00001QmYInQAN,Out & Equal,aBR0M0000004i4mWAA,1276,1276,1276,0,0,0,0,Other
0010M00001QmSQXQA3,Industries S.P.A.,aBR3y000000HFueGAG,479774.8413,479270.1568,405463.4971,0,32832.144,40974.5157,0,Other
0013y00001h7hzjAAA,"Preferred Networks, Inc.",aBR3y00000052LfGAI,1225.7405,1031.6919,1031.6919,0,0,0,0,Other
0013y00001eES8rAAG,Expert Edge Pty Ltd,0013y00001eES8rAAG,14980.9217,7217.3551,7217.3551,0,0,0,0,Other
0013000001J7g8fAAB,American Institute of Steel Construction,0013000001J7g8fAAB,28881.2847,14228,0,14228,0,0,0,Other
0013y00001chW85AAE,"Synphaet Co.,Ltd",aBR3y000000g40rGAA,44331.2043,44331.2043,44331.2043,0,0,0,0,Other
00130000002bqQjAAI,The Depository Trust & Clearing Corporation,aBR300000004EkTGAU,222732,72732,72732,0,0,0,0,Other
0013y00001f96odAAA,Raisionkaaren Teollisuuspuisto Oy,0013y00001f96odAAA,2340.5726,2340.5726,2340.5726,0,0,0,0,Other
0010M00001So3sFQAR,Toei Science and Industry,0010M00001So3sFQAR,18555.9012,16494.1344,16494.1344,0,0,0,0,Other
0013y00001cSaoOAAS,Aliança do Brasil Seguros S/A.,0013y00001cSaoOAAS,239225.3939,205664.9969,0,0,0,0,205664.9969,Legacy CDP
0013000000LEMebAAH,Earthjustice,0013000000LEMebAAH,89418.0942,89418.0942,89418.0942,0,0,0,0,Other
0013y00001Z1KVeAAN,"NACIONAL GEST - CONSULTORES DE SEGUROS, LDA",0013y00001Z1KVeAAN,9201.7555,8208.036,8208.036,0,0,0,0,Other
0013000001L61bMAAR,County of New Hanover,aBR3y0000011IB4GAM,60786.88,242.88,0,0,242.88,0,0,Other
0010M00001WOVMqQAP,Nippon Life Insurance Company (Inside Sales),aBR30000000L6CrGAK,78324.4994,78324.4994,0,46791.5954,0,31532.904,0,Other
0013y00001bdiZzAAI,"EmployBridge, LLC",aBR3y000000CfrCGAS,937415.3333,445415.3333,406235.3333,36300,2880,0,0,Other
0010M00001QjtbrQAB,LEAL Group,aBR3y000000h3oMGAQ,4125,4125,4125,0,0,0,0,Other
0013y00001fbqBFAAY,British American Shared Services (GSD) Limited,aBR300000004FsnGAE,821160.6,821160.6,0,545290.2,0,275870.4,0,Other
00100000002ECwqAAG,"Tosoh America, Inc.",aBR300000004QTzGAM,626,626,626,0,0,0,0,Other
001ed00000gt69SAAQ,MechMaxx,001ed00000gt69SAAQ,3996.3503,3996.3503,3996.3503,0,0,0,0,Other
0013y00001fT0QyAAK,Hargreaves Lansdown Asset Management Ltd,aBR30000000XkLnGAK,163079.2983,163079.2983,98319.284,0,64760.0143,0,0,Other
00100000001dz5yAAA,Technology Services Industry Association,aBR300000004XF5GAM,5450,350,350,0,0,0,0,Other
0013000000LZRy5AAH,GIE DLPK Services,aBR3y000000HIvFGAW,1396.4605,849.2581,849.2581,0,0,0,0,Other
0013000000roHlMAAU,"Fortrex, Inc. Ltd",aBR3y0000000DMUGA2,24078,24078,23250,0,828,0,0,Other
0010M00001WJFWqQAP,DePaul University EDU Cloud Org,aBR30000000PBGcGAO,147188.988,97188.988,0,97188.988,0,0,0,Other
0013y00001fKxPYAA0,Innovations Investment Management India Private Limited,aBR3y000000g2O4GAI,15127.9405,15127.9405,0,15127.9405,0,0,0,Other
00130000008eaJjAAI,Weleda AG,aBR300000004N0bGAE,134591.1107,134591.1107,0,123428.1817,0,11162.929,0,Other
0013000000RZSJKAA5,Hong Leong Bank Bhd,aBR3y000000H8jOGAS,10676,10676,10676,0,0,0,0,Other
0013y00001cIR4tAAG,"VinFast Auto, LLC",aBRed0000004MA2GAM,24754.08,24754.08,0,0,0,0,24754.08,Legacy CDP
0013000001LYbNAAA1,H K JEWELS PRIVATE LIMITED,aBRed0000009OKsGAM,22660.0465,22660.0465,0,22282.8758,0,377.1707,0,Other
0013y00001cgV8zAAE,Daesang corp. (Marketing),aBR3y0000008XXHGA2,74201.1293,74201.1293,0,74201.1293,0,0,0,Other
00130000001Tqk1AAC,Ascension Health Alliance,aBR0M000000Gna4WAC,5798801.266,5775301.266,0,5619301.266,0,156000,0,Other
0013000001J7Wg0AAF,Docaposte CSP,aBR300000004I3oGAE,18057.6792,3830.4168,3830.4168,0,0,0,0,Other
0010M00001cDPT0QAO,Florida Prepaid College Board,aBR0M000000CcUoWAK,51938.3,43869.76,42285.76,0,1584,0,0,Other
00130000002xI63AAE,Enel Global Services S.r.l. (ENEL Italy Free Market),aBR300000004NiZGAU,26331.3794,26331.3794,26331.3794,0,0,0,0,Other
0010M00001QmX3SQAV,Direct Response Finance Pty Ltd,0010M00001QmX3SQAV,2498.2501,2498.2501,0,0,0,2498.2501,0,Other
0013000000hKlCdAAK,NTT DATA JAPAN CORPORATION,aBR30000000L6DHGA0,23770.9584,21830.472,21830.472,0,0,0,0,Other
00130000001qNp5AAE,"Integrated Decisions and Systems, Inc.",aBR300000004FU4GAM,94480,54480,53100,0,1380,0,0,Other
0010M00001WknWFQAZ,onsemi - Main Org*,aBR300000004DczGAE,42425.04,42000,42000,0,0,0,0,Other
0013y00001YbW38AAF,International Smart Card,aBR3y000000TUVWGA4,222176,222176,0,222176,0,0,0,Other
0013000001GUVWaAAP,CANCOM GmbH,aBR300000004HU9GAM,109.3207,109.3207,0,109.3207,0,0,0,Other
0013000001Mf0wbAAB,LifeScan Global Corporation,aBR0M000000bmXgWAI,79173.0292,79173.0292,0,79173.0292,0,0,0,Other
00130000002xZrgAAE,"Kinney Drugs, Inc. - BDR/SDR NO TOUCH",aBR300000004EUYGA2,62744.7086,42046.8504,42046.8504,0,0,0,0,Other
0010M00001QlnejQAB,BCU,aBR0M000000bn54WAA,15000,7500,7500,0,0,0,0,Other
0013000000IknmWAAR,Banco Del Pacifico S A,aBR30000000XoinGAC,36665.9091,36665.9091,36665.9091,0,0,0,0,Other
0013y00001h6GEYAA2,United Service Organizations-CRM,aBR0M000000GmyZWAS,103651.6586,103651.6586,103651.6586,0,0,0,0,Other
0013y00001go8umAAA,Aspire BCG,0013y00001go8umAAA,15587.436,13625.436,0,13625.436,0,0,0,Other
0013000000ElsDlAAJ,Hydrite Chemical Co.,0013000000ElsDlAAJ,55099.3976,54000,54000,0,0,0,0,Other
0010M00001QlIXaQAN,KSA,aBR30000000XnrUGAS,1098459.317,1098459.317,1078760.03,0,19699.2864,0,0,Other
00100000000svJLAAY,"Edmunds.com, Inc.",aBR300000004EMIGA2,2178,2178,2178,0,0,0,0,Other
0013000001CBPn9AAH,SA Belfius Insurance,aBR3y000000wmo3GAA,47278.2874,47278.2874,47278.2874,0,0,0,0,Other
00100000001X1OfAAK,"Align Technology, Inc.",aBR300000004DjOGAU,549206.8068,529245.249,381613.4046,329.1871,48626.3546,4790.7739,93885.5288,Other
0013y00001eXmluAAC,Chetu (Main),0013y00001eXmluAAC,9186,1500,1500,0,0,0,0,Other
0013y00001dy2SGAAY,"Brew Culture, LLC",0013y00001dy2SGAAY,152650,152650,0,24250,0,128400,0,Other
0013000001FijPRAAZ,Natura Bisse,aBR30000000XkP4GAK,53079.7947,26841.9531,26237.8417,0,604.1114,0,0,Other
00130000004lLcDAAU,"FEFASA CSC, S.A. de C.V.",aBR3y000000wlFZGAY,104237.2535,104088.5291,0,98088.5291,0,6000,0,Other
00130000016jyLsAAI,Autobahn Tank & Rast GmbH,aBR0M000000CdfXWAS,47006.0042,47006.0042,0,47006.0042,0,0,0,Other
0010M00001WA9OWQA1,Logpresso Inc.,aBR3y000000HOPqGAO,1076,1076,800,0,276,0,0,Other
0013000000FdceLAAR,Wipro Limited,aBR300000004F8RGAU,2276,2276,1276,1000,0,0,0,Other
0010M00001UVIgTQAX,"O-Pitblast, Lda",0010M00001UVIgTQAX,1231.2054,1231.2054,0,1231.2054,0,0,0,Other
001000000002x8fAAA,Varian Medical Systems Inc.,aBR3y00000113ehGAA,14858.9628,9952.316,9952.316,0,0,0,0,Other
0010M00001WJOzWQAX,Children's Health System of Texas,aBR300000004FPMGA2,118000,118000,0,118000,0,0,0,Other
0010M00001XyFNOQA3,BEEP SERVICOS MEDICOS LTDA,0010M00001XyFNOQA3,17785.0667,17785.0667,17785.0667,0,0,0,0,Other
0013000001CATX8AAP,Value Retail Management Limited,aBR30000000XkKIGA0,1090623.041,1080144.074,0,1074862.675,0,5281.3992,0,Other
0013000001JyQ50AAF,NEC CORPORATION,aBR30000000L6ClGAK,566.7837,566.7837,566.7837,0,0,0,0,Other
0013000000LEbzDAAT,United States Holocaust Memorial Museum (USHMM),aBRed000000BBD3GAO,42000,42000,0,42000,0,0,0,Other
0013000000rmrfJAAQ,Genpact India Private Limited,aBR3y0000000BUNGA2,27977.9792,3002.9792,0,3002.9792,0,0,0,Other
0013000000FKaeKAAT,LogiSense Corporation,aBR3y0000004lBBGAY,9550,9550,8050,1500,0,0,0,Other
001ed00000SIsEkAAL,Prodesp - Empresa de TI do Estado de São Paulo_PPT,aBR300000004Rc4GAE,282551.9785,31314.8665,0,31314.8665,0,0,0,Other
0013000000M1djpAAB,Thomson Reuters Holdings Inc.,aBR300000004EtnGAE,300049.814,262674.8507,262674.8507,0,0,0,0,Other
0013000000M25YMAAZ,"Kele, Inc.",aBR3y000000HKpwGAG,206885.388,175326.6,0,0,0,0,175326.6,Legacy CDP
0013000000ZkNXwAAN,Blentech,0013000000ZkNXwAAN,4776,1776,1500,0,276,0,0,Other
00130000002x8glAAA,Honda Canada Inc.,aBR300000004JkhGAE,485967.9812,481485.5621,0,329320.7489,0,152164.8132,0,Other
0013000000M1ZCIAA3,"Penske Truck Leasing Co., L.P.",aBR300000004FicGAE,1021.4552,1021.4552,1021.4552,0,0,0,0,Other
0013y00001eVLhfAAG,ADHEFIN INTERNATIONAL,aBRed0000003ANqGAM,3936.8372,3936.8372,3936.8372,0,0,0,0,Other
0010M00001QniYkQAJ,The Riverside Group Ltd.,aBR30000000XjkvGAC,143011.7143,143011.7143,0,143011.7143,0,0,0,Other
0010M00001cHSwBQAW,vidaXL B.V.,aBR3y000000HAmiGAG,611472.4163,611472.4163,611472.4163,0,0,0,0,Other
0013y00001cQ3ioAAC,Infomart Corporation(Main),aBR3y00000056xwGAA,40265.0928,40265.0928,0,40265.0928,0,0,0,Other
0013000001MoAoZAAV,Unes Maxi S.p.a.,aBR0M000000080aWAA,69604.1453,60848.9069,0,60848.9069,0,0,0,Other
0010M00001THEjcQAH,Edwardian London Management Services Limited,aBR30000000XkgEGAS,303140.3503,297261.1014,0,0,0,50631.5378,246629.5636,Legacy CDP
0013000001HeorjAAB,Settlement Services International Limited,aBRed000000Aa3pGAC,6387.5712,6387.5712,2129.1904,4258.3808,0,0,0,Other
0013000000hJI0wAAG,Amazon.com Services LLC,aBR300000004EFCGA2,30204505.91,29979002.48,28214459.26,42592.9917,1661750.107,60200.1214,0,Other
0013000001CCComAAH,NH Foods Australia Pty Ltd,aBR300000004CSZGA2,5110.057,5110.057,0,5110.057,0,0,0,Other
0013000000hJ5KMAA0,Babcock Wanson Group,aBR3y000000fyspGAA,364.4688,364.4688,364.4688,0,0,0,0,Other
0010M00001SeO3aQAF,M1 Limited,aBR0M000000bm3ZWAQ,431100,88800,88800,0,0,0,0,Other
0013000001GVHILAA5,DuPage Credit Union,0013000001GVHILAA5,58689.8025,58689.8025,0,58689.8025,0,0,0,Other
001ed000004gSC6AAM,Sussex Police,001ed000004gSC6AAM,3432.9094,2908.9611,2619.7417,0,289.2194,0,0,Other
001ed000004p5jPAAQ,Highspring | Vaco (New Org),aBR3y000000xbVTGAY,108000,108000,108000,0,0,0,0,Other
0010M00001NYZIoQAP,"Oak View Group, LLC",aBR3y000000HL3dGAG,36600,36600,0,36600,0,0,0,Other
0013y00001cb669AAA,Yahoo Y Brands,aBR3y000000HHlWGAW,87500,50000,50000,0,0,0,0,Other
0010M00001Z0BhEQAV,Gearset (final),aBR3y000000h3i6GAA,1337.116,813.1677,813.1677,0,0,0,0,Other
0010M00001ULhtUQAT,Slice Payments (Merchant Services LLC),aBR3y0000004pPGGAY,83997.8791,60000,60000,0,0,0,0,Other
0013y00001cShgfAAC,"KIRISHIMA SHUZO CO.,LTD.",aBR3y0000011BOKGA2,202127.0911,202127.0911,0,0,0,0,202127.0911,Legacy CDP
001ed0000042GEUAA2,Vici Media,001ed0000042GEUAA2,12500,2500,2500,0,0,0,0,Other
001ed00000dBm2sAAC,Magalu Cloud (From Magazine Luiza Group),aBRed0000004sI5GAI,502.4742,502.4742,0,502.4742,0,0,0,Other
0013y00001g97WwAAI,SEIBU PRINCE HOTELS WORLDWIDE INC.,aBR30000000L6QsGAK,80.8536,80.8536,80.8536,0,0,0,0,Other
0010M00001P0HGfQAN,Suomen Kuntaliitto,aBRed00000098ftGAA,21888.096,21888.096,21888.096,0,0,0,0,Other
00130000002xJKJAA2,"Pepe Jeans, S.L.",aBR3y000000PDeMGAW,49319.5745,49319.5745,0,49319.5745,0,0,0,Other
00130000000Csl8AAC,Fortna Inc.,aBR3y000000PDgiGAG,50400,50400,50400,0,0,0,0,Other
001ed00000M4yKLAAZ,"NTT DOCOMO BUSINESS, Inc. (C&A Agentforce PoC)",aBR30000000L6DHGA0,4912.6647,1031.6919,1031.6919,0,0,0,0,Other
0013000000Zjx02AAB,"CareFirst Management Company, LLC",aBR300000004EnNGAU,1527.5563,1527.5563,1527.5563,0,0,0,0,Other
001ed00000mQA3LAAW,Effect Personeelsdiensten,aBR3y000000HAZDGA4,9796.92,9796.92,9796.92,0,0,0,0,Other
0013000000M2sm5AAB,"Grupo Gepp, S.A.P.I. de C.V.",aBR3y000000HE6cGAG,102573.7664,102573.7664,38388,59385.7664,0,4800,0,Other
00100000000nozvAAA,"Bensussen Deutsch & Associates, Inc.",aBR3y000000H6eSGAS,60000,60000,60000,0,0,0,0,Other
0013000000JIBWVAA5,The Goodyear Tire & Rubber Company*,aBR300000004DPMGA2,4971444.93,3972101.723,0,3543701.723,0,428400,0,Other
0013y00001h2vnVAAQ,Farm Focus Limited,aBR3y000000h4ZIGAY,13079.8532,12843.2765,0,12775.1424,0,68.1341,0,Other
001ed00000J2i3fAAB,PIDZ Talents B.V.,001ed00000J2i3fAAB,44915.1945,44914.4387,0,44914.4387,0,0,0,Other
0010M00001SoDxZQAV,INSTITUTO SUPERIOR DE EDUCACAO SANTA CECILIA,aBR3y0000000QwfGAE,22892.7257,22892.7257,0,17586.5979,0,5306.1278,0,Other
0010M00001WZmx6QAD,Interglobe Aviation Ltd (Indigo),aBR3y000000H9qFGAS,7955.9439,7955.9439,0,7955.9439,0,0,0,Other
0013y00001eqyYFAAY,Liechtensteinische Landesbank AG,aBR3y000000HARKGA4,46267.0573,46267.0573,45965.0016,0,302.0557,0,0,Other
0010M00001WaNKCQA3,pay.com.au,aBR3y000000cFeoGAE,129063.4464,129063.4464,0,72882.0202,0,56181.4262,0,Other
0013y00001cYFwXAAW,B.Cave & Co.,aBR3y000000HOQsGAO,14468.8,14468.8,0,14468.8,0,0,0,Other
0013000000Kw1Z3AAJ,"Kanden Realty & Development Co.,Ltd.",aBR30000000L6BjGAK,404.268,202.134,202.134,0,0,0,0,Other
0013y00001cQ5n2AAC,Carolina CAT,aBR300000004DWQGA2,116625.6046,116625.6046,0,65265.6046,51360,0,0,Other
00130000004IFixAAG,British American Shared Services (GSD) Limited,aBR300000004FsnGAE,46068.1419,46068.1419,0,46068.1419,0,0,0,Other
0013y00001ck0wpAAA,The Iowa Clinic (2nd Org),aBR3y000000fzbKGAQ,100925.6702,99925.6702,0,99925.6702,0,0,0,Other
0010M00001QaRP3QAN,Bajaj Finance Limited,aBR3y000000XrqzGAC,8660483.607,7774942.076,0,7403512.446,0,371429.6305,0,Other
00100000002CN7uAAG,"DIRECTV, LLC",00100000002CN7uAAG,85607.7681,76590.2749,75990.251,0,600.0239,0,0,Other
00130000002xUlCAAU,Smithsonian Institution,aBR300000004UDuGAM,54000,54000,0,54000,0,0,0,Other
0010M00001QkD2HQAV,Sloane Automotive Group,0010M00001QkD2HQAV,36862,36862,0,12862,0,24000,0,Other
0013000000hMSNUAA4,Procom Technologie GmbH & Co.KG,0013000000hMSNUAA4,1231.2054,1231.2054,820.8036,410.4018,0,0,0,Other
0013000001GV0chAAD,SEM PARAR INSTITUICAO DE PAGAMENTO LTDA,aBR3y000000wllfGAA,446121.7398,399014.7813,0,387256.8844,0,11757.8969,0,Other
0013000000KxDMKAA3,Moneris Solutions Corporation,aBR300000004F90GAE,260485.1088,260485.1088,253529.4666,119.2952,0,6836.347,0,Other
001ed00000rjEodAAE,"The University of Arkansas Fort Smith Foundation, Inc.",aBR30000000PAxPGAW,10150,450,0,450,0,0,0,Other
001ed00000iyXkaAAE,Dentsu International Limited,aBR30000000XlR6GAK,643187.7465,528167.8169,448355.2169,0,61212.6,18600,0,Other
0013y00001dxh9iAAA,Inbound Health,0013y00001dxh9iAAA,535.9716,535.9716,535.9716,0,0,0,0,Other
0013y00001eBbjtAAC,GS Engineering & Construction Corp./XI (Marketing),aBR3y000000HO85GAG,67386.8157,67386.8157,0,67386.8157,0,0,0,Other
0013000001Kas8rAAB,integrate2cloud,aBRed00000003qpGAA,48433.09,36444.0389,0,36444.0389,0,0,0,Other
0010M00001JztopQAB,"SECOM CO., LTD.",aBR30000000L6R2GAK,35976.1932,35976.1932,0,35976.1932,0,0,0,Other
0010M00001W8VqAQAV,Wellington Hospitals Foundation.,aBR3y000000gFoEGAU,1512.7096,1512.7096,1512.7096,0,0,0,0,Other
0013000000rpNg6AAE,"Cooperativa La Cruz Azul, S.C.L",aBR0M0000000525WAA,199.8904,99.9452,99.9452,0,0,0,0,Other
001ed00000DqRPfAAN,CYTOREASON LTD 2nd org,001ed00000DqRPfAAN,281.6358,281.6358,0,281.6358,0,0,0,Other
0013y00001fF92gAAC,Navancio LLC*,aBR0M000000CcrcWAC,1000,500,500,0,0,0,0,Other
0013000000rnIRMAA2,Magnet Forensics Inc,0013000000rnIRMAA2,9954.0303,736.8586,736.8586,0,0,0,0,Other
0013000000NQ30eAAD,"Singlewire Software, LLC (NO SDR OUTREACH)",aBR3y000000HLOqGAO,39865.0667,33998.4,33998.4,0,0,0,0,Other
00100000002CNG6AAO,Pacific Sunwear Stores LLC,aBR3y000000HL5wGAG,587809.083,587809.083,579529.083,0,8280,0,0,Other
0013000000RWxk0AAD,Cassa Depositi e Prestiti SpA,aBR3y00000117zdGAA,102592.9092,73372.301,0,73372.301,0,0,0,Other
0013000001MiQWsAAN,CAF CGN - SEEK & PARTNERS SPA,aBR0M000000Gq2IWAS,53229.7193,53229.7193,0,53229.7193,0,0,0,Other
001ed00000iOJWQAA4,Godrej Finance,aBR3y000000HRy9GAG,11846.1589,11846.1589,11846.1589,0,0,0,0,Other
0013000001CBf2HAAT,De Zonnebloem,0013000001CBf2HAAT,86792.629,73544.0026,0,0,0,0,73544.0026,Legacy CDP
001ed00000Akh7SAAR,Alliance Insurance Services - (FSC Org),001ed00000Akh7SAAR,1400,1400,1400,0,0,0,0,Other
00130000016ilOAAAY,Liftoff*,aBR3y0000004pbzGAA,1500,1500,1500,0,0,0,0,Other
0013y00001cbAdsAAE,Gordon College,aBR0M000000CaevWAC,107601.7518,57601.7518,19981.7518,0,37620,0,0,Other
0010M00001So4V0QAJ,"NISSIN CHEMICAL CO.,",0010M00001So4V0QAJ,438.6524,438.6524,438.6524,0,0,0,0,Other
0013000001L646UAAR,Q Hotels Ltd,aBR3y000000HFetGAG,111407.697,111407.697,0,100216.1606,0,11191.5364,0,Other
0013y00001eTyuvAAC,Oxfam Intermon,0013y00001eTyuvAAC,199254.6338,199254.6338,0,199254.6338,0,0,0,Other
001ed00000TDMA7AAP,University of Rochester - Advancement,aBR30000000PBHRGA4,60750,60750,0,60000,0,750,0,Other
0010M00001Qnx16QAB,US Fertility Org,aBR3y000000Cp8EGAS,84889.4789,48648.3441,48648.3441,0,0,0,0,Other
001ed000001VluyAAC,NSPCC  2nd Org,aBR0M0000004ggCWAQ,129953.3338,129953.3338,0,129953.3338,0,0,0,Other
001000000027wMVAAY,USG Corporation**,aBR300000004QHOGA2,222647,150647,0,143447,0,7200,0,Other
0013000000NR4zHAAT,DMSi,aBR3y000000wrOWGAY,6250,250,250,0,0,0,0,Other
001ed00000bPjClAAK,SUN Life Assurance Company Of Canada,aBR3y000000ygAeGAI,3000,3000,3000,0,0,0,0,Other
00130000007LAS3AAO,EXTEDO GmbH,aBR30000000XdoaGAC,2915.7499,1093.4062,1093.4062,0,0,0,0,Other
0013000000HF5RxAAL,St. James's Place Management Services Limited,aBR30000000XmjZGAS,641792.7333,582010.4971,439099.8625,4113.2044,0,138797.4302,0,Other
00100000001wk1wAAA,Delta Faucet Company,aBR300000004DFRGA2,220044.12,220044.12,211188.12,5256,3600,0,0,Other
0010M00001WYt4sQAD,Global Blue SA - Contact Center org,aBR3y000000HBIxGAO,11057.8661,5585.8421,4679.6749,0,906.1672,0,0,Other
0010M00001NYdq5QAD,Strip Private Limited,aBR3y0000000R5ZGAU,42629.4749,42629.4749,0,42629.4749,0,0,0,Other
0013y00001cQF34AAG,PROPERTY AGENT Inc.,aBR3y000000g3MsGAI,44047.4502,43660.4133,43337.5296,322.8837,0,0,0,Other
0013000000M2ROrAAN,OTR Solutions,aBR3y000000bsTFGAY,45000,45000,45000,0,0,0,0,Other
0013y00001bebD9AAI,Australian Football League (BNE),aBR3y0000004tjZGAQ,1324.104,1324.104,1324.104,0,0,0,0,Other
0013y00001d6mGAAAY,Gerencia De Informatica De La Seguridad Social (Giss),0013y00001d6mGAAAY,992974.2687,659105.2908,659105.2908,0,0,0,0,Other
0013000000FLLsOAAX,Cvent Inc. USA (MAIN)**,aBR300000004PvYGAU,570.8303,570.8303,570.8303,0,0,0,0,Other
0013000001L5hxNAAR,Into Film,aBR3y0000000LSYGA2,1047.8966,523.9483,523.9483,0,0,0,0,Other
00130000016iy4MAAQ,"Zoom Video Communications, Inc",aBR3y000000wnloGAA,3708334.973,3293458.328,3258667.465,0,34790.8631,0,0,Other
0013y00001gD0MEAA0,JobForce,0013y00001gD0MEAA0,17648.3718,13270.7526,13270.7526,0,0,0,0,Other
0013y00001cSbaSAAS,"Enmish,Inc.",0013y00001cSbaSAAS,1414.938,1010.67,0,404.268,0,606.402,0,Other
00130000001kH8lAAE,YAMATO INTERNATIONAL INC.,aBR3y0000004zn1GAA,15146.2179,15146.2179,15146.2179,0,0,0,0,Other
0013000001GV4AKAA1,"OT Technology, Inc.",aBR3y0000004p7wGAA,74000,54000,54000,0,0,0,0,Other
0010M00001QoNnYQAV,"MATSUMOTO TRADING Co.,Ltd",aBR3y0000005182GAA,41639.604,41235.336,41235.336,0,0,0,0,Other
00100000001o8I1AAI,AgroFresh,aBR3y0000005HizGAE,67131.2,67131.2,67131.2,0,0,0,0,Other
00130000002xBD7AAM,Vicat SA,aBR30000000XjAcGAK,4514.4198,4514.4198,0,4514.4198,0,0,0,Other
0013y00001gDhN1AAK,Crystal Springs Resort NEW ORG,aBR3y0000004vZlGAI,76315.9322,76315.9322,0,76315.9322,0,0,0,Other
0010M00001Qlu45QAB,Monex (MUSA),aBR3y000000TRpDGAW,50050,23550,23550,0,0,0,0,Other
00130000016hSBrAAM,Fanalca SA,aBR3y000000HE4AGAW,11575,6375,6375,0,0,0,0,Other
0010M00001P09DKQAZ,10K Advisors (Partner),0010M00001P09DKQAZ,776,776,776,0,0,0,0,Other
001ed00000JMqzdAAD,Tottenham Hotspur Football & Athletic Co. Ltd,aBR30000000XmMfGAK,1929315.166,1789972.177,0,1755567.633,0,34404.5435,0,Other
0013y00001eEmAPAA0,Colgate-Palmolive Data Cloud,aBR300000004DNCGA2,2358375.12,1979640,0,0,0,414000,1565640,Legacy CDP
0010M00001QnXunQAF,Implemented Portfolios Pty Ltd,aBR3y000000bse4GAA,2048.4608,2048.4608,0,2048.4608,0,0,0,Other
001ed00000Yf6KPAAZ,Boehringer Ingelheim,aBR300000004DMBGA2,6090.264,6090.264,0,5490.264,600,0,0,Other
0013000001J6gDBAAZ,Life's Little Treasures Foundation ( new org ),0013000001J6gDBAAZ,1418.1652,1418.1652,1418.1652,0,0,0,0,Other
001ed00000E2R0tAAF,SOLCOM GmbH,aBR3y000000HBR2GAO,6997.8,6997.8,6997.8,0,0,0,0,Other
0013y00001cjy4oAAA,Nucleus Network Minneapolis,aBR3y0000004tzNGAQ,71364,71364,0,68964,0,2400,0,Other
00100000000l6ESAAY,"(Primary) Chevron Technical Center, a division of Chevron U.S.A. Inc.,",aBR300000004C9XGAU,532716.6522,528102.24,466230.24,0,61872,0,0,Other
0010M00001Qk3gKQAR,Conceal,0010M00001Qk3gKQAR,750,750,750,0,0,0,0,Other
0013000000rpk4cAAA,INVERSIONES LP S.A.,aBRed0000002xlbGAA,10345.8338,3409.9668,3409.9668,0,0,0,0,Other
00100000001L60bAAC,Westlake Canada Inc.,aBR300000004IQAGA2,84000,66000,0,66000,0,0,0,Other
0013y00001gfe7WAAQ,Certora,0013y00001gfe7WAAQ,899.1788,899.1788,0,899.1788,0,0,0,Other
0013y00001h555OAAQ,MAG - CGC,aBR3y000000XpmHGAS,132967,132967,0,132967,0,0,0,Other
0013y00001chWTDAA2,Outseer,aBR3y000000TObgGAG,123594.96,123594.96,0,0,0,0,0,Legacy CDP
001ed00000XM71RAAT,REGION ILE DE FRANCE - RH,aBR300000008QLLGA2,100702.4704,45965.0016,45965.0016,0,0,0,0,Other
0013y00001bdfWMAAY,"NACIEL HOLDINGS, K.K.",aBR3y000000yghvGAA,32223.3938,19286.8178,18394.194,0,892.6238,0,0,Other
0013000001Fg1wrAAB,Four Seasons Hotels Limited,aBR3y000000HIGCGA4,12000,12000,8000,4000,0,0,0,Other
0010M00001VMZvPQAX,Texas Health Resources - Primary,aBR300000004FL4GAM,1082320.895,905707.4453,0,0,0,0,905707.4453,Legacy CDP
0013000000ImJcjAAF,Beam Suntory (US Global Headquarters),aBR300000004DCkGAM,452024.8412,447024.8412,0,298824.8412,0,148200,0,Other
0013y00001e2iKIAAY,"Tokyo Electric Power Company Holdings, Inc.",aBR30000000L6JNGA0,808.536,404.268,404.268,0,0,0,0,Other
00130000009RVJdAAO,Ethoca Technologies,00130000009RVJdAAO,44880,43380,43380,0,0,0,0,Other
0013y00001eU1f0AAC,TVS Motor Company - N (Child Org 2),aBR3y000000yewBGAQ,13387.3937,13387.3937,0,12315.8861,0,1071.5076,0,Other
0013000001GY1fPAAT,"Samsung Electronics America, Inc",aBR300000004E4kGAE,756.8959,756.8959,756.8959,0,0,0,0,Other
0010M00001SHit9QAD,Valley National Bank*,aBR300000004EZ5GAM,54000,54000,54000,0,0,0,0,Other
001ed00000NQOj0AAH,TIVOLT ELECTRIC VEHICLES PRIVATE LIMITED,aBR3y000000H9hTGAS,8836.9083,8836.9083,0,8244.1503,0,592.758,0,Other
0010M00001UEZbsQAH,Rocky Mountain Men's Clinic (PromenIQ Restorative Health),0010M00001UEZbsQAH,20827.4002,20827.4002,5827.4002,0,0,15000,0,Other
0010M00001SHbd7QAD,"Teksmart Solutions, LLC",aBR3y000000CnEeGAK,776,776,776,0,0,0,0,Other
00130000002gxFtAAI,Persimmon Homes: Parent Account,aBR300000004FwJGAU,59468.1361,58944.1878,58944.1878,0,0,0,0,Other
00130000002xIzTAAU,Iberdrola Clientes S.A.U.,aBR300000004NI1GAM,686991.6544,686444.452,0,575340.4766,0,111103.9754,0,Other
0013y00001foRkzAAE,Prescott Real Estate,0013y00001foRkzAAE,1440,1440,0,0,0,1440,0,Other
0013y00001d0cEGAAY,Reist Telecom AG,0013y00001d0cEGAAY,10800,10800,10800,0,0,0,0,Other
0013000000LiOXPAA3,TDK CORPORATION,aBR0M000000LDp3WAG,17510.4229,17510.4229,17510.4229,0,0,0,0,Other
0013000000RaJNZAA3,Alma Media Oyj - Jobly,aBR300000004MUkGAM,2188.8096,1094.4048,1094.4048,0,0,0,0,Other
0010M00001QnqLjQAJ,AB InBev Europe - OnTime Org,aBR3y000000HARiGAO,60000,60000,60000,0,0,0,0,Other
0010M00001XxlZxQAJ,"Getnet Payments, S.L.",aBR300000004NI7GAM,63459.6466,56899.1941,56899.1941,0,0,0,0,Other
0013000000hJddJAAS,Zoos Victoria,0013000000hJddJAAS,31534.943,28389.2053,28389.2053,0,0,0,0,Other
0010M00001YawjbQAB,"AEON CO., LTD.",aBR30000000L6AqGAK,39759.7578,39355.4898,38809.728,0,545.7618,0,0,Other
0013000000NRV3DAAX,American Well Corporation,aBR0M0000000ARlWAM,108692.5576,108692.5576,107593.16,1099.3976,0,0,0,Other
0013000000hJrzcAAC,AARP Consumer Care,aBR300000004FY8GAM,184422.8325,165064.8411,14407.0949,60657.7462,0,90000,0,Other
0013000001CAeJ9AAL,Great Ormond Street Hospital Children's Charity,aBRed0000003RLUGA2,44535.5561,44535.5561,0,44535.5561,0,0,0,Other
0010M00001QqffaQAB,ENGIE INFORMATION ET TECHNOLOGIES SA,aBR3y000000gE2iGAE,11710.1314,1641.6072,1641.6072,0,0,0,0,Other
0013y00001h7jd1AAA,WEBART SOFTECH,0013y00001h7jd1AAA,15421.3882,2232.4593,2232.4593,0,0,0,0,Other
0010M00001cHT0rQAG,Sinch Holding AB,aBR3y000000H6AlGAK,115612.0218,87556.9679,0,87556.9679,0,0,0,Other
0013000000M2O0KAAV,Prodriven Brands,aBR300000004QccGAE,62276,62276,62276,0,0,0,0,Other
0010M00001SmuLnQAJ,Moneyview Limited,aBR3y0000000QrFGAU,17667.9698,17667.9698,0,17667.9698,0,0,0,Other
0013000001KZB6IAAX,"SUNLADY'S CO., LTD.",aBR3y000000HVeSGAW,1589.0842,1589.0842,1589.0842,0,0,0,0,Other
0013000001L5rBfAAJ,Y M N,0013000001L5rBfAAJ,4920.3281,4920.3281,4920.3281,0,0,0,0,Other
0010M00001SJSKMQA5,Banco Atlantida El Salvador,aBR3y000000HE9DGAW,60710.764,36453,0,29853,0,6600,0,Other
00100000000jRObAAM,MediaNews Group,aBR300000004F0PGAU,63329.1874,60000,60000,0,0,0,0,Other
0013000000NSdSBAA1,"SimonMed Imaging MSO, LLC",aBR3y000000HLOmGAO,26600,26600,0,26600,0,0,0,Other
0010M00001WaxU5QAJ,xFarm Technologies SA,0010M00001WaxU5QAJ,64013.9256,54711.4848,0,54711.4848,0,0,0,Other
0013000000RZXlAAAX,Core Health & Fitness LLC,0013000000RZXlAAAX,100000.08,25000.08,25000.08,0,0,0,0,Other
0010M00001V4DeTQAV,"HATTATSU KYOUIKU KENKYUUKAI Co.,Ltd..",aBR3y000000yh0GGAQ,74110.4098,74110.4098,0,69259.1938,0,4851.216,0,Other
0013000000rnUKLAA2,Canadian Wildlife Federation,0013000000rnUKLAA2,138690.9147,138690.9147,0,131328.6949,0,7362.2198,0,Other
0013y00001bdkv4AAA,Bupa Insurance Services Limited,aBR300000004FtSGAU,196504.5185,196504.5185,0,173618.4552,0,22886.0633,0,Other
0010M00001QqdtlQAB,"MORA BANC GRUP, SA",aBR3y000000yhJGGAY,30862.2153,30862.2153,0,30862.2153,0,0,0,Other
0013000000hLiXfAAK,"Tipalti, Inc.",aBR3y000000HVeXGAW,20000.2526,20000.2526,20000.2526,0,0,0,0,Other
0013y00001f62NtAAI,"Panasonic Information Systems Co., Ltd.",aBR30000000L6DYGA0,19210.8153,19210.8153,0,19210.8153,0,0,0,Other
0013000001Msa3tAAB,Offprem Technology,aBR3y0000004nWVGAY,1500,1500,0,0,0,1500,0,Other
001ed00000s6PUXAA2,Deda Digital Org 2,aBR0M000000084XWAQ,1094.4048,547.2024,547.2024,0,0,0,0,Other
00100000001Y46rAAC,"Matheson Tri-Gas, Inc.",aBR3y000000CmmWGAS,102920.6351,102587.6059,63941.6059,38646,0,0,0,Other
00130000004hZGFAA2,"Saison Technology Co., Ltd.",aBR3y000000TRl2GAG,1809.9079,1324.7863,1324.7863,0,0,0,0,Other
00130000002xICAAA2,PALAZZETTI LELIO SPA,aBR3y000000HCjrGAG,54782.6781,54782.6781,0,46902.9635,0,7879.7146,0,Other
0013000000rnpVhAAI,"NTT DOCOMO BUSINESS, Inc. (Former SF.one)",aBR30000000L6DHGA0,4407.2382,4407.2382,4407.2382,0,0,0,0,Other
0013y00001cMoSTAA0,TB Marketing Org,0013y00001cMoSTAA0,48940.3563,48940.3563,0,42946.2823,0,5994.074,0,Other
00130000002xRp7AAE,Norths Collective,aBR0M000000CcJhWAK,6076.4667,434.9241,434.9241,0,0,0,0,Other
0013000000ZigcDAAR,The Sting Companies B.V.,aBR3y000000HAlnGAG,15503.3384,2917.6832,2615.6275,0,302.0557,0,0,Other
001ed00000SOV0vAAH,"JCOM Co., Ltd. [Agentforce/Slack環境]",aBR30000000L6YNGA0,4770.3624,3557.5584,3557.5584,0,0,0,0,Other
00130000004IFNhAAO,"Ferguson Enterprises, LLC",aBR3y000000h4OsGAI,562930.8726,497196.3627,310595.5591,0,185416.5018,1184.3018,0,Other
00130000016geoMAAQ,Phillips 66 Company (Lubricants),aBR300000004RAFGA2,43963.6364,36000,36000,0,0,0,0,Other
0013000000NQF2gAAH,AA Insurance Limited,aBR3y000000H8dyGAC,60383.8397,60383.8397,0,6813.4093,425.8381,53144.5923,0,Other
0013y00001c72dIAAQ,Zesty.ai,aBR3y000000kAQqGAM,442.5146,442.5146,442.5146,0,0,0,0,Other
0013000001MipkxAAB,Abu Dhabi Global Market (RA),aBR3y000000HCsuGAG,48776,12776,12776,0,0,0,0,Other
00130000003iIhPAAU,World Economic Forum,aBR30000000XjHhGAK,39.7725,39.7725,39.7725,0,0,0,0,Other
0010M00001YuGkYQAV,PDQ.com Corporation,aBR3y000000wqR8GAI,34560,34560,34560,0,0,0,0,Other
0013000000rqT7YAAU,Fan Technologies Pty Ltd,aBR3y0000004iPsGAI,21615.5409,21615.5409,21615.5409,0,0,0,0,Other
0010M00001Sejq2QAB,Australian Racing Drivers' Club,0010M00001Sejq2QAB,11174.2994,11174.2994,2089.7537,0,0,9084.5457,0,Other
00100000000wPtfAAE,PDI Technologies,aBR3y000000TXbZGAW,338280,338280,0,338280,0,0,0,Other
0013y00001cjxhlAAA,August,aBR3y0000000JQvGAM,7650,900,900,0,0,0,0,Other
00130000016hA4vAAE,Cognizant Technology Solutions U.S. Corporation,aBR300000004F5eGAE,366067.4614,366067.4571,186489.2333,206846.7555,0,34018.7029,-61287.2346,Other
0010M00001Qk4xqQAB,"Daikin Comfort Technologies North America, Inc",aBR300000004QTRGA2,357800.1232,268089.6901,0,223588.9537,0,44500.7364,0,Other
0013000000ZlsnCAAR,Dunelm (Soft Furnishings) Limited,aBR300000004G1SGAU,1626.3357,1626.3357,1626.3357,0,0,0,0,Other
001ed00000gddcRAAQ,GXP-Storage UK,001ed00000gddcRAAQ,813.1677,813.1677,523.9483,0,289.2194,0,0,Other
0013000000GKLecAAH,Banco Votorantim S/A,aBR3y000000wmlOGAQ,359940.1634,359940.1634,135165.5662,203778.3529,0,20996.2443,0,Other
0013y00001eEIpoAAG,FareShare (NPC),aBR3y0000000P6mGAE,174077.1192,133905.4763,0,0,0,0,133905.4763,Legacy CDP
0010M00001WJEh4QAH,Trane Technologies Company LLC,aBR300000004FmWGAU,148094.2623,148094.2623,148094.2623,0,0,0,0,Other
0013y00001buHtqAAE,FP FOOD SRL,0013y00001buHtqAAE,10944.048,5472.024,0,5472.024,0,0,0,Other
0013000000M0papAAB,London South Bank University,aBR0M0000008UawWAE,31408.2169,31408.2169,31408.2169,0,0,0,0,Other
0010M00001QldsXQAR,Transition Eco Conseil - TEC,0010M00001QldsXQAR,410.4018,410.4018,410.4018,0,0,0,0,Other
0013y00001eEdDUAA0,iMPROve Health,0013y00001eEdDUAA0,21434.1815,21434.1815,20606.1815,0,828,0,0,Other
0010M00001QaqtVQAR,Century Consulting Services,0010M00001QaqtVQAR,106200,16200,16200,0,0,0,0,Other
0010M00001QkqzLQAR,Parque Arauco,aBR3y000000XpOQGA0,202505,202505,0,0,0,0,202505,Legacy CDP
0010M00001WkOmpQAF,Mobiauto,aBRed00000007BHGAY,42402.3642,42402.3642,0,42402.3642,0,0,0,Other
0013y00001cfx5ZAAQ,"TerraSky Co., Ltd.",aBR3y00000057XqGAI,22561.658,20836.7812,0,20836.7812,0,0,0,Other
0013000000IMeZZAA1,LG Lugar de Gente,aBR3y00000116a3GAA,33645.6741,33645.6741,33645.6741,0,0,0,0,Other
00130000000LY3eAAG,ATB Financial,aBR3000000001pOGAQ,74466.8084,74466.8084,72626.2534,0,1840.555,0,0,Other
0010M00001PDxARQA1,IBM Corporation,aBR300000004F7dGAE,1906804.308,1906804.308,1857989.85,0,48814.4577,0,0,Other
0010M00001QlHuOQAV,ZePlug,aBR3y000000h4QlGAI,310908.1788,280938.0897,328.3214,0,280609.7683,0,0,Other
0010M00001YauhrQAB,West Virginia University - WVU Foundation,aBR3y000000g1wqGAA,42000,42000,42000,0,0,0,0,Other
001ed000004o4B1AAI,CUBE84 - Org2,aBR3y000000CnnkGAC,1144.8724,163.5532,163.5532,0,0,0,0,Other
0013y00001dWG7OAAW,KT Corporation (Cloud),aBR30000000L7kKGAS,4064.5986,1800,0,0,1800,0,0,Other
0010M00001Qnon1QAB,"Opportunity DAG Canarias, SL.",aBR0M000000GoJ3WAK,16452.3697,484.4565,484.4565,0,0,0,0,Other
0010M00001QlJbKQAV,"Probemedic Distribuciones, S.A. de C.V.",0010M00001QlJbKQAV,1200,1200,0,0,0,1200,0,Other
001ed00000MxbN3AAJ,IMPRESE TURISTICHE BARZIESI S.P.A.,001ed00000MxbN3AAJ,15391.0619,4828.7575,3057.4394,1771.3181,0,0,0,Other
0010M00001WJUywQAH,TotalPass,aBR3y000000gG1vGAE,52604.1785,52604.1785,0,39037.3745,7537.1133,6029.6907,0,Other
0013000000rqIjeAAE,Banco Financiera Comercial Hondurena S.A. (Banco Ficohsa),aBR3000000001lNGAQ,468117.6956,444531.2658,343705.2658,89900,1926,9000,0,Other
0013000001L5sKCAAZ,Maxxing,0013000001L5sKCAAZ,820.0547,820.0547,0,820.0547,0,0,0,Other
0013000001JxtzXAAR,123bigbags,0013000001JxtzXAAR,22544.7389,13023.4171,13023.4171,0,0,0,0,Other
0013000001EYQRBAA5,Reed Exhibitions Ltd (GBS),aBR30000000XjXpGAK,457000,457000,344500,112500,0,0,0,Other
001ed00000KsSv3AAF,"ZKAI CO.,LTD.",aBRed000000APbRGAW,60116.8617,40729.7029,39921.9046,807.7983,0,0,0,Other
0013y00001cNQaRAAW,KEIO UNIVERSITY_KIC,aBR0M0000008WQ5WAM,627.4239,627.4239,627.4239,0,0,0,0,Other
0013y00001bdmVcAAI,Seguros Equinoccial,aBR3y000000bv0FGAQ,39655.9347,39655.9347,0,39269.5347,0,386.4,0,Other
0013y00001eBGtsAAG,Planned Parenthood Federation of America,aBR30000000PBYNGA4,43200,43200,43200,0,0,0,0,Other
0010M00001SemY6QAJ,"Teladoc Health, Inc.",aBR3y000000H85DGAS,1410444.365,1146887.261,0,1023294.625,0,123592.6366,0,Other
001ed000007BSZjAAO,Claro Insurance LLC,aBR3y000000sZZ0GAM,42000,42000,42000,0,0,0,0,Other
0010M00001WYEHwQAP,Ualá,aBR3y0000008XgTGAU,207310.6752,16651.4599,16651.4599,0,0,0,0,Other
0013000000RYiCLAA1,LastPass US LP,0013000000RYiCLAA1,210744,210744,0,0,0,0,0,Legacy CDP
0013000001MrsmKAAR,COCA-COLA ICECEK A.Ş.,aBR300000008QWgGAM,94730.8482,94730.8482,0,55130.8482,0,39600,0,Other
0013000000M1bISAAZ,Minnesota Department of Human Services,aBR0M000000CcbwWAC,24150,24150,21562.5,2587.5,0,0,0,Other
00130000001FNt5AAG,Halfords Limited,aBR300000004FyRGAU,1282970.426,1282970.426,1282970.426,0,0,0,0,Other
0013000000NSqixAAD,Israel Postal Company,aBRed000000B3nNGAS,81356,81356,0,79316,0,2040,0,Other
0013000000NSupcAAD,"Grupo Empresarial SJ, S.A de C.V  RFC: GES021031BL9",0013000000NSupcAAD,118375.8546,105660,0,0,0,0,105660,Legacy CDP
0013000000ZirbrAAB,With Intelligence Limited,aBR0M00000007iNWAQ,9955.0183,9955.0183,0,9955.0183,0,0,0,Other
0010M00001WkgQmQAJ,"Pool People Aquatic, Fitness & Spa Group",0010M00001WkgQmQAJ,3159.3436,3159.3436,0,3159.3436,0,0,0,Other
0013000000Zm765AAB,Lake-Sumter State College,0013000000Zm765AAB,21271.8936,7614.3706,7338.3706,0,276,0,0,Other
0013y00001c6ydNAAQ,Small Business Development Corporation WA,0013y00001c6ydNAAQ,3551.4873,3551.4873,0,3310.2602,0,241.2271,0,Other
00130000016jZgPAAU,"Uber Technologies, Inc.",aBR0M000000GnjkWAC,1729543.761,1613579.56,1611256.59,0,2322.9706,0,0,Other
0010M00001QnfnuQAB,IDEE PER VIAGGIARE SRL,0010M00001QnfnuQAB,53428.288,43202.607,0,43202.607,0,0,0,Other
0013y00001cgSydAAE,McAfee LLc - New Service Org,aBR3y000000TRTeGAO,328236,103236,67500,0,35736,0,0,Other
0013000001GUaxBAAT,FRATELLI GIACOMEL S.P.A.,0013000001GUaxBAAT,71950.8713,45703.134,0,45703.134,0,0,0,Other
0013000001LW69gAAD,MOVENTO (GRUPO MOVENTIA),aBR0M000000GoGKWA0,93189.541,93189.541,0,78165.5519,0,15023.9891,0,Other
0013y00001crRe1AAE,Canadian Imperial Bank of Commerce,aBR3y000000PDzyGAG,54000,54000,0,0,0,0,54000,Legacy CDP
0013000000NT56bAAD,Optima Italia SpA,aBR3y000000HJgSGAW,43207.1015,43207.1015,0,43207.1015,0,0,0,Other
0013y00001gmjd4AAA,Kanagawa Prefectural Government,aBR0M000000H64KWAS,18041.1333,17868.6456,17464.3776,404.268,0,0,0,Other
0013000000ZmcvUAAR,GPTW Deutschland GmbH,aBR3y000000CkTPGA0,1915.2083,1915.2083,1149.125,766.0833,0,0,0,Other
0013000000IktqxAAB,SimCorp,aBR3y000000ygDjGAI,14952.3057,14952.3057,14952.3057,0,0,0,0,Other
0010M00001QkgFmQAJ,Volkswagen Software Asset Management GmbH,aBR300000004H4VGAU,7608809.642,6640105.849,0,5214279.537,0,1425826.313,0,Other
0013000000B22tRAAR,Watchfire Signs,aBR3y000000H8GOGA0,39006,27006,27006,0,0,0,0,Other
0010M00001NYdB7QAL,TMS,aBR3y000000LIahGAG,21246.5572,21246.5572,21246.5572,0,0,0,0,Other
0013y00001ev9Z6AAI,"Jamf Software, LLC",aBR0M000000GnggWAC,224202.72,224202.72,0,0,0,0,0,Legacy CDP
0013y00001e63EYAAY,Boligportal.dk 2nd org,aBR30000000XhcKGAS,64495.3179,64495.3179,0,57267.6497,0,7227.6682,0,Other
0013y00001ch0A4AAI,ACE CONSULTING,0013y00001ch0A4AAI,7656.6382,7656.6382,7656.6382,0,0,0,0,Other
00130000000lDRJAA2,"Sinclair Broadcast Group, LLC",aBR300000004Du6GAE,281880,281880,0,280008,0,1872,0,Other
00130000002xdVyAAI,"Flexjet, LLC*",aBR300000004P28GAE,181181.2227,181181.2227,151961.2227,0,1380,27840,0,Other
001ed00000QHQ5cAAH,Spoticar,aBR3y0000004lwbGAA,984.9643,492.4821,492.4821,0,0,0,0,Other
0013000001MjUavAAF,"Home Franchise Concepts, Inc.",aBR300000004DzpGAE,10870.195,375.9452,375.9452,0,0,0,0,Other
0010M00001WY7QXQA1,Simplicity Group Holdings,aBR3y000000CodxGAC,19999.92,19999.92,19999.92,0,0,0,0,Other
0013000000Lzj4HAAR,"Radio Flyer, Inc.",0013000000Lzj4HAAR,54000,54000,0,54000,0,0,0,Other
0013000001GWkLCAA1,CAOA MONTADORA DE VEICULOS LTDA,aBR3y000000HFCZGA4,168153.0506,101575.9529,0,87887.0046,0,13688.9483,0,Other
0013y00001fEouyAAC,Alnylam Data Cloud Org,aBR0M000000LD39WAG,81569.6452,81569.6452,0,81569.6452,0,0,0,Other
0013000001NXTkcAAH,Zips Car Wash,aBR3y000000HLi8GAG,82484.1753,82484.1753,0,52484.1753,0,30000,0,Other
0013000000JgmSXAAZ,Tata AIG General Insurance Company Limited,aBR3y000000HSAKGA4,14818.962,14818.962,14818.962,0,0,0,0,Other
00100000000weUDAAY,Philadelphia Insurance Companies,aBR300000004EpDGAU,6276,6276,6276,0,0,0,0,Other
0013000000NT3aQAAT,Dental Corporation Pty Ltd,aBR300000004CJVGA2,262183.7743,262183.7743,0,262183.7743,0,0,0,Other
0013000001CAoabAAD,"Cox Corporate Services, Inc.",aBR300000004DuFGAU,1498813.266,673997.7393,420488.2167,114942.4651,78591.7037,59975.3538,0,Other
0010M00001QaQi2QAF,Embracon Administradora de Consórcio Ltda,aBR0M000000LAT7WAO,15545.2963,2355.3479,2355.3479,0,0,0,0,Other
0010M00001WkfNSQAZ,"Place Exchange, Inc",aBR0M000000CdXfWAK,54999.9996,54999.9996,0,54999.9996,0,0,0,Other
0013000000ZkndxAAB,ST Shared Services LLC,aBR0M000000Gn9zWAC,68200,43200,43200,0,0,0,0,Other
0013y00001cwCrVAAU,Heathrow Airport Ltd - CDP Test Environment,aBR30000000Xkg6GAC,99026.2354,99026.2354,0,80164.0953,0,18862.1401,0,Other
0013y00001fSpvFAAS,SERVICIOS LIVERPOOL S.A. DE C.V.,aBR30000000XojRGAS,633897,422697,0,408825,0,13872,0,Other
00130000008eaMoAAI,Ferrer Internacional,aBR300000004NJgGAM,48303.3798,44363.5225,0,43575.5511,0,787.9714,0,Other
0010M00001Qo0UiQAJ,"Culture AIP, Inc.",0010M00001Qo0UiQAJ,29028,29028,29028,0,0,0,0,Other
0010M00001PEnpJQAT,NS Solutions Corporation,aBR30000000L6CwGAK,10329.8559,627.4239,404.268,0,223.1559,0,0,Other
0013000000J7r0wAAB,Brenthaven,0013000000J7r0wAAB,18900,5400,5400,0,0,0,0,Other
00130000004FlW0AAK,Princess Auto Ltd,aBR3y0000004lDMGAY,173134.5327,173134.5327,0,171293.9777,0,1840.555,0,Other
0010M00001SIYcSQAX,Wolters Kluwer Global Business Services B.V.,aBR300000004LryGAE,147060,147060,0,0,0,0,0,Legacy CDP
0010M00001QaD4SQAV,FSTechnology S.p.A. - ORG Ferrovie del Sud Est e Servizi Automobilistici,aBR0M000000GpL9WAK,45965.0016,45965.0016,0,45965.0016,0,0,0,Other
0013000000rnlelAAA,Sivantos GmbH,aBR3y000000wqevGAA,20866.5663,10993.9759,10993.9759,0,0,0,0,Other
0013000000rojaGAAQ,Sysco Corporation,aBR300000004ECzGAM,995851.1026,690287.5026,0,608687.5026,0,81600,0,Other
0013y00001fEbIWAA0,Macquarie University Education Cloud,aBRed000000AgVqGAK,193112.5736,193112.5736,0,132278.5622,0,60834.0114,0,Other
0010M00001WI0bTQAT,SNCF Voyageurs - Sub OUIGO,aBR300000004I2sGAE,383.0417,383.0417,383.0417,0,0,0,0,Other
00130000009jTlnAAE,Air Canada ( B2B),aBR3y000000H6EOGA0,148702,148702,148702,0,0,0,0,Other
0013000001L6gvjAAB,LUMIELINA Inc.,0013000001L6gvjAAB,5443.1587,5443.1587,0,5443.1587,0,0,0,Other
0010M00001V48M1QAJ,Mazda New Zealand,0010M00001V48M1QAJ,5330.5465,5330.5465,0,5330.5465,0,0,0,Other
0013y00001d1lthAAA,"Ashop Co.,Ltd.",0013y00001d1lthAAA,69746.6666,69746.6666,0,69386.6666,0,360,0,Other
00100000001XyyoAAC,"Iteris, Inc.",aBR30000000XmoeGAC,101929.5999,101929.5999,0,101929.5999,0,0,0,Other
0010M00001S9DYJQA3,Cardiff,aBR3y000000yfufGAA,10595.6388,6476,6476,0,0,0,0,Other
0013y00001ey9oJAAQ,"InterWell Health Partners, Inc.",aBR3y000000HLdnGAG,10993.8,10993.8,0,10993.8,0,0,0,Other
0010M00001YtyKhQAJ,milestone A/S,aBR3y000000HDCSGA4,163550.04,163550.04,0,0,0,0,0,Legacy CDP
0013000001GF5WOAA1,Consolidated Electrical Distributors,aBR300000004FmoGAE,231076.317,231076.317,0,193876.317,0,37200,0,Other
00130000002xS3zAAE,QUEENSLAND UNIVERSITY OF TECHNOLOGY,aBRed000000AquzGAC,60338.3749,60338.3749,0,60338.3749,0,0,0,Other
0010M00001UV7mqQAD,MUSEE DE LA CIVILISATION,aBRed0000004yIaGAI,52406.5302,52406.5302,0,50935.3133,0,1471.2169,0,Other
0013000001EZKK1AAP,Safe Transport Victoria,aBRed000000743hGAA,86686.4384,86686.4384,52406.473,5322.976,28956.9894,0,0,Other
00130000002xXVWAA2,Berklee College of Music,aBR0M0000004i7iWAA,199.8904,99.9452,99.9452,0,0,0,0,Other
0010M00001QnmuTQAR,Everlife GmbH,0010M00001QnmuTQAR,2363.9143,2363.9143,0,0,0,2363.9143,0,Other
0013000001GjDHpAAN,HYUNDAI AUTOEVER CORPORATION.,aBR3y0000008X7xGAE,513166.7889,513166.7889,0,471872.6609,0,41294.128,0,Other
0013y00001c6wHPAAY,Royal Bank of Canada (WMI),aBR3y000000brmvGAA,1552,1552,1552,0,0,0,0,Other
001ed00000s9YxvAAE,Woolworths New Zealand Limited (DC),aBR3y000000CmXLGA0,2152.8481,2152.8481,0,2152.8481,0,0,0,Other
0013y00001cQAOLAA4,"Life Produce CO.,Ltd.",0013y00001cQAOLAA4,42125.0491,42125.0491,0,42125.0491,0,0,0,Other
0010M00001Xxkt3QAB,Ambit Finvest Private Limited,aBR3y000000HRYGGA4,37779.8103,37779.8103,0,35941.1033,0,1838.707,0,Other
001ed00000MTauiAAD,BIGLOBE Inc.,aBR30000000L6BkGAK,1131.9504,1131.9504,1131.9504,0,0,0,0,Other
0013y00001buCgPAAU,PROPAC SRL,0013y00001buCgPAAU,547.2024,547.2024,0,547.2024,0,0,0,Other
0013000000GqGTIAA3,Formue AS,aBR30000000XiS0GAK,209876.7399,112465.6998,112465.6998,0,0,0,0,Other
0013000000ZlSeyAAF,John Brooks Company Limited,aBR3y0000004l1SGAQ,880.6686,800.7124,0,524.7124,0,276,0,Other
0010M00001XyHzMQAV,Mars R&D Quality,aBR300000004DC6GAM,37419.12,1320.12,1320.12,0,0,0,0,Other
00130000002xdmxAAA,CFA Institute HQ,aBR3y0000004r9LGAQ,183676,164776,164776,0,0,0,0,Other
001300000016P5VAAU,"Medidata Solutions, Inc.",aBR300000004F78GAE,237288,237288,0,0,0,0,0,Legacy CDP
0013000000IUP7HAAX,Avis Budget Group Australia,aBR300000004S2mGAE,40191.0035,38771.5433,38771.5433,0,0,0,0,Other
0010M00001SmtzpQAB,"Hanasaku Life Insurance Co., Ltd.",aBR30000000L6CrGAK,186003.7069,186003.7069,0,149668.099,0,36335.6079,0,Other
0013000000LiPF8AAN,"NARUMIYA INTERNATIONAL CO.,LTD.",0013000000LiPF8AAN,11027.3799,11027.3799,0,11027.3799,0,0,0,Other
001ed00000CVAXJAA5,GD Services Srl org2,001ed00000CVAXJAA5,55376.8829,53625.8352,0,53625.8352,0,0,0,Other
0013y00001f92XOAAY,MEDIFARMA S.A. ISV,aBR3y000000HE8pGAG,333.0292,166.5146,166.5146,0,0,0,0,Other
0013000000K9MaiAAF,Etihad Airways PJSC,aBR3y000000h48lGAA,53000,53000,53000,0,0,0,0,Other
0013000000ZjBPhAAN,Laboratorios Andromaco S A I C I,0013000000ZjBPhAAN,3087.68,587.68,587.68,0,0,0,0,Other
0013000001CCB8LAAX,Peninsula Jewish Community Center,0013000001CCB8LAAX,4500,4500,4500,0,0,0,0,Other
0010M00001ULtiCQAT,House of Covebo B.V.,aBR3y000000HAZDGA4,63016.5313,63016.5313,63016.5313,0,0,0,0,Other
001ed00000Qk8IBAAZ,Recovery Centers of America (Health Cloud),aBR3y000000H7oMGAS,75485.8577,75485.8577,75485.8577,0,0,0,0,Other
0013000000ZkEsUAAV,DH Life Sciences LLC,aBR300000004FpbGAE,415644.3545,415644.3545,0,253644.3545,162000,0,0,Other
0013y00001dxz8lAAA,UNIVEREXPORT DOO,0013y00001dxz8lAAA,30369.7332,30369.7332,0,30369.7332,0,0,0,Other
0013000001CBpybAAD,The Northern Trust Company**,aBR300000004EbNGAU,460466.6667,453800,423800,0,30000,0,0,Other
0013000001GUvvMAAT,Lalux Group SA,aBR30000000XiQ4GAK,5909.7859,5909.7859,5909.7859,0,0,0,0,Other
0013000000DUkxWAAT,"KOBELCO RESEARCH INSTITUTE, INC.",aBR30000000L6XUGA0,38809.728,38809.728,38809.728,0,0,0,0,Other
0010M00001VMcKcQAL,LARTISIEN SARL,aBR3y0000004luKGAQ,9732.0864,9479.4798,6027.9816,916.8566,0,2534.6416,0,Other
0013000000JZaL7AAL,Moreys Piers and Hospitality,aBR3y000000H7TzGAK,36000,36000,0,36000,0,0,0,Other
0010M00001SJRwoQAH,Akin Gump Strauss Hauer & Feld LLP,aBR3y000000ye2sGAA,130146.3711,107922.5807,101022.5807,0,6900,0,0,Other
0013000000hMQBkAAO,Forester Life Limited,aBR3y0000000KmnGAE,418.8744,418.8744,129.655,0,289.2194,0,0,Other
0010M00001WkwU2QAJ,"Zeta Charter Schools, Inc.",0010M00001WkwU2QAJ,7493.1569,7493.1569,6660.5839,832.573,0,0,0,Other
0010M00001U3umxQAB,Balanco Accounting,0010M00001U3umxQAB,20103.1897,15729.5646,13667.5782,1457.875,604.1114,0,0,Other
0013y00001g5On4AAE,Proquire LLC,aBR300000004Fk5GAE,96002,32002,1902,100,30000,0,0,Other
0010M00001SprATQAZ,BANCOMAT SPA,0010M00001SprATQAZ,18747.1542,18747.1542,0,18747.1542,0,0,0,Other
0013000000ZibC0AAJ,Element 119,0013000000ZibC0AAJ,6500,500,500,0,0,0,0,Other
001ed00000G83yoAAB,AGD Prime Lda,001ed00000G83yoAAB,3742.8644,3742.8644,3742.8644,0,0,0,0,Other
0013000001HhakBAAR,Cabot Credit Management Group Limited,0013000001HhakBAAR,437856.2563,437856.2563,0,318735.5543,0,119120.702,0,Other
0010M00001THHVwQAP,rahm GmbH,aBR3y000000TRbfGAG,37383.9096,37383.9096,0,24513.7091,0,12870.2005,0,Other
00130000002xH6mAAE,Peaksys,aBRed0000004qsxGAA,60494.3197,16718.1277,16416.072,0,302.0557,0,0,Other
0013000000M2ikwAAB,MARLAU NOMINEES PTY. LTD.,aBR3y000000yfOUGAY,23185.5791,23185.5791,15785.4699,5128.9728,0,2271.1364,0,Other
0010M00001ULk74QAD,Flock Freight,aBR3y0000004ploGAA,8604.992,6904.992,0,6904.992,0,0,0,Other
0010M00001YttkdQAB,Graff Diamonds Limited,0010M00001YttkdQAB,36991.0283,9309.2746,891.8701,4393.4813,0,4023.9232,0,Other
0010M00001P05sfQAB,HAWKERS GROUP SL,aBR0M000000GoOtWAK,79408.6293,30205.3478,30205.3478,0,0,0,0,Other
00130000016jdVmAAI,Quanterix Corporation,aBR3y000000bsVnGAI,69774,58947,0,0,0,0,58947,Legacy CDP
001ed000005hI8TAAU,Pfizer - US CDP Data Cloud Org,aBR300000004DLjGAM,1555870.162,1555870.162,0,999722.1219,159668.04,396480,0,Other
0010M00001NYezjQAD,Fjord Line AS,0010M00001NYezjQAD,76908.7167,76908.7167,0,76908.7167,0,0,0,Other
0013000001LVobUAAT,University of Fredericton,0013000001LVobUAAT,25319.0566,23737.1679,13621.1679,0,0,10116,0,Other
0010M00001NYRx7QAH,Consilio LLC,aBR3y000000CoOFGA0,442.5146,442.5146,442.5146,0,0,0,0,Other
0013000001IgKXvAAN,Australian College of the Arts Pty Ltd,aBR3y000000XqlOGAS,15124.2277,15124.2277,0,12796.3128,0,2327.9149,0,Other
001000000002RSOAA2,"American Honda Motor Co., Inc.",aBR300000004DfBGAU,5400,5400,5400,0,0,0,0,Other
0010M00001WY2nMQAT,Assuta Medical Center - Main,aBR3y000000HCKLGA4,55076,8276,8000,0,276,0,0,Other
0013000000Zm7YMAAZ,Excelsior University,aBR0M000000CaekWAC,5439.3628,2625.8993,2625.8993,0,0,0,0,Other
0010M00001QqOY7QAN,ebisol inc.,aBR3y0000000Ok7GAE,28215.8654,27069.7853,27069.7853,0,0,0,0,Other
0013000000IkgphAAB,Priority,aBR3y000000H7lkGAC,60000,60000,60000,0,0,0,0,Other
0013000001GVAmfAAH,Syngenta Crop Protection AG,aBR0M000000bq4WWAQ,72325,43625,0,43625,0,0,0,Other
0013000000NSdQnAAL,Zucarmex S.A. de C.V.,aBR3y000000gFVUGA2,16733.3333,16733.3333,0,14813.3333,0,1920,0,Other
0013000001LY7NsAAL,IDFC FIRST Bank Limited (Asset I),aBR3y0000000BWIGA2,1262979.215,1123680.861,0,0,0,175973.5006,947707.3602,Legacy CDP
0013y00001Z1GTtAAN,GIIR Germany GmbH,aBR3y0000008XgsGAE,116101.0276,116101.0276,0,116101.0276,0,0,0,Other
001ed000003QAQDAA4,Fonterra Ingredients,aBR3000000001wQGAQ,3858.1281,3858.1281,3858.1281,0,0,0,0,Other
0010M00001Z0AmWQAV,Big Lease easy new car LTD,0010M00001Z0AmWQAV,1775,1775,1775,0,0,0,0,Other
0013000000RYUo2AAH,Tata Play Limited,aBR3y000000HSBcGAO,99936.8709,99936.8709,0,93310.4535,0,6626.4174,0,Other
0013000000roqcXAAQ,MicroTransponder,aBRed00000000pqGAA,10566.4462,10566.4462,9366.4462,0,0,1200,0,Other
0013000000rpMSTAA2,"21st Century Equipment, LLC",aBR3y000000LJW9GAO,145200,145200,0,145200,0,0,0,Other
00130000002xIf1AAE,Renova - Fábrica de Papel do Almonda SA,00130000002xIf1AAE,9913.55,9913.55,9913.55,0,0,0,0,Other
0013000001Fio38AAB,AL SRAD LTD.,aBR3y000000HCK8GAO,18240,18240,4875,12375,750,240,0,Other
0013y00001buJZrAAM,Berlin Packaging (Main Account) (2nd Org),aBR3y000000gFbmGAE,17000,13800,13800,0,0,0,0,Other
0010M00001QaAv6QAF,A-Aero,0010M00001QaAv6QAF,2900,2900,2900,0,0,0,0,Other
0013y00001fbfUNAAY,Cognizant Technology Solutions U.S. Corporation,aBR300000004F5eGAE,348175,266175,0,266175,0,0,0,Other
0013000001GUm0dAAD,Maple BidCo GmbH,aBRed0000003GY6GAM,5782.9226,5782.9226,0,0,0,5782.9226,0,Other
0010M00001WOY2UQAX,Experian Credit Information Company of India Private Limited,0010M00001WOY2UQAX,3512.4018,3512.4018,3241.3104,0,271.0914,0,0,Other
0013y00001foe50AAA,Mazda Motor Corporation(C360A2),aBR30000000L6BpGAK,52829.7422,52829.7422,0,52829.7422,0,0,0,Other
001000000000JIzAAM,"Poly - Polycom, Inc.",aBR300000004C9PGAU,142290,142290,0,0,0,0,0,Legacy CDP
0013000000FgRpEAAV,Empresa Editora El Comercio S.A.,aBR0M000000LBVSWA4,134916,134916,134640,0,276,0,0,Other
0010M00001YzwLTQAZ,Powerverse Development Ltd,aBR300000004FsHGAU,289.2194,289.2194,289.2194,0,0,0,0,Other
0013y00001g9mBfAAI,"Terebinth, LLC",aBR3y000000LJFtGAO,4995.438,4995.438,0,4995.438,0,0,0,Other
0013y00001ce1MKAAY,InsurePay,aBR3y000000LHwDGAW,8625,8625,0,8625,0,0,0,Other
0013000000rpONKAA2,Invest Blue PTY LTD,aBR3y000000yh3JGAQ,6703.5287,6703.5287,5000.1764,0,0,1703.3523,0,Other
0010M00001WYOyYQAX,VetPartners AU,aBR3y000000wpr1GAA,96128.401,93216.2367,0,93216.2367,0,0,0,Other
0013000000rpEtXAAU,Groupe Atlantic Synergy,aBR30000000XnrtGAC,771.154,771.154,771.154,0,0,0,0,Other
001000000029xD6AAI,Horizon Healthcare Services Inc. d/b/a Horizon BCBS of New Jersey,aBR300000004FGPGA2,457728.2136,457728.2136,0,365328.2136,0,92400,0,Other
0013000000rr1YNAAY,Team Global Express Pty Ltd,aBRed000000Auk5GAC,4945.4835,3596.7153,3596.7153,0,0,0,0,Other
0013000001GWT62AAH,Sumitomo (SHI) Cyclo Drive Germany GmbH,aBR3y000000TUbkGAG,547.2024,547.2024,547.2024,0,0,0,0,Other
001ed0000039gpVAAQ,VIRBAC SA (EM),aBR300000004HlvGAE,74.7581,74.7581,74.7581,0,0,0,0,Other
0013000000hK1UQAA0,Dr. Schaer Srl,aBR3y000000HFvHGAW,67087.0143,67087.0143,0,65773.7285,0,1313.2858,0,Other
0010M00001QqcJvQAJ,Privalia Brasil S.A.,aBR3y000000wmrgGAA,89489.2779,23669.4336,23669.4336,0,0,0,0,Other
0013000000FK8ieAAD,"BAC LATAM SSC, SOCIEDAD ANONIMA",0013000000FK8ieAAD,98370.04,370,0,370,0,0,0,Other
0013000000994QEAAY,Retelit SpA,aBR3y000000yg5VGAQ,45965.0016,45965.0016,45965.0016,0,0,0,0,Other
0013000000ZkqurAAB,The Gamesmen,0013000000ZkqurAAB,35770.3987,35770.3987,0,35770.3987,0,0,0,Other
0013y00001h7eCPAAY,"The Kyoei Fire and Marine Insurance Company, Limited",aBR0M000000LDneWAG,48512.16,48512.16,48512.16,0,0,0,0,Other
0013y00001evrhdAAA,"Robin Merger Corporation, Inc., d/b/a ISTE+ASCD - ORG 2",aBR0M000000LCUpWAO,382140.1516,218535.3536,218535.3536,0,0,0,0,Other
0013000000hIenmAAC,Copeland LP,aBR300000004DaqGAE,35997.7883,35997.7883,35997.7883,0,0,0,0,Other
0013000000FL7xOAAT,"Marketing Design, inc",aBR3y000000540TGAQ,23528.3976,23528.3976,0,23528.3976,0,0,0,Other
0013000000M2fq1AAB,Zavenir Daubert India Pvt. Ltd.,aBR3y000000HR6oGAG,654.2128,654.2128,654.2128,0,0,0,0,Other
0010M00001Qksl4QAB,wasl LLC,aBR3y000000XrIyGAK,122848.6035,122848.6035,99298.6035,0,18750,4800,0,Other
001ed00000Cvm13AAB,ZS Associates - Life Sciences Updated Demo Org,aBR3y0000004qFKGAY,750,750,0,0,750,0,0,Other
0013y00001bdo5WAAQ,Hair Haus GmbH,aBR3y000000HFPkGAO,820.3541,820.3541,820.3541,0,0,0,0,Other
0013y00001hD8sYAAS,PEPPERSTONE OPERATIONS pty ltd,aBR3y0000011BUXGA2,224993.9154,224993.9154,224993.9154,0,0,0,0,Other
0013y00001d7RsUAAU,Fundación Parentes,0013y00001d7RsUAAU,1882.3762,1882.3762,1882.3762,0,0,0,0,Other
0013y00001eBFg3AAG,AO Foundation,aBR3y0000000NGbGAM,151487.8204,151487.8204,0,151487.8204,0,0,0,Other
0010M00001blzWNQAY,O.E MANAGEMENT COMPANY,aBR300000004HjsGAE,44289.34,44289.34,35458.7155,8830.6245,0,0,0,Other
0013000001LVr5AAAT,Blink Health Group LLC,aBR3y000000H6fJGAS,10800,10800,10800,0,0,0,0,Other
0013000000RXBt3AAH,Herba Chemosan (SANOVA),aBR3y0000000MG5GAM,119.8002,119.8002,119.8002,0,0,0,0,Other
0013000000GJCwtAAH,Suzlon Energy Ltd.,aBR0M00000009NiWAI,7141.6627,5303.9626,5303.9626,0,0,0,0,Other
0013y00001d0datAAA,YELMO FILMS SLU,aBR3y0000000R8qGAE,30748.2235,7984.6036,1640.1093,5740.3829,604.1114,0,0,Other
0013y00001cUVR0AAO,"Indeed, Inc",aBR300000004DJhGAM,613003.6,613003.6,613003.6,0,0,0,0,Other
0013y00001cZoLAAA0,Outdoor Adventure Operations Pty Ltd,aBR3y000000LJXvGAO,41646.9642,41646.9642,0,41646.9642,0,0,0,Other
0013000000robbYAAQ,"ICEX España, Exportación e Inversiones",aBR30000000XjkZGAS,80563.5148,79677.047,79677.047,0,0,0,0,Other
0010M00001SIhKRQA1,YouGov America Inc.,0010M00001SIhKRQA1,33116.6667,11666.6667,11666.6667,0,0,0,0,Other
0010M00001U3qtVQAR,Deutsche Telekom IT GmbH (MA-TSI),aBR300000004H4ZGAU,94504.0432,94504.0432,0,87280.9715,0,7223.0717,0,Other
0010M00001U3xJuQAJ,Corporativo Mexicano del Mercado de Valores SA de CV,aBR0M0000008W36WAE,3982.5,3982.5,0,2062.5,0,1920,0,Other
0013000000rnJw6AAE,Telecomunicaciones de Guatemala S.A.,aBR300000004fjnGAA,266716.5054,264616.5054,43648.2947,220968.2107,0,0,0,Other
00130000001kJnaAAE,"SECOM Trust Systems Co., Ltd.",aBR30000000L6R2GAK,727.6824,727.6824,727.6824,0,0,0,0,Other
001ed00000dhSgvAAE,DHC TAIWAN INC.,001ed00000dhSgvAAE,9775,9775,9775,0,0,0,0,Other
0013000000LiOPXAA3,"Kintetsu Group Holdings Co., Ltd.",aBR0M0000000A2WWAU,1212.804,1212.804,1212.804,0,0,0,0,Other
0013000001FipqHAAR,Idealista S.A.U.,aBR30000000XkTtGAK,60192.2596,60192.2596,0,60192.2596,0,0,0,Other
0013y00001cG3oMAAS,"Link Logistics Real Estate LLC, a Delaware limited liability company",aBR3y000000yfqMGAQ,233740.8038,112352.3482,0,112352.3482,0,0,0,Other
0013000000HjOURAA3,William Adams,aBR300000004S7dGAE,49567.5524,49567.5524,0,49567.5524,0,0,0,Other
0010M00001W7iBeQAJ,Gekko Group,aBR300000004HjsGAE,25249.4744,11794.1624,11794.1624,0,0,0,0,Other
0010M00001QkUEtQAN,EPIMONEY PRIVATE LIMITED,aBR3y000000HQk1GAG,416.3172,416.3172,416.3172,0,0,0,0,Other
0013000001HgJ62AAF,"Wealthsimple Technologies (Alberta) Inc. (""WSTA"")",aBR300000004K3KGAU,59400,59400,59400,0,0,0,0,Other
001ed00000kwIdMAAU,BioMarin Pharmaceutical (LSC),aBR300000004DLnGAM,317490.2583,258134.9179,115709.9179,0,73500,68925,0,Other
0013000001JyaqMAAR,The Nebraska Medical Center,aBR3y000000H87mGAC,157965.7769,157965.7769,0,157965.7769,0,0,0,Other
0013000001NXRX8AAP,CNECT,0013000001NXRX8AAP,8493.0601,8493.0601,6497.231,1443.8291,552,0,0,Other
0013y00001d9O7NAAU,Bangkok Life Assurance Public Company Limited,aBR3y000000wsYUGAY,21933.0292,21933.0292,21600,333.0292,0,0,0,Other
00130000002x9f0AAA,Simplyhealth Group Limited (main),aBR30000000XlUOGA0,271902.9891,104.7897,104.7897,0,0,0,0,Other
0013000001HhU9gAAF,Etteplan Oyj,aBR0M000000TORvWAO,33393.0423,484.29,484.29,0,0,0,0,Other
0010M00001aPsgeQAC,VILLAGE HOME CENTER,0010M00001aPsgeQAC,7382.9973,7382.9973,5537.248,1845.7493,0,0,0,Other
0013y00001ermkYAAQ,University of Kentucky - CoSW,aBR30000000PBHKGA4,152668.4026,92775.3333,83775.3333,0,9000,0,0,Other
0013y00001gLpt4AAC,Latitude Financial Services Australia Holdings Pty Ltd,aBR3y000000sYqMGAU,651741.5285,651741.5285,0,638114.7099,0,13626.8186,0,Other
0013000001JyYr7AAF,"Lutz Roofing Company, Inc.",0013000001JyYr7AAF,500,500,500,0,0,0,0,Other
0010M00001SedkPQAR,Veterans Guardian,0010M00001SedkPQAR,189520.8389,11186.9422,11186.9422,0,0,0,0,Other
00130000016ikygAAA,Top Hat,aBR3y000000HMv6GAG,64701.6418,6621.9077,6621.9077,0,0,0,0,Other
0010M00001NYsYFQA1,Pepkorfin (a division of Pepkor Trading (Pty) Ltd),aBR0M0000000AlRWAU,486701.6446,383713.1519,0,0,0,0,383713.1519,Legacy CDP
0010M00001W893MQAR,SCC EVENTS GmbH,0010M00001W893MQAR,42681.7872,7113.6312,7113.6312,0,0,0,0,Other
0013000000M2MYdAAN,"Canada Bread Company, Limited",aBR30000000XmtAGAS,62500,62500,0,62500,0,0,0,Other
0013000000NPWf4AAH,"Nikon Solutions Co., Ltd.",aBR30000000L6UGGA0,492.4219,492.4219,492.4219,0,0,0,0,Other
001ed00000LInnlAAD,Holding RappiPay S.A.S.,aBRed000000FpobGAC,44242.4727,44242.4727,44242.4727,0,0,0,0,Other
0010M00001WY76NQAT,Unmind Ltd,0010M00001WY76NQAT,12078.057,12078.057,11788.8376,0,289.2194,0,0,Other
0013y00001cHThgAAG,AZA Finance,0013y00001cHThgAAG,28844.4037,1337.116,1337.116,0,0,0,0,Other
0010M00001Qk4FhQAJ,Rectangle Health,aBR3y000000HLHXGA4,12000,6000,6000,0,0,0,0,Other
0013y00001buMKqAAM,Ola Electric Technologies Private  Limited,aBR3y0000000QkFGAU,139794.7534,139794.7534,0,139794.7534,0,0,0,Other
0010M00001SmrNnQAJ,Integrated Control Technology Ltd,aBR3y000000yfO5GAI,750,500,0,500,0,0,0,Other
0013y00001chUTVAA2,Optorg Maroc,aBR3y00000119xtGAA,14507.3126,14507.3126,8203.5409,0,0,6303.7717,0,Other
0013000000HjO3lAAF,Sunrun Inc.,aBR0M000000GnsRWAS,1979430,1393180,1202500,189300,1380,0,0,Other
0013000000BNsswAAD,The Hospitals Contribution Fund Of Australia Ltd,aBR300000004CYIGA2,139260.3176,139260.3176,0,102516.5748,0,36743.7428,0,Other
0013000000IknUpAAJ,Banco Del Estado De Chile,aBR30000000Xik4GAC,306590.2933,306590.2933,0,306590.2933,0,0,0,Other
0013000000Kx1PeAAJ,Flexera Software LLC,aBR300000004Ya2GAE,134025,134025,134025,0,0,0,0,Other
0010M00001Qk8HaQAJ,KDDI CORPORATION [Consumer au Portal],aBR30000000L6BkGAK,36384.12,36384.12,36384.12,0,0,0,0,Other
0013000000BMOteAAH,Capita Shared Services Ltd.,aBR3y000000CkLqGAK,157968.7028,43081.3736,43081.3736,0,0,0,0,Other
0013y00001fDwzTAAS,Scootaround Gov Cloud Org,0013y00001fDwzTAAS,2649.9369,2384.9432,2384.9432,0,0,0,0,Other
0013000000hLcLUAA0,Color Line AS,aBR3y000000HDI4GAO,224348.5769,224348.5769,0,124757.6526,0,99590.9243,0,Other
0013000000ImEekAAF,Omnicom HealthGroup LLC,aBR300000004F03GAE,460.8586,460.8586,460.8586,0,0,0,0,Other
0013000001C9vaaAAB,Adorama,aBR300000004YdqGAE,36000,36000,36000,0,0,0,0,Other
0013000000ImT3uAAF,LOVEHONEY LIMITED,aBR3y0000004mJrGAI,9736.6628,813.1677,813.1677,0,0,0,0,Other
0013000000IjkkOAAR,Prism HR,aBR3y000000H8EUGA0,4095.8034,4095.8034,3543.8034,0,552,0,0,Other
0013y00001d0w46AAA,America’s Car-Mart,aBR3y000000H6YZGA0,92666.6667,86000,0,86000,0,0,0,Other
001ed00000F4JxvAAF,Flexiti Financial Inc.,aBR30000000Xmo6GAC,50025,50025,0,0,0,50025,0,Other
00100000001L6rjAAC,Brewers Retail Inc.,aBR300000004EUzGAM,83345.9258,83345.9258,0,83345.9258,0,0,0,Other
0013000001Jy0EDAAZ,Ali Group - Carpigiani,aBR3y000000HCVHGA4,30665.2225,22457.1865,22457.1865,0,0,0,0,Other
0010M00001PDyzOQAT,SINGULAR BANK SA,aBR3y000000HCEQGA4,60625.2466,30949.7676,0,30949.7676,0,0,0,Other
0013y00001bezrUAAQ,SunLife Limited,aBR3y000000HDnEGAW,113172.8406,113172.8406,0,113172.8406,0,0,0,Other
0013000000M1A2jAAF,VTT,aBRed00000099k1GAA,52423.0843,43941.4471,43941.4471,0,0,0,0,Other
00130000002xRpDAAU,Veolia Environmental Services (Australia) Pty Ltd,aBRed000000AobRGAS,3044.2504,2439.608,1133.7046,0,1305.9034,0,0,Other
0010M00001YtrCoQAJ,INFORMA GROUP LIMITED,aBR0M000000fyMlWAI,2692.7234,1346.3617,1346.3617,0,0,0,0,Other
0013000001MntXUAAZ,CMA CGM SA,aBR3y0000000FyJGAU,2776627.551,1972240.023,1964360.308,0,7879.7146,0,0,Other
0013000000M1rV1AAJ,Solid Flex Solutions B.V.,0013000000M1rV1AAJ,224.9199,224.9199,224.9199,0,0,0,0,Other
001000000017rROAAY,"Jack Henry & Associates, Inc.",aBR300000004F7zGAE,230000.04,230000.04,0,0,0,0,0,Legacy CDP
0013y00001e5dsXAAQ,"Panasonic Information Systems Co., Ltd.",aBR30000000L6DYGA0,65940.9621,65940.9621,0,39259.2741,0,26681.688,0,Other
00100000001U17rAAC,Bombardier Recreational Products Inc.,aBR3y00000116V8GAI,12276,7776,7776,0,0,0,0,Other
0010M00001VKi09QAD,Abitare CO. SRL,0010M00001VKi09QAD,37813.8148,37813.8148,0,37813.8148,0,0,0,Other
001ed00000iymutAAA,UNITEX ITALIA SRL,001ed00000iymutAAA,20563.5425,10281.7712,10281.7712,0,0,0,0,Other
001ed00000hNUKnAAO,"SK Inc. (for SK Telecom Co., Ltd. (Advanced POC))",aBR3y000001175pGAA,39990,36390,36000,0,390,0,0,Other
0010M00001SIKVGQA5,Grupo Ferromax,0010M00001SIKVGQA5,137173.6842,41241.1184,2041.1184,21200,0,18000,0,Other
0013y00001cs7gfAAA,CanPrev Natural Health Product Ltd,aBR3y000000Ck0cGAC,10800,10800,0,10800,0,0,0,Other
0013y00001fvAbTAAU,Proquire LLC,aBR300000004Fk5GAE,33500,31500,0,0,31500,0,0,Other
0013000001NXoq3AAD,"BetterUp, Inc.",aBR3y000000PEHPGA4,43279,19279,17388,1615,0,276,0,Other
0013y00001c8L4AAAU,Absolute Software Corporation,aBR3y0000004lBeGAI,185133.1677,633.1677,633.1677,0,0,0,0,Other
0013y00001XzeIeAAJ,Siemens Corporation,aBR300000004Db6GAE,30000,30000,0,0,30000,0,0,Other
001ed00000NRgxDAAT,Neurocrine (MC Org),aBRed00000006OnGAI,21935.1724,21935.1724,0,21935.1724,0,0,0,Other
0013000001IfAjCAAV,Epex Spot,0013000001IfAjCAAV,1275.6405,1275.6405,1275.6405,0,0,0,0,Other
0013y00001cFr3WAAS,"Samsung Electronics Co.,Ltd. (Foundry)",aBR30000000L7jnGAC,47125,45000,45000,0,0,0,0,Other
0013y00001cSZQ3AAO,ROCKHOPPER INC.,aBR3y00000052RrGAI,13939.1606,13939.1606,13939.1606,0,0,0,0,Other
0013000001CCoAQAA1,Tennis S.A.,0013000001CCoAQAA1,26052,5052,4500,0,552,0,0,Other
0010M00001SISJcQAP,CRUISE YACHT OPCO LTD dba The Ritz Carlton Yacht Collection,0010M00001SISJcQAP,226500,226500,0,127500,0,99000,0,Other
0013y00001cCcd7AAC,Brillio Technologies Pvt Ltd,aBR3y000000H9gYGAS,21967.3345,14513.2133,14513.2133,0,0,0,0,Other
00130000002xGVWAA2,Scandic Hotels Holding AB,aBR3y000000Xr3eGAC,161096.3866,161096.3866,0,161096.3866,0,0,0,Other
0013y00001csgpNAAQ,Mori AG,0013y00001csgpNAAQ,437.3626,437.3626,437.3626,0,0,0,0,Other
0013000000ZkJE7AAN,AbleNet Inc,aBR3y0000008ZZKGA2,59780,59780,0,59780,0,0,0,Other
0010M00001WkV7AQAV,Essen Health Care,aBR0M000000XoxTWAS,11902.5,11902.5,0,11902.5,0,0,0,Other
0013y00001cSiCnAAK,億隆開發建設股份有限公司 org1,0013y00001cSiCnAAK,20774.1202,17275.0601,3499.0601,0,13776,0,0,Other
0010M00001VMeP3QAL,"Deportivos con Estilo, SA de CV RFC DES040531TP5",aBR3y000000LE8kGAG,42396,42396,42396,0,0,0,0,Other
0013000000ZlAeIAAV,"SODICK CO., LTD.",aBR3y0000004zoiGAA,61125.3216,61125.3216,61125.3216,0,0,0,0,Other
0013y00001c6ZIWAA2,KYRIBA US,aBR3y0000004w7nGAA,63254.04,63254.04,0,0,0,0,0,Legacy CDP
00130000000CYaoAAG,"Frontdoor, Inc.",aBR0M0000000AGEWA2,136380,136380,125000,10000,1380,0,0,Other
0013000000ImC18AAF,Morgans Financial Limited,0013000000ImC18AAF,64300.6037,64300.6037,0,64300.6037,0,0,0,Other
001ed000001ekoOAAQ,Palladin Technologies (main) - 2,aBR3y000000bviQGAQ,75643.6,75643.6,75556.4,87.2,0,0,0,Other
001300000008XZtAAM,Credito Emiliano S.p.A.,aBR0M000000GpcLWAS,228566.4707,228566.4707,0,187723.2836,0,40843.1871,0,Other
0010M00001SIpNnQAL,Infrastructure NSW,aBR3y000000HTLQGA4,545.0727,545.0727,545.0727,0,0,0,0,Other
0013000001LVwlxAAD,"Lyra Health, Inc.",aBR3y0000004q4QGAQ,95886,95886,0,95886,0,0,0,Other
0013y00001d0eoDAAQ,Aveva Solutions US,aBR300000004DauGAE,268088.04,268088.04,0,0,0,0,0,Legacy CDP
0013000001GWxKIAA1,Savegnago,0013000001GWxKIAA1,15576.7009,15576.7009,0,15576.7009,0,0,0,Other
0013000001CCpybAAD,Banco Macro S.A.,aBR0M00000006cxWAA,689451.76,627051.76,621351.76,0,5700,0,0,Other
0010M00001P0KWzQAN,"Reflexion Medical, Inc.",aBR3y0000004rcmGAA,509.3334,442.6667,442.6667,0,0,0,0,Other
0013000000roCBOAA2,Skin Vitality,0013000000roCBOAA2,200532.3206,532.3202,532.3202,0,0,0,0,Other
0013000000JjZalAAF,Cumberland Mutual Insurance,aBR3y0000004nxrGAA,41454,41454,40350,0,1104,0,0,Other
0013000000ZkYnFAAV,Advent Financial Systems,0013000000ZkYnFAAV,701.9231,701.9231,701.9231,0,0,0,0,Other
0013000001MnzjhAAB,"Kroll, LLC. (MASTER)",aBR3y000000yes7GAA,42000,42000,42000,0,0,0,0,Other
0010M00001WHjJCQA1,Northern Consortium UK Ltd,aBR3y0000000My1GAE,9425.9051,9425.9051,8378.5823,1047.3228,0,0,0,Other
0013y00001fSlj0AAC,Instacart (Maplebear Inc.) (2nd Org),aBR3y000000TR2qGAG,131404.6257,131404.6257,131404.6257,0,0,0,0,Other
0010M00001WkNbIQAV,Nexo Capital Inc.,0010M00001WkNbIQAV,106091.9763,491.9763,491.9763,0,0,0,0,Other
0013000000E3nPXAAZ,HiPages Group Pty Ltd,aBR3y000000CnJYGA0,41192.7478,41192.7478,41192.7478,0,0,0,0,Other
0010M00001U1Z21QAF,"SMART ANALYTICS, Inc.",aBR3y00000057xdGAA,19809.132,16574.988,16574.988,0,0,0,0,Other
0013000000NPETGAA5,Dotz Marketing,aBR3y000000kAF9GAM,275862.7259,269127.3047,0,248490.0854,0,20637.2193,0,Other
0013000000rqXZjAAM,Online Education Services Pty Ltd,aBR300000004CXAGA2,8085.6486,8085.6486,2975.5916,0,0,5110.057,0,Other
001ed00000JOwUcAAL,Slalom,aBR300000004QehGAE,16763.8666,11576,11576,0,0,0,0,Other
0013000001JyKMnAAN,Loyola Marymount University University Advancement,aBR0M000000CafOWAS,37800,37800,0,37800,0,0,0,Other
00130000008ea6dAAA,Enel Global Services S.r.l.,aBR300000004NiZGAU,1008737.153,819000.454,673726.6662,145273.7878,0,0,0,Other
00130000016jmIcAAI,Vodafone Procurement Company S.A.R.L,aBR300000004FsOGAU,132970.2707,60192.3515,54720.2837,0,5472.0678,0,0,Other
0013y00001YbTFvAAN,新加坡商犀牛盾科技股份有限公司台灣分公司,aBR3y000000TOuEGAW,327867.75,255150,0,0,0,0,255150,Legacy CDP
001ed000009yZ4AAAU,CAREER SUCCESS K.K.,001ed000009yZ4AAAU,822.1944,822.1944,822.1944,0,0,0,0,Other
0013y00001cjzOEAAY,Federal Reserve Bank of Kansas City - Public Affairs Group,aBR300000004OLnGAM,4889.4613,752.2248,752.2248,0,0,0,0,Other
0013000000JIZJXAA5,"Fukuoka Financial Group, Inc.",aBR30000000PB0iGAG,172218.168,46086.552,0,46086.552,0,0,0,Other
00130000016iJvqAAE,Basic Fit International B.V.,aBR3y000000HAZGGA4,301506.847,225992.9158,224482.6371,0,1510.2787,0,0,Other
0013y00001f9C9iAAE,Capitanes de la Ciudad de México S.A de C.V.  CCM1608311G8,0013y00001f9C9iAAE,21700,21700,0,21700,0,0,0,Other
001ed00000bMRgzAAG,TAM SON INTERNATIONAL JOINT STOCK COMPANY,001ed00000bMRgzAAG,42000,42000,42000,0,0,0,0,Other
00130000016gfJyAAI,CompStak,aBR3y000000bta3GAA,12276,12276,12000,0,276,0,0,Other
0013y00001cShgkAAC,"Golden Planet Co.,Ltd. (Marketing)",aBR3y000000HOM2GAO,12000,12000,0,0,0,0,12000,Legacy CDP
0010M00001W7iZRQAZ,BETKING,0010M00001W7iZRQAZ,3935.31,3935.31,3935.31,0,0,0,0,Other
0013y00001d7yYDAAY,"CLECE, S.A.",aBR300000004NIMGA2,11623.2032,10264.6655,9962.6098,0,302.0557,0,0,Other
001ed00000i1fMMAAY,Barcelona Events Musicals SLU,001ed00000i1fMMAAY,33012.6654,33012.6654,30759.0671,0,0,2253.5983,0,Other
001ed000000hc0PAAQ,Toyota New Zealand Limited,aBR300000004bsfGAA,67500,67500,0,0,0,0,67500,Legacy CDP
0013y00001f9LOgAAM,Grupo PDC,0013y00001f9LOgAAM,20000,20000,0,20000,0,0,0,Other
0013000000JYTsnAAH,"SANSAN, INC.",aBR3y00000057RXGAY,576.165,576.165,0,576.165,0,0,0,Other
0013000000NPIasAAH,Madison Performance Group,0013000000NPIasAAH,10000,2500,2500,0,0,0,0,Other
0013y00001emOQ3AAM,LDH JAPAN INC.,aBR3y00000055dqGAA,162688.7591,162688.7591,0,162688.7591,0,0,0,Other
0010M00001YuI0rQAF,Heineken International BV - 1,aBR30000000XoY4GAK,547.2024,547.2024,547.2024,0,0,0,0,Other
0013000000ZjtPNAAZ,Lightspeed Commerce Inc.,aBR3y0000004j9CGAQ,206509.3208,182364.704,106660.704,39704,0,36000,0,Other
0013y00001gMNZ5AAO,HPE AUTOMOTORES DO BRASIL LTDA,aBR3y000000HDyeGAG,117202.1127,117202.1127,0,113433.556,0,3768.5567,0,Other
0013y00001h68jSAAQ,APSA ACEROS PREFABRICADOS,0013y00001h68jSAAQ,1531.7985,218.8283,218.8283,0,0,0,0,Other
0010M00001UUyu9QAD,Serasa S.A.,aBR300000004Rl2GAE,3206663.973,2769081.612,0,0,0,0,2769081.612,Legacy CDP
0013000000rq6Q5AAI,PRP Diagnostic Imaging Pty Ltd,0013000000rq6Q5AAI,709.7301,709.7301,0,0,0,709.7301,0,Other
0013y00001d0ct2AAA,"MUFG Bank, Ltd.",aBR30000000L6C7GAK,149579.16,48512.16,0,48512.16,0,0,0,Other
0013000000M20DXAAZ,LUMENIS BE LTD,aBR3y000000HCMFGA4,1600,800,800,0,0,0,0,Other
0013000000M2iU4AAJ,AUSTRALIAN WILDLIFE CONSERVANCY,0013000000M2iU4AAJ,21272.4771,21272.4771,21272.4771,0,0,0,0,Other
0013y00001fTEdwAAG,UDC Enterprise Wide CRM,aBR0M0000004i9mWAA,76352.3337,59868.4628,59868.4628,0,0,0,0,Other
0010M00001QmmmNQAR,RS Medical New Prod Org*,aBR3y0000004sjYGAQ,1798.3577,1798.3577,1798.3577,0,0,0,0,Other
0013y00001g5NUQAA2,Concentrix Solutions Corporation,aBR3y000000bsIkGAI,42000,42000,42000,0,0,0,0,Other
0013y00001gD1xHAAS,Kodiak Solutions LLC,aBR300000004F7rGAE,19981.7518,19981.7518,19981.7518,0,0,0,0,Other
0013000001GXa9eAAD,Progress Software Corporation - ShareFile Org,aBR300000004F56GAE,66150,9900,9900,0,0,0,0,Other
0013y00001d0sYOAAY,Oncourse,aBR3y000000H6YVGA0,13328,13328,13328,0,0,0,0,Other
0013y00001gccbpAAA,Seguros Comerciales Bolívar SA,aBR0M000000L93XWAS,157230,157230,0,147630,0,9600,0,Other
0013000000NPB8QAAX,FSTechnology S.p.A. - ORG Mercitalia Rail,aBR0M000000GpL9WAK,54720.24,54720.24,0,54720.24,0,0,0,Other
0013000001FanC8AAJ,"M&A CAPITAL PARTNERS CO.,LTD.",aBR3y00000057NzGAI,63993.037,63993.037,0,63993.037,0,0,0,Other
00130000002xTI6AAM,"Ionis Pharmaceuticals, Inc.",aBR3y0000004iW6GAI,200200.4628,181293.2628,0,0,0,0,181293.2628,Legacy CDP
00130000016gzhIAAQ,MBO America,00130000016gzhIAAQ,12500,2500,2500,0,0,0,0,Other
0013000000HIbodAAD,Gruppo Campagnolo (Campagnolo Srl e Fulcrum Wheels Srl),aBR3y000000wluDGAQ,4924.8216,2462.4108,2462.4108,0,0,0,0,Other
0013y00001Xz653AAB,ZOLL LifeVest Holdings LLC,aBR3y00000113iUGAQ,91000,91000,91000,0,0,0,0,Other
0013y00001dWyYbAAK,MARENCO CHIUSURE SRL,0013y00001dWyYbAAK,5198.4228,3009.6132,2188.8096,0,820.8036,0,0,Other
0010M00001YuNoTQAV,Centria Servicios Administrativos S.A.C.,0010M00001YuNoTQAV,4688.04,4688.04,4688.04,0,0,0,0,Other
0013y00001cw8ecAAA,Point32Health,aBR3y00000113VzGAI,164716,164716,0,164716,0,0,0,Other
001ed00000VweckAAB,"FedEx Freight, Inc.",aBR300000004DpXGAU,144867.7007,144867.7007,19981.7518,124885.9489,0,0,0,Other
00130000002x9AfAAI,Adena Services Ltd.,00130000002x9AfAAI,138068.6483,111751.0599,111751.0599,0,0,0,0,Other
0013y00001d2CCqAAM,The University of London,aBR3y0000000LivGAE,52657.8555,30390.0513,30390.0513,0,0,0,0,Other
0013y00001eU00zAAC,University of New Mexico (Enterprise),aBR30000000PAxmGAG,1500,1500,1500,0,0,0,0,Other
0013000001CA6R0AAL,Acorns,0013000001CA6R0AAL,412.6018,412.6018,412.6018,0,0,0,0,Other
0010M00001NYi2RQAT,ReUp Education (Coaches Org),aBR3y000000kAJ6GAM,3600,3600,3600,0,0,0,0,Other
0013y00001cZdXBAA0,"Natera, Inc.",aBR0M000000bpL4WAI,9500,2500,2500,0,0,0,0,Other
0013000001MszKSAAZ,"BankUnited, N.A.",aBR300000004EgSGAU,173946.515,173946.515,0,172146.515,0,1800,0,Other
0013000000NSPcLAAX,MS Companies,aBR0M000000Gns9WAC,584.7987,584.7987,584.7987,0,0,0,0,Other
0010M00001WknpvQAB,BEC Financial Technologies a.m.b.a. (Merkur Andelskasse),aBR0M000000Cda5WAC,7134.7896,2483.5692,1021.4444,437.7619,1024.3629,0,0,Other
00130000000cz3VAAQ,SWIFT SC,aBR3y0000000Ey5GAE,153070.4524,153070.4524,0,139937.5948,0,13132.8576,0,Other
0013000000A5VsGAAV,UNICO JAPAN INTERNATIONAL INC,0013000000A5VsGAAV,24256.08,24256.08,24256.08,0,0,0,0,Other
0013000001KzEVsAAN,Air India Limited,aBR3y000000HRvCGAW,438780.3387,438780.3387,0,429586.8035,0,9193.5352,0,Other
0013000000Li2SIAAZ,Relay Network,aBR3y000000bu3AGAQ,26485.536,26485.536,20965.536,0,5520,0,0,Other
0013000001M0tUFAAZ,VTP Group,0013000001M0tUFAAZ,33179.8281,33179.8281,0,31529.7064,0,1650.1217,0,Other
0010M00001ULZwjQAH,Light For the World Belgium,0010M00001ULZwjQAH,1255.0361,1255.0361,639.4334,0,0,615.6027,0,Other
0013y00001cyihbAAA,JOTELULU SL,0013y00001cyihbAAA,2050.1368,2050.1368,0,2050.1368,0,0,0,Other
0010M00001JzhcRQAR,"Electromed, Inc. (SDR DO NOT CONTACT)",0010M00001JzhcRQAR,7288.7865,1682.0277,1682.0277,0,0,0,0,Other
0013000001L689gAAB,Beach Park,aBR3y000000yhBZGAY,46774.7153,46774.7153,0,46774.7153,0,0,0,Other
0010M00001QlmcNQAR,POLICYBAZAAR INSURANCE BROKERS PRIVATE LIMITED,aBR3y000000HRPYGA4,5307.5343,5307.5343,0,5307.5343,0,0,0,Other
0010M00001S99hCQAR,Grain de Malice,0010M00001S99hCQAR,174414.6188,174414.6188,0,173098.7065,0,1315.9123,0,Other
0013y00001Z0r5pAAB,Fitness First Clubs Limited,aBR3y000000brNcGAI,157761.1158,116721.0458,106661.2378,0,0,10059.808,0,Other
0013y00001fEn79AAC,VASUDHA PHARMA CHEM Ltd. (Org 2),aBR3y000000g3ORGAY,5706.2164,5303.9627,0,5303.9627,0,0,0,Other
0013000000GtuaZAAR,Behr Process LLC,aBR300000004DFRGA2,46880.9137,46880.9137,0,46604.9137,0,276,0,Other
0013000001KaSYIAA3,Leap Development Pty Ltd,aBR3y000000wlQCGAY,52109.7113,49838.5748,0,47567.4384,0,2271.1364,0,Other
0010M00001QqYhcQAF,EthiFinance,0010M00001QqYhcQAF,615.6027,615.6027,615.6027,0,0,0,0,Other
0010M00001SIZNyQAP,San Antonio Water System Call Center Org,aBR3y0000011Ip5GAE,1320,440,440,0,0,0,0,Other
00130000000FEBhAAO,Meritage Homes Corporation,aBR3y0000004qwxGAA,1065666.096,450937.3002,0,419701.3002,0,31236,0,Other
0013000001CC9YlAAL,Perot Museum of Nature and Science,aBR3y000000g1kaGAA,1970.3104,1970.3104,1970.3104,0,0,0,0,Other
0010M00001WIEisQAH,L1 Capital,0010M00001WIEisQAH,34884.6556,34884.6556,34884.6556,0,0,0,0,Other
0013000000ZkIFaAAN,Willkie Farr & Gallagher LLP,0013000000ZkIFaAAN,84027.7382,63389.0471,56489.0471,0,6900,0,0,Other
0010M00001XxcVXQAZ,Pidilite Industries Ltd ( BDE Automation) Mpower,aBR0M00000009HpWAI,15611.8657,15611.8657,0,13554.5711,0,2057.2946,0,Other
00130000016hD2ZAAU,The Papé Group Inc,aBR3y000000LJW9GAO,27448.8897,24835.8897,0,24835.8897,0,0,0,Other
0013000000LzQuqAAF,Wingstop Restaurants Inc.,aBRed0000004tFiGAI,1299935.483,1176977.483,0,1092977.483,42000,42000,0,Other
0013000001MjQAiAAN,"TWENTY FIRST CENTURY HEALTH CARE CONSULTANTS, LLC",0013000001MjQAiAAN,1599.4743,1439.5268,1439.5268,0,0,0,0,Other
00130000016iS0gAAE,Customers Bank,aBR3y000000H6upGAC,326917,326917,316917,10000,0,0,0,Other
0010M00001UEhqIQAT,AIZ LIMITED COMPANY,0010M00001UEhqIQAT,48835.5744,46895.088,46895.088,0,0,0,0,Other
0010M00001UEfphQAD,AC FRANCE,aBR3y000000HBu2GAG,26101.5545,4432.3394,4432.3394,0,0,0,0,Other
0010M00001Qa8QaQAJ,Altus Group Limited (XBU),aBR0M000000bmemWAA,11043.3298,11043.3298,11043.3298,0,0,0,0,Other
0013y00001gETTPAA4,Equiti Group,aBR3y000000g2dwGAA,25444.0389,643.9436,643.9436,0,0,0,0,Other
0013y00001dy5IqAAI,Gran Insurance,0013y00001dy5IqAAI,3850,3850,3850,0,0,0,0,Other
0013y00001cQD82AAG,Media-Participations Paris,aBR30000000XnNRGA0,23967.465,23967.465,0,23967.465,0,0,0,Other
0013000001GUSd2AAH,BANCO DE INVESTIMENTO GLOBAL SA - BIG,0013000001GUSd2AAH,14050.2704,382.6922,382.6922,0,0,0,0,Other
0010M00001Qqj0YQAR,"PSKW, LLC d/b/a ConnectiveRx",aBR0M000000CcIoWAK,50236,50236,50236,0,0,0,0,Other
001300000093dj3AAA,"MSG Entertainment Holdings, LLC",aBR3y000000H7TBGA0,133770.7914,133770.7914,0,125663.5914,0,8107.2,0,Other
0013y00001djnTiAAI,Carrefour Comércio e Indústria Ltda - ORG CDP,aBR3y000000wmnPGAQ,136723.2364,136723.2364,0,118634.1643,0,18089.0721,0,Other
001ed00000c3y6fAAA,Merit America (EDU Acct),001ed00000c3y6fAAA,15563.0611,15563.0611,0,2123.0611,0,13440,0,Other
00130000016gCjKAAU,"FUTEBOL CLUBE DO PORTO - FUTEBOL, SAD",00130000016gCjKAAU,41040.18,41040.18,41040.18,0,0,0,0,Other
0010M00001W8HDuQAN,circlace Inc.,aBR3y000000523BGAQ,3780.7143,1840.2279,0,1840.2279,0,0,0,Other
0013000001NXtYXAA1,Paisabazaar Marketing and Consulting Private Limited,aBR3y000000HRPYGA4,68693.1616,68693.1616,0,67514.5033,0,1178.6583,0,Other
0010M00001P0QevQAF,PROGETTO COIMA,aBR3y000000cEnzGAE,2188.8096,2188.8096,0,2188.8096,0,0,0,Other
0013000000HIt71AAD,BPER Banca S.p.A.,aBR3y000000HCSkGAO,194272.0539,194272.0539,193420.591,851.4629,0,0,0,Other
0013000001JyHefAAF,Grizzly New Marketing B.V.,aBR3y0000004n5cGAA,849.2581,849.2581,849.2581,0,0,0,0,Other
0013y00001cQ5kmAAC,Brigham Young University - Enrollment Services,aBR0M0000008UzMWAU,69434.5456,64457.2728,41477.2728,21600,1380,0,0,Other
0013000000ZlrU2AAJ,"SI&C Co.,Ltd.",aBR3y00000053JjGAI,4042.68,1617.072,1617.072,0,0,0,0,Other
0013000000LiOO5AAN,"ROHTO Pharmaceutical Co., Ltd.",aBR3y0000004zeiGAA,20465.3269,18030.3528,18030.3528,0,0,0,0,Other
0013y00001bdhvPAAQ,Maui Jim,aBR300000004EjTGAU,252000,252000,214000,26000,0,12000,0,Other
001ed000006vw3tAAA,Relaxound GmbH,001ed000006vw3tAAA,39004.5871,39004.5871,0,39004.5871,0,0,0,Other
0013000000RXVkmAAH,Monte Carlo Fashions Ltd,aBR0M00000009GyWAI,48254.6711,48254.6711,0,47874.0716,0,380.5995,0,Other
0013y00001cs2dZAAQ,JustFund,aBR3y000000h4D7GAI,919.2694,730.0081,730.0081,0,0,0,0,Other
0010M00001UEa1HQAT,Epic Cycles Inc.,0010M00001UEa1HQAT,97843.5252,92916,60000,0,0,0,32916,Other
001ed00000skZTcAAM,CHEVRA HATZOLAH MELBOURNE INC. NPC Org,001ed00000skZTcAAM,709.0826,709.0826,709.0826,0,0,0,0,Other
0010M00001SHrn1QAD,Consorcio Ecuatoriano de Telecomunicaciones S.A. CONECEL,0010M00001SHrn1QAD,52650,52650,0,52650,0,0,0,Other
0013000000hJ9jhAAC,Skudo USA,aBR3y0000004q7jGAA,2276,276,0,0,276,0,0,Other
0013000000Ikl95AAB,HALAS DENTAL PTY LTD,0013000000Ikl95AAB,5525.62,1532,1532,0,0,0,0,Other
001ed00000OYDeZAAX,Send Services,001ed00000OYDeZAAX,10714.1606,10714.1606,6394.1606,0,0,4320,0,Other
0010M00001WJl7JQAT,Religare Broking Limited,aBR0M00000009KUWAY,11057.6466,11057.6466,0,10891.22,0,166.4266,0,Other
001ed000006aHerAAE,VIVA ENERGY RETAIL PTY LTD,aBR3y000000CmHoGAK,61756.7418,61756.7418,0,57424.549,0,4332.1928,0,Other
0013000000M1bPvAAJ,New Jersey Department of Education,aBR0M000000Ccf9WAC,48656,19220,11150,6690,1380,0,0,Other
0010M00001QlGAyQAN,HU Holding S.p.A.,0010M00001QlGAyQAN,20706.1388,20706.1388,0,20706.1388,0,0,0,Other
0010M00001QqX4sQAF,MRV Engenharia e Participações S.A,aBR3y000000wngkGAA,200187.8843,6376.3979,6376.3979,0,0,0,0,Other
0013000000HF6KJAA1,Wm Morrison Supermarkets Limited,aBR300000004FslGAE,22948.9371,22948.9371,0,22948.9371,0,0,0,Other
0013000000hM1jdAAC,Österreichisches Verkehrsbüro AG,aBR3y000000HAOfGAO,8985.5012,8985.5012,8985.5012,0,0,0,0,Other
0013y00001XzD0KAAV,GRAN TECNOLOGIA E EDUCACAO S/A,aBR3y000000buyTGAQ,92903.6907,92903.6907,6783.402,86120.2887,0,0,0,Other
00130000016jeVdAAI,Pharma-e Limited (trading as Healthxchange Group),aBR3y000000buhrGAA,30494.841,30493.7931,0,28607.5791,0,1886.214,0,Other
0013000000M1drcAAB,Berkadia Commercial Mortgage LLC,aBR300000004QhvGAE,25059.96,25059.96,0,25059.96,0,0,0,Other
001ed00000bYaN8AAK,LG Electronics Inc. (B2B Data Cloud POC),aBR30000000L7jqGAC,4950,4500,4500,0,0,0,0,Other
001ed00000DbbkIAAR,Flywheel Energy Management LLC Main Org,aBRed000000CMxdGAG,53864.5254,49998,49998,0,0,0,0,Other
0010M00001Wa8wpQAB,"Chicago Blackhawk Hockey Team, Inc",aBR3y0000000FuCGAU,364858.2524,364858.2524,0,358858.2524,0,6000,0,Other
0013000001MssgpAAB,HL HOLDINGS CORPORATION (HALLA HOLDINGS),aBR3y0000008X9fGAE,42800,42000,42000,0,0,0,0,Other
001ed00000YDtUXAA1,GBT Travel Services UK Limited (Data Cloud Home Org),aBR3y000000LJCuGAO,928274.2333,928274.2333,868274.2333,0,60000,0,0,Other
0010M00001QqiSgQAJ,OPTANIUM GmbH,aBR3y0000004lP4GAI,1641.6072,547.2024,547.2024,0,0,0,0,Other
0010M00001QnoEVQAZ,Centro de Innovación de Despachos Profesionales,0010M00001QnoEVQAZ,1341.7403,849.2581,547.2024,0,302.0557,0,0,Other
0013000000KxJeSAAV,The Weather Company,aBRed0000004o81GAA,52376,43876,43600,0,276,0,0,Other
0013000000K7os4AAB,"mark'ennovy Personalized Care, S.L.",aBR3y000000yg3XGAQ,9302.4408,1641.6072,0,1641.6072,0,0,0,Other
0013000001Fj9OUAAZ,GasBuddy LLC,aBR3y000000TXbZGAW,150956.8601,150956.8601,150956.8601,0,0,0,0,Other
0010M00001QlIfyQAF,AVR Swarnamahal jewellery,0010M00001QlIfyQAF,39567.5849,39567.5849,0,39567.5849,0,0,0,Other
0013000001IevqFAAR,Huwise (ex Opendatasoft),0013000001IevqFAAR,54720.24,54720.24,54720.24,0,0,0,0,Other
0010M00001YuNtEQAV,Connecticut Department of Administrative Services (2),aBR0M000000CcTLWA0,500,500,500,0,0,0,0,Other
0013y00001cSWndAAG,Pure Infusion Suites LLC,0013y00001cSWndAAG,52616,52616,52616,0,0,0,0,Other
001ed00000Ls7RxAAJ,Titan Aviation (NJ Org),001ed00000Ls7RxAAJ,42000,42000,42000,0,0,0,0,Other
00130000005whblAAA,JLF  Corporation Pty  Limited,aBR3y000000H8U7GAK,15685.036,15685.036,8871.6267,0,0,6813.4093,0,Other
0013000001JxyWpAAJ,NC 2008 ENVIRONNEMENT,0013000001JxyWpAAJ,1094.4048,1094.4048,1094.4048,0,0,0,0,Other
0013000000RX53VAAT,Hitachi Digital LLC,aBR300000004DZFGA2,459830.1972,144921.1456,144921.1456,0,0,0,0,Other
0013000000hLwqtAAC,Helsingin Seudun Ympäristöpalvelut - HSY,0013000000hLwqtAAC,495.0305,495.0305,495.0305,0,0,0,0,Other
0010M00001SI83SQAT,Myhealth Medical Group,aBR300000004CRCGA2,60860.8053,60860.8053,0,56182.2643,0,4678.541,0,Other
0013000001FixXyAAJ,Scanlan Theodore,0013000001FixXyAAJ,152067.3638,152067.3638,0,102102.3625,0,49965.0013,0,Other
0013000000Elv7bAAB,Heineken International BV,aBR30000000XoY4GAK,1318904.646,391173.1507,0,0,0,85587.7951,305585.3556,Legacy CDP
0013y00001bei2OAAQ,Jacquemus,0013y00001bei2OAAQ,79905.2304,21669.215,21669.215,0,0,0,0,Other
0010M00001MtNlKQAV,Regions Bank,aBR300000004EbuGAE,106000,106000,76000,0,30000,0,0,Other
0010M00001Qlxc5QAB,GIE LA MONDIALE GROUPE,aBR300000004HxyGAE,1053851.743,897763.9281,154213.7477,0,0,0,743550.1804,Legacy CDP
0013000000K7SGDAA3,GIE COVEA AGORA,aBRed00000007azGAA,1517294.371,967224.799,787103.3873,0,180121.4117,0,0,Other
0013000000hLcI1AAK,Canterbury Bankstown Bulldogs Rugby League Club Limited,aBR3y000000h4CLGAY,35770.3987,35770.3987,35770.3987,0,0,0,0,Other
001ed00000ed7qcAAA,KNOWMORE LEGAL SERVICE LIMITED,001ed00000ed7qcAAA,354.5413,354.5413,354.5413,0,0,0,0,Other
0013y00001csfk2AAA,"RYOSAN COMPANY,LIMITED",aBRed000000A9BoGAK,3537.345,303.201,303.201,0,0,0,0,Other
0010M00001PEABRQA5,Children With Cancer UK,aBR0M0000000ALYWA2,67855.2392,67855.2392,0,60813.3735,0,7041.8657,0,Other
0013000000GIeULAA1,Hang Lung (Administration) Limited,aBR0M000000H60dWAC,52650,52650,0,52650,0,0,0,Other
0010M00001WJbzhQAD,Upside Foods,aBR3y000000CgLHGA0,16000,4000,4000,0,0,0,0,Other
0013000001GXaM4AAL,ForeScout israel,0013000001GXaM4AAL,90000,90000,0,0,0,0,0,Legacy CDP
0010M00001SICuVQAX,VentureCrowd,0010M00001SICuVQAX,6586.2957,6586.2957,0,0,0,6586.2957,0,Other
0013y00001ewVOgAAM,The Mosaic Company Global Org,aBR300000004DOBGA2,335820.7486,206059.8338,134862.1419,69397.6919,1800,0,0,Other
0010M00001Qqy4eQAB,Elo Serviços S.A. (Cartão ELO),aBR3y000000wmohGAA,536.3912,535.135,535.135,0,0,0,0,Other
0013y00001d7RG1AAM,Formula One Management Limited,aBRed0000004nn2GAA,7029869.85,5372658.98,4677410.305,27288.4739,0,667960.2005,0,Other
0013000001LVXWnAAP,Hitachi High-Tech Corporation.,aBR300000004GlmGAE,79739.8876,71387.5581,0,71387.5581,0,0,0,Other
0013000000JH90EAAT,Payworks Inc,aBR3y000000LJYKGA4,50785.8396,39349.8083,0,38149.8083,0,1200,0,Other
0013y00001d22xLAAQ,ARZO,0013y00001d22xLAAQ,10504.2971,207.7606,207.7606,0,0,0,0,Other
0010M00001XxuYcQAJ,vialytics GmbH,0010M00001XxuYcQAJ,9355.1058,4104.018,4104.018,0,0,0,0,Other
0013000001CBGo7AAH,Discount Tire & Service Centers,aBR3y000000H6W8GAK,45750,45750,0,0,0,0,45750,Legacy CDP
0013000000NT1ngAAD,eToro Ltd.,aBR3y000000HCLKGA4,190076,95076,91200,3600,276,0,0,Other
0013000001L5hahAAB,Kortext,aBR3y000000HJCPGA4,24496.6805,24494.5847,0,24494.5847,0,0,0,Other
0013y00001dW9m9AAC,ABB E-mobility Holding AG,aBR300000004N12GAE,105907.4155,95418.9097,0,95418.9097,0,0,0,Other
0013y00001cSe5pAAC,HANKOOK ILBO CO. LTD.[MC],aBR3y0000008XQlGAM,18040,18040,0,18040,0,0,0,Other
0013y00001eTzPPAA0,Israel Ministry of Agriculture,aBR3y000000sa05GAA,29376,29376,29376,0,0,0,0,Other
0013y00001cChihAAC,State of CA DMV - DXP Org,aBR0M000000CcSJWA0,42000,42000,42000,0,0,0,0,Other
0013y00001ey273AAA,Prudential Hong Kong Limited,0013y00001ey273AAA,57828.4353,57828.4353,0,39828.4353,0,18000,0,Other
0010M00001W7j9eQAB,ChiroUp,0010M00001W7j9eQAB,8433.3334,166.6667,166.6667,0,0,0,0,Other
0013000001GUOGfAAP,LIGNOTREND Produktions GmbH,0013000001GUOGfAAP,32952.8666,16445.6869,0,9866.1252,0,6579.5617,0,Other
0010M00001NYXoEQAX,"Precoa, LLC",aBR3y000000H7l4GAC,54209.3333,54209.3333,0,54209.3333,0,0,0,Other
0013000000rotO4AAI,REALTOR.ca Canada Inc. o/a REALTOR.ca,0013000000rotO4AAI,77713.9804,77713.9804,0,77431.762,0,282.2184,0,Other
0010M00001Qlzj8QAB,ISC (Integrated Specialty Coverages),aBR3y000000cFyzGAE,5995.8932,5995.8932,5995.8932,0,0,0,0,Other
0013000001MrLxjAAF,Crucial Learning,aBR3y000000HLefGAG,42139.8723,42000,42000,0,0,0,0,Other
001ed00000RMWmWAAX,HAPEKO Hanseatisches Personalkontor Deutschland GmbH,001ed00000RMWmWAAX,982.2432,982.2432,841.9228,140.3204,0,0,0,Other
0013000000ZllLKAAZ,Galderma S.A.,aBR3y000000ClUOGA0,664852,642352,13152,271600,0,357600,-2.33E-10,Other
0013y00001fLQFaAAO,Hartford Healthcare Corporation New Org,aBR300000004FKhGAM,166752,166752,0,166476,0,276,0,Other
0013y00001eDPeyAAG,NARA PREFECTURAL GOVERNMENT,aBR0M000000H64KWAS,646.8288,646.8288,646.8288,0,0,0,0,Other
0010M00001QneSRQAZ,WELCOME TRAVEL GROUP SPA,aBR3y000000HCQwGAO,5472.024,2736.012,2736.012,0,0,0,0,Other
001ed00000JjCJqAAN,r.Potential,aBR300000004F4RGAU,21802,21802,21802,0,0,0,0,Other
0013000001GVf2zAAD,"Yamaha Motor Corporations, U.S.A",aBR300000004DhrGAE,577708,558208,0,472000,0,86208,0,Other
001ed00000B1dCHAAZ,Jetrock,001ed00000B1dCHAAZ,10637.6147,10637.6147,10637.6147,0,0,0,0,Other
0013000000I5NFQAA3,"Tridium, Inc.",aBR300000004FpeGAE,124498.32,124498.32,0,0,0,0,0,Legacy CDP
0013000000hLQmQAAW,LTA Operations Limited,aBR3y0000000KIkGAM,41990.2914,31511.3247,31511.3247,0,0,0,0,Other
0013000000ZlQuYAAV,Panvel Farmácias,aBR3y000000XpqQGAS,100946.2185,100946.2185,0,100041.7649,0,904.4536,0,Other
00130000002xAcQAAU,Constellation Software Inc,aBR3y000000wnrIGAQ,42000,42000,42000,0,0,0,0,Other
0013000000HIZIVAA5,"Office Depot de México, S.A. de C.V.",aBR30000000XigYGAS,88395,5520,0,0,5520,0,0,Other
0013000000Kvwf9AAB,"Endo USA, Inc.",aBR300000004DLfGAM,59999.28,59999.28,0,59999.28,0,0,0,Other
0013y00001buJrCAAU,Smart Training Society,0013y00001buJrCAAU,8991.7883,2247.9471,2247.9471,0,0,0,0,Other
001ed00000GGVY5AAP,Pradhan Mantri Surya Ghar Muft Bijli Yojana (PMAGY),001ed00000GGVY5AAP,7620.0263,7612.1686,5893.2918,1718.8768,0,0,0,Other
0013000001GUmU8AAL,gym80 International GmbH,0013000001GUmU8AAL,875.0443,875.0443,875.0443,0,0,0,0,Other
0010M00001JzqcqQAB,"Quanata, LLC, A State Farm Company",aBR300000004EniGAE,87489.2349,87489.2349,84661.3333,427.9016,0,2400,0,Other
0010M00001WaisCQAR,"Sugartown Worldwide, LLC. d/b/a Lilly Pulitzer_Service_Marketing",aBR300000004DE3GAM,578468.3341,578468.3341,0,557468.3341,0,21000,0,Other
0010000000000X1AAI,Slalom,aBR300000004QehGAE,500000,500000,386000,6000,108000,0,0,Other
0010M00001Yu1mfQAB,PEACEMIND Inc.,aBR3y00000055j5GAA,467.6572,465.7167,465.7167,0,0,0,0,Other
00130000002JENjAAO,Ceramiche Refin SpA,aBR0M000000GpNMWA0,7125.3641,7125.3641,7125.3641,0,0,0,0,Other
001ed00000VDmucAAD,"Ballet Theatre Foundation, Inc",aBR0M000000LCMKWA4,52384.7672,52384.7672,51960,424.7672,0,0,0,Other
00130000002xZHXAA2,"Penn Color, Inc.",aBR300000004P9vGAE,11348.6426,9505.2083,9505.2083,0,0,0,0,Other
0013000000M1d5BAAR,"Norton Healthcare, Inc.",aBR300000004FNuGAM,333975,333975,0,309975,0,24000,0,Other
001ed00000YezcIAAR,Boehringer Ingelheim,aBR300000004HU8GAM,7952.6749,7952.6749,0,7952.6749,0,0,0,Other
0010M00001U411vQAB,ENZIMAS Y PRODUCTOS QUIMICOS SA DE CV   RFC: EPQ7305179TA,0010M00001U411vQAB,360,360,360,0,0,0,0,Other
0013000000I3tcxAAB,Canada Goose Inc,aBR0M000000CbvkWAC,117977.25,49977.25,49977.25,0,0,0,0,Other
0013000000FerUfAAJ,Helvetia Schweizerische Versicherungsgesellschaft AG,aBR300000004N3QGAU,64771.2537,17492.9663,17492.9663,0,0,0,0,Other
0013000000ZlujUAAR,"Evolve Vacation Rental Network, Inc.",aBR3y000000bsLBGAY,1000,500,500,0,0,0,0,Other
0013y00001f9E9CAAU,Allwyn Entertainment Ltd,aBR3y0000000NdiGAE,47155.3502,47155.3502,0,0,0,0,47155.3502,Legacy CDP
0010M00001WkvBEQAZ,"Naveris, Inc.",0010M00001WkvBEQAZ,1200,750,750,0,0,0,0,Other
0013000001MnoqyAAB,SAS CITADELLE,0013000001MnoqyAAB,116816.7683,114080.7563,0,31081.0963,0,82999.66,0,Other
0013000000JKKbpAAH,Groep Securex NV,aBR3y000000LI5vGAG,54579.7185,54579.7185,37822.6299,1039.6846,0,15717.404,0,Other
0013000000ZjWVoAAN,BRANU Inc.,aBR3y000000TUc9GAG,20078.617,20078.617,0,20078.617,0,0,0,Other
00130000016iYD7AAM,Smartsheet Inc.,aBR0M0000004h3VWAQ,171676,92676,92676,0,0,0,0,Other
00100000001wk3gAAA,Green Bay Packaging Inc.,aBR300000004DHgGAM,12718.5282,10800,10800,0,0,0,0,Other
0013y00001crU0PAAU,Allianz Seguros S/A,aBR300000004RndGAE,2840.7898,2840.7898,579.6558,0,2261.134,0,0,Other
0013000000JjbtaAAB,Quintessentially Ltd.,aBR30000000Xk7YGAS,38248.2285,38248.2285,0,38248.2285,0,0,0,Other
0013y00001fM8I4AAK,Arcos Dourados Comércio de Alimentos S.A.(Org 2),aBR3y000000wmkfGAA,41705.3606,502.4742,502.4742,0,0,0,0,Other
0013y00001ce5euAAA,Stora Enso Oyj (Packaging Materials),aBR300000004LuAGAU,41477.942,4705.9407,4705.9407,0,0,0,0,Other
0013y00001erQ7OAAU,Aroma360,aBR3y000000XroAGAS,85576,85576,85576,0,0,0,0,Other
0013y00001cbFUvAAM,Coolidea,aBR0M00000007WTWAY,9357.161,5909.7859,5909.7859,0,0,0,0,Other
0013y00001fEh1UAAS,The Pasha Group (New Org),aBR0M000000LD5FWAW,89080.9664,89080.9664,89080.9664,0,0,0,0,Other
0013000000I7uBoAAJ,MacGregor Finland Oy,aBR300000004MV7GAM,11459.8054,7240.1813,4219.6241,0,3020.5572,0,0,Other
0010M00001WZQjLQAX,Texas Capital Bank,aBR0M000000LC70WAG,112294,112294,0,76294,0,36000,0,Other
0013y00001cSiH9AAK,Stoltzfus Structures (2nd Org - Horizons),aBR3y000000sZW6GAM,91776.9895,91776.9895,0,91776.9895,0,0,0,Other
0013000000M0UsBAAV,Apollo Hospitals Enterprise Ltd.,aBR3y000000HRLlGAO,104342.6028,104342.6028,0,99050.4266,0,5292.1762,0,Other
0013y00001crRB8AAM,"STADA Arzneimittel AG - Germany, Main Org",0013y00001crRB8AAM,23639.1437,23639.1437,23639.1437,0,0,0,0,Other
001300000019RWaAAM,Bio-Rad Laboratories Inc,aBR300000004DiDGAU,59758.1854,43200,43200,0,0,0,0,Other
0010M00001QkS9SQAV,Mecum Auctions,0010M00001QkS9SQAV,66200,66200,0,53000,0,13200,0,Other
0013000000RaK6OAAV,PTC,aBR300000004F71GAE,103558.1437,47824.6108,46444.6108,0,1380,0,0,Other
001ed00000Dp5W3AAJ,NOVAMARINE S.P.A.,001ed00000Dp5W3AAJ,622.3131,330.4718,330.4718,0,0,0,0,Other
0010M00001QaSJiQAN,"Mariner Wealth Advisors, LLC",aBR0M000000bqzBWAQ,711.5609,711.5609,711.5609,0,0,0,0,Other
0013000001LYXD5AAP,Auto Hangar India Private Limited,0013000001LYXD5AAP,7860.1877,7860.1877,0,7860.1877,0,0,0,Other
0013y00001c7E3zAAE,North Carolina Military Business Center,0013y00001c7E3zAAE,15951,15951,15675,0,276,0,0,Other
0013000000RaKRLAA3,TVS Credit Services Limited,aBR3y000000HTknGAG,5303.9626,5303.9626,5303.9626,0,0,0,0,Other
0010M00001PEnlvQAD,ClubOS & ClubWise,0010M00001PEnlvQAD,23340,840,840,0,0,0,0,Other
0013000000hKO2iAAG,"47 CO.,LTD.",aBR3y00000053GMGAY,7984.293,7580.025,7580.025,0,0,0,0,Other
0013y00001e69INAAY,Gerber Life Insurance Company,aBR300000004EvZGAU,3457456.792,3457456.792,0,3318172.792,0,139284,0,Other
0013000000Hk4ExAAJ,"Verita Global, LLC",aBR0M000000GoqiWAC,24977.1898,24977.1898,24977.1898,0,0,0,0,Other
001ed000005kbTAAAY,DAIMARU MATSUZAKAYA DEPARTMENT STORES CO.LTD.,aBR30000000L6YrGAK,6206.3223,6206.3223,0,6206.3223,0,0,0,Other
0010M00001QqbLKQAZ,Amdocs South America,aBR300000004F75GAE,76944.96,76944.96,0,0,0,0,0,Legacy CDP
0013000001FixYRAAZ,House of Travel Holdings,aBR3000000001uBGAQ,34634.8305,34634.8305,0,34634.8305,0,0,0,Other
0013000000HIXb1AAH,Laerdal Medical AS,0013000000HIXb1AAH,656.6429,656.6429,656.6429,0,0,0,0,Other
0013000000M0YOAAA3,DPV Deutscher Pressevertrieb GmbH,aBR30000000XcLmGAK,183040.2972,59919.7572,59919.7572,0,0,0,0,Other
0010M00001U3rJJQAZ,Restaurantes Toks S.A. de C.V.,aBR30000000XigYGAS,33996.0159,18000,18000,0,0,0,0,Other
0013000000ZkyvOAAR,"KnowBe4, Inc",aBR3y0000004rPVGAY,62264.268,60000,60000,0,0,0,0,Other
0013000000rp7qLAAQ,"Pearson Education, Inc.",aBR300000004DJuGAM,278781,278781,0,0,0,0,0,Legacy CDP
0013000000ZiyhxAAB,"SYSTEX Co.,LTD",aBR3y00000053zBGAQ,4876.5501,4876.5501,4759.0429,117.5072,0,0,0,Other
0013y00001dL7DPAA0,The Courier Guy South Africa (Pty) Ltd,0013y00001dL7DPAA0,24452.9781,24452.9781,0,24452.9781,0,0,0,Other
0013000000M2MHKAA3,"Marathon Petroleum Company LP By: MPC Investment LLC, its General Partner",aBR30000000XmtKGAS,281668.953,131844,88620,40800,2424,0,0,Other
0013y00001copNmAAI,VIA Rail Canada Inc,aBR3y000000TQbVGAW,61351.8318,61351.8318,61351.8318,0,0,0,0,Other
0010M00001ULZJSQA5,VRIFY,0010M00001ULZJSQA5,800,800,800,0,0,0,0,Other
0013000001EYHSMAA5,VARMA SL,aBR30000000XkqJGAS,40837.2014,40416.7195,0,40416.7195,0,0,0,Other
0010M00001QqcloQAB,Deloitte Digital AU (Soda Strategic),0010M00001QqcloQAB,41448.2398,41448.2398,41448.2398,0,0,0,0,Other
0013000000hLUrnAAG,Global Business Travel Association,aBRed00000051gKGAQ,62107.5684,47720.7071,47720.7071,0,0,0,0,Other
001ed00000FsO1WAAV,"Accelerant US Services Company , LLC",001ed00000FsO1WAAV,27451.8193,27451.8193,27451.8193,0,0,0,0,Other
0010M00001WJdruQAD,ISED 1 - CoE - Astro,aBR3y0000004wYoGAI,124951.624,124951.624,58740.7271,0,66210.8969,0,0,Other
0010M00001U1gflQAB,Sura Data Chile S.A,aBRed000000CHgDGAW,122460,96460,0,96460,0,0,0,Other
0013y00001erJodAAE,Harmony Public Schools - Education Cloud,aBR3y0000000JBCGA2,150000,480,0,0,0,480,0,Other
0013y00001cgWMnAAM,KPT1993 COMPANY LIMITED,aBRed0000009ORJGA2,42000,42000,0,42000,0,0,0,Other
0013000000Jx3blAAB,Planet Payment Group Holding Ltd,aBR30000000XkRdGAK,11509.1028,191.6922,191.6922,0,0,0,0,Other
0013y00001gDYGmAAO,Keychain,aBRed00000002D7GAI,187.5,187.5,187.5,0,0,0,0,Other
0013000000KMBhdAAH,"Global Trust Networks Co.,Ltd.",aBR3y00000057jbGAA,62459.406,61246.602,61246.602,0,0,0,0,Other
0010M00001NYceDQAT,Community Living British Columbia,aBR3y000000TQZ0GAO,410.1359,410.1359,410.1359,0,0,0,0,Other
0010M00001UVZmFQAX,"Barigui Crédito, Financiamento e Investimento S/A",aBR3y000000yhBjGAI,20412.958,20412.958,20412.958,0,0,0,0,Other
0013y00001XzaUmAAJ,University of Texas at Austin Computer Science,aBR3000000004H4GAI,7200,7200,7200,0,0,0,0,Other
0013y00001d1oVlAAI,Lendi Group Pty Ltd,aBR0M000000GnKpWAK,67056.9252,67056.9252,62494.3743,4562.5509,0,0,0,Other
00130000004DKtdAAG,Eastern Bank,aBR3y000000g3ZXGAY,5400,5400,5400,0,0,0,0,Other
0013y00001fStnxAAC,Tesya S.p.A. Org 2 (Finanzauto),aBR0M000000089JWAQ,52009.4607,52009.4607,43253.7846,0,0,8755.6761,0,Other
0013000001GUQ5XAAX,POWERSOFT SPA,0013000001GUQ5XAAX,29413.2234,5774.0797,5472.024,0,302.0557,0,0,Other
0013000000hJd32AAC,University of British Columbia (MAIN),aBR30000000PB6kGAG,51560,51560,0,51560,0,0,0,Other
0013y00001e5uYfAAI,Fresenius Kabi AG,aBR300000004H4rGAE,54936.3722,54936.3722,0,48872.1573,0,6064.2149,0,Other
0013y00001eUBi0AAG,THAI HONDA COMPANY LIMITED,aBR3y000000fzZEGAY,145935,126900,0,0,0,0,126900,Legacy CDP
0013000000rpkdHAAQ,Everything But Water,0013000000rpkdHAAQ,104612.9518,104612.9518,0,100487.9518,0,4125,0,Other
0010M00001Wa6nqQAB,Black Hills Federal Credit Union,aBR3y0000004pxmGAA,158829.3194,57564.271,57564.271,0,0,0,0,Other
001ed00000RZ3rVAAT,NTTCOM ONLINE MARKETING SOLUTION CORPORATION (MCE PoC),aBR30000000L6DHGA0,8072.0909,8072.0909,0,8072.0909,0,0,0,Other
0013y00001gEWN3AAO,Safety National Casualty Corp (Reinsurance Org),aBR300000004EpDGAU,394.8926,394.8926,394.8926,0,0,0,0,Other
0013000000M2NHnAAN,Memorial Sloan-Kettering Cancer Center Inc,aBR3y0000004pH3GAI,110047.6667,110047.6667,108442.6667,1605,0,0,0,Other
0013000000Hmbi9AAB,ChiroTouch,aBR0M000000GosAWAS,137933.1539,87932.1539,0,86996.1539,0,936,0,Other
00130000002UKmMAAW,Tungsten Automation Corporation - Atalasoft,aBR3y000000H7OMGA0,198990,198990,0,0,0,0,0,Legacy CDP
0013y00001cHWGJAA4,Shin-Saitama environmental center Co.,0013y00001cHWGJAA4,1617.072,404.268,404.268,0,0,0,0,Other
0013000000RZSH2AAP,Singapore Life Ltd. (formerly known as Aviva Ltd),aBR0M0000004gGkWAI,109970.8112,7644.6143,7644.6143,0,0,0,0,Other
0013000000rqGgrAAE,"IMPEX Technologies, Inc.",0013000000rqGgrAAE,443.3139,442.5146,442.5146,0,0,0,0,Other
001000000027wHRAAY,Ford Motor Company,aBR300000004C9OGAU,4358191.13,3435641.292,0,0,0,160289.6212,3275351.671,Legacy CDP
001ed00000U1h9nAAB,Chandigarh University-Org2,001ed00000U1h9nAAB,22566.3966,10534.2591,10534.2591,0,0,0,0,Other
00130000016jl2tAAA,Deciem,aBR3y000000wnzCGAQ,588300,408300,0,385800,0,22500,0,Other
0013000000Zm7DBAAZ,Indiana Wesleyan University,aBR0M000000CafBWAS,35227.1638,35227.1638,30448.3838,2378.78,0,2400,0,Other
001ed00000QfNTAAA3,Giveaway Girls PTY LTD,001ed00000QfNTAAA3,472.7833,472.7833,472.7833,0,0,0,0,Other
0013000001GVHs5AAH,Iris Mobili S.R.L.,aBR0M00000008QQWAY,11162.929,11162.929,11162.929,0,0,0,0,Other
0010M00001P0P4bQAF,GIREVE,0010M00001P0P4bQAF,1255.5038,1255.5038,1255.5038,0,0,0,0,Other
0013y00001c8BckAAE,"Intercontinental Exchange Holdings, Inc.",aBR300000004EjpGAE,569545.04,569545.04,507305,0,62240.04,0,0,Other
0013000001GUV8iAAH,Oiva Isännöinti Group Oy,0013000001GUV8iAAH,1301.9137,1301.9137,1301.9137,0,0,0,0,Other
0013y00001fvAbOAAU,Proquire LLC,aBR300000004Fk5GAE,138952,42952,12102,100,30750,0,0,Other
0013000000ZiYzBAAV,SBICAP Securities Ltd,aBR3y000000HQPNGA4,90187.1989,90187.1989,0,85972.3166,0,4214.8823,0,Other
0013000001GX6bxAAD,Vesync (US) Corporation,0013000001GX6bxAAD,10764.5341,10764.5341,10764.5341,0,0,0,0,Other
0013000000rqpm5AAA,Mercedes-Benz Group AG,aBR300000004HcdGAE,1619106.986,1619106.986,0,1629854.99,0,217130.1465,-227878.1508,Other
001ed00000SQra1AAD,"Resonate AI Labs, LLC",001ed00000SQra1AAD,80000,79500,42000,0,37500,0,0,Other
0013y00001cUCiYAAW,ELELIFT SRL,0013y00001cUCiYAAW,4924.8216,4924.8216,4924.8216,0,0,0,0,Other
0013000000RYbwvAAD,Touring Club Schweiz,aBR300000004N1EGAU,42900.6682,27579.001,27579.001,0,0,0,0,Other
0010M00001Xxh1vQAB,Krebsliga Schweiz,0010M00001Xxh1vQAB,78633.3777,78633.3777,711.7559,73981.7645,0,3939.8573,0,Other
0013000000I5o7FAAR,Kraft Heinz Foods Company,aBR0M00000008TKWAY,145770.0755,145770.0755,145770.0755,0,0,0,0,Other
0013y00001cVJtvAAG,Allam Property Group - Marketing Cloud Org,aBR3y000000CpPUGA0,136373.2257,112705.1452,0,0,0,0,112705.1452,Legacy CDP
0013000000CqX0UAAV,Prime Therapeutics,aBR300000004EAIGA2,9657.8467,9657.8467,9657.8467,0,0,0,0,Other
0013000000hKHllAAG,"RAB Lighting, Inc.",aBR3y0000004saeGAA,9000,5000,5000,0,0,0,0,Other
001ed000005WFdlAAG,LC PUBLISHING GROUP S.P.A.,aBRed000000A7wIGAS,3283.2144,3283.2144,0,3283.2144,0,0,0,Other
00130000002lT3aAAE,Legrand Electric Ltd.,aBR3y000000HDkAGAW,76185.0842,75456.1466,75456.1466,0,0,0,0,Other
0010M00001WZCIBQA5,Cypress Learning Solutions Inc,aBR3y000000gFedGAE,1700,1700,1700,0,0,0,0,Other
0013y00001fzqFdAAI,AAA Washington,aBR3y0000004otjGAA,15973.7418,9983.5887,9983.5887,0,0,0,0,Other
0010M00001QkceiQAB,NTT DATA JAPAN CORPORATION,aBR30000000L6DHGA0,3408.7219,523.681,523.681,0,0,0,0,Other
0010M00001V6axeQAB,AQ Acentor Development,0010M00001V6axeQAB,1094.4048,1094.4048,0,1094.4048,0,0,0,Other
0013y00001cyj8hAAA,Amtrak CDP UAT,aBR300000004UPdGAM,883089.36,883089.36,0,860526.36,0,22563,0,Other
0010M00001YFlNoQAL,Dubai Real Estate Center,0010M00001YFlNoQAL,27000,27000,0,27000,0,0,0,Other
0010M00001WkVedQAF,DD3 HIPOTECARIA RFC: NCE1105163Y4,0010M00001WkVedQAF,9725.7053,9725.7053,9725.7053,0,0,0,0,Other
0010M00001WIXSiQAP,Billoo Srl Societa Benefit,aBR3y000000CjsyGAC,45965.0016,45965.0016,45965.0016,0,0,0,0,Other
00130000002x8G8AAI,McCain Foods Limited,aBR300000004KzoGAE,29955.8081,11521.4647,11521.4647,0,0,0,0,Other
00130000002xKHAAA2,DnB Bank ASA HQ,aBR3y000000HJqqGAG,64077.4011,64077.4011,0,64077.4011,0,0,0,Other
00130000002xDFZAA2,"Aktieselskabet Th. Wessel &Vett, Magasin Du Nord",00130000002xDFZAA2,464803.6813,232401.8407,232401.8407,0,0,0,0,Other
0010M00001QqUgfQAF,Servicios Administrativos OSLO SA de CV.,aBR3y000000wlB3GAI,117052,117052,776,116000,276,0,0,Other
0013000000NRb2rAAD,Grünenthal GmbH,aBR3y0000004lTZGAY,272257.8181,268676.3784,0,203012.0904,0,65664.288,0,Other
001ed00000hsvF8AAI,Aion Auto UK Limited,001ed00000hsvF8AAI,44011.6602,44011.6602,0,44011.6602,0,0,0,Other
0013000001MnhTMAAZ,Tricor Automotive Group - US - Inc.,0013000001MnhTMAAZ,69300.08,69300.08,426,68874.08,0,0,0,Other
0013y00001e5v3xAAA,Delta Dental of Arizona Inc.,aBR300000004En2GAE,136750.8568,136750.8568,0,136750.8568,0,0,0,Other
0013000001CCQqVAAX,Parkinson's UK,aBR0M0000004gggWAA,70724.4173,70724.4173,15709.842,55014.5753,0,0,0,Other
0013000000NRbGMAA1,LogicMonitor Inc.,aBR3y000000H7RtGAK,5000,5000,5000,0,0,0,0,Other
0013000001Mj68AAAR,Hallandale Pharmacy,0013000001Mj68AAAR,83889.985,83889.985,0,83889.985,0,0,0,Other
00130000002xS0pAAE,R.M. Williams Pty Ltd,aBR3y000000HI74GAG,73832.7652,73832.7652,0,65543.1173,0,8289.6479,0,Other
0010M00001WZxyVQAT,Hadley Institute for the Blind and Visually Impaired,aBR3y0000000IZsGAM,47998.7447,45999.84,42000,0,0,3999.84,0,Other
0010M00001SnDhiQAF,ComDesign Inc.【main】,aBR3y00000050V8GAI,1354.2978,970.2432,970.2432,0,0,0,0,Other
0010M00001WaYbzQAF,Signal Taxi,aBR3y000000wsNbGAI,7152,4152,3600,0,552,0,0,Other
0013y00001crURbAAM,Arca Soluções Tecnológicas S.A,aBR3y000000g3NxGAI,3768.5567,3768.5567,3768.5567,0,0,0,0,Other
0013000000KwIqOAAV,The Dogs Trust,aBR0M0000004gmsWAA,50299.0402,50299.0402,0,50299.0402,0,0,0,Other
0010M00001QaYUZQA3,Viz.ai,aBR3y000000CfUrGAK,240,240,240,0,0,0,0,Other
0010M00001SeUUuQAN,J.C.DECAUX,0010M00001SeUUuQAN,787.9714,787.9714,0,0,0,787.9714,0,Other
00100000002991GAAQ,Veritiv Operating Company,aBR300000004EOyGAM,152266.6666,152266.6666,0,152266.6666,0,0,0,Other
0013000000JKS2VAAX,Primepoint Llc,0013000000JKS2VAAX,12500,2500,0,2500,0,0,0,Other
00130000005ZHb5AAG,Aplicaciones de Transformación Digital CA,aBR0M000000L90RWAS,3176,776,776,0,0,0,0,Other
0013000000Jgo2RAAR,"Geoforce, Inc.",0013000000Jgo2RAAR,1000,1000,1000,0,0,0,0,Other
0013000000RZxnHAAT,2cloudnine Pty Ltd*,aBR3y000000h3s0GAA,1892.6137,1892.6137,1892.6137,0,0,0,0,Other
0013000000A9I6OAAV,Axway Software SA,aBR30000000XngWGAS,204987,204987,0,0,0,0,0,Legacy CDP
0013y00001Z114eAAB,Share the Dignity Ltd,aBR3y0000000PYXGA2,2127.2477,2127.2477,2127.2477,0,0,0,0,Other
00100000000Fj9mAAC,8x8   Inc. - parent,aBR0M000000GozBWAS,36149.4529,36149.4529,36149.4529,0,0,0,0,Other
0013000001LYzhcAAD,Hult International Business School,aBR3y000000g1pgGAA,206552,206552,0,205250,0,1302,0,Other
0013000000IUP4cAAH,Department of Foreign Affairs and Trade,aBRed000000AiPZGA0,5110.057,5110.057,5110.057,0,0,0,0,Other
0013y00001c4j7TAAQ,Bloomberg Industry Group,aBR300000004EizGAE,776,776,776,0,0,0,0,Other
0013000000ZlyNCAAZ,Buildertrend Solutions*,aBR3y0000004rL9GAI,122809.2528,32562,32562,0,0,0,0,Other
0013y00001fSv39AAC,Rarotongan Resorts,0013y00001fSv39AAC,21026.6666,21026.6666,0,21026.6666,0,0,0,Other
0013y00001cIlRUAA0,Golden Bear Recycling LLC,aBR3y000000bw68GAA,15000,2500,2500,0,0,0,0,Other
0013y00001dxzseAAA,West Australian Newspapers Limited,aBR300000004CTZGA2,104075.6563,104075.6563,0,101804.5199,0,2271.1364,0,Other
0010M00001W7pqBQAR,Central Detallista S.A. de C.V. Calimax,0010M00001W7pqBQAR,49855.7954,49855.7954,0,48895.7954,0,960,0,Other
0013000001GVVTNAA5,Hanwha Hotel & Resort,aBRed000000A8MDGA0,25000,25000,0,25000,0,0,0,Other
0013000001GUSzbAAH,Diales Group PLC,aBR30000000XlgAGAS,47959.8069,47218.224,47218.224,0,0,0,0,Other
0013y00001c89GOAAY,cVert,0013y00001c89GOAAY,3220.9711,3220.9711,2863.0854,357.8857,0,0,0,Other
00130000002xaboAAA,Laboratory Corporation Of America Holdings,aBR300000004FPsGAM,4814192,3704400,0,0,0,0,3704400,Legacy CDP
0010M00001U1XyhQAF,Unionbank of the Philippines SG Hyperforce,aBR0M000000bptjWAA,108225,108225,107625,0,600,0,0,Other
0013000000NPLEkAAP,"Brooklyn Nets, LLC",aBR3y000000HHVMGA4,11250,6250,6250,0,0,0,0,Other
0010M00001MtOHaQAN,ALPHI,0010M00001MtOHaQAN,410.4018,410.4018,410.4018,0,0,0,0,Other
0013y00001d74qAAAQ,SUZUKI MOTOR CORPORATION,aBR30000000L6E3GAK,48512.16,48512.16,0,48512.16,0,0,0,Other
00130000016j9DgAAI,IVE Group Limited (Marketing Cloud Org),aBR0M000000PC0jWAG,10045.3364,10045.3364,10045.3364,0,0,0,0,Other
0013y00001cZxc2AAC,Canadian Imperial Bank Of Commerce,aBR3y000000PDzyGAG,62980.2,62980.2,0,0,0,0,62980.2,Legacy CDP
0010M00001WkRrxQAF,"Quartz Health Solutions, Inc.",aBR3y000000ChjjGAC,234783.2994,234783.2994,0,234783.2994,0,0,0,Other
0013y00001f5xL7AAI,Dr. Ausbüttel & Co. Gmbh,0013y00001f5xL7AAI,27352.8903,27352.8903,0,26011.3689,0,1341.5214,0,Other
00130000003zCeHAAU,Nucleus Network,aBR3y0000004tzNGAQ,387702.8603,372561.9508,0,236103.5575,0,136458.3933,0,Other
00130000008UrkQAAS,"Global Data Consultants, Llc",aBR3y000000H782GAC,20776,776,776,0,0,0,0,Other
0013000001GXH5MAAX,Livelo S.A.,aBR3y000000wmohGAA,616890.3684,536426.4073,0,0,0,0,536426.4073,Legacy CDP
0013000000hIyBVAA0,Aire Limpio 2000 S L,aBR3y000000buZWGAY,1395.3661,1395.3661,1395.3661,0,0,0,0,Other
001ed0000059RVyAAM,Nabtesco Marine Asia Pacific Pte Ltd,001ed0000059RVyAAM,15843.621,15843.621,15291.621,0,552,0,0,Other
0010M00001THHoHQAX,KENBUNDO inc.,aBR3y000000552kGAA,37596.924,36384.12,36384.12,0,0,0,0,Other
0013000000RXSzXAAX,ALLIED TELESIS HOLDINGS K.K.,aBR3y00000050FAGAY,290.5952,290.5952,290.5952,0,0,0,0,Other
0013000001MeWLfAAN,Bancolombia S.A.,aBR0M00000004o8WAA,114993.3787,114993.3787,0,84105.3787,0,30888,0,Other
001ed00000SiNVRAA3,Endeavour Energy Network Operator Partnership trading as Endeavour energy,001ed00000SiNVRAA3,78302.8357,67825.8671,67825.8671,0,0,0,0,Other
0010M00001UMBTrQAP,"Hiyes International Co., Ltd",0010M00001UMBTrQAP,3430.4511,1829.5739,1829.5739,0,0,0,0,Other
0013000001CBd4OAAT,Vindi,aBR3y0000004kpZGAQ,81035.8127,70913.4694,70913.4694,0,0,0,0,Other
0010M00001XyAqGQAV,PICKUP SERVICES,aBR300000004I3oGAE,107251.6704,10944.048,10944.048,0,0,0,0,Other
001ed00000JwbNlAAJ,SopraSteria,aBR0M000000082YWAQ,13707.4201,5909.7859,5909.7859,0,0,0,0,Other
0013000000RXM3nAAH,COMUNE DI IVREA,aBR3y000000kCBUGA2,12552.8231,4377.6192,4377.6192,0,0,0,0,Other
0013000000LjCTqAAN,COTO,0013000000LjCTqAAN,245160,149160,69000,0,77760,2400,0,Other
00130000016g37kAAA,Acushnet Company,aBR0M000000CcDFWA0,199817.5182,199817.5182,199817.5182,0,0,0,0,Other
0013000001JzHOCAA3,Amer Sports Europe Services GmbH,aBR3y000000HV9jGAG,80689.1526,80689.1526,0,65809.6249,0,14879.5277,0,Other
0013000000NSxJUAA1,FUJITSU LIMITED,aBR30000000L6BJGA0,52289.6111,39231.7547,2847.6347,36384.12,0,0,0,Other
00100000000oyjgAAA,"Mirantis, Inc.*",aBR3y0000004wRiGAI,526,492.6667,492.6667,0,0,0,0,Other
0013y00001cZeMxAAK,Wesfarmers One Pass Pty Ltd,aBR3y000000HRpRGAW,180202.4539,71780.3021,70474.3987,0,1305.9034,0,0,Other
0013000001CCq1VAAT,Crystal SAS,0013000001CCq1VAAT,240205,240205,208205,32000,0,0,0,Other
0013y00001cUPHSAA4,Nippon Life Insurance Company(ServiceDesk),aBR30000000L6CrGAK,1209.5698,627.4239,627.4239,0,0,0,0,Other
0013y00001cZhbbAAC,BENIC SOLUTION CORPORATION,aBR30000000L6XtGAK,55053.2163,49983.6955,49983.6955,0,0,0,0,Other
00130000016inEKAAY,Crowe LLP,aBR300000004F7rGAE,109654.44,109654.44,109654.44,0,0,0,0,Other
00100000001L6t9AAC,Emerson Electric Co.,aBR300000004DaqGAE,72674.2769,68676.3029,68676.3029,0,0,0,0,Other
00130000001xWXPAA2,"Southern Glazer's Wine and Spirits, LLC",aBR300000004E7sGAE,3448.8284,3448.8284,3448.8284,0,0,0,0,Other
0013000000roL7FAAU,Consumer Acquisition Solutions,aBR300000004XRBGA2,10805.921,10805.921,10805.921,0,0,0,0,Other
00130000008UtFcAAK,Vonage Business Inc.,aBR3y000000TRcgGAG,447110,257480,257480,0,0,0,0,Other
0010M00001V3zKTQAZ,The Vanity Portrait Studio,0010M00001V3zKTQAZ,6774.75,774.75,774.75,0,0,0,0,Other
0010M00001VKeWfQAL,Lyse Tele Bedrift,aBR3y00000119nPGAQ,547.2024,547.2024,547.2024,0,0,0,0,Other
0013000001MsFQJAA3,ZOTA TECHNOLOGY PTE. LTD.,aBR3y000000LHiGGAW,191876.1954,71985.6844,0,63357.2044,0,8628.48,0,Other
0013000000roxFvAAI,amaysim Mobile Pty Ltd,aBR3y000000CmoEGAS,260369.5688,183718.7144,0,183718.7144,0,0,0,Other
00130000016gkcgAAA,Stratco Pty Ltd,aBR0M000000bqtcWAA,164943.8873,164943.8873,0,164943.8873,0,0,0,Other
00100000000EKruAAG,"Johnson & Johnson Services, Inc.",aBR300000004Dj6GAE,351471.7791,351471.7791,245089.1795,106382.5996,0,0,0,Other
0013y00001dWKOmAAO,Canada Post - CRM + Marketing,aBR3y000000yiErGAI,269865.7096,267565.0159,0,224618.7337,0,42946.2822,0,Other
0013000001CD0Y0AAL,IPER Montebello Spa,aBR0M000000080aWAA,65759.2496,56465.2965,0,56465.2965,0,0,0,Other
0010M00001cHT7YQAW,NSW Electricity Networks Operations Pty Limited (TRANSGRID),aBR300000004CWzGAM,23846.9325,21291.904,0,0,0,0,21291.904,Legacy CDP
0013y00001cjwZaAAI,APPASAMY ASSOCIATES PRIVATE LIMITED,aBR3y0000004uZRGAY,1375.1014,1375.1014,1375.1014,0,0,0,0,Other
0013000000JzGKNAA3,"American Century Services, LLC (Distribution & GII)",aBR300000004EvzGAE,272900,272900,272900,0,0,0,0,Other
0013000000RXrZZAA1,Hotel Chocolat Ltd,aBR300000004Fv1GAE,22533.9922,22533.9922,22533.9922,0,0,0,0,Other
0010M00001WaAg0QAF,NCSI (AUSTRALIA) PTY LIMITED,aBR3y0000004iPTGAY,49530.6466,41448.2398,0,0,0,0,41448.2398,Legacy CDP
0010M00001XyG8UQAV,Deutsche Post IT Services GmbH,aBR300000004H4cGAE,757.169,409.2806,409.2806,0,0,0,0,Other
0010M00001WaLEbQAN,SES Water,aBR300000004FxEGAU,98207.6022,98207.6022,0,98207.6022,0,0,0,Other
00130000007qkCiAAI,Randstad Deutschland GmbH & Co.KG,aBR300000004H8jGAE,68684.8452,68684.8452,0,50561.5018,0,18123.3434,0,Other
0013000001MnnbfAAB,PricewaterhouseCoopers Global Licensing Services Corporation,aBR300000004FdaGAE,2248395.278,2248395.278,0,1616365.484,0,632029.7944,0,Other
0013000001KZC1iAAH,"ALPHA CLUB MUSASHINO CO., LTD.",aBR3y00000053UNGAY,48916.428,48916.428,48916.428,0,0,0,0,Other
0010M00001PE5wwQAD,FOX.INC,0010M00001PE5wwQAD,14277.1287,14277.1287,14277.1287,0,0,0,0,Other
0013000000EzEjSAAV,"Tuff Shed, Inc.",aBR3y000000HLaVGAW,108000,108000,108000,0,0,0,0,Other
0013000001GGEZfAAP,Sparco Spa,0013000001GGEZfAAP,34015.4153,24903.6965,24601.6408,0,302.0557,0,0,Other
0013000001EZ75qAAD,Al Maryah Retail Company LTD,aBRed000000B8K1GAK,49862,49862,0,44726,0,5136,0,Other
0013y00001cZsgiAAC,Zig,0013y00001cZsgiAAC,21857.6286,21857.6286,0,21857.6286,0,0,0,Other
001ed00000aT2OHAA0,Burnett Foundation Aotearoa.,001ed00000aT2OHAA0,2312.1259,2312.1259,319.2037,0,1992.9222,0,0,Other
0013000000RaHYKAA3,Nexeye B.V.,0013000000RaHYKAA3,122617.1138,122617.1138,0,82627.5624,0,39989.5514,0,Other
001ed000007fX0nAAE,AXS Group LLC,aBR300000004FEwGAM,24000,24000,24000,0,0,0,0,Other
0013000000K6amFAAR,Kaltura,aBR0M000000H3sRWAS,42000,42000,42000,0,0,0,0,Other
0013000000HF6McAAL,Dr. Glinz COVIS GmbH,aBR3y000000CkIVGA0,875.5239,875.5239,875.5239,0,0,0,0,Other
0010M00001SJ3UmQAL,Advokattilsynet,aBR30000000XdtWGAS,333.4991,166.7496,166.7496,0,0,0,0,Other
0013000000ZmNVKAA3,The American College DBA The American College of Financial Services,aBR0M000000CagYWAS,69388.5897,69388.5897,48133.5897,0,1380,19875,0,Other
001ed00000CCawrAAD,Bayer AG,aBR300000004H4iGAE,145225.547,145225.547,0,106456.0381,0,38769.5089,0,Other
0013000001FoRsZAAV,Phantom Fireworks*,aBR3y000000yfeDGAQ,44500,44500,44500,0,0,0,0,Other
0013y00001cJ34yAAC,Columbus Technical College (TCSG),aBRed000000BSLyGAO,76000,54880,54000,880,0,0,0,Other
0013y00001dkAS4AAM,Davey Water Products,aBR300000004SMbGAM,33318.7814,8512.0974,8512.0974,0,0,0,0,Other
0013000000IkkcNAAR,Comcater Pty Ltd,aBR3y000000HHcNGAW,71295.083,61320.6835,61320.6835,0,0,0,0,Other
001ed00000NbEd4AAF,"Altius Link, Inc",aBR30000000L6BkGAK,39437.1519,627.4239,627.4239,0,0,0,0,Other
00130000016hCUgAAM,Mend.io (previously White Source Software Ltd),aBR3y000000HJVjGAO,7000,7000,7000,0,0,0,0,Other
0013y00001fSqHaAAK,Australian Community Media Data Cloud,aBR3y000000yfMWGAY,125819.5791,125819.5791,0,125819.5791,0,0,0,Other
0013000000hJJ1tAAG,CRESERFI,aBRed0000003EeNGAU,30164.0163,26226.3166,26226.3166,0,0,0,0,Other
0013y00001fF59HAAS,"EP Wealth Advisors, LLC (New Org)",aBR3y000000wmIZGAY,499999.9992,249999.9996,249999.9996,0,0,0,0,Other
0013y00001d2Fv6AAE,Försvarsmakten*,0013y00001d2Fv6AAE,100706.5985,100706.5985,57722.544,42522.2742,0,461.7803,0,Other
0013y00001fSljtAAC,Laboratory Corporation of America Holdings,aBRed0000003gadGAA,47088,47088,0,0,0,0,47088,Legacy CDP
00130000016hF3PAAU,Grupo Purdy Motors,aBR30000000XimKGAS,2800,2800,2800,0,0,0,0,Other
0013y00001d9NIZAA2,National University of Singapore,aBR3y000000Cm0gGAC,35835.101,35835.101,0,35835.101,0,0,0,Other
0013000000NOx3uAAD,Tolsa S.A.,0013000000NOx3uAAD,9166.7346,9166.7346,9166.7346,0,0,0,0,Other
0010M00001Qkb4gQAB,Stanford University - Office of Development ADAPT,aBR30000000L7rNGAS,55400,10420,4900,0,5520,0,0,Other
0013y00001ept19AAA,PICPAY INSTITUIÇÃO DE PAGAMENTO S/A,aBR3y000000wmrWGAQ,2303151.705,2303151.705,0,2241303.369,0,61848.3364,0,Other
0010M00001WI2kIQAT,Productos Familia S.A - NIT 890900161-9,aBR3y000000HE4WGAW,5400,5400,0,5400,0,0,0,Other
0013y00001f9YiJAAU,Devs United,0013y00001f9YiJAAU,3750,750,0,0,750,0,0,Other
0013y00001cQHUrAAO,"Ministerio de Inclusion, Seguridad Social y Migraciones (España)",aBR3y0000005HgyGAE,94447.1343,94447.1343,0,92477.2056,0,1969.9287,0,Other
0010M00001NYWhgQAH,FICTIV,aBR3y0000004pYvGAI,24368.1231,6384.5465,6384.5465,0,0,0,0,Other
0013y00001Z1KI6AAN,NobleReach Foundation,aBR0M00000006p8WAA,3450,575,575,0,0,0,0,Other
0013000000rmrzzAAA,Baptist Health Jacksonville,aBR3y000000H7yqGAC,189600,189600,0,189600,0,0,0,Other
001ed00000FMTXPAA5,PDS Health (Data Cloud Org),aBR3y0000000RDrGAM,192637.3333,192637.3333,0,188857.3333,0,3780,0,Other
0013000000K7grbAAB,"Advanced Micro Devices, Inc.",aBR300000004DcvGAE,23063.1467,19949.3075,19949.3075,0,0,0,0,Other
0013000001CCtDPAA1,BOSCOLO TOURS SPA,aBR0M000000GpMlWAK,2490.8653,1943.6629,1943.6629,0,0,0,0,Other
0013000001If8NZAAZ,Blink Payments,0013000001If8NZAAZ,27515.6709,27507.2877,0,27507.2877,0,0,0,Other
0013y00001be9A9AAI,Nordec Oy,aBRed000000A7oEGAS,38314.3825,32823.3888,0,32823.3888,0,0,0,Other
0013y00001fo1z1AAA,Kiko SpA_DC Test Environemnt,aBR0M000000GpabWAC,9988.9297,9988.9297,0,8749.1879,0,1239.7418,0,Other
001300000040XQbAAM,"Pandora Media, LLC",aBR0M000000GniXWAS,36256,36256,36256,0,0,0,0,Other
0010M00001XxrqQQAR,Smart Foodservice Warehouse Stores,aBR300000004EC2GAM,48346.9119,47387.6478,47387.6478,0,0,0,0,Other
0013y00001f6L6fAAE,Simon Curwood Jewellers,0013y00001f6L6fAAE,26989.6987,26989.6987,0,26989.6987,0,0,0,Other
0013000000ZlgTLAAZ,Rivoli Group,aBR3y000000HI32GAG,21600,21600,0,21600,0,0,0,Other
00130000016gYO3AAM,Comcast Cable Communications Management LLC,aBR300000004C9KGAU,429520.3023,144697.5416,0,144697.5416,0,0,0,Other
0010M00001Qk6qbQAB,TeleSpecialists,aBR3y000000buACGAY,37104,37100,0,37100,0,0,0,Other
0013y00001dOLbjAAG,Mahindra & Mahindra Ltd. (CDP),aBR3y000000wnCKGAY,663441.3514,604059.076,0,596279.9309,0,7779.1451,0,Other
0010M00001P0I0YQAV,Bluerock Capital Markets LLC,aBRed0000003VthGAE,48000,48000,48000,0,0,0,0,Other
0013y00001gmmjyAAA,Monterey Bay Aquarium Foundation - 2nd Org (NPC),aBR0M000000LCITWA4,356949.6127,154949.6167,0,154949.6167,0,0,0,Other
0013000001GWShbAAH,"Azbil North America, Inc.",aBR3y000000CmZhGAK,751.0288,375.5144,375.5144,0,0,0,0,Other
0013000000Ra6IgAAJ,"Cetera Financial Group, Inc.",aBR3y000000H6mQGAS,82500,60000,0,60000,0,0,0,Other
0013000000Zki3RAAR,"Merge Healthcare Solutions, Inc.",aBR3y000000LJA2GAO,1996.591,1996.591,1720.591,0,276,0,0,Other
0010M00001QmSTBQA3,"Barhold, SA",aBR3y000000HG8BGAW,148510.7314,148510.7314,0,139974.3739,0,8536.3575,0,Other
001ed00000Kc0LHAAZ,Weisshaus Shop GmbH,001ed00000Kc0LHAAZ,27956.346,26425.5772,20885.1529,0,5540.4243,0,0,Other
0013y00001ey2O3AAI,Prudential BSN Takaful Berhad (Active org),aBRed0000008AAHGA2,123207.2444,73207.2444,0,55207.2444,0,18000,0,Other
0010M00001XyBxcQAF,UJCD SERVICES,0010M00001XyBxcQAF,2462.4108,2462.4108,2052.009,410.4018,0,0,0,Other
0013y00001cfuYnAAI,Aston Martin Retailer Relaunch,aBR3y000000wr7xGAA,338528.2595,54286.2871,0,38567.837,0,15718.4501,0,Other
0013000000HFGqlAAH,"D'Artagnan, Inc",aBR3y000000HUL5GAO,72348.0657,72348.0657,72348.0657,0,0,0,0,Other
0013y00001f93iEAAQ,Decimal.health,0013y00001f93iEAAQ,47000,42000,42000,0,0,0,0,Other
001ed00000G41h6AAB,TENDERR ADVERTISING,001ed00000G41h6AAB,36005.9179,35458.7155,0,35458.7155,0,0,0,Other
0013y00001eDUSyAAO,"TERAS HOLDINGS CO., LTD.",aBR3y000000HNanGAG,53342.345,53342.345,53175.9264,166.4186,0,0,0,Other
0013y00001Z0sxsAAB,Shared Practices,0013y00001Z0sxsAAB,499.5438,499.5438,499.5438,0,0,0,0,Other
0010M00001Qo4IeQAJ,Side Action Apparel,0010M00001Qo4IeQAJ,10120,10120,0,8200,0,1920,0,Other
0013000000CIEzqAAH,Algo Communication Products Ltd,0013000000CIEzqAAH,32054.0981,32054.0981,0,32054.0981,0,0,0,Other
0013000000hLlqRAAS,RecoveryTrek,aBR30000000L8wJGAS,18036,18036,16236,0,1800,0,0,Other
0010M00001QnrbEQAR,TXU Energy Retail Company LLC,aBR3y000000h4MGGAY,12711.6,12711.6,12711.6,0,0,0,0,Other
0013000001GWRE1AAP,AMPLE TECHNOLOGIES  PVT LTD,0013000001GWRE1AAP,28796.7668,28796.7668,0,28796.7668,0,0,0,Other
00130000003vanDAAQ,"Rocket Software, Inc.",aBR0M000000GnsJWAS,494633.04,494633.04,0,0,0,0,0,Legacy CDP
001ed00000l2uMRAAY,MACAMI BIOTECH SL.,001ed00000l2uMRAAY,262.6571,262.6571,0,0,0,262.6571,0,Other
0013000000KwJh4AAF,McKesson Corporation,aBR300000004EAPGA2,3549202.355,1373829.922,1008958.497,135292.6916,229578.7343,0,3.64E-12,Other
0013000000M1hpwAAB,Buyers Edge Platform #NAELB,aBR3y000000LHtOGAW,356342.3954,356342.3954,0,356342.3954,0,0,0,Other
0013000001FjEGPAA3,Transaction Network Services,aBR300000004DIVGA2,4727.2196,4727.2196,4727.2196,0,0,0,0,Other
0013000001L64DfAAJ,Phoenix Group Management Services Limited,aBR3y000000HDnEGAW,995286.2342,856596.8912,0,812988.5312,0,43608.36,0,Other
0013y00001cSSsOAAW,UNITED THERAPEUTICS - Marketing Cloud (DNC),aBR3y000000H8CjGAK,251511.8676,251511.8676,0,178900.9476,22810.92,49800,0,Other
0013y00001bdeXnAAI,BolognaFiere Cosmoprof SpA,aBR0M000000GpzBWAS,147754.883,141376.6799,0,128243.8223,0,13132.8576,0,Other
001ed00000QaP7NAAV,Semak For Cosmetics,001ed00000QaP7NAAV,2880,2880,0,0,0,2880,0,Other
0010M00001VKhewQAD,Personify Health (Health Cloud org),aBR300000004Ql0GAE,60000,60000,60000,0,0,0,0,Other
0013000000JbQt8AAF,Plasmatreat GmbH,aBR3y000000h45bGAA,19480.4054,12585.6552,12585.6552,0,0,0,0,Other
0010M00001W8QKWQA3,Sent Entertainment Italy Srl,0010M00001W8QKWQA3,26691.9103,26691.9103,24721.9816,0,1969.9287,0,0,Other
001ed00000aDFirAAG,"Orange Dcx, S. de R.L. de C.V.",aBR3y000000gESpGAM,2941.0641,2347.5682,1643.2978,704.2704,0,0,0,Other
0013y00001cVpcWAAS,ITSoli,aBRed000000v9mXGAQ,25500,8500,8500,0,0,0,0,Other
0013000001L6hokAAB,SOCIEDAD ESPAÑOLA DE ELECTROMEDICINA Y CALIDAD SA,aBR3y000000CljYGAS,8783.6929,8783.6929,8783.6929,0,0,0,0,Other
0013000001GWIUtAAP,Hapvida Assistência Médica Ltda.,aBR3y000000PCHGGA4,863516.2594,414839.672,0,265946.1511,0,148893.5209,0,Other
0013y00001dVu4dAAC,Nuvama Wealth Management Limited,aBR3y000000HRJMGA4,16100.1458,6906.6106,0,6906.6106,0,0,0,Other
0013000000ZjjkbAAB,Marsh Furniture Company,aBR3y000000TRFQGA4,38400,38400,38400,0,0,0,0,Other
0013000000hKGarAAG,"NAC CO.,LTD.",0013000000hKGarAAG,315.329,315.329,0,0,315.329,0,0,Other
0013y00001ch1xCAAQ,Allwyn Entertainment Ltd,aBR3y0000000NdiGAE,1799904.629,1357797.442,0,0,0,0,1357797.442,Legacy CDP
0013y00001gP7PjAAK,ISED 1 - Data Cloud *Main*,aBR0M000000bmIvWAI,155944.9625,155944.9625,0,93580.8255,0,62364.137,0,Other
0013y00001bebDJAAY,Australian Football League (STK),aBR3y0000004tjZGAQ,1324.104,1324.104,1324.104,0,0,0,0,Other
0013000001FkCQdAAN,Grohe AG,aBR300000004HYVGA2,238364.6486,238364.6486,0,0,0,0,238364.6486,Legacy CDP
0010M00001WZo6aQAD,Axel Springer France S.A.S,aBR3y000000HIpkGAG,90186.0652,90186.0652,0,90186.0652,0,0,0,Other
001ed00000At0w7AAB,Allp Fit,001ed00000At0w7AAB,107027.0097,40700.4121,0,37685.5668,0,3014.8453,0,Other
001000000002WRnAAM,Massachusetts Medical Society,aBR0M000000GnvAWAS,88900,88900,86400,2500,0,0,0,Other
0013000000CuBDrAAN,TÜV Rheinland AG,aBR300000004Hi8GAE,4604.7081,1674.4393,1674.4393,0,0,0,0,Other
00100000001t4ZaAAI,Dave & Buster’s (Main Org),aBR3y0000004pORGAY,1283525.654,1260025.654,0,1157041.654,0,102984,0,Other
0013000000hJTZpAAO,Solect Energy Development LLC,aBR3y000000HMwiGAG,5315.146,5315.146,5315.146,0,0,0,0,Other
0013000000hLz2FAAS,NetScout Systems Inc.*,aBR300000004F86GAE,12500,12500,12500,0,0,0,0,Other
00130000002xCLqAAM,CROUZET,aBR3y000000HIr3GAG,958.0995,958.0995,656.0438,0,302.0557,0,0,Other
0010M00001NYqbTQAT,Iren Mercato,aBR0M000000GpTpWAK,275571.1294,275571.1294,0,242738.9854,0,32832.144,0,Other
0010M00001WA7LzQAL,"Avoris Retail Division, S.L.U.",aBR30000000XfKIGA0,134859.5835,134859.5835,0,133546.2977,0,1313.2858,0,Other
0013000000RXbXKAA1,"SHINWA PACKAGE CO.,LTD.",0013000000RXbXKAA1,33958.512,33958.512,33958.512,0,0,0,0,Other
0013000001FixS8AAJ,Pantera Capital,0013000001FixS8AAJ,15000,15000,15000,0,0,0,0,Other
0010M00001U3u9lQAB,LUMINOR BANK AS,aBR3y000000TVpgGAG,59783.6123,59783.6123,0,58470.3265,0,1313.2858,0,Other
0010M00001WaDUpQAN,London Business School - Aware 2 Admit,aBR0M0000008UauWAE,36618.1782,26014.0349,26014.0349,0,0,0,0,Other
0013000000AT40BAAT,Periodici San Paolo SRL,0013000000AT40BAAT,8202.4179,8202.4179,8202.4179,0,0,0,0,Other
001ed00000Jryb4AAB,Guire,001ed00000Jryb4AAB,2447.7646,2447.7646,2447.7646,0,0,0,0,Other
0013000000hLhV2AAK,TouchBistro Inc.,aBR3y0000004ixaGAA,110433.2972,110433.2972,0,110433.2972,0,0,0,Other
0010M00001YamGjQAJ,Azalea Investment Management Pte Ltd,aBR3y000000h499GAA,4000,500,500,0,0,0,0,Other
0013y00001dNAvMAAW,Cox Automotive UK,aBR3y000000HDkiGAG,340775.9977,340775.9977,270357.3413,0,57843.8963,12574.7601,0,Other
0010M00001SJ7CSQA1,Kohler India Corporation Private Limited,aBR3y0000000Bp5GAE,56507.1439,56507.1439,56507.1439,0,0,0,0,Other
0010M00001SeanSQAR,Chartered Professional Accountants of Ontario (CPAO) - Org1,aBR3y000000TQZUGA4,14315.4275,14315.4275,13292.8969,1022.5306,0,0,0,Other
0010M00001Ozv8WQAR,Kingsley Healthcare Limited,0010M00001Ozv8WQAR,24873.9164,19637.3024,19637.3024,0,0,0,0,Other
0013000000EjtySAAR,Sunbelt Rentals Limited,aBR300000004Fy0GAE,88287.0978,25413.2974,25124.078,0,289.2194,0,0,Other
0013000000hIxcuAAC,"Seismic Software, Inc.",aBR3y0000004toeGAA,391478.2408,276726.9086,107470.1317,1344.7369,1380,19200,0,Other
00130000002xGmBAAU,Honda Motor Europe Ltd. Belgian Branch,aBR3y0000004k14GAA,28071.4831,711.3631,711.3631,0,0,0,0,Other
001ed00000ewNBlAAM,Conair LLC - US Service Org,aBR300000004DazGAE,202022.0804,119597.3541,112397.3541,0,0,7200,0,Other
001ed000009PYVxAAO,Nutricia South Korea Ltd,001ed000009PYVxAAO,15380,15380,14000,0,1380,0,0,Other
0013y00001bdfopAAA,Revenue Pulse,aBR3y000000ChezGAC,2076,2076,1800,0,0,276,0,Other
0013000000RX3uRAAT,"Charles River Laboratories, Inc",aBR300000004FcEGAU,263930.7897,194703.8598,138453.8598,0,0,56250,0,Other
0010M00001PDuNyQAL,TFS LTD,aBR3y0000000EvGGAU,36000,36000,36000,0,0,0,0,Other
0010M00001P0XA8QAN,INNOCEAN WORLDWIDE MEXICO S DE RL DE CV,aBR0M0000008W2SWAU,292756.4186,258114.6,0,0,0,0,258114.6,Legacy CDP
0013000001CCeYyAAL,"Easy Ice, LLC",aBR3y0000000DBHGA2,15800,15800,13050,2750,0,0,0,Other
00130000002x8adAAA,The Toronto-Dominion Bank,aBR300000004KV4GAM,816933.1806,583834.2813,0,0,0,583834.2813,0,Other
0013y00001cZdAMAA0,i2H Ambassador,aBR3y000000ChQDGA0,2666.6666,2533.3333,2533.3333,0,0,0,0,Other
0013000000hK7FZAA0,NETAFIM LTD,aBR3y000000HCMvGAO,48630,21630,0,20250,1380,0,0,Other
0013000000rpWEpAAM,UNA Trading FZE,aBR3y000000Cm4gGAC,10400,10400,4400,0,0,6000,0,Other
0010M00001Yb6JFQAZ,KAO CORPORATION,aBR30000000L6XyGAK,4038.9914,1346.3304,1346.3304,0,0,0,0,Other
0013000000Raj07AAB,Isuzu Australia Limited,aBR3y0000004kUGGAY,109023.8948,109023.8948,0,109023.8948,0,0,0,Other
0013y00001fvAbJAAU,Proquire LLC,aBR300000004Fk5GAE,140402,40402,10302,100,30000,0,0,Other
00100000001QlsiAAC,Teranet Inc,aBR300000004QuaGAE,145000.02,145000.02,145000.02,0,0,0,0,Other
0010M00001UVDrCQAX,GlobalSign (ATLAS 2nd org),aBR30000000XaFhGAK,100130.0182,100130.0182,100130.0182,0,0,0,0,Other
0010M00001ULeULQA1,"Tackle.io, Inc.",aBR3y0000000JiSGAU,2000,2000,2000,0,0,0,0,Other
00130000000Um8MAAS,Luigi Lavazza SpA,aBR0M000000GpcOWAS,424248.1972,416074.6372,0,370372.2927,0,45702.3445,-7.28E-12,Other
0010M00001PDsTqQAL,Sumitomo SHI FW Energia Oy,0010M00001PDsTqQAL,48591.5732,45965.0016,45965.0016,0,0,0,0,Other
001ed00000GTX5qAAH,All About Aesthetics Pte Ltd,001ed00000GTX5qAAH,8050,8050,0,850,0,7200,0,Other
0013000001CB2pBAAT,Hero MotoCorp Ltd. IBU,aBR3y000000HRzMGAW,141142.0095,138482.0268,77837.5812,32662.6503,6221.9494,0,21759.8459,Other
0013y00001d0o36AAA,"GoDaddy.com, LLC - GoDaddy Main",0013y00001d0o36AAA,5400,5400,5400,0,0,0,0,Other
00130000001cah7AAA,Coalfire Systems Inc.,aBR0M000000Gnv7WAC,100000,50000,50000,0,0,0,0,Other
0013000001CCuQ4AAL,PANDORA A/S,aBR3y000000brGqGAI,2551463.394,366379.148,364463.0641,0,1916.0839,0,0,Other
0010M00001Z08mUQAR,GROUPE HUEBER ASSURANCES,aBR3y000000kDPpGAM,16400.7503,341.4543,341.4543,0,0,0,0,Other
0013000001KZClYAAX,PROFIELD INC.,aBR3y00000055iqGAA,2829.876,2021.34,2021.34,0,0,0,0,Other
001ed00000a3BrqAAE,INTERNATIONAL FURNITURE DISTRIBUTION,001ed00000a3BrqAAE,111296.2664,111296.2664,0,110582.3643,0,713.9021,0,Other
0013y00001cQ9wsAAC,ChildFund Korea,0013y00001cQ9wsAAC,63209.8906,63209.8906,0,58889.8906,0,4320,0,Other
0013000001Fj9ycAAB,SurePayroll,aBR300000004FdpGAE,719.6761,53.6177,53.6177,0,0,0,0,Other
0013y00001cb4oJAAQ,BBB Atlanta & NE Georgia,aBR3y000000g3QTGAY,515.816,515.816,515.816,0,0,0,0,Other
0013000000rnrynAAA,"Bodesa, S.A.P.I. De C.V.",0013000000rnrynAAA,54519.697,54519.697,0,53943.697,0,576,0,Other
0010M00001WJF6xQAH,NIORTAISE DES EAUX,0010M00001WJF6xQAH,701.6024,410.0274,410.0274,0,0,0,0,Other
0013y00001g8Fk5AAE,REBNY Second Org,aBR3y000000bu2sGAA,59826.8709,51840,51840,0,0,0,0,Other
00100000000iYOiAAM,UKG Inc.,aBR3y000000CiN5GAK,499986.2122,259992.3503,259992.3503,0,0,0,0,Other
00130000003NevxAAC,Xerox Corporation,aBR300000004DZLGA2,1323960,1323960,0,60276,0,1263684,0,Other
0010M00001WY89IQAT,Bureau Veritas Service France,aBR0M0000000AeRWAU,53739.6533,42795.6053,41587.3824,0,1208.2229,0,0,Other
0013000001JcoNqAAJ,Novozymes A/S,aBR30000000XcCpGAK,56998.3571,56998.3571,56998.3571,0,0,0,0,Other
0013y00001eCE3SAAW,HSBC Life (Singapore) Pte. Ltd,aBR0M00000006luWAA,135965,878,878,0,0,0,0,Other
00100000001E1OPAA0,"Heidrick & Struggles International, Inc.",aBR300000004F2ZGAU,171153.6,108000,108000,0,0,0,0,Other
0013000000NPWmnAAH,"JR TOKAI AGENCY CO.,LTD.",aBR0M0000008V4gWAE,2510.1044,278.9004,278.9004,0,0,0,0,Other
0010M00001NYmrcQAD,Caritas Schweiz,aBR3y0000000NmkGAE,66211.1908,66211.1908,66211.1908,0,0,0,0,Other
00130000016i4K4AAI,Brunello Cucinelli SpA,aBR3y0000008ZD9GAM,140045.79,130332.5316,0,122452.817,0,7879.7146,0,Other
0013y00001beHCYAA2,AMPTALK K.K.,aBR3y00000058AmGAI,14028.0996,3032.01,3032.01,0,0,0,0,Other
001ed00000MeADlAAN,Databricks - Lakeflow Integration Org,aBR0M000000GxmOWAS,3626,3626,3626,0,0,0,0,Other
0010M00001JzoctQAB,Pioner Boat AS,0010M00001JzoctQAB,1094.4048,1094.4048,0,1094.4048,0,0,0,Other
0013000000hJrCEAA0,MultiChoice Support Services Proprietary Limited,aBR3y000000HAJnGAO,497358.5545,447183.581,0,0,0,0,447183.581,Legacy CDP
0013000001LVfbSAAT,BDL Capital Management,0013000001LVfbSAAT,1776.7852,1776.7852,1776.7852,0,0,0,0,Other
0010M00001SelJUQAZ,Culligan International Company,aBR3y000000H6uaGAC,14450,4250,4250,0,0,0,0,Other
00130000004CtvCAAS,Access Information Management,aBRed0000004lQ9GAI,1380,1380,1380,0,0,0,0,Other
0013000000M2TDwAAN,Bell & McCoy Integrated Solutions,0013000000M2TDwAAN,1132.2992,1132.2992,1132.2992,0,0,0,0,Other
0013000000M2TWbAAN,"Server Products, Inc.",aBR3y0000000GQSGA2,85791.0856,81904.7219,79623.826,480.8959,1800,0,0,Other
00130000001S78HAAS,Jacuzzi Brands LLC,aBR300000004DQXGA2,41208.1794,3134.5474,3134.5474,0,0,0,0,Other
0013000000ZkHVuAAN,"Kohl's, Inc.",aBR300000004EHNGA2,34782.36,34782.36,0,34782.36,0,0,0,Other
0013000000royNIAAY,"Bomgaars Supply, Inc.",0013000000royNIAAY,306042.1546,306042.1546,141042.1546,60000,0,105000,0,Other
001300000044L8LAAU,Smith & Nephew UK Limited,aBR300000004FuAGAU,309564,309564,0,309564,0,0,0,Other
0013y00001gDHyRAAW,University of Michigan ITS Education Cloud Org,aBR300000004PREGA2,102826.572,102826.572,0,68158.572,0,34668,0,Other
0013000000NS5g8AAD,Druni Sociedad Anonima,0013000000NS5g8AAD,133200.284,125014.6744,0,121513.4545,0,3501.2199,0,Other
0013y00001eHxSqAAK,"BODYFRIEND Co.,Ltd (MC)",aBR3y000000HOFfGAO,41483.1805,41483.1805,0,41483.1805,0,0,0,Other
00130000002BwSNAA0,"Zimbra, Inc.",aBR3000000002RiGAI,4026,4026,3750,0,276,0,0,Other
0010M00001NYYbBQAX,CitySprint (UK) Ltd.,aBR3y000000HDe6GAG,21771.1011,813.1677,813.1677,0,0,0,0,Other
0013y00001ey2CmAAI,PruLife Insurance Corporation of U.K,0013y00001ey2CmAAI,54134.9651,54134.9651,0,36134.9651,0,18000,0,Other
0013y00001gWkf1AAC,"Owens & Minor Medical, Inc. - CDP Org",aBR0M00000006ooWAA,339150,293250,0,0,0,0,293250,Legacy CDP
0013y00001emOqtAAE,Attentis Consulting (HC org),aBR3y000000CiPaGAK,776,776,776,0,0,0,0,Other
0013000000GtvcCAAR,"Optum Technology, Inc.",aBR300000004EnDGAU,614.2839,614.2839,338.0568,0,276.2271,0,0,Other
00130000001oKthAAE,Kerry Group Services International Limited,aBR300000004Fu6GAE,776,776,776,0,0,0,0,Other
0010M00001WZgaGQAT,Ente Nazionale per l'Aviazione Civile (ENAC),aBR3y000001181eGAA,23639.1437,23639.1437,23639.1437,0,0,0,0,Other
0013y00001dL6gGAAS,Roofmart,0013y00001dL6gGAAS,32832.144,32832.144,0,0,32832.144,0,0,Other
001ed000003KLo9AAG,Hakuhodo DY ONE,aBR0M000000LDm2WAG,25363.936,25363.936,0,25363.936,0,0,0,Other
0013y00001cUTX6AAO,"SORICH,Inc.",aBR3y000000ygwiGAA,424.4814,424.4814,0,0,0,424.4814,0,Other
0010M00001XyDstQAF,Scape Australia Management Pty Ltd,aBR3y0000004xXJGAY,36714.3667,21165.7237,16055.6667,0,0,5110.057,0,Other
00130000002xKBkAAM,Telenor Norge AS,aBR300000004LtvGAE,3809.5,3809.5,1187.5,0,2622,0,0,Other
0013000001J7mk0AAB,AC ENVIRONNEMENT,aBR300000004NSZGA2,2755.7861,2755.7861,2755.7861,0,0,0,0,Other
0013000001JyXwWAAV,"HyCite Enterprises, LLC",aBR0M000000GnuFWAS,220614.0281,220614.0281,0,220614.0281,0,0,0,Other
0013000000Fd37qAAB,NIB Health Funds Ltd,aBR300000004CHKGA2,56466.8399,56466.8399,0,48290.7488,0,8176.0911,0,Other
0013000000ronZUAAY,"CrowdStrike, Inc.",aBR3y0000004pTcGAI,9221013.019,1610294.239,1405184.276,-16677.9045,202003.3385,19784.5291,0,Other
0013y00001cFrEdAAK,Bell Canada COCD 1000,aBR300000004DtiGAE,24353.1752,10877.9233,9982.1866,0,895.7367,0,0,Other
0013y00001c7LxnAAE,"Honda Korea Co.,Ltd.",0013y00001c7LxnAAE,50693.3333,50693.3333,0,49253.3333,0,1440,0,Other
0013000000HiwrcAAB,PAYONEER Inc.,0013000000HiwrcAAB,7296.6252,6000,6000,0,0,0,0,Other
0013000000M2MZ9AAN,Bank of Montreal,aBR3y000000Cj9EGAS,1428564.806,1428564.806,0,1423164.806,0,5400,0,Other
0013000000NSS2jAAH,Rewe Digital GmbH (BIPA Parfumerien Gesellschaft m.b.H.),aBR300000004Mv2GAE,223785.9948,121446.1007,0,91109.1996,0,30336.9011,0,Other
0013000000ZjcPkAAJ,SUCCESS FOR ALL FOUNDATION INC,0013000000ZjcPkAAJ,776,776,776,0,0,0,0,Other
001ed00000CpUjYAAV,ORNL Federal Credit Union (FSC Org),aBR3y000000H7erGAC,140250.2151,79937.4267,79937.4267,0,0,0,0,Other
0013000000NPGSSAA5,Discovery Life Sciences,aBR3y000000yfZ8GAI,28661.4074,6597.9745,6597.9745,0,0,0,0,Other
001ed00000QPD6LAAX,Regeneron Healthcare Solutions,aBR300000004QEgGAM,663624,555876,0,387600,0,168276,0,Other
0013y00001crJxVAAU,Salud Pharma / Innovacure,0013y00001crJxVAAU,950,950,950,0,0,0,0,Other
001ed00000lCyYTAA0,Leaf Home,aBR3y000000CiOIGA0,474120.9639,426147.2508,424767.2508,0,1380,0,0,Other
0013000001GUSVsAAP,E.ON Digital Technology GmbH,aBR3y0000000M5xGAE,456244.323,447029.0294,136576.1377,232211.9819,74897.2811,3343.6287,0,Other
0010M00001Qme2rQAB,IPF Digital AS (MC Org),aBR3y000000Xq3YGAS,560554.1385,560554.1385,0,560554.1385,0,0,0,Other
00130000002vitZAAQ,"Westlake Management Services, Inc",aBR3y000000CnUlGAK,78000,60000,60000,0,0,0,0,Other
0013y00001f99ssAAA,Aurora Sustainable Lands LLC,aBRed00000005CnGAI,40002,40002,40002,0,0,0,0,Other
0013000000RXpimAAD,SICREDI,aBR300000004RgwGAE,196906.5127,196906.5127,0,189272.8491,0,7633.6636,0,Other
0010M00001NYn8CQAT,Gruppo Salvioni,0010M00001NYn8CQAT,45965.0016,45965.0016,45965.0016,0,0,0,0,Other
0010M00001Wa1etQAB,Madrigal Pharmaceuticals,aBR3y000000CoJ5GAK,34836,34836,0,34836,0,0,0,Other
0010M00001Sq0iNQAR,"Sonos, Inc. (Primary)",aBR3y0000004sEVGAY,8263.8991,8263.8991,8263.8991,0,0,0,0,Other
0013y00001e61wzAAA,SLAC,aBR3y000000gFaIGAU,16008.7719,16008.7719,16008.7719,0,0,0,0,Other
0013000000rp4LmAAI,Little Caesars Fundraising,aBR300000004FGFGA2,8492.2446,8492.2446,0,8492.2446,0,0,0,Other
0013000000NRupMAAT,Diversified Food Service Inc.,aBR30000000L8axGAC,156074.8514,138338.2785,0,138338.2785,0,0,0,Other
0010M00001SIPKIQA5,TAPP Inc,0010M00001SIPKIQA5,25877.6439,6225.7272,0,404.268,0,5821.4592,0,Other
0010M00001MtNnGQAV,"Hyundai Motor de México, S. de R.L de C.V. RFC: HMM1308078T2",aBR3y0000011438GAA,86773.8118,515.6061,515.6061,0,0,0,0,Other
0013y00001Z0iR1AAJ,CMAX Clinical Research Pty Ltd,0013y00001Z0iR1AAJ,9198.1025,9198.1025,0,9198.1025,0,0,0,Other
0013y00001dKu9oAAC,Truenorth Corporation,0013y00001dKu9oAAC,11472,600,600,0,0,0,0,Other
001ed00000Ffe7NAAR,Bendigo and Adelaide Bank Ltd.,aBR300000004CDJGA2,715362.2789,715362.2789,0,680727.4483,0,34634.8306,0,Other
001ed00000hmTNBAA2,California State University - East Bay (Education Cloud),001ed00000hmTNBAA2,61292.7163,48000,48000,0,0,0,0,Other
0010M00001XyHW8QAN,HONDA SELVA DEL PERU S.A - RUC : 20493508645,0010M00001XyHW8QAN,7560,7560,7560,0,0,0,0,Other
00130000006BL7MAAW,Personnel Hygiene Services Limited,aBR300000004LA6GAM,47784.0882,47784.0882,47784.0882,0,0,0,0,Other
0013000000NR8bfAAD,Tobii AB (publ),0013000000NR8bfAAD,683.0778,683.0778,683.0778,0,0,0,0,Other
001ed00000EEvOGAA1,Eniro Sverige AB (Org 2),aBRed000000EGjQGAW,117131.1165,116402.1789,0,116402.1789,0,0,0,Other
0013y00001cbE05AAE,Bharti Airtel Limited,aBR3y000000HROuGAO,286070.2061,173852.1081,173852.1081,0,0,0,0,Other
0013y00001e5wZuAAI,VGP Holdings LLC,aBR0M000000Gob8WAC,327863.1023,327863.1023,0,327863.1023,0,0,0,Other
0010M00001WHqf4QAD,PrimeSafe,0010M00001WHqf4QAD,24603.9779,14667.7561,14667.7561,0,0,0,0,Other
0013000001Ig0haAAB,John Paul EMEA (Service Concierge),aBR300000004HjsGAE,43094.3681,43094.3681,43094.3681,0,0,0,0,Other
0013000000M1oQ9AAJ,"Minto Communities, Inc.",aBR300000004ErUGAU,48876.9593,38651.654,38651.654,0,0,0,0,Other
0013000000GMPnWAAX,"American Express Travel Related Services Company, Inc.",aBR300000004EhjGAE,523269.7177,523269.7177,413884.4532,0,109385.2645,0,0,Other
0013000001NXS2kAAH,Aduro Advisors (Master Portal),aBR3y000000CfneGAC,58740,57240,57240,0,0,0,0,Other
00130000016jFMOAA2,El Camino Hospital,aBR3y000000H6zRGAS,137806.3141,137806.3141,46127.8741,37050,40228.44,14400,0,Other
0010M00001YFcWSQA1,Apple Inc.,aBR300000004DYtGAM,65133.7335,35636.8101,35636.8101,0,0,0,0,Other
0013y00001fDeN0AAK,United Way British Columbia (2nd Org),aBR3y000000TUFmGAO,73740.9648,73740.9648,0,72360.5486,0,1380.4162,0,Other
0013000001KZC9BAAX,BeNEXT Technologies Inc.,aBR3y000000fycAGAQ,33958.512,33958.512,33958.512,0,0,0,0,Other
0013000000hK03aAAC,Landmark Credit Union,0013000000hK03aAAC,43566.3321,43566.3321,0,43566.3321,0,0,0,Other
0013y00001cw9R0AAI,Ministry of Social Development (Parent),aBR3y000000wmX2GAI,1306013.383,1306013.383,0,776453.3134,0,529560.0692,0,Other
00130000002xBNCAA2,Les Grands Chais de France,aBR30000000Xb91GAC,32144.7404,32144.7404,32144.7404,0,0,0,0,Other
0013000001Mj7dJAAR,GPBR PARTICIPACOES LTDA.,aBR3y0000004sKOGAY,33917.0101,33917.0101,33917.0101,0,0,0,0,Other
0013y00001gc2OQAAY,"CHUGAI PHARMACEUTICAL CO., LTD.",aBR3y000000ygRMGAY,12128.04,12128.04,0,12128.04,0,0,0,Other
0013y00001cQJp5AAG,EURO DEPOT ESPAÑA SA,aBR3y000000btKJGAY,114999.1645,114999.1645,0,104492.8784,0,10506.2861,0,Other
0013y00001XzU5MAAV,Vera Therapeutics,0013y00001XzU5MAAV,42000,42000,0,42000,0,0,0,Other
00130000002xB8RAAU,"StandardAero Aviation Holdings, Inc (Corp)",aBR3y000000HEpjGAG,51000,51000,51000,0,0,0,0,Other
00130000002xBIgAAM,Séché Alliance,aBR3y000000Ck7ZGAS,8653.095,8653.095,8653.095,0,0,0,0,Other
00130000016gmXyAAI,"DPSP S/A (Drogaria Pacheco, Drogaria São Paulo)",aBR3y000000wmpBGAQ,12015.5943,12015.5943,0,10122.2714,0,1893.3229,0,Other
0013000000LBm1uAAD,Ecore International Inc.,aBR3y000000H6z5GAC,42000,42000,42000,0,0,0,0,Other
0013y00001ep1KeAAI,"MikoSea Co.,Ltd.",0013y00001ep1KeAAI,4460.3375,4460.3375,4366.0944,94.2431,0,0,0,Other
0010M00001WY6PiQAL,Convention Management Resources Main Org.,aBR3y0000004rHZGAY,15576,576,576,0,0,0,0,Other
0013y00001d7VGwAAM,"Murata Machinery, Ltd.",aBR0M000000LDmLWAW,19081.4496,9379.0176,9379.0176,0,0,0,0,Other
0013000000hKBfwAAG,National Employment Law Project,0013000000hKBfwAAG,500,500,500,0,0,0,0,Other
0013y00001fbq3LAAQ,Palmer College of Chiropractic - Davenport - EDU Cloud Org,aBR0M000000CaiEWAS,33915.5558,33915.5558,20298.0859,4617.4699,9000,0,0,Other
0013000001CD3x5AAD,Equatorial Serviços S.A.,aBR0M00000005U6WAI,149260.1698,149260.1698,0,147866.3005,0,1393.8693,0,Other
0013y00001cQ4B2AAK,NEXT GENERATION INSTITUTE SRL,0013y00001cQ4B2AAK,1530.7688,1530.7688,0,1530.7688,0,0,0,Other
00130000005np5DAAQ,"Meta Platforms, Inc.",aBR300000004DK6GAM,7083645.443,7039447.102,0,6461035.096,0,578412.0063,0,Other
0010M00001QlNAwQAN,CarrefourSA,aBR3y000000HDXxGAO,240600,198600,0,198600,0,0,0,Other
0013y00001d7ydXAAQ,CHOGAN GROUP SPA,0013y00001d7ydXAAQ,167006.1725,96964.2653,83010.6041,13953.6612,0,0,0,Other
0013y00001d26WxAAI,Cerveceria Cielito Lindo S.A de C.V,0013y00001d26WxAAI,38054.3841,37380,37380,0,0,0,0,Other
0013y00001cwB0zAAE,Scotiabank Colpatria S.A.,aBR3y0000008XaLGAU,2625,2625,2625,0,0,0,0,Other
0013y00001fo22oAAA,JAKALA SPAIN AND LATAM S.L.,aBR3y0000004lhuGAA,6266.5618,2490.8653,0,2490.8653,0,0,0,Other
0013000000M1ou4AAB,Superior Industries - 1st Org,aBR0M000000GogYWAS,3223.3084,559.0748,559.0748,0,0,0,0,Other
0010M00001SJA5pQAH,Pipeline Packaging,aBR3y000000H6q6GAC,40000,40000,40000,0,0,0,0,Other
0010M00001SHdBvQAL,CriticalRiver Inc.*,aBR3y000000bsJ7GAI,12000,4000,4000,0,0,0,0,Other
0013000000M2JqVAAV,Spotify USA Inc.,aBR0M000000GnsOWAS,30500,30500,0,30500,0,0,0,Other
0010000000206inAAA,Heat and Control   Inc.,0010000000206inAAA,181255.943,7950.9047,7950.9047,0,0,0,0,Other
0013y00001cFUpWAAW,Eaton Main,aBR300000004DapGAE,1291923.473,1291923.473,1167117.473,0,121656,3150,0,Other
0013000000M1dtbAAB,Boehringer Ingelheim GmbH,aBR300000004DMBGA2,50762.4041,47762.4041,10076,37410.4041,276,0,0,Other
0010M00001WHr1AQAT,Amgen - Experimentation (Governance Org),aBR300000004DMqGAM,409.1146,409.1146,409.1146,0,0,0,0,Other
0013y00001d81IhAAI,"Las Vegas Grand Prix, Inc.",aBRed000000ED73GAG,234071.7416,75558.5981,75558.5981,0,0,0,0,Other
0013000000LZRuoAAH,Bank Leumi le-Israel B.M.,aBR300000008R2WGAU,380167.3075,380167.3075,0,311407.3075,68760,0,0,Other
001ed00000PcR8sAAF,CFC Underwriting BRM Org,aBR3y000000HJ3LGAW,104109.0121,60645.1161,60645.1161,0,0,0,0,Other
0013000001J617CAAR,TRADES SA,0013000001J617CAAR,56361.8472,28180.9236,28180.9236,0,0,0,0,Other
0010M00001bby46QAA,Urbaser SA,aBR3y000000h4S8GAI,575.6569,575.6569,575.6569,0,0,0,0,Other
0013000000M2OFrAAN,Rolf C. Hagen Inc,aBR3y000000H6OaGAK,527610.0482,447633.5532,0,377324.354,0,70309.1992,0,Other
0013000000rnONFAA2,Gradle Inc.,0013000000rnONFAA2,1500,1500,0,1500,0,0,0,Other
0010M00001Y5SVIQA3,Adventure Operations,0010M00001Y5SVIQA3,5308.4324,5308.4324,5308.4324,0,0,0,0,Other
0013000001HeVmWAAV,Vietnam International Commercial Joint Stock Bank,aBR3y000000H943GAC,2168.1231,2168.1231,1901.2969,266.8262,0,0,0,Other
0010M00001WJjhAQAT,LATAM Airlines Group S.A.,aBR0M000000L94MWAS,14400,7200,7200,0,0,0,0,Other
001ed00000LxaedAAB,HUNGRY ANTS SL,001ed00000LxaedAAB,4224.5826,4224.5826,4224.5826,0,0,0,0,Other
0013000000NQEG4AAP,Adama Agan,aBR3y000000ygWbGAI,8295.4545,2488.6363,2488.6363,0,0,0,0,Other
0013y00001foTAdAAM,StoneX Group Inc.(FSC Org),aBR3y000000H7KQGA0,503480,503480,0,503480,0,0,0,Other
0010M00001SIz0oQAD,Meupag Will Bank,aBR3y000000Cp3dGAC,169126.0941,169126.0941,0,167510.9984,0,1615.0957,0,Other
0013000000M2k7EAAR,Mitsubishi Motor Sales of Canada,aBR3y000000cFLvGAM,230348.9699,230348.9699,0,225812.37,0,4536.5999,0,Other
0013000001JxuIcAAJ,Salon Line Professional,aBR3y000000TRBnGAO,14574.2648,1256.1856,1256.1856,0,0,0,0,Other
0013000000NP0b6AAD,Mavis Tire Express Services Corp.,aBR3y000000bwJcGAI,113833.3293,113833.3293,0,113833.3293,0,0,0,Other
0013y00001cU76UAAS,Société des Produits Nestlé SA,aBR300000004MqpGAE,97114,97114,0,92026,0,5088,0,Other
00130000016ggXEAAY,Pfizer Medical Information (Grace),aBR300000004DLjGAM,71830.3796,22375.5438,22375.5438,0,0,0,0,Other
001ed00000mNPodAAG,Agentschap Integratie en Inburgering (Taalscan),aBRed000000tWbxGAE,2188.8096,547.2024,547.2024,0,0,0,0,Other
0013000001GUacKAAT,"UNIALCO S.L,",0013000001GUacKAAT,71370.5148,71370.5148,0,68743.9432,0,2626.5716,0,Other
00100000000nEblAAE,Unum Group,aBR300000004Ef8GAE,520000,520000,520000,0,0,0,0,Other
0010M00001U9prXQAR,"NewEdge Capital Group, NEW",aBR3y0000004kR7GAI,47250,45000,45000,0,0,0,0,Other
00130000002xDy5AAE,Hapag-Lloyd AG,aBR3y000000bt0kGAA,120412.9825,15076.5205,15076.5205,0,0,0,0,Other
0013000001Fj9riAAB,"Spartan Race, Inc.",aBR3y000000HHNNGA4,216400,216400,0,204400,0,12000,0,Other
0013y00001f7futAAA,"The Boston Consulting Group, Inc.",aBR300000004RROGA2,61628,61628,52628,0,9000,0,0,Other
0013000000NRTXVAA5,Videojet Technologies Inc,aBR3y000000HVVVGA4,380.0479,380.0479,380.0479,0,0,0,0,Other
0013000000ZjdHBAAZ,Art Computer Sa,0013000000ZjdHBAAZ,14008.3815,14008.3815,0,14008.3815,0,0,0,Other
0013y00001cSM8GAAW,Flight Centre Travel Group Limited,aBR300000004CJuGAM,11419.3613,801.6337,801.6337,0,0,0,0,Other
0013y00001d77NUAAY,Heathmont OU,aBR3y000000g3ARGAY,223184.4937,223184.4937,0,179714.735,0,43469.7587,0,Other
0013y00001h7PYGAA2,"CHUGAI PHARMACEUTICAL CO., LTD.",aBR3y000000ygRMGAY,67917.024,67917.024,0,67917.024,0,0,0,Other
0013y00001cCYC5AAO,Bayer AG,aBR300000004H4iGAE,72413.1992,72170.646,0,0,0,0,72170.646,Legacy CDP
0010M00001WaN6tQAF,"Bethlehem Shared Services, LLC",aBRed000000A6LuGAK,179772.4,179772.4,0,179772.4,0,0,0,Other
0013y00001cb8k1AAA,"NIHON KEIEI SOGO KENKYUJO, K.K.",0013y00001cb8k1AAA,27894.492,27894.492,27894.492,0,0,0,0,Other
0010M00001UVcEVQA1,"The Leukemia & Lymphoma Society, Inc.",aBR30000000PBW0GAO,31276,30276,30276,0,0,0,0,Other
0010M00001SnBKgQAN,Pineapple Financial*,aBR3y000000Cj90GAC,4090.1221,4090.1221,0,4090.1221,0,0,0,Other
001ed00000hEVkmAAG,Georges,001ed00000hEVkmAAG,10934.0625,8747.25,8747.25,0,0,0,0,Other
0010M00001c4SZ0QAM,PPC S.A. - ΔΕΗ,aBR3y000000XpDeGAK,607110.1188,607110.1188,0,523585.1444,0,83524.9744,0,Other
0013y00001cQ44pAAC,Rewe Digital GmbH (CoE),aBR30000000Xd2MGAS,3038.0677,849.2581,849.2581,0,0,0,0,Other
0013000001JylKYAAZ,Elisa Oyj,aBR300000004MVkGAM,441884.4411,250538.3464,243774.9247,0,1510.2787,5253.143,0,Other
00130000009JOmzAAG,Maxis Broadband Sdn Bhd (Master),aBRed0000003UeHGAU,85308.8321,29110.1551,11239.7354,10490.4197,1380,6000,0,Other
0010M00001SeVeVQAV,"Meitar, Law Offices",aBR3y0000004tq6GAA,1000,500,500,0,0,0,0,Other
00130000008vApDAAU,"Versant Media, LLC",aBR300000004C9KGAU,211242.4389,159642.4389,115948.8789,43693.56,0,0,0,Other
0013y00001cfpsEAAQ,Pixia B.V.,0013y00001cfpsEAAQ,22933.2681,11989.2201,8124.8768,2052.009,1812.3343,0,0,Other
0013000000Fd3FtAAJ,OAG Aviation Worldwide Ltd,aBR3y000000bunMGAQ,49800,49800,49800,0,0,0,0,Other
0013000000hKyKcAAK,Wittebrug Lease BV,aBR3y000000gFl4GAE,13112.239,13112.239,13112.239,0,0,0,0,Other
0013y00001cfmtOAAQ,GRUPO RAMOS S.A,0013y00001cfmtOAAQ,160973,95600,0,86000,0,9600,0,Other
0013000000JgRwYAAV,"OBUNSHA CO., LTD.",aBR3y000000gEApGAM,23653.2897,23653.2897,10647.7374,13005.5523,0,0,0,Other
0013000000J5w9KAAR,"Eileen Fisher, Inc.",0013000000J5w9KAAR,506690.04,342690,0,309690,0,33000,0,Other
0013000001EYJ5JAAX,Salvatore Ferragamo S.p.A.,aBR0M000000GpqYWAS,42627.0669,42627.0669,0,42627.0669,0,0,0,Other
001ed00000cqMxuAAE,KIZUKI HOLDINGS K.K.,001ed00000cqMxuAAE,35574.1086,33958.512,33958.512,0,0,0,0,Other
0013000000M0yfdAAB,Terna SpA,aBR0M000000GpNeWAK,121264.8771,84677.0845,0,84677.0845,0,0,0,Other
0013y00001f9B8KAAU,CTRL-F NV,aBR3y000000g33ZGAQ,5948.13,5948.13,5948.13,0,0,0,0,Other
0013y00001cyhaKAAQ,Rebuy Engine,aBR3y000000Cf9oGAC,43043.956,43043.956,27000,16043.956,0,0,0,Other
00130000002xDFHAA2,BEC Financial Technologies a.m.b.a. (AL),aBR0M000000Cda5WAC,849.2581,849.2581,849.2581,0,0,0,0,Other
0013000000RYOrKAAX,IQumulate Premium Funding,aBR300000004aeGGAQ,34067.0464,34067.0464,34067.0464,0,0,0,0,Other
0010M00001SIZ7vQAH,Direct Publishing Inc. (Agentforce),aBR3y00000057e2GAA,48512.16,48512.16,48512.16,0,0,0,0,Other
00120000000AY06AAG,Sunrise AG (B2B),aBR3y000000h3mlGAA,79884.2185,79884.2185,0,58044.2185,0,21840,0,Other
001ed00000GHsR6AAL,Automobile et Touring Club du Québec (A.T.C.Q.),001ed00000GHsR6AAL,216269.6775,216269.3052,0,190615.6503,0,25653.6549,0,Other
0013000000Zmgq3AAB,DJØF,0013000000Zmgq3AAB,112.905,112.905,0,112.905,0,0,0,Other
0013000000IkncWAAR,Banco Caja Social S.A.,aBR0M00000006d2WAA,30194.2524,30194.2524,0,21734.2524,0,8460,0,Other
0013y00001be3IYAAY,Arla Foods Amba (Commercial),aBR300000004M0FGAU,40925.7822,40925.7822,0,40925.7822,0,0,0,Other
0010M00001SenzIQAR,Surya Inc.,aBR3y000000bu9FGAQ,85000,75000,75000,0,0,0,0,Other
001ed00000evqngAAA,Ministry of Digital Development and Information (Singapore),aBR0M000000bpvjWAA,32400,32400,32400,0,0,0,0,Other
0013000000M2j44AAB,Dusk Australasia Pty Ltd,0013000000M2j44AAB,64562.8883,64562.8883,0,64562.8883,0,0,0,Other
0010M00001SIb8qQAD,BEGRAND | RFC: BEG1403112L2,0010M00001SIb8qQAD,22680,16200,16200,0,0,0,0,Other
0013000001GVgDXAA1,Cafeyn,aBR3y000000HIqNGAW,2050.1368,2050.1368,2050.1368,0,0,0,0,Other
001ed00000SbbIGAAZ,HTS Interior Design LLC,001ed00000SbbIGAAZ,381.5374,381.5374,0,141.5374,0,240,0,Other
00100000001yCn3AAE,Progress Software Corporation,aBR300000004F56GAE,237639.96,237639.96,0,0,0,0,0,Legacy CDP
0013y00001c8RQ6AAM,SEIBU PRINCE HOTELS WORLDWIDE INC. - Main,aBR30000000L6QsGAK,264378.504,264378.504,0,264378.504,0,0,0,Other
0013000000rpjd2AAA,OSDE Organización de Servicios Directos Empresarios,aBR3y000000wlMjGAI,76927.5,76927.5,76927.5,0,0,0,0,Other
0010M00001QlonFQAR,"CAMPMANY ABOGADOS, SLPU.",0010M00001QlonFQAR,11819.5718,11819.5718,0,11819.5718,0,0,0,Other
0010M00001SIn5jQAD,ODASEVA TECHNOLOGIES SAS 1,aBR3y0000004lo9GAA,8076.7075,8076.7075,6566.4288,0,1510.2787,0,0,Other
0013000000ZkFJXAA3,"Farouk Systems, Inc.",0013000000ZkFJXAA3,202050.8548,202050.8548,0,151650.8548,0,50400,0,Other
0013000001CCMITAA5,The Start-Up Loans Company,0013000001CCMITAA5,11394.3044,3118.5404,1232.3264,0,1886.214,0,0,Other
00130000002xYsMAAU,"Build-A-Bear Workshop, Inc.",aBRed0000006W0QGAU,517248.96,337605,337605,0,0,0,0,Other
0013000001CAVMqAAP,Conta Azul,0013000001CAVMqAAP,23741.9071,23741.9071,0,23741.9071,0,0,0,Other
0013y00001c8Mo0AAE,Grupo Super Nosso,aBR3y000000oLqrGAE,11323.6155,11323.6155,11323.6155,0,0,0,0,Other
0013y00001g8XmLAAU,"The Scotts Company, LLC.",aBR300000004DO7GAM,151000,151000,151000,0,0,0,0,Other
0013y00001emNvnAAE,OficialFarma,0013y00001emNvnAAE,41350.2759,41350.2759,0,41350.2759,0,0,0,Other
0013y00001fobjgAAA,Thronsberg Consulting,0013y00001fobjgAAA,1860.4881,1860.4881,1860.4881,0,0,0,0,Other
0013000000B2QQAAA3,Visma AS,aBR3y000000Xr9XGAS,3073.3161,601.272,601.272,0,0,0,0,Other
00130000016hRMPAA2,American Addiction Centers*,aBR0M000000bmm3WAA,69660,69660,69660,0,0,0,0,Other
0013000000rqlm6AAA,Deutsche Post IT Services GmbH (Org for DPDHL Research & Innovation GmbH),aBR300000004H4cGAE,849.2581,849.2581,849.2581,0,0,0,0,Other
0013y00001cUKqYAAW,Merck Sharp & Dohme Corp LLC,aBR300000004DLrGAM,159500.8553,159500.8553,0,159500.8553,0,0,0,Other
0013y00001eX4VZAA0,Triwest,aBR300000004UvBGAU,42000,42000,42000,0,0,0,0,Other
0010M00001Qk2JCQAZ,Armis (Main),aBR3y000000h3zjGAA,292243.6602,92664.0266,90588.0266,0,2076,0,0,Other
0013000000I3xyPAAR,Ceramiche Atlas Concorde SpA,aBR0M000000GpNMWA0,44323.3944,22161.6972,22161.6972,0,0,0,0,Other
0013000001GjAcBAAV,Solenis LLC,aBR3y000000h3dzGAA,1996552.697,1850402.799,0,1850402.799,0,0,0,Other
0013000000ZjGyhAAF,Champion Motors  Ltd,aBR3y000000CknDGAS,28820.1477,28820.1477,0,23030.1477,0,5790,0,Other
0013000000Zj1w0AAB,Alpha Bank London Ltd.,0013000000Zj1w0AAB,83599.6089,59773.0152,0,43425.8271,0,16347.1881,0,Other
0013000001L6dP3AAJ,ICASA,0013000001L6dP3AAJ,119712,9720,0,9720,0,0,0,Other
00130000016hVzkAAE,CNP Protection Sociale (Marketing),aBR3y000000HOaTGAW,59352.7149,59352.7149,0,59352.7149,0,0,0,Other
0013y00001d9O7SAAU,Bangkok Life Assurance Public Company Limited,aBR3y000000wsYUGAY,21933.0292,21933.0292,21600,333.0292,0,0,0,Other
001ed00000YLWB0AAP,Rakuten France S.A.S,aBR3y000000HFcfGAG,5649.2656,5649.2656,4555.8594,1093.4062,0,0,0,Other
0013000000hJJ4FAAW,iFood.com Agência de Restaurantes Online S.A,aBR3y000000CdqQGAS,1736060.109,1590653.938,1413208.755,15074.2267,0,162370.9564,0,Other
0013y00001d0sBAAAY,Quality by Randomization Limited trading as Protas,aBR3y0000008YelGAE,1047.8966,523.9483,523.9483,0,0,0,0,Other
0013000001JxwplAAB,HELEN TRAITEUR,0013000001JxwplAAB,1444.6143,1444.6143,1444.6143,0,0,0,0,Other
0013000000NPqgwAAD,Conforama España S.A.,aBR3y000000Xs8SGAS,159737.1264,159737.1264,0,154891.1019,0,4846.0245,0,Other
00130000016juaAAAQ,LW Reid Pty Ltd,aBR3y000000H8TGGA0,56778.4106,56778.4106,0,56778.4106,0,0,0,Other
0010M00001UVQ98QAH,The Travelers Indemnity Company,aBR300000004EnqGAE,814529.0909,794529.0909,704529.0909,0,90000,0,0,Other
0013y00001f9AcMAAU,New Mexico Human Services Dept. - Mobile Publisher Deployment Org,aBRed000000BYG5GAO,14051,14051,14051,0,0,0,0,Other
0013000000I3fviAAB,Enova Financial Holdings LLC,aBR0M000000GnMMWA0,47400,47400,47400,0,0,0,0,Other
0013y00001eqjKbAAI,Appen AI Pty Limited,aBR3y000000H8MXGA0,158802,158802,0,0,0,0,158802,Legacy CDP
00130000004n6wnAAA,CRF International Holding B.V.,aBR3y000000h4oYGAQ,33079.4794,575.6569,575.6569,0,0,0,0,Other
0013000001CCpVoAAL,Mazda Motor de Mexico S de RL de CV,aBR3y000000XqNMGA0,115175,115175,108175,7000,0,0,0,Other
0010M00001UVWyuQAH,Herzing University Education Cloud,aBR300000004XyAGAU,74468.0044,481.518,481.518,0,0,0,0,Other
0013000000NSpSGAA1,OzForex Limited,aBR3y000000H8Y3GAK,85672.6399,69585.4236,0,57345.5881,0,12239.8355,0,Other
001ed00000KlehdAAB,"MESOSYSTEM, S.A.",001ed00000KlehdAAB,20774.7189,20774.7189,20774.7189,0,0,0,0,Other
0010M00001XxnGoQAJ,Sun terras Inc.,aBR3y000000ygm5GAA,17464.3776,17464.3776,0,17464.3776,0,0,0,Other
0013000000Kv8aVAAR,Copastur Viagens e Turismo Ltda.,0013000000Kv8aVAAR,27133.6081,27133.6081,27133.6081,0,0,0,0,Other
001ed00000T7CWoAAN,"NTT DATA Americas, Inc.",aBR300000004C9aGAE,1962332.8,1692332.8,1532008,0,160324.8,0,0,Other
0013000001GUzEKAA1,ASSOCIACAO INSTITUTO PROA,0013000001GUzEKAA1,3818.8041,3818.8041,0,3818.8041,0,0,0,Other
0010M00001Myqs1QAB,Toyota Chile S.A.,aBR3y0000004k1dGAA,7643.0201,5395.073,5395.073,0,0,0,0,Other
0013000001CD5V5AAL,Net Health (Primary Org),aBR3y0000000DCPGA2,79482.9684,79482.9684,0,79482.9684,0,0,0,Other
00130000002xU7uAAE,Smile Brands Inc.,aBR3y000000H7xuGAC,36000,36000,0,36000,0,0,0,Other
0013y00001cSfgEAAS,Gesa Credit Union,aBR3y0000004izDGAQ,37766.4234,37500,37500,0,0,0,0,Other
0013000000K5zuDAAR,"Moodys Analytics, Inc.",aBR300000004F0ZGAU,3293406,2359656,2359656,0,0,0,0,Other
0013000000IknpIAAR,B3 S.A.,aBR3y000000gDn9GAE,140109.4909,140109.4909,127942.4366,9152.209,0,3014.8453,0,Other
0013y00001eYpGiAAK,ergoflix Group GmbH,0013y00001eYpGiAAK,1010.007,1010.007,1010.007,0,0,0,0,Other
0013000000ZiqmjAAB,IDEXX Laboratories Inc.*,aBR300000004DiIGAU,291700.1731,275200.1731,0,275200.1731,0,0,0,Other
0013000001Jz3QjAAJ,Little Company of Mary Healthcare Limited,aBR300000004SNMGA2,37854.9775,37854.9775,37854.9775,0,0,0,0,Other
0013000001GVUKkAAP,St Clair Hospital (Main Account),aBR300000004EnMGAU,21600,21600,0,21600,0,0,0,Other
0013000001CAMSkAAP,Carmignac gestion,aBR0M000000bn9gWAA,21275.2293,21275.2293,21275.2293,0,0,0,0,Other
0010M00001XxdnpQAB,Infovista Corporation,aBR3y000000HKmCGAW,58475.04,58475.04,0,0,0,0,0,Legacy CDP
0013000001CD0VkAAL,"PepsiCo, Inc.",aBR300000004DCXGA2,5059980.684,4040704.208,2915150.517,418251.342,658569.0882,48733.2609,0,Other
0013y00001e5uzlAAA,Boehringer Ingelheim GmbH (00DHn0000019kPN),aBR300000004DMBGA2,27600.5877,27600.5877,1774.6314,25825.9563,0,0,0,Other
0013000000CEmUhAAL,Deutsche Post IT Services GmbH,aBR300000004NHHGA2,849.2581,849.2581,849.2581,0,0,0,0,Other
0013y00001d72bPAAQ,"Franklin Square Holdings, L.P.",aBR3y000000HKcxGAG,15101.5729,15101.5729,15101.5729,0,0,0,0,Other
00130000002xVAUAA2,"Campus Crusade for Christ, Inc.",aBR30000000PBRPGA4,8785.558,8785.558,0,8785.558,0,0,0,Other
0013000000RWy9vAAD,Yamaha Motor Canada Ltd,0013000000RWy9vAAD,145979.4653,145979.4653,0,143579.4653,0,2400,0,Other
00130000016k7yFAAQ,CULTURA,aBR3y000000HMyPGAW,59777.4487,59777.4487,0,58595.4915,0,1181.9572,0,Other
0013000001J6MW7AAN,ICI Homes,0013000001J6MW7AAN,33350,33350,0,27500,0,5850,0,Other
00100000001FgxbAAC,"Global Payments Direct, Inc.",aBR300000004FBNGA2,137732.8844,137732.8844,137732.8844,0,0,0,0,Other
0013000000ZmRXEAA3,Sprout Social Inc.,aBR3y000000yfeyGAA,459200,249200,0,249200,0,0,0,Other
0013000001GUObGAAX,APULIA DISTRIBUZIONE S.R.L.,0013000001GUObGAAX,49029.335,49029.335,0,49029.335,0,0,0,Other
0013000001IewgRAAR,Mortenson Dental Partners,aBR3y000000fyWMGAY,45000,45000,0,45000,0,0,0,Other
0010M00001WYjCgQAL,BizFlight LLC,aBR3y000000g43PGAQ,14409.3244,14409.3244,14277.1287,132.1957,0,0,0,Other
0013000000NRDv9AAH,Keskinäinen Vakuutusyhtiö Fennia,aBR300000008Q8dGAE,150758.036,123397.916,914.9223,120211.0093,302.0557,1969.9287,0,Other
0013y00001c8KxxAAE,Indianapolis Colts Inc (2nd Org),aBR3y000000CgzHGAS,60000,60000,60000,0,0,0,0,Other
0013000000rqQ4FAAU,"Prog Leasing, LLC",aBR3y000000wlLHGAY,242354.09,242354.09,0,242354.09,0,0,0,Other
0010M00001WY6vjQAD,INFORMA D&B,aBR3y000000wpdhGAA,17358.3111,2574.4365,2574.4365,0,0,0,0,Other
001ed00000W9YUhAAN,Pivot Property Buyers,001ed00000W9YUhAAN,986.0517,986.0517,236.5767,0,0,749.475,0,Other
0010M00001WayhUQAR,ICMarkets Group Ltd,aBR3y0000000OLkGAM,42600,42600,42600,0,0,0,0,Other
001ed00000bmhzpAAA,Fideicomiso Irrevocable DB/1616,aBR3y000000XqIHGA0,10325,10325,2000,1125,0,7200,0,Other
0010M00001YaxmcQAB,Honda Turkiye,0010M00001YaxmcQAB,27775,27775,0,25975,0,1800,0,Other
0013000001GUQyMAAX,La Prairie Group AG,aBR3y000000wo4lGAA,96661.0069,96661.0069,0,85471.8122,0,11189.1947,0,Other
0013000000hKAuSAAW,unWired Broadband,aBR3y000000HLcaGAG,5919.1601,663.4734,663.4734,0,0,0,0,Other
0013000000NQrssAAD,Dehner Gartencenter GmbH & Co. KG,0013000000NQrssAAD,55798.4802,55798.4802,0,55798.4802,0,0,0,Other
0013y00001Y0d9ZAAR,Eastwood Homes,aBR3y000000fyxzGAA,62400,62400,0,54000,0,8400,0,Other
0010M00001QlF1cQAF,L’Occitane International (Suisse) SA,aBR3y000000HBKDGA4,230697.6361,110363.0353,68337.891,0,0,42025.1443,0,Other
0013y00001gpo5bAAA,ConnectNow Pty Ltd,aBR300000004S6LGAU,109117.2625,109117.2625,27848.4307,4731.5343,0,76537.2975,0,Other
0013y00001f5z8AAAQ,CAINZ CORPORATION,aBR0M000000LDkmWAG,168288.683,168288.683,0,168288.683,0,0,0,Other
0013000001NXCg5AAH,"Converge Information and Communications Technology Solutions, Inc.",aBR3y00000116ZJGAY,21000,21000,0,21000,0,0,0,Other
0013000001MnrjZAAR,National Grid UK Limited,0013000001MnrjZAAR,120940.7414,101859.7481,737.7192,101122.0289,0,0,0,Other
0013000000ZkJPPAA3,SoftServe Inc.,aBR300000004F5FGAU,45660,45660,45660,0,0,0,0,Other
0013y00001gDVeqAAG,ERGO INSURANCE COMPANY SINGLE MEMBER S.A.,aBR3y000000TVQQGA4,69398.2087,69398.2087,0,56134.0225,0,13264.1862,0,Other
0010M00001THN5oQAH,SMAS Auto Leasing India Pvt. Ltd.,0010M00001THN5oQAH,6261.6225,736.6614,736.6614,0,0,0,0,Other
0013y00001cQ9pQAAS,Backbone Art SA,aBR3y000000btJbGAI,5944.137,3969.3751,0,3969.3751,0,0,0,Other
00130000004c7QOAAY,Sumitomo Mitsui Banking Corporation,aBR30000000L6E2GAK,485308.8617,363844.4731,0,308253.3297,0,55591.1434,0,Other
0013y00001YbTUCAA3,Knowledge Work Inc.,0013y00001YbTUCAA3,38809.728,38809.728,38809.728,0,0,0,0,Other
001ed000007dMHcAAM,SunStrong Management,001ed000007dMHcAAM,23978.1021,3996.3503,3996.3503,0,0,0,0,Other
0013000000I5nIOAAZ,"The Pacific Financial Group, Inc.",0013000000I5nIOAAZ,726,526,526,0,0,0,0,Other
0013y00001fYLlIAAW,"American Lebanese Syrian Associated Charities, Inc.",aBR30000000PBPjGAO,35600,35600,0,35000,0,600,0,Other
0013000001MrkKJAAZ,The Money Lab (Expert Finance Group),0013000001MrkKJAAZ,10409.3753,10409.3753,10409.3753,0,0,0,0,Other
0010M00001Wks8uQAB,MTS MarkenTechnikService GmbH & Co. KG,aBR3y0000000DyyGAE,33817.1084,24624.108,24624.108,0,0,0,0,Other
0013y00001d1z2CAAQ,Pfeifer Holding GmbH,aBR3y000000CkPSGA0,109.4503,109.4503,109.4503,0,0,0,0,Other
0013000000M1dsMAAR,"Skytouch Technology, a division of Choice Hotels International, Inc.",aBR300000004EycGAE,781712.52,346250.04,316250.04,0,30000,0,0,Other
0013000000BOGCGAA5,UniSuper Management Pty Ltd,aBR0M000000GoWeWAK,216775.6217,216775.6217,0,216775.6217,0,0,0,Other
0013y00001h7Mi3AAE,SOCIETE MED ESPOIR,0013y00001h7Mi3AAE,822.6422,820.8036,820.8036,0,0,0,0,Other
001ed00000EwlTBAAZ,Damasco Trading LLC,001ed00000EwlTBAAZ,11617,9617,7940,1125,552,0,0,Other
001ed00000qemGHAAY,Nanox 2nd ORG,aBR3y00000114L9GAI,1350,1350,0,1350,0,0,0,Other
001ed000004b9DLAAY,RAJA SAS,aBR3y000000h3nGGAQ,87421.0555,87421.0555,0,87421.0555,0,0,0,Other
0010M00001YbM34QAF,New Jersey Education Association,aBR3y000000gFaDGAU,123468.4946,123468.4946,0,123468.4946,0,0,0,Other
0010M00001SStTXQA1,SYMPHONY TOWERS INFRASTRUCTURE,aBR3y000000fzZdGAI,39500,39500,0,39500,0,0,0,Other
0013000000ZiqHHAAZ,Ninety One UK Limited,0013000000ZiqHHAAZ,573.1706,573.1706,573.1706,0,0,0,0,Other
0010M00001QkqvTQAR,Australian Rugby League Commission Limited,aBR3y000000H8XUGA0,8989.915,8989.915,8728.7343,0,261.1807,0,0,Other
001ed00000WNjejAAD,"MEDICAL DATA VISION CO.,LTD.(EBM)",aBR3y000000ygs7GAA,38809.728,38809.728,38809.728,0,0,0,0,Other
0010M00001QnmUVQAZ,Dubai Holding Corporate LLC,aBR3y00000118hGGAQ,1147993.52,968963.2709,178244.0677,702167.5504,0,88551.6528,0,Other
0013y00001chUdBAAU,Totalenergies global information technology services,aBR300000004HjZGAU,96776,776,776,0,0,0,0,Other
0013000000ABQkSAAX,COGEDIS,aBR3y000000HC6GGAW,1968.8497,1093.8054,1093.8054,0,0,0,0,Other
0013y00001eU7PwAAK,Sallie Mae Bank - Data Cloud,aBR300000004EhsGAE,147330,147330,0,143580,0,3750,0,Other
00130000016heXWAAY,Ecopack spa,00130000016heXWAAY,11819.5718,11819.5718,11819.5718,0,0,0,0,Other
0013000000LBLnIAAX,Makro Supermayorista S.A.,aBR0M000000L93OWAS,192740,3540,3540,0,0,0,0,Other
0013000000hLSg7AAG,Plauti B.V.,aBR3y000000busmGAA,8808.7548,8808.7548,8425.7131,383.0417,0,0,0,Other
0013000001JyCgCAAV,iteracon GmbH,0013000001JyCgCAAV,422.7067,422.7067,422.7067,0,0,0,0,Other
00130000004JxKNAA0,Mascoma Bank,aBR3y000000H7UPGA0,183017.3353,183017.3353,100000,83017.3353,0,0,0,Other
0013y00001f9DbJAAU,Asset Alliance Leasing Ltd,aBR30000000Xk37GAC,44456.7724,44011.6602,44011.6602,0,0,0,0,Other
0010M00001Sq9ZIQAZ,Choice Hotels International Inc - Franchise Sales Org 2,aBR300000004EycGAE,781712.52,346250.04,316250.04,0,30000,0,0,Other
0013000000GtYkxAAF,SUZUYO SHINWART CORPORATION,aBR3y00000051reGAA,17000.2779,15383.2059,15160.05,0,223.1559,0,0,Other
0013y00001dKfOYAA0,SUPER KIOSKO S.A.DE C.V.,aBR3y000000Cm54GAC,100176,100176,0,99600,0,576,0,Other
0013y00001fbhyoAAA,AlmavivA The Italian Innovation Company S.p.A,aBR300000004SgGGAU,116308.9645,39700.6285,39398.5728,0,302.0557,0,0,Other
0010M00001QaKRBQA3,Custom Ink,aBR0M0000004gJKWAY,70115.8203,63455.2363,52691.2363,0,10764,0,0,Other
0010M00001Xy3xiQAB,Varicent Canada Opco Ltd.,aBR3y000000wqh1GAA,88079.04,88079.04,0,0,0,0,0,Legacy CDP
0010M00001Sel2iQAB,CloudWave Inc. - ISV Edition*,aBR3y0000004oYCGAY,776,776,776,0,0,0,0,Other
0013000001CD2NQAA1,"Azurity Pharmaceuticals, Inc.",aBR0M000000bleWWAQ,88602.7742,88602.7742,0,64602.7742,0,24000,0,Other
0013000001L5r9NAAR,CreaCard,0013000001L5r9NAAR,189550.9114,189550.9114,0,182984.4826,0,6566.4288,0,Other
0013y00001gdUv6AAE,EP Resources,0013y00001gdUv6AAE,35719.1401,35719.1401,35719.1401,0,0,0,0,Other
0013000000Zk0A5AAJ,TransPerfect Global,0013000000Zk0A5AAJ,39960,39960,39960,0,0,0,0,Other
0013000000Kw9nDAAR,"Youreka Labs, Inc.",aBR3y000000h4h0GAA,641.3,641.3,641.3,0,0,0,0,Other
0013000001LVvl3AAD,Wonolo Inc.,0013000001LVvl3AAD,776,776,776,0,0,0,0,Other
0013000000M1pkBAAR,Wisconsin Foundation & Alumni Association (WFAA),aBR30000000L82LGAS,106985.7612,106985.7612,0,106985.7612,0,0,0,Other
0013y00001cFQ1MAAW,BlackCloak,0013y00001cFQ1MAAW,380,380,380,0,0,0,0,Other
0013000000rqfIAAAY,"PAI-R CO.,LTD.",0013000000rqfIAAAY,17181.39,17181.39,17181.39,0,0,0,0,Other
0013y00001fTEroAAG,f+p Training GmbH,0013y00001fTEroAAG,9247.7205,9247.7205,7824.9943,1422.7262,0,0,0,Other
001ed00000LGIPvAAP,Pasona Group Inc.,aBR30000000PAymGAG,2567.9103,627.4239,627.4239,0,0,0,0,Other
0013y00001coljPAAQ,"Williams-Sonoma, Inc.",aBR300000004EQ7GAM,2141982.698,1933219.058,0,1923859.058,0,9360,0,Other
0013y00001dQHnrAAG,Dyn Media GmbH,aBR0M000000Xp24WAC,743.9216,743.9216,743.9216,0,0,0,0,Other
0013y00001g6SyXAAU,AusNet Electricity Services Pty Ltd,aBR0M0000008VT7WAM,39744.8875,39744.8875,0,39744.8875,0,0,0,Other
00130000002xECYAA2,Müller Holding GmbH & Co. KG,aBR30000000Xfy3GAC,308336.8354,256946.9856,0,0,0,0,256946.9856,Legacy CDP
0013000001FirgHAAR,GRPQA Ltda.,aBR3y000000wqKmGAI,51060.4611,46040.3035,46040.3035,0,0,0,0,Other
0010M00001QkPUSQA3,Koninklijke Douwe Egberts (DTC and Retail),aBR3y000000h3lCGAQ,11246.1037,302.0557,0,0,302.0557,0,0,Other
00130000004IFXFAA4,Panasonic - Blue Yonder Inc,aBR300000004DhVGAU,356028.2482,74028.2482,72648.2482,0,1380,0,0,Other
00130000000lYUTAA2,Onnity Group Inc.,aBR300000004EiTGAU,51151,11151,11151,0,0,0,0,Other
0013y00001d22mNAAQ,Federated Co-operatives Limited,aBR300000004CzRGAU,137730.619,137730.619,0,137730.619,0,0,0,Other
0013y00001ch0ATAAY,"Química San Diego, S.A. de C.V. RFC: QSD851111831",0013y00001ch0ATAAY,2625,2625,225,0,0,2400,0,Other
0013y00001f9Z0BAAU,Blank marketing&management ltd.,0013y00001f9Z0BAAU,112589.4809,77633.3628,0,77633.3628,0,0,0,Other
00130000007ZHBOAA4,"HealthEdge Software, Inc. (Active)",aBR3y0000004qvcGAA,1776,1776,1500,0,276,0,0,Other
0010M00001VKmeaQAD,SonderMind,0010M00001VKmeaQAD,41250,18750,18750,0,0,0,0,Other
0010M00001Jzb2QQAR,"SYNEGIC Co.,Ltd.",0010M00001Jzb2QQAR,35171.316,33958.512,33958.512,0,0,0,0,Other
0013y00001cfeGHAAY,NHS Shared Business Services,aBR3y000000wkmcGAA,53199.104,22973.8345,17049.3283,5295.7682,628.738,0,0,Other
0013000000ITfA4AAL,IDOM Inc.,aBR0M000000LDqEWAW,8592.1431,627.4239,627.4239,0,0,0,0,Other
0013y00001cQ3EtAAK,"General Mills, Inc.",aBR300000004DBRGA2,2163682.216,1519624.985,0,0,0,42318.3471,1477306.638,Legacy CDP
00130000001kIV4AAM,SOUND HOUSE INC.,aBR3y00000056KVGAY,199870.0992,199870.0992,0,199870.0992,0,0,0,Other
001ed00000QP3zsAAD,"Flect Co., Ltd.",aBR3y000000543SGAQ,43155.609,41235.336,41235.336,0,0,0,0,Other
0013000000BpKwGAAV,Federal Retirement Thrift Investment Board,aBR300000004UPnGAM,52800,52800,52800,0,0,0,0,Other
0010M00001Qo3HdQAJ,Averitas Pharma,0010M00001Qo3HdQAJ,54000,54000,0,54000,0,0,0,Other
0013000000NRI3RAAX,"BlackRock, Inc (Global Infrastructure Partners)",aBR300000004EkJGAU,85000,45000,45000,0,0,0,0,Other
0013y00001cmVtAAAU,"Assurant, Inc.",aBR300000004EoLGAU,310250,60000,60000,0,0,0,0,Other
0010M00001UVVioQAH,"Six Continents Hotels, Inc.",aBR300000004EypGAE,97262.9289,97262.9289,97262.9289,0,0,0,0,Other
0013000001GEHMhAAP,Matouk,aBR3y0000004vP2GAI,2000,500,500,0,0,0,0,Other
0013y00001cofDSAAY,TIAA,aBR300000004EfmGAE,586998.5004,407998.5,0,0,0,0,407998.5,Legacy CDP
001ed00000hckCPAAY,Ellisphere,aBR3y000000HSFUGA4,24191.6134,11070.7383,11070.7383,0,0,0,0,Other
0010M00001Sn8x1QAB,Interactive Investor Services Limited,aBR30000000XlugGAC,113172.8406,113172.8406,0,113172.8406,0,0,0,Other
001000000017PhqAAE,"JM Family Enterprises, Inc. - SETF SVC & MC Org",aBR300000004DzpGAE,40730.1669,40730.1669,0,40730.1669,0,0,0,Other
00130000003W7OxAAK,New Work SE,aBR300000004H6yGAE,3946.7433,3946.7433,3644.6876,0,302.0557,0,0,Other
0013y00001cSzY3AAK,Atmos Energy Corporation - SFS,aBR300000004DyNGAU,24009.2716,24009.2716,23449.5783,559.6933,0,0,0,Other
00130000002xBcUAAU,AUCHAN RETAIL INTERNATIONAL SA,aBR30000000XnmPGAS,10981.4915,10981.4915,0,10981.4915,0,0,0,Other
0013000000JK8WPAA1,Uhuru Corporation(main),aBR3y00000057NpGAI,32074.3139,6170.7468,5237.6962,40.4268,892.6238,0,0,Other
0013y00001d1lTpAAI,DAESANG WELLIFE CORPORATION,aBR3y000000CmyGGAS,102162.4,102162.4,0,101600.8,0,561.6,0,Other
0010M00001WZDR4QAP,Pontes Hotéis & Resorts,0010M00001WZDR4QAP,47106.9586,47106.9586,0,47106.9586,0,0,0,Other
0010M00001THO1JQAX,Intengine,0010M00001THO1JQAX,150.0822,150.0822,0,150.0822,0,0,0,Other
0013000000M2j0OAAR,24 CARAT NOMINEES PTY LTD (Shiels Jewellers),0013000000M2j0OAAR,54411.2105,54411.2105,0,54411.2105,0,0,0,Other
00130000002xJKhAAM,CRUZ ROJA ESPAÑOLA,aBR0M0000000ALpWAM,125868.3464,125868.3464,0,125868.3464,0,0,0,Other
001ed00000CO87CAAT,Pittsburgh Paints Company,aBR300000004DNXGA2,95564.2336,95564.2336,0,61064.2336,34500,0,0,Other
0010M00001WJgKVQA1,Carl Zeiss AG,aBR300000004H5yGAE,6019.2264,6019.2264,6019.2264,0,0,0,0,Other
001ed00000OqgeuAAB,Theranica 2nd org,aBRed000000HHPRGA4,444.9814,444.9814,444.9814,0,0,0,0,Other
0013000000RZFwxAAH,"BRIDGESTONE RETAIL JAPAN CO.,LTD.(DC)",aBR30000000L6B1GAK,133416.5253,133416.5253,0,133416.5253,0,0,0,Other
0013y00001c7CvjAAE,Tidas Network Ltda,0013y00001c7CvjAAE,628.0928,628.0928,628.0928,0,0,0,0,Other
0013000000rqxR4AAI,Belmont Medical Technologies,aBR3y00000116XJGAY,520,520,520,0,0,0,0,Other
0013y00001dX1IlAAK,"EDAILY CO.,LTD.",aBRed000000A8VmGAK,9550,5550,5550,0,0,0,0,Other
0013000000RZYo0AAH,Supergasbras Energia Ltda.,aBR300000004Rm4GAE,66045.9307,66045.9307,0,64813.2897,0,1232.641,0,Other
00130000001gg7rAAA,ASSA ABLOY Inc.,aBR300000004DTgGAM,91955.5037,71163.5037,0,61563.5037,0,9600,0,Other
0010M00001WJFfOQAX,Presidio Org2,aBR3y000000H7lOGAS,270126,96876,96876,0,0,0,0,Other
0013000000AbLTxAAN,US Govt- Department of Transportation*,aBR0M000000Ccv8WAC,400213.5,232213.5,96768.75,44418.75,91026,0,0,Other
0013000001LYZUUAA5,Kojunkai Social Medical Corporation,aBR0M000000H64OWAS,34120.1307,33958.512,33958.512,0,0,0,0,Other
0013000001MrtmFAAR,Cars.com LLC dba Cars Commerce,aBR0M000000Gnw6WAC,45330,45330,43950,0,1380,0,0,Other
0010M00001WYBoxQAH,Axepta BNP Paribas Benelux,aBR3y000000sZMQGA2,8883.5182,6702.0135,6093.3159,608.6976,0,0,0,Other
0013y00001ck1CxAAI,LR Specialty,aBR300000004HjwGAE,368323.2554,368323.2554,0,368323.2554,0,0,0,Other
00120000000AezPAAS,Rautaruukki Oyj,aBR300000004LtMGAU,98430.7678,43710.5278,0,38906.0907,4804.4371,0,0,Other
0013000000Ljq3TAAR,"El Palacio de Hierro, SA de CV - RFC - PHI830429MG6",aBR3y000000wlDmGAI,459654.8013,459654.8013,0,339996.7989,0,119658.0024,0,Other
0013000001MsvTRAAZ,Arcelormittal Brasil S.A.,aBR3y000000HDt8GAG,218429.852,218429.852,168986.3883,37685.5668,11757.8969,0,0,Other
0010M00001P0DmKQAV,abc Azienda Speciale Acqua Bene Comune Napoli,aBR3y000000cFSDGA2,72230.7168,54720.24,39398.5728,8755.2384,0,6566.4288,0,Other
0013000001GWucjAAD,FOMENTO EMPRESARIAL INMOBILIARIO RFC: FEI960524NP8,aBR0M000000LA22WAG,25900,23500,23500,0,0,0,0,Other
0013y00001cQ34FAAS,Corning Credit Union- South Carolina Market (NO SDR CALLS),aBR3y0000004q0zGAA,107884.9397,107884.9397,0,107884.9397,0,0,0,Other
00130000016jTnpAAE,Sidekick Solutions,aBR3y000000TVYLGA4,1000,1000,1000,0,0,0,0,Other
0010M00001QlrZUQAZ,Preseed Japan Corporation,aBR3y00000051QAGAY,808.536,808.536,808.536,0,0,0,0,Other
0010M00001Ytw2kQAB,University of Colorado Boulder Ed Cloud,aBR30000000PAxQGAW,161594.1296,161594.1296,0,101594.1296,0,60000,0,Other
0013000000RaLRFAA3,Senior Financial Group Inc,0013000000RaLRFAA3,7500,7500,7500,0,0,0,0,Other
001ed00000K61M5AAJ,D.G. GROUP S.R.L.,001ed00000K61M5AAJ,33408.9592,22693.5779,22693.5779,0,0,0,0,Other
00130000004n170AAA,Jewish Community Federation and Endowment Fund of San Francisco,00130000004n170AAA,75200,70200,70200,0,0,0,0,Other
0013000000ZlhO6AAJ,Adbri Limited,aBR0M000000GoW7WAK,56525.2771,56525.2771,52094.2494,0,4431.0277,0,0,Other
0013y00001d6yBDAAY,Toyota New Zealand Ltd,aBR300000004bsfGAA,205552,205552,0,145000,0,60552,0,Other
0013y00001ce1UdAAI,CP AXTRA Public Company Limited (Head office) MC MY Org,0013y00001ce1UdAAI,204799.2337,182400,0,0,0,0,182400,Legacy CDP
0010M00001WkTgYQAV,U.S. Bank National Association,aBR0M000000GocPWAS,350391.1516,350391.1516,320391.1516,0,30000,0,0,Other
0013y00001cyfnkAAA,Aperture LLC,aBR3y000000wpkTGAQ,35276,35276,35000,0,276,0,0,Other
0010M00001QmSb6QAF,PGA TOUR Superstore,0010M00001QmSb6QAF,255906.0004,55906,0,54970,0,936,0,Other
0010M00001QlUPfQAN,Antares Vision SPA,aBR3y000000sa1mGAA,31190.5368,31190.5368,31190.5368,0,0,0,0,Other
00130000002xYWyAAM,"Bremer Bank, National Association",aBR0M000000k9cVWAQ,75600,75600,75600,0,0,0,0,Other
0013000001C9yHqAAJ,Firstcaution SA,0013000001C9yHqAAJ,39135.7957,39135.7957,0,39135.7957,0,0,0,Other
001ed00000IkFRZAA3,UC Irvine Advancement - Education Cloud Org,aBR3y0000000IJiGAM,101776,82776,82776,0,0,0,0,Other
0010M00001SILeOQAX,Abrideal,aBR3y000000XrVoGAK,72265.7377,70076.9281,0,0,70076.9281,0,0,Other
0013000000K6Mo4AAF,Sevhan International,aBR3y000000safJGAQ,3164.7181,3164.7181,3164.7181,0,0,0,0,Other
0013y00001cZfulAAC,"Allspring Global Investments Holdings, LLC",aBR3y0000011BMiGAM,202632.0192,202632.0192,195432.0192,0,0,7200,0,Other
0013y00001cFnA3AAK,LOFT BRASIL TECNOLOGIA S.A,aBR3y000000wmCCGAY,1368416.767,1355603.674,1355603.674,0,0,0,0,Other
001ed00000cOC6zAAG,Government Technology Agency (Singapore),aBRed000000wTPpGAM,1900,1900,1900,0,0,0,0,Other
0013y00001eEbWhAAK,"Honda Motor Co., Ltd. /調達LCA",aBR30000000L6FsGAK,4184.9823,546.5703,546.5703,0,0,0,0,Other
001ed00000dYNdHAAW,MissionSquare Retirement - New Org,aBR30000000PBVoGAO,60000,60000,60000,0,0,0,0,Other
00130000016hSqfAAE,JEL CORPORATION,00130000016hSqfAAE,6731.7363,1044.9238,1044.9238,0,0,0,0,Other
00130000006vKKBAA2,Sky Deutschland Fernsehen GmbH & Co. KG,aBR3y000000TPziGAG,969.172,811.5777,811.5777,0,0,0,0,Other
0013000000Zmgr1AAB,"Axos Financial, Inc.",aBR3y000000H6cMGAS,445673.643,246673.6434,240673.6434,0,0,6000,0,Other
0013y00001dOEMuAAO,RUSH Health Cloud,aBR300000004FazGAE,317414.9983,301916.0599,0,268580.0599,0,33336,0,Other
0013y00001f9NKaAAM,Autobahn Tank & Rast GmbH (2nd ORG),aBR0M000000CdfXWAS,16299.237,16299.237,0,16299.237,0,0,0,Other
0013000001CB28qAAD,BAUHAUS Fachcentren AG,aBR30000000XfqYGAS,18587.9063,18587.9063,18587.9063,0,0,0,0,Other
0010M00001WJQw2QAH,"Kineca & Co.,Inc.",aBRed00000005pRGAQ,5023.4341,5023.4341,0,5023.4341,0,0,0,Other
0010M00001WZnpqQAD,Orra Fine Jewellery Pvt Ltd,aBR3y000000CoSQGA0,68899.7655,67817.4754,0,67817.4754,0,0,0,Other
0010M00001bm024QAA,Sentrex Health Solutions,aBR3y000000gDzdGAE,112120.4726,112120.4726,112120.4726,0,0,0,0,Other
0013000001NXro4AAD,Directory2CRM,aBR30000000L7rRGAS,20000,20000,20000,0,0,0,0,Other
00100000001E0joAAC,Economic Development Board (Singapore Global Network),aBRed000000AB5RGAW,32400,32400,0,32400,0,0,0,Other
0013000000RXjdOAAT,Advanced Turf Solutions,aBR3y0000004nWbGAI,39823.8375,19823.8375,17243.8375,0,2580,0,0,Other
0013y00001cgQslAAE,Axio by iCapital,aBR3y000000wrTvGAI,68850,68850,68850,0,0,0,0,Other
00130000005Xf1yAAC,"Clearwater Analytics, LLC",aBR3y000000H6q4GAC,108832.8,108832.8,0,0,0,0,0,Legacy CDP
0013y00001bez9rAAA,ucura Deutschland GmbH (DeinePflege),0013y00001bez9rAAA,8481.6372,5198.4228,5198.4228,0,0,0,0,Other
0013y00001crljGAAQ,Flux Inc.,aBR3y00000057zAGAQ,15354.0986,15160.05,15160.05,0,0,0,0,Other
0013y00001equjMAAQ,Sirius XM Radio LLC,aBR0M000000GniXWAS,10276548,9646770,0,9415170,0,231600,0,Other
0013y00001g8ETwAAM,Europcar CDP,aBR3y00000113eIGAQ,813744.4264,727297.6539,0,0,0,0,727297.6539,Legacy CDP
0013000000LiP6gAAF,"TOYOTA AUTO BODY CO.,LTD.",aBR30000000L6FTGA0,20213.4,20213.4,20213.4,0,0,0,0,Other
001ed00000sTKcAAAW,BOOKSY INTERNATIONAL SP Z O O***,aBRed00000172hFGAQ,1294906.023,937101.0951,874401.0951,42000,20700,0,0,Other
0013y00001f9FJOAA2,INPS - Sedi,aBR300000004fndGAA,489102.6965,297581.8565,265014.6824,10210.9792,22356.1949,0,0,Other
0013000000hJdhBAAS,WesTrac Group,aBR300000004CK8GAM,7823.0811,7823.0811,0,5220.3588,0,2602.7223,0,Other
0013000000NRJqFAAX,Mark Anthony Group,aBR3y000000XpmHGAS,64836,64836,0,64836,0,0,0,Other
0013000000JXowtAAD,"Cellular South, Inc.",aBR300000004QCqGAM,94254.7472,60776,60776,0,0,0,0,Other
0010M00001ULiekQAD,Pacvue,aBR3y000000HKDAGA4,14000,14000,14000,0,0,0,0,Other
0013000001GYSoFAAX,BASS Medical Group,aBR0M000000bpnNWAQ,26932.0475,26932.0475,26932.0475,0,0,0,0,Other
0010M00001TyZAnQAN,Amnesty International Deutschland e.V.,aBR0M0000000ANyWAM,23243.3659,23243.3659,0,23243.3659,0,0,0,Other
0010M00001WYycBQAT,"Medicus Healthcare Solutions, LLC",aBR300000004Z4EGAU,2879.8309,589.036,589.036,0,0,0,0,Other
0013000001CAEvPAAX,Sporthaus Schuster GmbH,0013000001CAEvPAAX,9100.4841,9100.4841,0,1319.266,7255.9038,525.3143,0,Other
0013000000NRrxKAAT,BrasilPrev Seguros e Previdencia S.A.,aBRed0000003JsYGAU,196153.5689,163447.6868,0,0,0,0,163447.6868,Legacy CDP
0010M00001W8VNrQAN,VastData Israel,aBR3y0000000NmHGAU,21750,21750,0,0,0,0,0,Legacy CDP
0010M00001W8cNnQAJ,Popmenu,aBR3y000000Ch78GAC,45300.584,38640,38640,0,0,0,0,Other
0013000000M24ElAAJ,PETRÓLEO BRASILEIRO S.A. - PETROBRAS,aBRed00000050DvGAI,85295.9753,71208.6681,69342.1409,815.7899,1050.7373,0,0,Other
00130000002xWNBAA2,"Cole-Parmer Instrument Company LLC, d/b/a Antylia Scientific",aBR3y0000008YmgGAE,52800,52800,52800,0,0,0,0,Other
00130000008PhD7AAK,Deutsche Automobil Treuhand GmbH,00130000008PhD7AAK,59441.0829,57252.2733,0,56011.2183,0,1241.055,0,Other
00130000002xIwJAAU,CaixaBank Tech S.L.U.,aBR300000004NHtGAM,2143203.888,1172093.547,881992.6616,284484.3245,0,5616.5612,0,Other
0010M00001V48w9QAB,"Covetrus, Inc.",aBR0M0000004i9zWAA,960439.2,160438.8,156600,0,3838.8,0,0,Other
0010M00001S9KdLQAV,Virbac SA*,aBR300000004HlvGAE,75.1331,75.1331,75.1331,0,0,0,0,Other
0013000000roxmEAAQ,"IM Travel Risk Solutions, S.L.U.",0013000000roxmEAAQ,8359.0234,2272.0481,2272.0481,0,0,0,0,Other
00130000016hJJZAA2,Commonwealth Bank of Australia,aBR300000004CK6GAM,47029.5296,47029.5296,47029.5296,0,0,0,0,Other
0010M00001SpnjeQAB,Horizon Automotive Srl,0010M00001SpnjeQAB,10260.045,10260.045,0,10260.045,0,0,0,Other
00130000002xIP9AAM,Calzedonia SpA,aBR0M000000GpbwWAC,44104.5134,6894.7502,6384.028,510.7222,0,0,0,Other
001ed000001OXjvAAG,Pfizer - Life Sciences Cloud,aBR300000004DLjGAM,972.7727,972.7727,972.7727,0,0,0,0,Other
0013000000roy84AAA,Primedia Inc.,aBR3y000000H7oRGAS,605202,465540,0,0,0,0,465540,Legacy CDP
0010M00001QnpcFQAR,Irving Oil Limited,aBR300000004DH2GAM,270871.2687,234961.2687,0,0,0,0,234961.2687,Legacy CDP
0013000000hItxDAAS,Newsan S.A.,aBRed0000005Rh7GAE,85774.2712,81774.2712,0,80574.2712,0,1200,0,Other
00130000002YBB6AAO,Zebra Technologies Corporation,aBR300000004DZKGA2,259391.5709,209391.5709,0,190191.5709,0,19200,0,Other
0010M00001WOScBQAX,DCF - Digital Classifieds France (MC + MS) 5,aBR3y000000HIpkGAG,296930.2623,296930.2623,0,159035.2575,0,137895.0048,0,Other
0013000001MiXdbAAF,Derksen Buildings,0013000001MiXdbAAF,20066.4,20066.4,0,20066.4,0,0,0,Other
0010M00001QlHllQAF,Trustees of the Estate of Bernice Pauahi Bishop dba Kamehameha Schools (Kaiāulu),aBR0M0000004i54WAA,52500,52500,0,52500,0,0,0,Other
0013y00001fEfpCAAS,Jeppesen | ForeFlight,aBR300000004Dh5GAE,266411.6607,188482.8285,0,188482.8285,0,0,0,Other
0013y00001gkErlAAE,"TOYOTA CONIQ Pro, Inc.",aBR30000000L6FTGA0,109412.7085,43048.0737,28554.2574,14493.8163,0,0,0,Other
0010M00001JzhYFQAZ,"SOHOBB, Inc.",aBR3y00000057bNGAQ,21054.2775,17464.3776,17464.3776,0,0,0,0,Other
00130000016gUxwAAE,ClearView Administration Services Pty Ltd,aBR300000004SOhGAM,36905.9669,36905.9669,36905.9669,0,0,0,0,Other
0013000001GWuLnAAL,CS Disco Inc.,aBR3y0000004pXHGAY,80534.3283,78900,0,78900,0,0,0,Other
0013000000M1aIjAAJ,City of Miami Beach,aBRed000000BICvGAO,26060.28,20376,20376,0,0,0,0,Other
0010M00001QqOcTQAV,Silver Arrow Automobiles Private Limited,aBR3y000000CmbpGAC,19015.6882,9822.153,9822.153,0,0,0,0,Other
0013000001MsNkdAAF,"CPL - Choice, Passion, Life",aBRed000000AUEXGA4,8419.109,8419.109,0,8419.109,0,0,0,Other
0013000001CBTZ8AAP,American Society of Hematology,aBR3y000000g1jSGAQ,59951.6423,59951.6423,56194.2894,3757.3529,0,0,0,Other
0010M00001W839rQAB,AYTM,0010M00001W839rQAB,5284.749,5284.749,5284.749,0,0,0,0,Other
0013y00001dkH6ZAAU,Canon Chile S.A.,aBR3y0000000HtDGAU,1232.0676,1232.0676,0,1232.0676,0,0,0,Other
0013000001JcwR2AAJ,"Payactiv, Inc.",aBR3y0000004nbEGAQ,2500,750,750,0,0,0,0,Other
0013000001GUdRqAAL,ADMINISTRADOR DE INFRAESTRUCTURAS FERROVIARIAS,aBR300000004NIyGAM,24029.4814,24029.4814,0,23766.8243,0,262.6571,0,Other
00130000002xHPtAAM,Aviko BV,aBR300000004NmzGAE,11862.9103,11862.9103,11862.9103,0,0,0,0,Other
0013y00001eMOv7AAG,SANOFI WINTHROP INDUSTRIE,aBR300000004HjdGAE,302.0557,302.0557,0,0,302.0557,0,0,Other
0013000000HkFbXAAV,Cellebrite LTD,0013000000HkFbXAAV,109785.8062,70418.4691,532.6808,63741.7883,0,6144,0,Other
0010M00001SHzu1QAD,AgencyQ,aBRed0000004Fi1GAE,66522.4563,42162.5,24612.5,0,750,16800,0,Other
0013y00001g8Do0AAE,Vancouver City Savings Credit Union,aBR300000004EezGAE,52609.1958,52609.1958,0,52609.1958,0,0,0,Other
0013y00001cb9GbAAI,City Of Longmont - CityWide Data cloud,aBR3y0000011K11GAE,80162.96,80162.96,0,78436.4,0,1726.56,0,Other
0013y00001cIw4MAAS,Banco BPM S.p.A. - Marketing Automation ORG,aBR0M000000GpQGWA0,607558.8247,607558.8247,0,607558.8247,0,0,0,Other
0013000001HeIulAAF,Inviva / Cap Retraite,aBRed0000004vHcGAI,2625,2625,0,2625,0,0,0,Other
0013000001CDlDzAAL,"Xite Realty, LLC",0013000001CDlDzAAL,39750,39750,37350,0,0,2400,0,Other
0013000001CCmTlAAL,Sendas Distribuidora S.A.,aBR3y0000005HhDGAU,419797.8331,419797.8331,407723.3774,0,2426.9506,9647.5051,0,Other
00130000002xU4JAAU,State Bar Of California*,aBR0M000000CcSPWA0,46680,46680,45300,0,1380,0,0,Other
0013000001Jet4HAAR,Jade Service SAS,0013000001Jet4HAAR,20848.4115,20848.4115,20848.4115,0,0,0,0,Other
0013000000Rb1v2AAB,Varonis,aBR3y000000XqEHGA0,25998,25008,25008,0,0,0,0,Other
001ed000005guvmAAA,Pfizer - ex-US CDP Data Cloud Org,aBR300000004DLjGAM,1287018.622,1287018.622,0,773502.6219,117036,396480,0,Other
0013y00001dy0s6AAA,DISCOVERY CENTRAL SERVICES (PTY) LTD.,aBR3y000000Cm7gGAC,5400,5400,0,5400,0,0,0,Other
0013y00001g9QrcAAE,"KOKUYO Co.,Ltd.(PoC)",aBR0M000000LDnVWAW,404.268,404.268,404.268,0,0,0,0,Other
0013y00001giwTTAAY,American Red Cross C360,aBR30000000PBPyGAO,261858.8852,261858.8852,0,201858.8852,30000,30000,0,Other
001ed00000Ch3weAAB,Brown University Pre College Education Cloud Org,aBR30000000PBF5GAO,200222,200222,0,200222,0,0,0,Other
001ed00000DEecPAAT,Accenture Australia Holdings Pty Ltd,aBR3y000000CogKGAS,186301.7102,176879.2992,0,170065.8899,0,6813.4093,0,Other
0013y00001ca504AAA,STRIDE CHC (Community Health Center),aBR3y000000kCIfGAM,38966.6667,38966.6667,0,38966.6667,0,0,0,Other
0010M00001QknvVQAR,Suomen Vahinkovakuutus Oy,aBR300000004MZQGA2,3585.2701,3585.2701,3585.2701,0,0,0,0,Other
0013000000RahtAAAR,Florida Realtors,aBR3y0000004p4QGAQ,9246.281,660.6604,384.6604,0,276,0,0,Other
0010M00001UVj7eQAD,Florida Power & Light Company*,aBR300000004Dx1GAE,76875,55625,55625,0,0,0,0,Other
0013y00001f96lAAAQ,"YAMAGUCHI FINANCIAL GROUP, INC.",aBR3y000000fycLGAQ,33958.512,33958.512,0,33958.512,0,0,0,Other
00130000009zecvAAA,The Boeing Company,aBR300000004Dh5GAE,81206.089,79496.4871,0,79496.4871,0,0,0,Other
00130000002xHjyAAE,Damen Global Support B.V.,aBR300000004SWwGAM,52286.2837,24926.1637,24624.108,0,302.0557,0,0,Other
0013000001M0wNVAAZ,"Element Fleet Management Services, LLC (2nd org)",aBR30000000XmktGAC,78150,45000,45000,0,0,0,0,Other
0013000001HhLkLAAV,TRYT Inc.,aBR3y00000057efGAA,121595.1065,121190.8385,0,121190.8385,0,0,0,Other
00130000002xGgZAAU,Helvar Oy,aBR3y000000HDFGGA4,3283.2144,3283.2144,3283.2144,0,0,0,0,Other
00130000000FagdAAC,SKANDIA OPERADORA DE FONDOS SA DE CV,00130000000FagdAAC,42862.3495,42862.3495,0,41710.3495,0,1152,0,Other
0013y00001cZeNlAAK,Police & Nurses Limited,aBR0M000000br5EWAQ,548.5368,548.5368,548.5368,0,0,0,0,Other
0013000001GWUQRAA5,Floor Coverings International,aBR30000000TNn3GAG,48000,48000,48000,0,0,0,0,Other
0010M00001SHfVCQA1,CobraCRM,aBR3y0000004ukFGAQ,465.122,465.122,465.122,0,0,0,0,Other
0013000000NRXSdAAP,Honda Motorcycle & Scooter India Pvt. Ltd.,aBR3y0000011AITGA2,144982.2989,141125.7048,0,141125.7048,0,0,0,Other
0013y00001Y0SpqAAF,Meubles RD,aBR3y000000CiWyGAK,194557.986,162810,0,0,0,0,162810,Legacy CDP
001ed00000RjdldAAB,"Block, Inc. - DataCloud Org",aBR3y000000H7zoGAC,65766.6663,65766.6663,65766.6663,0,0,0,0,Other
0013000000M2VeEAAV,Grupa Pracuj S.A.,aBR3y000000HB38GAG,34280.258,34280.258,0,34280.258,0,0,0,Other
0013y00001cbDjdAAE,TI CLEAN MOBILITY PRIVATE LIMITED,aBR3y000000HRKYGA4,16819.9975,15910.2872,0,15317.5292,0,592.758,0,Other
0010M00001YuGZ1QAN,National Mutual Insurance Federation of Agricultural Cooperatives,aBR0M000000LDneWAG,228815.688,103088.34,0,103088.34,0,0,0,Other
00100000001iOmBAAU,Export Development Canada,aBR3y0000004wWnGAI,14413.5904,14413.5904,14413.5904,0,0,0,0,Other
0013y00001XzZPWAA3,Fidelity Investments Canada ULC (FSC Org),aBR300000004JmWGAU,105455.5982,105455.5982,105455.5982,0,0,0,0,Other
00130000016g7agAAA,Labor First Union Benefits,aBR3y000000HKrMGAW,776,776,776,0,0,0,0,Other
00130000002xZq7AAE,P.C. Richard & Son Long Island Corporation,aBRed00000002hnGAA,345663.1325,345663.1325,0,337383.1325,0,8280,0,Other
0010M00001SINGsQAP,NewtonX,0010M00001SINGsQAP,450,450,450,0,0,0,0,Other
0013000001CAvAaAAL,Tipico Services Limited,aBR3y0000004vqDGAQ,25429.5899,25429.5899,0,25429.5899,0,0,0,Other
0010M00001QnLbvQAF,BigID Inc,aBR3y000000Xr4wGAC,16500,16500,16500,0,0,0,0,Other
0013000000M2NaiAAF,At Home Stores LLC,aBR3y0000004pd4GAA,70000,70000,70000,0,0,0,0,Other
0013y00001Y0OrgAAF,Nagumo,aBR3y000000XpWOGA0,24884.2079,8979.721,0,8979.721,0,0,0,Other
0013000000GqJRhAAN,The National Trust for Places of Historic Interest or Natural Beauty,aBR0M0000004go3WAA,1022842.492,891855.4075,0,876011.2098,0,15844.1977,0,Other
0013000000ZkheCAAR,"Afore XXI Banorte, S.A. de C.V.",aBR3000000001ggGAA,13680,12240,12240,0,0,0,0,Other
0013y00001h6W1OAAU,Western Governors University NGLX,aBR30000000PBHYGA4,90679.0152,90679.0152,0,90679.0152,0,0,0,Other
0013y00001gdcpkAAA,Swiss Red Cross,0013y00001gdcpkAAA,2308.4645,2308.4645,2126.0637,182.4008,0,0,0,Other
001ed00000Ke7NSAAZ,Universal de Deportes,001ed00000Ke7NSAAZ,408,408,0,0,0,408,0,Other
0013y00001d2Ml0AAE,American Dental Association (ADA),aBR3y000000TQ2SGAW,436518.2882,310518.2882,0,310518.2882,0,0,0,Other
0013000001GWuWWAA1,Banco Agibank S.A,0013000001GWuWWAA1,1136272.548,394674.43,315885.8046,69528.7431,0,9259.8823,0,Other
0013000000hKB3yAAG,Bangkok Insurance Public Company Limited,aBR3y0000004nMaGAI,44797.4453,42000,42000,0,0,0,0,Other
0013000000J60WWAAZ,Netwrix Corporation,aBR0M000000H5ZpWAK,152127.96,152127.96,0,0,0,0,0,Legacy CDP
0013000000hLr4ZAAS,Rimac Seguros,aBR3y000000HE8yGAG,42333.4602,42333.4602,0,37653.4602,0,4680,0,Other
0010M00001SIuNJQA1,Dublin Business School,0010M00001SIuNJQA1,14089.8081,5909.7859,5909.7859,0,0,0,0,Other
0010M00001P0LN0QAN,Selex Gruppo Commerciale Spa,aBR3y000000sZV8GAM,613450.7594,613450.7594,0,247635.0109,0,365815.7485,0,Other
0013y00001d1lgdAAA,"SUNJIN ENGINEERING & ARCHITECT CO.,LTD.",0013y00001d1lgdAAA,6993.6132,3496.8066,3496.8066,0,0,0,0,Other
0013000000NPyzdAAD,FUZZY AD OFFICE INC.,aBR3y00000052oZGAQ,40022.532,40022.532,0,40022.532,0,0,0,Other
001000000028nekAAA,Five9 Inc.*,aBR0M000000bo8eWAA,129726.96,129726.96,0,0,0,0,0,Legacy CDP
0010M00001Qo5dCQAR,JustFoodForDogs,aBR3y000000HKpLGAW,110400,97200,97200,0,0,0,0,Other
001000000000VBgAAM,"ON24, Inc.",aBR3y0000004p9ZGAQ,2860.9859,2860.9859,2860.9859,0,0,0,0,Other
0013y00001fFHCkAAO,Dentsu UK Limited,aBR30000000XlR6GAK,24237.7052,24237.7052,797.9474,19256.0065,0,4183.7513,0,Other
0010M00001QkqhCQAR,Oy Karl Fazer Ab,aBR300000004MVnGAM,308276.9782,278071.4058,0,212606.7372,0,65464.6686,0,Other
00130000002xD7CAAU,BEC Financial Technologies a.m.b.a. (Vestjysk Bank),aBR0M000000Cda5WAC,7867.3113,3216.0909,145.9207,1021.4444,2048.7258,0,0,Other
0013000000M1bNlAAJ,National Education Association (NEA),aBR300000004PIFGA2,663372.5082,663372.5082,0,663372.5082,0,0,0,Other
0013000001CBf0ZAAT,CurrencyFair Limited,aBR3y000000Cog0GAC,94117.2806,53077.1006,0,53077.1006,0,0,0,Other
00130000016gDovAAE,Citco Technology Management Inc.,aBR3y000000btYYGAY,249665.472,249665.472,222874.5673,1998.9047,24792,0,0,Other
0013y00001dxzqYAAQ,Elevance Health - FULCRUM Org,aBR300000004EmcGAE,508200.6775,501929.7524,435629.7524,0,66300,0,0,Other
0013000000oSxn7AAC,Super Retail Group Services Pty Ltd,aBR300000004CVoGAM,635813.4024,635813.4024,0,568392.4465,0,67420.9559,0,Other
0013y00001f64umAAA,NTT DATA JAPAN CORPORATION,aBR30000000L6DHGA0,22457.8959,22457.8959,22457.8959,0,0,0,0,Other
0013y00001fDuZHAA0,Australian Sports Foundation Charitable Fund - 2nd Org,aBR3y000000TVfpGAG,34543.8586,34543.8586,0,34543.8586,0,0,0,Other
0013000001MsmgJAAR,"T. Rowe Price Associates, Inc",aBR300000004EwuGAE,48192,48192,43992,0,4200,0,0,Other
0013000001GV1sEAAT,Defmacro Software Pvt. Ltd,aBR3y0000000BP8GAM,6482.6211,6482.6211,0,6482.6211,0,0,0,Other
00130000016hT4rAAE,CL INTERNATIONAL SA,aBR3y000000HBvkGAG,21642.9493,21095.7469,20793.6912,0,302.0557,0,0,Other
00100000000xoKzAAI,Rithum Corporation,aBR3y000000H6rTGAS,40000,40000,0,0,40000,0,0,Other
001000000027wCzAAI,Crown Equipment Corporation,aBR300000004DXFGA2,74559.6588,74559.6588,74559.6588,0,0,0,0,Other
0010M00001SeWBRQA3,Utah State University - Enterprise,aBR30000000PAy4GAG,13990.4175,13990.4175,0,13990.4175,0,0,0,Other
0010M00001PDtxCQAT,Therapeutic Guidelines Ltd,0010M00001PDtxCQAT,2269.0642,2269.0642,2269.0642,0,0,0,0,Other
00130000006ILDOAA4,CLIVET SPA,aBR3y000000HCVcGAO,17691.1829,17691.1829,16666.82,0,1024.3629,0,0,Other
0013000000RX51yAAD,Cherokee Nation - Government Services,aBR300000004USnGAM,22145.5904,22145.5904,22145.5904,0,0,0,0,Other
0013000000JhpXtAAJ,"Genentech, Inc. - Main Org (Irda)",aBR300000004DMEGA2,51951,26951,26951,0,0,0,0,Other
00100000000iSR5AAM,Caterpillar Inc.,aBR300000004DWQGA2,1712267.834,1228298.148,18130.37,100.9224,945.6734,242.4803,1208878.702,Legacy CDP
0013000001L6aJXAAZ,Edenred SE (France),aBR300000008ROHGA2,72608.7074,25312.9095,25312.9095,0,0,0,0,Other
0010M00001QqMK3QAN,RUPEEK FINTECH PRIVATE LIMITED,aBR3y000000wnYfGAI,2073.7134,2073.7134,0,2073.7134,0,0,0,Other
0010M00001Wkh9DQAR,CyberCX Pty Ltd,aBR0M0000004iLWWAY,308705.5706,282208.9789,223564.9919,0,58643.987,0,0,Other
001ed00000812OaAAI,B. Braun SE,aBR3y0000004tnRGAQ,53286.5697,53286.5697,0,50824.1589,0,2462.4108,0,Other
0013y00001ce33fAAA,Inherit Now,aBR3y000000bvZJGAY,1831.6606,1831.6606,0,1831.6606,0,0,0,Other
0010M00001W8YWnQAN,"Leo Corporation Co.,Ltd.",0010M00001W8YWnQAN,3638.412,3638.412,3638.412,0,0,0,0,Other
0013y00001cawsmAAA,Velour Medical,0013y00001cawsmAAA,500,500,500,0,0,0,0,Other
0013y00001emNB1AAM,Digitality Consulting srl,aBR3y000000yegjGAA,9645.2916,4099.6404,4099.6404,0,0,0,0,Other
0010M00001QkdjtQAB,Palladin Technologies (main),aBR3y000000bviQGAQ,4776,776,776,0,0,0,0,Other
0010M00001SIRYbQAP,Genetic Signatures,0010M00001SIRYbQAP,2384.6932,2384.6932,0,0,0,2384.6932,0,Other
0013000000rqNohAAE,"CERCA, K.K.",0013000000rqNohAAE,13098.2832,13098.2832,13098.2832,0,0,0,0,Other
0013y00001fobgrAAA,Momentum Media - 2nd Org,aBR3y0000004xGCGAY,83666.3986,83666.3986,0,83666.3986,0,0,0,Other
00130000002xDduAAE,Condor Flugdienst GmbH,aBR3y0000004ycgGAA,165601.1977,165601.1977,0,163146.6667,0,2454.531,0,Other
0013y00001eVHhMAAW,John Lewis Plc,aBR30000000XaC9GAK,2333778.842,2088309.047,813.1677,1968035.659,0,119460.2205,0,Other
0013y00001h7MNZAA2,"Shiseido Company, Limited",aBRed000000A6liGAC,29000.5693,27166.8096,0,0,0,9702.432,17464.3776,Legacy CDP
001ed00000nNMy5AAG,Chiappetta Srl,aBRed0000004yx0GAA,2052.009,2052.009,2052.009,0,0,0,0,Other
0010M00001WIJGPQA5,MY PLAN MANAGER.COM.AU PTY LTD,aBRed000000Aus9GAC,45773.8635,45773.8635,0,45773.8635,0,0,0,Other
0013y00001dxwhoAAA,UOC - Fourth Org,aBR3y000000CokUGAS,254317.7874,248211.0086,0,248211.0086,0,0,0,Other
0013000000LBr30AAD,TDS Telecommunications LLC,aBR300000004DsDGAU,50676,16676,16676,0,0,0,0,Other
0013y00001cgXmmAAE,Espace Sentein,0013y00001cgXmmAAE,2052.009,2052.009,2052.009,0,0,0,0,Other
0013000001GVczvAAD,ENTAIN GROUP PTY LTD,aBR3y000000H8UUGA0,21892.9651,21892.9651,19815.6653,2077.2998,0,0,0,Other
0010M00001Yu4fyQAB,"Nomura Securities Co.,Ltd.",aBR30000000L6DVGA0,37189.7051,37189.7051,0,37189.7051,0,0,0,Other
