,Agentforce All Accounts

,BU ,LATAM,,Snapshot
,OU,*,,# of accounts,313
,AOV Band,"06. 100K-500K, 05. 500K-1M, 04. 1M-5M, 03. 5M-10M, 02. 10M-25M, 01. >25M, 07. 50K-100K, 08. 10K-50K, 09. 1K-10K, 10. <1K",,AOV ($),27M
,Success Plan,*,,Flex Credits Allowance,"12,276M"
,CL Influence,*,,Conv Allowance,14M
,FDE Covered,*
,,ACCT_NM,CY_AGENTFORCE_AOV,CY_AGENTFORCE_ACV,CY_AGENTFORCE_OP,CY_AGENTFORCE_PG,STAGE_NM,ORG62_SUPPORT_LEVEL,FDE Covered,CL,ALL ENT_END_DT

,Data refreshed as of: 1/12,,,,,,,,,,,,FLEX CREDITS,,,,,,,,,,,CONVERSATIONS
,Account #,Account Name,AF AOV,AF ACV,AF OP,AF PG,Adoption Stage,Success Plan,FDE,CL,Months to Renew,,Current ,,,,Prior Quarter,,,Q/Q Change,,Current,,Current ,,,,Prior Quarter,,,Q/Q Change,,Current
,,,,,,,,,,,,,Allowance,Proj. Use,Actual Used,Usage %,PQ - Allowance,PQ - Actual Used,PQ Usage,Usage ($),Usage (%),CRR,,Allowance,Proj. Use,Actual Used,Usage %,PQ - Allowance,PQ - Actual Used,PQ Usage,Usage ($),Usage (%),CRR
,TOTALS,-,27.3M,14.3M,12.8M,40.0M,-,,,,,,"12,276M","1,300M",62.92M,1%,"2,881M",6M,0%,+57M,+1032%,5%,,14M,6M,2M,14%,15M,1M,6%,+1M,+120%,34%
,0013000000ZlQslAAF,EMPRESA DE TECNOLOGIA E INFORMACOES DA PREVIDENCIA S.A. - DATAPREV,5.3M,5.0M,0.0M,5.0M,Agents Used in Prod,Signature,N,,11,,"2,776M",181M,0M,0%,−,−,-,+0M,-,0%,,−,−,−,-,−,−,-,–,-,-
,0013y00001cTL3XAAW,"Comunicación Celular, S.A. (Org B2C Industries)",5.1M,0.9M,−,1.0M,Consistently Using (Past Three Weeks 50+ Convos or 150+ Actions),Signature,N,Leonardo Teren,11,,−,−,6M,-,119M,0M,0%,+6M,+246737%,-,,−,−,−,-,−,−,-,–,-,-
,00130000005tQ9vAAE,Telecom Argentina S.A.,3.4M,0.8M,−,0.8M,Agents Used in Prod,Signature,Y,,33,,"5,003M",361M,0M,0%,554M,0M,0%,+0M,+434%,0%,,−,−,−,-,−,−,-,–,-,-
,0013000001C9skXAAR,Falabella Tecnologia Corporativa SpA,0.8M,0.5M,−,0.5M,Consistently Using (Past Three Weeks 50+ Convos or 150+ Actions),Premier,Y,Nicolas Gamallo,15,,−,−,−,-,−,−,-,–,-,-,,4M,1M,1M,28%,4M,0M,11%,+1M,+156%,79%
,0013y00001exv2KAAQ,GLOBO COMUNICACAO E PARTICIPACOES S/A - D2C - ID 354224,0.7M,−,−,0.0M,Consistently Using (Past Three Weeks 50+ Convos or 150+ Actions),Signature,Y,,0,,−,−,−,-,−,−,-,–,-,-,,1M,−,0M,43%,1M,0M,26%,+0M,+66%,-
,0013000001GWuWWAA1,Banco Agibank S.A,0.7M,0.7M,0.4M,0.9M,Consistently Using (Past Three Weeks 50+ Convos or 150+ Actions),Signature,N,Kamilla Ladeira,12,,−,−,−,-,−,−,-,–,-,-,,2M,1M,0M,24%,2M,0M,13%,+0M,+91%,50%
,0013000001M1hVLAAZ,"Total Play Telecomunicaciones, S.A de C.V.",0.5M,0.3M,−,0.5M,Agents Used in Prod,Signature,N,Abel Hernandez,30,,"1,006M",47M,−,0%,−,−,-,–,-,0%,,−,−,−,-,0M,0M,0%,-0M,-100%,-
,00130000005dLuMAAU,MercadoLibre SRL,0.5M,0.8M,−,0.8M,Agents Used in Prod,Signature,Y,,11,,15M,1M,0M,0%,2M,0M,0%,+0M,+703%,1%,,−,−,−,-,−,−,-,–,-,-
,0013y00001fSpS3AAK,ONUS COMERCIAL S.A. DE C.V.,0.5M,0.5M,−,−,Purchased SKU,Premier,N,Abel Hernandez,30,,520M,76M,−,0%,520M,−,0%,–,-,0%,,−,−,−,-,−,−,-,–,-,-
,0013000001GWIUtAAP,Hapvida Assistência Médica Ltda.,0.4M,−,−,0.3M,Consistently Using (Past Three Weeks 50+ Convos or 150+ Actions),Premier,N,,30,,330M,50M,0M,0%,330M,0M,0%,+0M,+89%,1%,,−,−,−,-,−,−,-,–,-,-
,00130000003Fv9BAAS,Liberty Telecoms CR LY SA,0.4M,0.0M,−,0.6M,Agents Activated in Prod,Signature,N,,37,,−,−,−,-,−,−,-,–,-,-,,1M,0M,−,0%,1M,−,0%,–,-,0%
,0013000000M1P6kAAF,"Cablevisión, S.A. de C.V.",0.4M,0.2M,−,0.3M,Agents Used in Prod,Signature,N,Abel Hernandez,35,,109M,14M,0M,0%,109M,0M,0%,+0M,+103%,2%,,−,−,−,-,−,−,-,–,-,-
,0013000000rosvvAAA,Banco Ripley,0.3M,0.3M,−,0.3M,Agents Used in Prod,Premier,N,,8,,96M,28M,0M,0%,96M,0M,0%,+0M,+17%,0%,,−,−,−,-,−,−,-,–,-,-
,0010M00001WYEHwQAP,Ualá,0.3M,−,,0.5M,Purchased SKU,Signature,N,,30,,121M,19M,0M,0%,121M,−,0%,+0M,-,0%,,−,−,−,-,−,−,-,–,-,-
,0013000000IkQD7AAN,CIELO S.A - INSTITUICAO DE PAGAMENTO,0.3M,−,−,0.5M,Consistently Using (Past Three Weeks 50+ Convos or 150+ Actions),Signature,Y,,15,,156M,42M,0M,0%,156M,0M,0%,+0M,+71%,1%,,−,−,−,-,−,−,-,–,-,-
,0013y00001fSpvFAAS,SERVICIOS LIVERPOOL S.A. DE C.V.,0.3M,−,−,0.3M,Agents Created in Prod or Sandbox,Signature,N,,11,,−,−,−,-,−,−,-,–,-,-,,0M,0M,−,0%,0M,−,0%,–,-,0%
,0010M00001XyHDGQA3,SanCor Salud,0.3M,0.0M,−,0.0M,Agents Created in Prod or Sandbox,Signature,N,,33,,346M,25M,0M,0%,−,−,-,+0M,-,0%,,−,−,−,-,0M,−,0%,–,-,-
,0013000001GXGozAAH,"Pan American Energy, S.L., Sucursal Argentina",0.3M,0.2M,−,0.2M,Agents Created in Prod or Sandbox,Premier,N,Nicolas Gamallo,34,,−,−,−,-,−,−,-,–,-,-,,0M,0M,−,0%,0M,−,0%,–,-,0%
,001ed00000SIsEkAAL,Prodesp - Empresa de TI do Estado de São Paulo_PPT,0.3M,0.3M,2.5M,2.8M,Agents Used in Prod,Premier,Y,Leonardo Teren,5,,−,−,−,-,−,−,-,–,-,-,,2M,1M,0M,0%,2M,0M,0%,+0M,+3429%,0%
,0013y00001h1nFQAAY,PEFISA SA CREDITO FINANCIAMENTO E INVESTIMENTO,0.2M,0.0M,−,0.1M,Agents Used in Prod,Basic,N,Alan Ferrari,11,,87M,45M,9M,11%,87M,0M,0%,+9M,+23034%,20%,,−,−,−,-,−,−,-,–,-,-
,0013y00001ephAyAAI,E-Networks Communications Org,0.2M,0.1M,−,0.1M,Consistently Using (Past Three Weeks 50+ Convos or 150+ Actions),Premier,N,,23,,−,−,−,-,−,−,-,–,-,-,,1M,0M,0M,4%,1M,0M,2%,+0M,+89%,14%
,0010M00001QqX4sQAF,MRV Engenharia e Participações S.A,0.2M,0.2M,−,0.2M,Consistently Using (Past Three Weeks 50+ Convos or 150+ Actions),Premier,N,Kamilla Ladeira,3,,−,−,−,-,−,−,-,–,-,-,,0M,0M,0M,11%,0M,0M,7%,+0M,+47%,16%
,0013000000LBLnIAAX,Makro Supermayorista S.A.,0.2M,0.2M,−,0.4M,Purchased SKU,Basic,N,,12,,150M,34M,−,0%,0M,−,0%,–,-,0%,,−,−,−,-,−,−,-,–,-,-
,0010M00001UMdNxQAL,Banco C6 S.A.,0.2M,0.2M,−,0.2M,Agents Used in Prod,Premier,N,Kamilla Ladeira,18,,77M,6M,0M,0%,−,−,-,+0M,-,0%,,−,−,−,-,0M,0M,0%,-0M,-100%,-
,00130000016gSHbAAM,CORPORACION INMOBILIARIA KTRC S.A DE C.V.,0.2M,0.1M,−,0.1M,Agents Activated in Prod,Signature,N,,24,,150M,28M,0M,0%,150M,0M,0%,+0M,+84933%,0%,,−,−,−,-,−,−,-,–,-,-
,0013000000M1m7pAAB,SOCIEDADE DE ENSINO SUPERIOR ESTACIO DE SA LTDA,0.2M,−,−,1.1M,Agents Used in Prod,Signature,N,,11,,−,−,−,-,−,−,-,–,-,-,,0M,0M,0M,1%,0M,0M,1%,+0M,+28%,1%
,0013000000hJJ4FAAW,iFood.com Agência de Restaurantes Online S.A,0.2M,0.0M,4.0M,4.2M,Consistently Using (Past Three Weeks 50+ Convos or 150+ Actions),Signature,Y,,6,,23M,11M,6M,24%,23M,2M,10%,+3M,+140%,51%,,−,−,−,-,−,−,-,–,-,-
,0010M00001QmFsqQAF,Grupo Posadas S.A.B. de C.V.,0.2M,0.4M,−,0.8M,Consistently Using (Past Three Weeks 50+ Convos or 150+ Actions),Premier,N,,21,,93M,10M,0M,0%,0M,−,0%,+0M,-,5%,,−,−,−,-,−,−,-,–,-,-
,00130000016juBKAAY,"Operadora de Servicios Paquetexpress, SAPI de C.V.",0.1M,0.1M,−,0.1M,Agents Activated in Prod,Premier,N,Leonardo Teren,30,,36M,23M,0M,0%,36M,0M,0%,+0M,+104%,0%,,−,−,−,-,−,−,-,–,-,-
,0010M00001SJS6AQAX,Provincia ART,0.1M,0.1M,−,0.1M,Agents Created in Prod or Sandbox,Premier,N,,10,,38M,26M,0M,0%,38M,0M,0%,+0M,+1445%,0%,,−,−,−,-,−,−,-,–,-,-
,0013000000NRQ0oAAH,Bice Vida,0.1M,0.1M,−,0.2M,Purchased SKU,Signature,N,,11,,20M,1M,0M,0%,−,−,-,+0M,-,0%,,−,−,−,-,−,−,-,–,-,-
,0010M00001QqcHEQAZ,Rede D'Or Sao Luiz (Matriz),0.1M,−,0.5M,0.6M,Consistently Using (Past Three Weeks 50+ Convos or 150+ Actions),Premier,N,Nicolas Gamallo,6,,−,−,−,-,−,−,-,–,-,-,,0M,0M,0M,2%,0M,0M,1%,+0M,+195%,2%
,0013y00001c7SoQAAU,Andina ART S.A.,0.1M,0.1M,−,−,Consistently Using (Past Three Weeks 50+ Convos or 150+ Actions),Premier,N,,11,,−,−,−,-,−,−,-,–,-,-,,0M,0M,0M,16%,0M,0M,11%,+0M,+53%,38%
,001ed00000SedliAAB,FNA (FSC),0.1M,0.1M,,0.1M,Purchased SKU,Basic,N,,10,,40M,7M,−,0%,−,−,-,–,-,0%,,−,−,−,-,−,−,-,–,-,-
,0013000000DAMWkAAP,"Banco Actinver, S.A., Institución de Banca Múltiple, Grupo Financiero Actinver",0.1M,0.0M,−,0.0M,Purchased SKU,Signature,N,,14,,43M,11M,−,0%,43M,−,0%,–,-,0%,,−,−,−,-,−,−,-,–,-,-
,0010M00001QlDBBQA3,Puntos Colombia,0.1M,0.1M,−,0.1M,Purchased SKU,Premier,N,,11,,25M,1M,−,0%,−,−,-,–,-,0%,,−,−,−,-,−,−,-,–,-,-
,0010M00001MtNnGQAV,"Hyundai Motor de México, S. de R.L de C.V. RFC: HMM1308078T2",0.1M,0.0M,0.5M,0.5M,Consistently Using (Past Three Weeks 50+ Convos or 150+ Actions),Premier,N,Abel Hernandez,11,,−,−,−,-,−,−,-,–,-,-,,0M,0M,0M,23%,0M,0M,6%,+0M,+298%,29%
,0013000000LjCTqAAN,COTO,0.1M,0.1M,−,0.1M,Consistently Using (Past Three Weeks 50+ Convos or 150+ Actions),Premier,N,,21,,48M,5M,2M,5%,3M,0M,11%,+2M,+736%,51%,,−,−,−,-,−,−,-,–,-,-
,0010M00001SIKVGQA5,Grupo Ferromax,0.1M,0.1M,−,0.1M,Purchased SKU,Basic,N,,18,,47M,23M,−,0%,−,−,-,–,-,0%,,−,−,−,-,−,−,-,–,-,-
,0010M00001QkiRAQAZ,Colombiana de Comercio S.A.,0.1M,−,−,0.1M,Agents Created in Prod or Sandbox,Premier,N,,24,,−,−,−,-,−,−,-,–,-,-,,0M,0M,−,0%,0M,−,0%,–,-,0%
,0013000000HIZIVAA5,"Office Depot de México, S.A. de C.V.",0.1M,0.1M,−,0.1M,Purchased SKU,Basic,N,,21,,60M,6M,−,0%,−,−,-,–,-,0%,,−,−,−,-,−,−,-,–,-,-
,0013000000NPlxLAAT,Organizacion Terpel S.A.,0.1M,0.0M,−,0.2M,Consistently Using (Past Three Weeks 50+ Convos or 150+ Actions),Signature,N,Leonardo Teren,24,,−,−,−,-,−,−,-,–,-,-,,0M,0M,0M,2%,0M,−,0%,+0M,-,12%
,0013000001CCpybAAD,Banco Macro S.A.,0.1M,−,−,0.1M,Agents Used in Prod,Signature,N,Nicolas Gamallo,0,,−,−,−,-,−,−,-,–,-,-,,0M,0M,0M,0%,0M,−,0%,+0M,-,0%
,0013000001CCq9PAAT,Administradora De Fondos De Pensiones y Cesantias Proteccion,0.1M,−,−,0.2M,Agents Activated in Prod,Premier,N,Leonardo Teren,12,,−,−,−,-,−,−,-,–,-,-,,0M,0M,−,0%,0M,−,0%,–,-,0%
,0013000001GWkLCAA1,CAOA MONTADORA DE VEICULOS LTDA,0.1M,0.0M,−,0.0M,Agents Created in Prod or Sandbox,Premier,N,,41,,50M,6M,0M,0%,50M,0M,0%,+0M,+4504%,0%,,−,−,−,-,−,−,-,–,-,-
,0013000001GXXyUAAX,Bidcom SRL,0.1M,0.0M,0.2M,0.2M,Agents Created in Prod or Sandbox,Premier,N,,7,,20M,8M,0M,0%,20M,−,0%,+0M,-,0%,,−,−,−,-,−,−,-,–,-,-
,0013000000roZGgAAM,SIRONA DENTAL COMERCIO DE PRODUTOS E SISTEMAS ODONTOLOGICOS LTDA.,0.1M,0.0M,−,0.0M,Agents Created in Prod or Sandbox,Premier,N,,9,,−,−,−,-,−,−,-,–,-,-,,0M,0M,−,0%,0M,−,0%,–,-,0%
,0013y00001fSoyIAAS,Company Sage,0.1M,−,0.0M,0.0M,Consistently Using (Past Three Weeks 50+ Convos or 150+ Actions),Premier,N,,12,,−,−,−,-,−,−,-,–,-,-,,0M,0M,0M,14%,0M,0M,6%,+0M,+126%,30%
,00130000016iGuYAAU,BHN Seguros Generales S.A.,0.1M,0.0M,−,0.0M,Consistently Using (Past Three Weeks 50+ Convos or 150+ Actions),Premier,N,,10,,17M,2M,0M,0%,−,−,-,+0M,-,2%,,−,−,−,-,0M,0M,9%,-0M,-100%,-
,0010M00001QqcJvQAJ,Privalia Brasil S.A.,0.1M,0.0M,−,0.0M,Consistently Using (Past Three Weeks 50+ Convos or 150+ Actions),Premier,N,,23,,30M,4M,13M,45%,30M,0M,0%,+13M,+22958%,362%,,−,−,−,-,−,−,-,–,-,-
,0010M00001QqcP8QAJ,Informatica De Municipios Associados Sa,0.1M,0.1M,−,0.0M,Agents Created in Prod or Sandbox,Premier,N,,6,,16M,7M,−,0%,16M,−,0%,–,-,0%,,−,−,−,-,−,−,-,–,-,-
,0013000000M2ZhfAAF,Britânia Eletrônicos S.A.,0.1M,0.0M,,0.0M,Purchased SKU,Premier,N,,4,,−,−,−,-,−,−,-,–,-,-,,0M,0M,−,0%,0M,−,0%,–,-,0%
,0010M00001QqcHSQAZ,ITA PECAS PARA VEICULOS COMERCIO E SERVICOS LTDA.,0.1M,0.0M,−,0.1M,Consistently Using (Past Three Weeks 50+ Convos or 150+ Actions),Basic,N,,11,,12M,1M,0M,3%,1M,0M,4%,+0M,+808%,49%,,−,−,−,-,−,−,-,–,-,-
,001ed000003RItbAAG,BusCo,0.1M,0.1M,−,0.7M,Consistently Using (Past Three Weeks 50+ Convos or 150+ Actions),Premier,N,Nicolas Gamallo,24,,−,−,−,-,−,−,-,–,-,-,,0M,0M,0M,3%,0M,−,0%,+0M,-,9%
,0013000001MsHoYAAV,Unimed Nacional,0.1M,0.0M,−,0.0M,Agents Used in Prod,Premier,N,Kamilla Ladeira,9,,−,−,−,-,−,−,-,–,-,-,,0M,0M,0M,0%,0M,0M,1%,-0M,-57%,1%
,0013000000LZU7QAAX,Almacenes Exito,0.1M,0.1M,0.2M,0.2M,Consistently Using (Past Three Weeks 50+ Convos or 150+ Actions),Premier,N,,14,,−,−,−,-,−,−,-,–,-,-,,0M,0M,0M,36%,0M,0M,6%,+0M,+508%,51%
,001ed000006IPe3AAG,Nissan Mexicana SA de CV,0.1M,0.1M,0.3M,0.3M,Agents Used in Prod,Premier,N,,5,,22M,12M,0M,0%,22M,0M,0%,+0M,+93%,0%,,−,−,−,-,−,−,-,–,-,-
,0013000000RaYH2AAN,Experiencias Xcaret Parques SAPI de CV,0.1M,0.1M,−,0.0M,Agents Created in Prod or Sandbox,Signature,N,Abel Hernandez,12,,15M,9M,1M,8%,−,−,-,+1M,-,13%,,−,−,−,-,−,−,-,–,-,-
,0013000001GV0chAAD,SEM PARAR INSTITUICAO DE PAGAMENTO LTDA,0.0M,0.0M,0.2M,0.5M,Agents Used in Prod,Premier,N,Nicolas Gamallo,34,,11M,2M,0M,0%,−,−,-,+0M,-,2%,,−,−,−,-,0M,0M,0%,-0M,-100%,-
,0013000001NXdVAAA1,Payway S.A.U.,0.0M,−,0.0M,0.2M,Purchased SKU,Premier,N,,0,,−,−,−,-,−,−,-,–,-,-,,0M,0M,−,0%,0M,−,0%,–,-,0%
,00130000003ZN2QAAW,Experian Colombia SA,0.0M,0.0M,−,0.0M,Purchased SKU,Premier,N,,19,,19M,4M,−,0%,19M,−,0%,–,-,0%,,−,−,−,-,−,−,-,–,-,-
,0010M00001S9H6HQAV,LINX SISTEMAS E CONSULTORIA LTDA,0.0M,0.0M,−,0.2M,Consistently Using (Past Three Weeks 50+ Convos or 150+ Actions),Premier,N,,8,,12M,5M,1M,10%,12M,0M,2%,+1M,+324%,22%,,−,−,−,-,−,−,-,–,-,-
,0013y00001djtT4AAI,Stella Geração Distribuida (Org 2),0.0M,0.0M,−,0.0M,Agents Used in Prod,Basic,N,,11,,9M,3M,0M,1%,9M,0M,0%,+0M,+55%,2%,,−,−,−,-,−,−,-,–,-,-
,0013000001MicDYAAZ,Rede Tauá de Hotéis e Resorts,0.0M,−,,−,Agents Used in Prod,Premier,N,,17,,−,−,−,-,−,−,-,–,-,-,,0M,0M,0M,0%,0M,0M,0%,+0M,+2%,0%
,0013000001MrnurAAB,Walmart Chile S.A,0.0M,−,−,0.1M,Agents Used in Prod,Premier,N,,-,,−,−,−,-,−,−,-,–,-,-,,0M,−,0M,0%,0M,0M,0%,–,–,-
,0013y00001emP2VAAU,Boreal Cobertura de Salud,0.0M,0.0M,,0.0M,Agents Created in Prod or Sandbox,Premier,N,,34,,35M,4M,0M,0%,−,−,-,+0M,-,0%,,−,−,−,-,−,−,-,–,-,-
,0013000000RaiXjAAJ,"UALÁ, S.A. INSTITUCIÓN DE BANCA MÚLTIPLE RFC: BNC061114TQ4",0.0M,−,−,0.1M,Purchased SKU,Premier,N,,30,,28M,4M,0M,0%,28M,−,0%,+0M,-,0%,,−,−,−,-,−,−,-,–,-,-
,0013y00001fM8I4AAK,Arcos Dourados Comércio de Alimentos S.A.(Org 2),0.0M,0.0M,−,0.0M,Consistently Using (Past Three Weeks 50+ Convos or 150+ Actions),Premier,N,,3,,13M,10M,7M,56%,2M,0M,1%,+7M,+67761%,73%,,−,−,−,-,−,−,-,–,-,-
,0010M00001QqcORQAZ,Felicio Vigorito & Filhos Ltda,0.0M,0.0M,,0.0M,Agents Created in Prod or Sandbox,Basic,N,,21,,9M,1M,0M,0%,−,−,-,+0M,-,0%,,−,−,−,-,−,−,-,–,-,-
,0013y00001beCapAAE,Valle de los Mezquites SA de CV (Ciudad Maderas),0.0M,0.0M,,0.0M,Purchased SKU,Basic,N,,11,,8M,0M,−,0%,−,−,-,–,-,0%,,−,−,−,-,−,−,-,–,-,-
,0010M00001Yty8CQAR,Payclip S. de R.L. de C.V. RFC: BLI120726UF6,0.0M,0.0M,−,0.1M,Agents Used in Prod,Premier,N,,19,,16M,3M,0M,0%,16M,0M,0%,+0M,+2124%,1%,,−,−,−,-,−,−,-,–,-,-
,0010M00001UV6CPQA1,Avalian,0.0M,0.0M,,0.0M,Agents Used in Prod,Basic,N,,3,,−,−,−,-,−,−,-,–,-,-,,0M,0M,0M,0%,0M,0M,0%,+0M,+644%,1%
,0013000001GYXMoAAP,Compañía Mundial de Seguros,0.0M,0.0M,−,0.0M,Agents Activated in Prod,Premier,N,,30,,31M,5M,0M,0%,0M,0M,6%,+0M,+11%,0%,,−,−,−,-,−,−,-,–,-,-
,001ed00000qZHWQAA4,"Tip de México, S.A.P.I. de C.V. (Cuenta EE TIPO MEXICO)",0.0M,0.0M,,0.0M,Purchased SKU,Basic,N,,34,,26M,1M,−,0%,−,−,-,–,-,0%,,−,−,−,-,−,−,-,–,-,-
,0010M00001NYX2tQAH,Ache Laboratorios Farmaceuticos (CPV),0.0M,0.0M,−,0.0M,Agents Created in Prod or Sandbox,Premier,N,,2,,7M,5M,0M,0%,7M,−,0%,+0M,-,0%,,−,−,−,-,−,−,-,–,-,-
,00130000016gQftAAE,Três Corações Alimentos S/A.,0.0M,0.0M,−,0.2M,Agents Created in Prod or Sandbox,Premier,N,,12,,−,−,−,-,−,−,-,–,-,-,,0M,0M,−,0%,0M,−,0%,–,-,0%
,0013000001KZn36AAD,METROKIA S.A. - Nit : 830078966-6,0.0M,0.0M,−,0.0M,Agents Used in Prod,Basic,N,,29,,8M,4M,0M,0%,8M,0M,0%,+0M,+43%,0%,,−,−,−,-,−,−,-,–,-,-
,0013000000ZlQqMAAV,MARFRIG GLOBAL FOODS S.A.,0.0M,−,,0.0M,Purchased SKU,Premier,N,,1,,−,−,−,-,−,−,-,–,-,-,,0M,0M,−,0%,0M,−,0%,–,-,0%
,0010M00001UVYQXQA5,"Importadora de Baterias, S.A.",0.0M,0.0M,−,0.0M,Agents Used in Prod,Basic,N,,29,,25M,8M,0M,1%,25M,0M,0%,+0M,+40%,2%,,−,−,−,-,−,−,-,–,-,-
,0010M00001WZ3vEQAT,Gobierno de la Ciudad Autonoma de Buenos Aires-Agencia Sistemas de Información,0.0M,0.0M,0.3M,1.2M,Agents Activated in Prod,Basic,N,Nicolas Gamallo,6,,−,−,−,-,−,−,-,–,-,-,,0M,0M,−,0%,0M,−,0%,–,-,0%
,0013000000NT1nlAAD,Seguros Generales Suramericana S.A.,0.0M,0.0M,0.0M,0.1M,Consistently Using (Past Three Weeks 50+ Convos or 150+ Actions),Premier,N,,21,,10M,4M,0M,1%,10M,0M,0%,+0M,+481%,2%,,−,−,−,-,−,−,-,–,-,-
,0010M00001WZLNFQA5,Caju,0.0M,0.0M,0.2M,0.3M,Purchased SKU,Premier,N,,10,,7M,1M,−,0%,−,−,-,–,-,0%,,−,−,−,-,−,−,-,–,-,-
,001ed00000O14jjAAB,Grupo Movesa,0.0M,0.0M,,0.0M,Agents Created in Prod or Sandbox,Basic,N,,18,,22M,5M,0M,0%,22M,−,0%,+0M,-,0%,,−,−,−,-,−,−,-,–,-,-
,0013000000ZkxzHAAR,HDI Seguros Colombia S.A.,0.0M,0.0M,0.0M,0.1M,Agents Used in Prod,Premier,N,,24,,18M,4M,0M,3%,18M,0M,2%,+0M,+77%,13%,,−,−,−,-,−,−,-,–,-,-
,0013y00001hNmqaAAC,SECRETARIA DE ESTADO DA EDUCACAO - SEED,0.0M,0.0M,−,0.4M,Purchased SKU,Premier,N,,9,,10M,2M,−,0%,−,−,-,–,-,0%,,−,−,−,-,−,−,-,–,-,-
,0013000000rqIjeAAE,Banco Financiera Comercial Hondurena S.A. (Banco Ficohsa),0.0M,0.0M,0.2M,0.2M,Purchased SKU,Signature,N,,59,,38M,1M,−,0%,−,−,-,–,-,0%,,−,−,−,-,0M,−,0%,–,-,-
,0010M00001Yu5s5QAB,COPEC S.A.,0.0M,0.0M,0.0M,0.2M,Agents Used in Prod,Premier,N,,8,,7M,2M,0M,0%,7M,0M,0%,+0M,+132%,0%,,−,−,−,-,−,−,-,–,-,-
,0010M00001U1gflQAB,Sura Data Chile S.A,0.0M,0.0M,−,0.0M,Purchased SKU,Premier,N,,10,,7M,1M,−,0%,−,−,-,–,-,0%,,−,−,−,-,−,−,-,–,-,-
,0013000000RYjxtAAD,BRF S.A.,0.0M,−,−,−,Agents Used in Prod,Premier,N,Alan Ferrari,24,,−,−,−,-,−,−,-,–,-,-,,0M,0M,0M,0%,0M,0M,0%,-0M,-85%,0%
,0010M00001XxcSxQAJ,Ipiranga Produtos de Petróleo S/A,0.0M,0.0M,−,0.0M,Agents Used in Prod,Premier,N,Alan Ferrari,9,,5M,1M,0M,1%,5M,0M,0%,+0M,+3040%,4%,,−,−,−,-,−,−,-,–,-,-
,0010M00001SJSKMQA5,Banco Atlantida El Salvador,0.0M,0.0M,−,0.0M,Purchased SKU,Basic,N,,20,,−,−,−,-,−,−,-,–,-,-,,0M,0M,−,0%,0M,−,0%,–,-,0%
,0010M00001YtwTbQAJ,YPF S.A 2,0.0M,0.0M,−,0.0M,Agents Used in Prod,Premier,N,Nicolas Gamallo,6,,13M,8M,0M,0%,13M,−,0%,+0M,-,1%,,−,−,−,-,−,−,-,–,-,-
,00130000016h7EYAAY,A! Bodytech Participações S/A.,0.0M,0.0M,−,0.0M,Consistently Using (Past Three Weeks 50+ Convos or 150+ Actions),Basic,N,,12,,5M,1M,0M,5%,5M,−,0%,+0M,-,25%,,−,−,−,-,−,−,-,–,-,-
,00130000016g4zVAAQ,Cavca LTDA. NIT 900344345-7,0.0M,0.0M,−,0.0M,Purchased SKU,Basic,N,,3,,−,−,−,-,−,−,-,–,-,-,,0M,0M,−,0%,0M,−,0%,–,-,0%
,001ed00000qZtOgAAK,"Tip de México, S.A.P.I. de C.V. (Cuenta EE BITCAR)",0.0M,0.0M,,0.0M,Purchased SKU,Basic,N,,34,,17M,1M,−,0%,−,−,-,–,-,0%,,−,−,−,-,−,−,-,–,-,-
,0013000000GLEVEAA5,A.N.A. Compañía de Seguros SA de CV,0.0M,0.0M,−,0.0M,Purchased SKU,Premier,N,,18,,12M,3M,−,0%,12M,−,0%,–,-,0%,,−,−,−,-,−,−,-,–,-,-
,0010M00001Yaw1UQAR,Banco Bradesco BBI S.A.,0.0M,−,,−,Agents Used in Prod,Signature,N,,-,,0M,−,0M,7%,−,−,-,+0M,-,-,,−,−,−,-,−,−,-,–,-,-
,0013000001CCoAQAA1,Tennis S.A.,0.0M,0.0M,−,0.0M,Consistently Using (Past Three Weeks 50+ Convos or 150+ Actions),Premier,N,,18,,9M,2M,1M,13%,9M,0M,0%,+1M,+35144%,55%,,−,−,−,-,−,−,-,–,-,-
,0010M00001SIFBXQA5,Mas Nomina,0.0M,−,−,0.1M,Purchased SKU,Premier,N,,0,,−,−,−,-,−,−,-,–,-,-,,0M,0M,−,0%,0M,−,0%,–,-,0%
,0013000000Ji0CsAAJ,Automotores Gildemeister SpA,0.0M,0.0M,−,−,Purchased SKU,Premier,N,,36,,−,−,−,-,−,−,-,–,-,-,,0M,0M,−,0%,0M,−,0%,–,-,0%
,0010M00001PDvteQAD,"397 CAP, SA de CV, SOFOM ENR",0.0M,0.0M,−,0.0M,Purchased SKU,Basic,N,,34,,15M,0M,−,0%,−,−,-,–,-,0%,,−,−,−,-,−,−,-,–,-,-
,0013y00001chQJ7AAM,Play Digital S. A. CUIT 30-71682943-6,0.0M,−,−,−,Agents Used in Prod,Basic,N,,11,,5M,0M,0M,0%,5M,0M,0%,-0M,-94%,0%,,−,−,−,-,−,−,-,–,-,-
,0013000000KvwYhAAJ,Grupo Andrade,0.0M,−,−,−,Agents Created in Prod or Sandbox,Premier,N,,0,,−,−,−,-,−,−,-,–,-,-,,0M,0M,−,0%,0M,−,0%,–,-,0%
,0013000001CCmZpAAL,Algar Telecom*,0.0M,0.0M,0.1M,0.1M,Purchased SKU,Premier,N,,33,,11M,1M,−,0%,−,−,-,–,-,0%,,−,−,−,-,−,−,-,–,-,-
,0013000000ZkVJfAAN,"Interopolis, Agente de Seguros y de Fianzas RFC: IAS170307BU6",0.0M,0.0M,0.0M,0.2M,Purchased SKU,Premier,N,,6,,4M,2M,−,0%,4M,−,0%,–,-,0%,,−,−,−,-,−,−,-,–,-,-
,0013000000rpztSAAQ,Crefisa,0.0M,0.0M,−,0.0M,Purchased SKU,Premier,N,,49,,−,−,−,-,−,−,-,–,-,-,,0M,0M,−,0%,0M,−,0%,–,-,0%
,0010M00001U3rJJQAZ,Restaurantes Toks S.A. de C.V.,0.0M,0.0M,−,0.0M,Agents Used in Prod,Premier,N,,27,,9M,2M,0M,1%,9M,0M,0%,+0M,+74%,2%,,−,−,−,-,−,−,-,–,-,-
,001ed00000G3uAzAAJ,OCP TECH II SA,0.0M,0.0M,,0.0M,Purchased SKU,Premier,N,,24,,−,−,−,-,−,−,-,–,-,-,,0M,0M,−,0%,0M,−,0%,–,-,0%
,0013y00001Y0OrgAAF,Nagumo,0.0M,0.0M,−,0.0M,Purchased SKU,Basic,N,,26,,8M,2M,−,0%,8M,−,0%,–,-,0%,,−,−,−,-,−,−,-,–,-,-
,00130000016hHoBAAU,Química Amparo Ltda,0.0M,0.0M,0.2M,0.3M,Agents Used in Prod,Premier,N,,4,,−,−,−,-,−,−,-,–,-,-,,0M,0M,0M,1%,0M,0M,1%,+0M,+13%,1%
,0013000001NXl1BAAT,TECNOGERA - LOCACAO E TRANSFORMACAO DE ENERGIA SA,0.0M,0.0M,−,0.0M,Agents Created in Prod or Sandbox,Basic,N,,3,,−,−,−,-,−,−,-,–,-,-,,0M,0M,−,0%,0M,−,0%,–,-,0%
,0010M00001QkovWQAR,BANCO RCI BRASIL S.A,0.0M,0.0M,−,0.0M,Agents Created in Prod or Sandbox,Premier,N,,12,,−,−,−,-,−,−,-,–,-,-,,0M,0M,−,0%,0M,−,0%,–,-,0%
,0013000000M1P55AAF,LATAMGYM S.A.P.I. de C.V. - LAT110824BJ4,0.0M,0.0M,,0.2M,Purchased SKU,Basic,N,,4,,4M,2M,−,0%,4M,−,0%,–,-,0%,,−,−,−,-,−,−,-,–,-,-
,0013y00001bezLYAAY,VALGROUP (Org 2),0.0M,0.0M,−,0.1M,Agents Activated in Prod,Basic,N,,16,,−,−,−,-,−,−,-,–,-,-,,0M,0M,−,0%,0M,−,0%,–,-,0%
,00130000002xSLBAA2,Purdy Motor S.A,0.0M,0.0M,−,0.0M,Purchased SKU,Premier,N,,14,,−,−,−,-,−,−,-,–,-,-,,0M,0M,−,0%,0M,−,0%,–,-,0%
,0013y00001cG36HAAS,Sincronía Logística SA de CV,0.0M,0.0M,,0.0M,Agents Created in Prod or Sandbox,Premier,N,,18,,8M,4M,0M,0%,−,−,-,+0M,-,0%,,−,−,−,-,−,−,-,–,-,-
,0010M00001WZmeqQAD,Zurich Seguros de Vida S.A.,0.0M,0.0M,0.3M,0.3M,Agents Used in Prod,Premier,N,,24,,−,−,−,-,−,−,-,–,-,-,,0M,0M,0M,21%,0M,0M,16%,+0M,+35%,29%
,0010M00001QaZYDQA3,HINO Motors Sales México S.A. de C.V,0.0M,−,−,−,Agents Used in Prod,Premier,N,,0,,−,−,−,-,−,−,-,–,-,-,,0M,0M,0M,1%,0M,−,0%,+0M,-,1%
,0010M00001QaQi2QAF,Embracon Administradora de Consórcio Ltda,0.0M,−,−,−,Consistently Using (Past Three Weeks 50+ Convos or 150+ Actions),Premier,N,,4,,3M,3M,0M,3%,3M,0M,1%,+0M,+89%,3%,,−,−,−,-,−,−,-,–,-,-
,0013000000M24ElAAJ,PETRÓLEO BRASILEIRO S.A. - PETROBRAS,0.0M,0.0M,−,0.0M,Agents Used in Prod,Premier,N,Kamilla Ladeira,27,,9M,1M,0M,0%,9M,0M,0%,+0M,+1145%,0%,,−,−,−,-,0M,0M,1%,-0M,-100%,-
,00130000016gpOWAAY,Karcher Brasil,0.0M,0.0M,−,0.0M,Purchased SKU,Basic,N,,11,,3M,0M,0M,0%,−,−,-,+0M,-,0%,,−,−,−,-,−,−,-,–,-,-
,0013000001CATCoAAP,"Compania Cervecera de Nicaragua, S.A. (Punto Ideal S.A)",0.0M,0.0M,,0.0M,Agents Created in Prod or Sandbox,Basic,N,,9,,4M,2M,0M,5%,4M,0M,0%,+0M,+1641%,8%,,−,−,−,-,−,−,-,–,-,-
,0013000001JxuIcAAJ,Salon Line Professional,0.0M,0.0M,0.0M,0.0M,Agents Created in Prod or Sandbox,Premier,N,,0,,−,−,−,-,−,−,-,–,-,-,,0M,0M,−,0%,0M,−,0%,–,-,0%
,0010M00001QaLHCQA3,DESENVOLVE SP AGENCIA DE FOMENTO DO ESTADO DE SAO PAULO SA,0.0M,0.0M,−,0.0M,Purchased SKU,Premier,N,,1,,−,−,−,-,−,−,-,–,-,-,,0M,0M,−,0%,0M,−,0%,–,-,0%
,0013y00001cFnA3AAK,LOFT BRASIL TECNOLOGIA S.A,0.0M,0.0M,−,0.0M,Agents Activated in Prod,Premier,N,,5,,3M,1M,−,0%,2M,−,0%,–,-,0%,,−,−,−,-,−,−,-,–,-,-
,0013000000rp9mBAAQ,Plano & Plano Desenvolvimento Imobiliário Ltda - CNPJ 24.230.275/0001-80,0.0M,0.0M,−,0.0M,Agents Created in Prod or Sandbox,Basic,N,,4,,−,−,−,-,−,−,-,–,-,-,,0M,0M,−,0%,0M,−,0%,–,-,0%
,0013000000M2fNbAAJ,C&A MEXICO S. DE R.L. - RFC: CME961203360,0.0M,0.0M,−,0.0M,Purchased SKU,Premier,N,,18,,3M,1M,−,0%,3M,−,0%,–,-,0%,,−,−,−,-,−,−,-,–,-,-
,001ed00000W3tryAAB,"Cámara Comercial, Industrial y de Servicios de Rauch",0.0M,0.0M,,0.0M,Agents Created in Prod or Sandbox,Premier,N,,9,,3M,1M,−,0%,−,−,-,–,-,0%,,−,−,−,-,−,−,-,–,-,-
,0013y00001dKu9oAAC,Truenorth Corporation,0.0M,0.0M,,0.0M,Purchased SKU,Premier,N,,9,,4M,1M,−,0%,−,−,-,–,-,0%,,−,−,−,-,−,−,-,–,-,-
,0013000000rnZ5XAAU,CAJA DE COMPENSACION FAMILIAR COMPENSAR,0.0M,0.0M,−,0.1M,Agents Used in Prod,Premier,N,,5,,3M,3M,0M,2%,3M,0M,2%,+0M,+33%,2%,,−,−,−,-,−,−,-,–,-,-
,0013000000ZihaZAAR,Corporación Zapata S.A. de C.V. (ZAPATA),0.0M,0.0M,−,0.0M,Agents Created in Prod or Sandbox,Premier,N,,30,,2M,0M,−,0%,3M,0M,0%,-0M,-100%,0%,,−,−,−,-,−,−,-,–,-,-
,0013000000Iknt9AAB,Companhia Energética de Minas Gerais - CEMIG,0.0M,0.0M,−,0.0M,Purchased SKU,Premier,N,,23,,−,−,−,-,−,−,-,–,-,-,,0M,0M,−,0%,0M,−,0%,–,-,0%
,0013000000HkGP8AAN,"CHRISTUS MUGUERZA SISTEMAS HOSPITALARIOS, S.A. DE C.V.",0.0M,0.0M,−,0.0M,Agents Created in Prod or Sandbox,Premier,N,,10,,−,−,−,-,−,−,-,–,-,-,,0M,0M,−,0%,0M,−,0%,–,-,0%
,00130000009lkTXAAY,Banco Popular,0.0M,−,0.0M,0.4M,Agents Created in Prod or Sandbox,Signature,N,,23,,−,−,−,-,−,−,-,–,-,-,,0M,0M,−,0%,0M,−,0%,–,-,0%
,0013y00001cp3bQAAQ,Antigua Commercial Bank Ltd. trading as ACB Caribbean,0.0M,0.0M,,0.0M,Purchased SKU,Premier,N,,12,,4M,2M,−,0%,4M,−,0%,–,-,0%,,−,−,−,-,−,−,-,–,-,-
,001ed00000ek0pBAAQ,Centria Servicios Administrativos S.A.C,0.0M,−,,,Agents Used in Prod,Premier,N,,28,,−,−,−,-,−,−,-,–,-,-,,0M,0M,0M,0%,0M,−,0%,+0M,-,1%
,0013y00001casBaAAI,Brasil Tecpar Serviços de Telecomunicações S.A.,0.0M,0.0M,0.7M,0.7M,Agents Created in Prod or Sandbox,Basic,N,,28,,10M,2M,−,0%,22M,−,0%,–,-,0%,,−,−,−,-,−,−,-,–,-,-
,0013000001MjUWPAA3,TAIFF,0.0M,0.0M,−,−,Agents Used in Prod,Premier,N,,12,,3M,2M,0M,0%,3M,0M,0%,+0M,+65%,0%,,−,−,−,-,−,−,-,–,-,-
,0013000001CBd4OAAT,Vindi,0.0M,0.0M,−,0.0M,Agents Used in Prod,Premier,N,,6,,2M,1M,0M,3%,2M,0M,2%,+0M,+70%,5%,,−,−,−,-,−,−,-,–,-,-
,0010M00001QqffaQAB,ENGIE INFORMATION ET TECHNOLOGIES SA,0.0M,0.0M,0.0M,0.0M,Agents Created in Prod or Sandbox,Premier,N,,1,,2M,2M,0M,0%,2M,0M,0%,+0M,+2600%,0%,,−,−,−,-,−,−,-,–,-,-
,0010M00001JzdlrQAB,KUESKI SAPI DE CV SOFOM ENR RFC: KUE121210RN5,0.0M,0.0M,−,0.7M,Agents Used in Prod,Premier,N,,3,,−,−,−,-,−,−,-,–,-,-,,0M,0M,0M,1%,0M,−,0%,+0M,-,2%
,0010M00001QqX13QAF,Cometa Moto Center Ltda,0.0M,0.0M,−,0.0M,Agents Used in Prod,Premier,N,,17,,2M,0M,0M,0%,2M,0M,0%,+0M,+76%,0%,,−,−,−,-,−,−,-,–,-,-
,0010M00001Qla7UQAR,Banco Internacional,0.0M,−,−,−,Agents Created in Prod or Sandbox,Premier,N,,18,,−,−,−,-,−,−,-,–,-,-,,0M,0M,−,0%,0M,−,0%,–,-,0%
,00130000007IineAAC,Casa Pellas S.A.,0.0M,0.0M,0.0M,0.0M,Consistently Using (Past Three Weeks 50+ Convos or 150+ Actions),Basic,N,,0,,−,−,−,-,−,−,-,–,-,-,,0M,0M,0M,108%,0M,0M,68%,+0M,+82%,109%
,0013000000rpk4cAAA,abc S.A.,0.0M,−,−,0.0M,Consistently Using (Past Three Weeks 50+ Convos or 150+ Actions),Premier,N,Nicolas Gamallo,4,,−,−,−,-,−,−,-,–,-,-,,0M,0M,0M,47%,0M,−,0%,+0M,-,47%
,0013000001GW6ClAAL,Sullair Argentina SA,0.0M,0.0M,−,0.0M,Consistently Using (Past Three Weeks 50+ Convos or 150+ Actions),Premier,N,,12,,−,−,−,-,−,−,-,–,-,-,,0M,0M,0M,12%,0M,−,0%,+0M,-,20%
,0013000001Fk6hSAAR,BredenMaster S.A.,0.0M,0.0M,−,0.0M,Consistently Using (Past Three Weeks 50+ Convos or 150+ Actions),Premier,N,,28,,2M,0M,0M,7%,2M,0M,3%,+0M,+101%,31%,,−,−,−,-,−,−,-,–,-,-
,0013y00001buJrCAAU,Smart Training Society,0.0M,0.0M,−,0.0M,Purchased SKU,Premier,N,,33,,5M,2M,−,0%,0M,−,0%,–,-,0%,,−,−,−,-,−,−,-,–,-,-
,001ed00000KQ1Y4AAL,BIENES PROGRAMADOS SA DE CV RFC: BPR950505SS1,0.0M,0.0M,0.0M,0.0M,Purchased SKU,Basic,N,,8,,2M,1M,−,0%,2M,−,0%,–,-,0%,,−,−,−,-,−,−,-,–,-,-
,0010M00001WJjhAQAT,LATAM Airlines Group S.A.,0.0M,0.0M,−,0.0M,Purchased SKU,Premier,N,,9,,2M,0M,−,0%,−,−,-,–,-,0%,,−,−,−,-,−,−,-,–,-,-
,0013000001J7wiyAAB,Hipódromo Argentino de Palermo S.A. – Casino Club S.A. – U.T.E.,0.0M,0.0M,−,0.0M,Consistently Using (Past Three Weeks 50+ Convos or 150+ Actions),Premier,N,,0,,2M,1M,0M,5%,2M,0M,0%,+0M,+2651%,5%,,−,−,−,-,−,−,-,–,-,-
,0013000000NPETGAA5,Dotz Marketing,0.0M,−,−,0.1M,Agents Used in Prod,Premier,N,Alan Ferrari,6,,−,−,−,-,−,−,-,–,-,-,,0M,0M,−,0%,0M,−,0%,–,-,0%
,0010M00001MoewEQAR,Cury Construtora e Incorporadora,0.0M,0.0M,−,0.0M,Agents Used in Prod,Basic,N,,11,,1M,1M,0M,0%,−,−,-,+0M,-,1%,,−,−,−,-,0M,−,0%,–,-,-
,0013000000roGY7AAM,ACESSO DIGITAL S.A.,0.0M,−,−,0.2M,Agents Created in Prod or Sandbox,Premier,N,,6,,1M,1M,0M,0%,1M,0M,0%,+0M,+2%,1%,,−,−,−,-,−,−,-,–,-,-
,0010M00001WOPq5QAH,Ache Laboratorios Farmaceuticos (CAC),0.0M,0.0M,−,0.0M,Consistently Using (Past Three Weeks 50+ Convos or 150+ Actions),Basic,N,,2,,1M,1M,0M,20%,1M,0M,12%,+0M,+67%,25%,,−,−,−,-,−,−,-,–,-,-
,0013000001CDErAAAX,TCP - Terminal de Contêineres de Paranaguá S.A.,0.0M,0.0M,,−,Purchased SKU,Premier,N,,19,,3M,0M,−,0%,3M,−,0%,–,-,0%,,−,−,−,-,−,−,-,–,-,-
,0010M00001QoMNpQAN,Grupo Dimas,0.0M,0.0M,−,0.0M,Agents Used in Prod,Basic,N,,5,,1M,1M,0M,3%,1M,0M,1%,+0M,+243%,6%,,−,−,−,-,−,−,-,–,-,-
,001ed00000OcwDHAAZ,Naturesse,0.0M,0.0M,,0.0M,Agents Used in Prod,Basic,N,,6,,2M,1M,0M,2%,2M,0M,0%,+0M,+3429%,5%,,−,−,−,-,−,−,-,–,-,-
,0010M00001WZF0jQAH,Monte Verde S.A.,0.0M,−,,0.0M,Purchased SKU,Premier,N,,2,,−,−,−,-,−,−,-,–,-,-,,0M,0M,−,0%,0M,−,0%,–,-,0%
,00130000016hSBrAAM,Fanalca SA,0.0M,0.0M,−,0.0M,Agents Used in Prod,Premier,N,,12,,1M,1M,0M,2%,1M,−,0%,+0M,-,3%,,−,−,−,-,−,−,-,–,-,-
,0013000001MrHxWAAV,Cacau Show,0.0M,0.0M,0.0M,0.0M,Agents Used in Prod,Basic,N,,12,,2M,0M,0M,1%,1M,0M,3%,+0M,+51%,7%,,−,−,−,-,−,−,-,–,-,-
,0013000000ZmBa3AAF,S.E. Palmeiras,0.0M,−,0.0M,0.0M,Agents Used in Prod,Basic,N,,10,,−,−,−,-,−,−,-,–,-,-,,0M,0M,0M,1%,0M,0M,1%,–,–,2%
,0010M00001SoAJRQA3,SERVICIOS CORPORATIVOS FTM SC RFC: SCF140716PB8 (Traxion),0.0M,−,−,−,Purchased SKU,Premier,N,,5,,−,−,−,-,−,−,-,–,-,-,,0M,0M,−,0%,0M,−,0%,–,-,0%
,001ed00000E2IglAAF,RM - Rede Moura Participações SA,0.0M,−,−,−,Purchased SKU,Basic,N,,24,,−,−,−,-,−,−,-,–,-,-,,0M,0M,−,0%,0M,−,0%,–,-,0%
,0013000001FirgHAAR,GRPQA Ltda.,0.0M,0.0M,,0.0M,Purchased SKU,Premier,N,,33,,3M,0M,−,0%,0M,−,0%,–,-,0%,,−,−,−,-,−,−,-,–,-,-
,0013000000LzsGRAAZ,Coopeuch,0.0M,0.0M,0.2M,0.3M,Agents Created in Prod or Sandbox,Basic,N,,6,,1M,1M,0M,0%,1M,0M,0%,+0M,+151%,1%,,−,−,−,-,−,−,-,–,-,-
,0013000000RXaBFAA1,WIRELESS COMM SERVICES LTDA,0.0M,−,,−,Purchased SKU,Basic,N,,12,,−,−,−,-,−,−,-,–,-,-,,0M,0M,−,0%,0M,−,0%,–,-,0%
,001ed00000VxVlwAAF,Corpohealth Mosquera,0.0M,0.0M,−,0.0M,Purchased SKU,Basic,N,,57,,1M,0M,−,0%,−,−,-,–,-,0%,,−,−,−,-,−,−,-,–,-,-
,00130000016goabAAA,Sociedad Portuaria Regional de Barranquila S.A.,0.0M,0.0M,,0.0M,Agents Used in Prod,Basic,N,,24,,2M,1M,0M,0%,−,−,-,+0M,-,0%,,−,−,−,-,−,−,-,–,-,-
,0013y00001eBk3fAAC,Bice Hipotecaria,0.0M,−,,−,Agents Used in Prod,Premier,N,,11,,−,−,−,-,−,−,-,–,-,-,,0M,0M,−,0%,0M,0M,0%,-0M,-100%,0%
,0013000000hLqe2AAC,SERVICIOS CASETEROS SAPI,0.0M,0.0M,−,0.0M,Agents Created in Prod or Sandbox,Basic,N,,8,,1M,0M,0M,0%,1M,−,0%,+0M,-,0%,,−,−,−,-,−,−,-,–,-,-
,0013000000hItxDAAS,Newsan S.A.,0.0M,−,−,0.2M,Purchased SKU,Basic,N,,13,,−,−,−,-,−,−,-,–,-,-,,0M,0M,−,0%,0M,−,0%,–,-,0%
,0013000000IkoRRAAZ,Socovesa S A,0.0M,−,−,−,Agents Used in Prod,Premier,N,,22,,−,−,−,-,−,−,-,–,-,-,,0M,0M,0M,5%,0M,0M,5%,+0M,+5%,14%
,0013000000I3xVCAAZ,Grupo Collado SA de CV,0.0M,−,−,−,Purchased SKU,Premier,N,,0,,−,−,−,-,−,−,-,–,-,-,,0M,0M,−,0%,0M,−,0%,–,-,0%
,0010M00001WZnXoQAL,UC CHRISTUS SERVICIOS CLINICOS SPA.,0.0M,0.0M,0.1M,0.1M,Purchased SKU,Basic,N,,11,,1M,0M,−,0%,−,−,-,–,-,0%,,−,−,−,-,−,−,-,–,-,-
,0010M00001UEUIBQA5,JERONIMO MARTINS COLOMBIA S.A.S.,0.0M,−,−,−,Agents Created in Prod or Sandbox,Basic,N,,23,,−,−,−,-,−,−,-,–,-,-,,0M,0M,−,0%,0M,−,0%,–,-,0%
,0013y00001eTygeAAC,GDM GENETICA DO BRASIL S. A. - Synthesys,0.0M,0.0M,−,0.1M,Agents Created in Prod or Sandbox,Premier,N,,4,,1M,0M,0M,3%,1M,0M,3%,–,–,4%,,−,−,−,-,−,−,-,–,-,-
,0013y00001ceCeaAAE,Danone Specialized Nutrition,0.0M,−,−,−,Purchased SKU,Premier,N,,24,,−,−,−,-,−,−,-,–,-,-,,0M,0M,−,0%,0M,−,0%,–,-,0%
,0013000001L6YD9AAN,"Operadora Factory, S.A. de C.V.",0.0M,0.0M,−,0.0M,Agents Used in Prod,Basic,N,,4,,−,−,−,-,−,−,-,–,-,-,,0M,0M,0M,14%,0M,0M,0%,+0M,+4133%,22%
,0013000000BonkXAAR,COMPAÑÍA COLOMBIANA DE CERÁMICA S A S,0.0M,−,−,−,Purchased SKU,Premier,N,,22,,−,−,−,-,−,−,-,–,-,-,,0M,0M,−,0%,0M,−,0%,–,-,0%
,0013000000rpgm8AAA,Unicomer,0.0M,−,−,0.0M,Purchased SKU,Premier,N,,3,,−,−,−,-,−,−,-,–,-,-,,0M,0M,−,0%,0M,−,0%,–,-,0%
,0010M00001QqhevQAB,BGH Tech Partner SA,0.0M,0.0M,,0.0M,Agents Used in Prod,Premier,N,,15,,1M,1M,0M,2%,1M,0M,0%,+0M,+415%,3%,,−,−,−,-,−,−,-,–,-,-
,0013000000IkiBPAAZ,Grupo ADO,0.0M,0.0M,−,0.0M,Purchased SKU,Premier,N,,-,,1M,−,−,0%,−,−,-,–,-,-,,−,−,−,-,−,−,-,–,-,-
,0013y00001gDVg8AAG,Titania,0.0M,−,,−,Agents Created in Prod or Sandbox,Basic,N,,23,,−,−,−,-,−,−,-,–,-,-,,0M,0M,−,0%,0M,−,0%,–,-,0%
,0013y00001c8EoWAAU,Industrias Banilejas,0.0M,0.0M,−,0.0M,Agents Created in Prod or Sandbox,Premier,N,,24,,3M,1M,−,0%,−,−,-,–,-,0%,,−,−,−,-,0M,−,0%,–,-,-
,0013y00001cNN0eAAG,Brasal Incorporações e Construções de Imóveis LTDA,0.0M,−,−,−,Agents Created in Prod or Sandbox,Basic,N,,6,,−,−,−,-,−,−,-,–,-,-,,0M,0M,−,0%,0M,−,0%,–,-,0%
,0013000001L62NuAAJ,"Productos Infantiles Selectos, S.A. de C.V.",0.0M,0.0M,−,0.0M,Consistently Using (Past Three Weeks 50+ Convos or 150+ Actions),Basic,N,,18,,−,−,−,-,−,−,-,–,-,-,,0M,0M,0M,29%,0M,0M,6%,+0M,+414%,136%
,0013000001L6DcpAAF,Corporación El Rosado S.A.,0.0M,0.0M,−,0.0M,Agents Created in Prod or Sandbox,Basic,N,,7,,1M,0M,0M,1%,1M,−,0%,+0M,-,3%,,−,−,−,-,−,−,-,–,-,-
,001ed00000OGsxvAAD,Courageous land,0.0M,0.0M,,0.0M,Agents Used in Prod,Basic,N,,4,,−,−,−,-,−,−,-,–,-,-,,0M,0M,0M,1%,0M,0M,1%,+0M,+30%,2%
,00130000016hj0mAAA,"Grupo Cleber, S.A. de C.V.",0.0M,0.0M,0.1M,0.2M,Agents Created in Prod or Sandbox,Signature,N,,7,,1M,0M,0M,4%,1M,0M,0%,+0M,+5616%,9%,,−,−,−,-,−,−,-,–,-,-
,0010M00001W8PZaQAN,Pluxee Peru SAC,0.0M,0.0M,,0.0M,Agents Used in Prod,Basic,N,,9,,1M,0M,0M,30%,0M,0M,66%,+0M,+218%,81%,,−,−,−,-,−,−,-,–,-,-
,0013000000IkoSZAAZ,Gador S A,0.0M,−,−,0.0M,Purchased SKU,Premier,N,,9,,−,−,−,-,−,−,-,–,-,-,,0M,0M,−,0%,0M,−,0%,–,-,0%
,00130000016jyjQAAQ,Cetrogar S.A.,0.0M,0.0M,−,−,Purchased SKU,Premier,N,,24,,−,−,−,-,−,−,-,–,-,-,,0M,0M,−,0%,0M,−,0%,–,-,0%
,0010M00001P06laQAB,Ransa Comercial S.A.C.,0.0M,−,−,−,Purchased SKU,Premier,N,,0,,−,−,−,-,−,−,-,–,-,-,,0M,0M,−,0%,0M,−,0%,–,-,0%
,0010M00001WZpWIQA1,BANCO CONFISA,0.0M,0.0M,−,0.0M,Purchased SKU,Basic,N,,12,,1M,1M,−,0%,−,−,-,–,-,0%,,−,−,−,-,−,−,-,–,-,-
,0013000001Mj9pDAAR,DIAMOND,0.0M,0.0M,,0.0M,Agents Created in Prod or Sandbox,Basic,N,,15,,−,−,−,-,−,−,-,–,-,-,,0M,0M,−,0%,0M,−,0%,–,-,0%
,0013000000ZjBPhAAN,Laboratorios Andromaco S A I C I,0.0M,0.0M,0.0M,0.0M,Agents Used in Prod,Basic,N,,10,,1M,0M,0M,0%,−,−,-,+0M,-,1%,,−,−,−,-,0M,0M,2%,-0M,-100%,-
,0013000000rnJw6AAE,Telecomunicaciones de Guatemala S.A.,0.0M,−,−,−,Agents Created in Prod or Sandbox,Signature,N,,24,,1M,0M,0M,0%,1M,−,0%,+0M,-,0%,,−,−,−,-,−,−,-,–,-,-
,0013000001GWucjAAD,FOMENTO EMPRESARIAL INMOBILIARIO RFC: FEI960524NP8,0.0M,−,−,−,Agents Created in Prod or Sandbox,Premier,N,,11,,0M,0M,0M,0%,−,−,-,+0M,-,5%,,0M,0M,−,0%,0M,−,0%,–,-,0%
,0013000000hLn7YAAS,Enex,0.0M,0.0M,−,0.1M,Agents Created in Prod or Sandbox,Basic,N,,4,,1M,1M,0M,3%,−,−,-,+0M,-,3%,,−,−,−,-,−,−,-,–,-,-
,00130000005ZHb5AAG,Aplicaciones de Transformación Digital CA,0.0M,−,−,−,Purchased SKU,Premier,N,,-,,−,−,−,-,−,−,-,–,-,-,,0M,−,−,0%,0M,−,0%,–,-,-
,001ed00000DEUunAAH,"Toka Internacional, S.A.P.I. de C.V",0.0M,0.0M,,−,Purchased SKU,Premier,N,,49,,−,−,−,-,−,−,-,–,-,-,,0M,0M,−,0%,0M,−,0%,–,-,0%
,0013y00001epTQjAAM,Manipulae Laboratórios,0.0M,−,−,0.1M,Purchased SKU,Basic,N,,3,,−,−,−,-,−,−,-,–,-,-,,0M,0M,−,0%,0M,−,0%,–,-,0%
,0010M00001SIYIHQA5,Eurobau Costa Rica,0.0M,0.0M,,0.0M,Agents Activated in Prod,Basic,N,,18,,1M,0M,0M,1%,1M,0M,0%,+0M,+241%,4%,,−,−,−,-,−,−,-,–,-,-
,0010M00001Myqs1QAB,Toyota Chile S.A.,0.0M,0.0M,−,0.0M,Purchased SKU,Premier,N,,35,,2M,0M,0M,0%,−,−,-,+0M,-,0%,,−,−,−,-,−,−,-,–,-,-
,0013000001L5nVEAAZ,Baldan Agropecuaria Ltda,0.0M,−,−,−,Agents Used in Prod,Basic,N,,48,,−,−,−,-,−,−,-,–,-,-,,0M,0M,0M,0%,0M,0M,0%,+0M,+8%,2%
,00130000004aW8uAAE,"Casa Granado Phebo Laboratorios, Farmacias E Drogarias S/A",0.0M,0.0M,0.1M,0.1M,Purchased SKU,Premier,N,,23,,4M,1M,−,0%,−,−,-,–,-,0%,,−,−,−,-,0M,−,0%,–,-,-
,0010M00001SoFfXQAV,Vittia S/A,0.0M,0.0M,−,0.0M,Agents Used in Prod,Basic,N,,5,,1M,0M,0M,10%,1M,0M,2%,+0M,+295%,17%,,−,−,−,-,−,−,-,–,-,-
,001ed00000EwlTBAAZ,Damasco Trading LLC,0.0M,0.0M,,0.0M,Agents Created in Prod or Sandbox,Basic,N,,5,,1M,0M,0M,0%,1M,−,0%,+0M,-,0%,,−,−,−,-,−,−,-,–,-,-
,0013y00001fT0V5AAK,"Kenworth del Este, S.A. de C.V.",0.0M,0.0M,−,−,Agents Used in Prod,Basic,N,,0,,−,−,−,-,−,−,-,–,-,-,,0M,0M,0M,0%,0M,0M,0%,–,–,0%
,0013000001CALudAAH,Marcodina SA,0.0M,−,−,−,Agents Created in Prod or Sandbox,Premier,N,,23,,−,−,−,-,−,−,-,–,-,-,,0M,0M,−,0%,0M,−,0%,–,-,0%
,0010M00001QqXwqQAF,Acosta Verde,0.0M,0.0M,−,0.0M,Agents Used in Prod,Basic,N,,7,,1M,0M,0M,2%,1M,0M,2%,+0M,+27%,6%,,−,−,−,-,−,−,-,–,-,-
,0010M00001QjxHlQAJ,Linea Directa,0.0M,−,0.0M,0.0M,Purchased SKU,Premier,N,,0,,−,−,−,-,−,−,-,–,-,-,,0M,0M,−,0%,0M,−,0%,–,-,0%
,0010M00001UMcpWQAT,SAQUE E PAGUE REDE DE AUTOATENDIMENTO S.A.,0.0M,−,−,0.1M,Purchased SKU,Basic,N,,7,,−,−,−,-,−,−,-,–,-,-,,0M,0M,−,0%,0M,−,0%,–,-,0%
,0010M00001Qqx1oQAB,Hotmart Technology Holding B.V.,0.0M,−,−,0.1M,Agents Created in Prod or Sandbox,Basic,N,,12,,1M,0M,0M,1%,−,−,-,+0M,-,1%,,−,−,−,-,0M,−,0%,–,-,-
,0010M00001UVPHfQAP,CEMIG SIM,0.0M,0.0M,−,0.0M,Consistently Using (Past Three Weeks 50+ Convos or 150+ Actions),Premier,N,,22,,−,−,−,-,−,−,-,–,-,-,,0M,0M,0M,37%,0M,0M,0%,+0M,+25850%,872%
,0013y00001c4ZPeAAM,LIQUI MOLY BRASIL,0.0M,0.0M,−,0.0M,Agents Created in Prod or Sandbox,Premier,N,,21,,−,−,−,-,−,−,-,–,-,-,,0M,0M,−,0%,0M,−,0%,–,-,0%
,0013000000IknlFAAR,Banco BOCOM BBM,0.0M,0.0M,,0.0M,Purchased SKU,Premier,N,,33,,1M,0M,−,0%,−,−,-,–,-,0%,,−,−,−,-,−,−,-,–,-,-
,0013000000roQyCAAU,MV Sistemas,0.0M,0.0M,−,0.0M,Agents Used in Prod,Premier,N,,34,,1M,0M,0M,0%,−,−,-,+0M,-,1%,,−,−,−,-,0M,0M,2%,-0M,-100%,-
,0013000000hJOT0AAO,ZURICH ARGENTINA COMPAÑIA DE SEGUROS S.A.,0.0M,0.0M,−,0.0M,Agents Created in Prod or Sandbox,Premier,N,,35,,1M,0M,−,0%,−,−,-,–,-,0%,,−,−,−,-,0M,−,0%,–,-,-
,0013000001CCmoUAAT,Laticínios Bela Vista (Piracanjuba),0.0M,0.0M,−,0.1M,Agents Created in Prod or Sandbox,Premier,N,,36,,1M,0M,0M,0%,−,−,-,+0M,-,3%,,−,−,−,-,−,−,-,–,-,-
,0013y00001fohdpAAA,Prestigio SA,0.0M,0.0M,,0.0M,Purchased SKU,Premier,N,,14,,−,−,−,-,−,−,-,–,-,-,,0M,0M,−,0%,0M,−,0%,–,-,0%
,001ed00000bRRgPAAW,Pyrya,0.0M,0.0M,,0.0M,Purchased SKU,Basic,N,,-,,−,−,−,-,1M,−,0%,–,-,-,,−,−,−,-,−,−,-,–,-,-
,0013000000ZkheCAAR,"Afore XXI Banorte, S.A. de C.V.",0.0M,0.0M,−,0.0M,Purchased SKU,Premier,N,,3,,1M,0M,−,0%,−,−,-,–,-,0%,,−,−,−,-,−,−,-,–,-,-
,0013000001CCmtEAAT,Stam Metalúrgica Ltda,0.0M,−,−,−,Purchased SKU,Basic,N,,0,,−,−,−,-,−,−,-,–,-,-,,0M,0M,−,0%,0M,−,0%,–,-,0%
,0013000001CCh5lAAD,Colombina S.A.,0.0M,0.0M,−,0.0M,Purchased SKU,Premier,N,,48,,−,−,−,-,−,−,-,–,-,-,,0M,0M,−,0%,0M,−,0%,–,-,0%
,0013y00001h68jSAAQ,APSA ACEROS PREFABRICADOS,0.0M,0.0M,,0.0M,Agents Created in Prod or Sandbox,Basic,N,,18,,1M,0M,0M,0%,−,−,-,+0M,-,0%,,−,−,−,-,−,−,-,–,-,-
,0013000001GVFstAAH,ENGIE BRASIL ENERGIA S.A.,0.0M,0.0M,−,−,Agents Used in Prod,Premier,N,,5,,1M,0M,−,0%,−,−,-,–,-,0%,,−,−,−,-,−,−,-,–,-,-
,0013y00001h690SAAQ,XUMTECH - EXPERIENCIA DIGITAL,0.0M,0.0M,,0.0M,Agents Used in Prod,Basic,N,,1,,−,−,−,-,−,−,-,–,-,-,,0M,0M,0M,3%,0M,0M,3%,–,–,4%
,001ed00000pInReAAK,Limpiolux - Org 2,0.0M,0.0M,,0.0M,Purchased SKU,Basic,N,,22,,1M,0M,−,0%,−,−,-,–,-,0%,,−,−,−,-,−,−,-,–,-,-
,0013000001IelR9AAJ,SUMITOMO RUBBER DO BRASIL LTDA.,0.0M,−,,−,Purchased SKU,Basic,N,,22,,−,−,−,-,−,−,-,–,-,-,,0M,0M,−,0%,0M,−,0%,–,-,0%
,00130000016j9eXAAQ,Metropolitan Touring,0.0M,0.0M,,0.0M,Agents Used in Prod,Basic,N,,0,,0M,0M,0M,0%,0M,−,0%,+0M,-,0%,,−,−,−,-,−,−,-,–,-,-
,0013000001CCqBVAA1,CMPC Pulp SpA,0.0M,−,0.0M,0.2M,Purchased SKU,Premier,N,,24,,−,−,−,-,−,−,-,–,-,-,,0M,0M,−,0%,0M,−,0%,–,-,0%
,001ed000007AoE9AAK,La Cuisine International Perú,0.0M,0.0M,−,0.0M,Purchased SKU,Basic,N,,21,,1M,0M,−,0%,1M,−,0%,–,-,0%,,−,−,−,-,−,−,-,–,-,-
,0010M00001Y5T6JQAV,Omni Brasil Taxi Aéreo,0.0M,0.0M,−,0.0M,Purchased SKU,Premier,N,,19,,1M,0M,−,0%,1M,−,0%,–,-,0%,,−,−,−,-,−,−,-,–,-,-
,0010M00001YFjCGQA1,"Pochteca Materias Primas, S.A. de C.V.",0.0M,−,−,0.0M,Agents Used in Prod,Premier,N,,0,,1M,1M,0M,1%,1M,−,0%,+0M,-,1%,,−,−,−,-,−,−,-,–,-,-
,0013000001CClvOAAT,Polímeros y Derivados SA de CV,0.0M,0.0M,,0.0M,Purchased SKU,Premier,N,,31,,1M,0M,−,0%,1M,−,0%,–,-,0%,,−,−,−,-,−,−,-,–,-,-
,0013000000ZkqdgAAB,PATRIA,0.0M,0.0M,−,0.0M,Purchased SKU,Basic,N,,24,,1M,0M,−,0%,−,−,-,–,-,0%,,−,−,−,-,−,−,-,–,-,-
,0010M00001QqW5gQAF,Abc Atacado Brasileiro Da Construcao Sa,0.0M,0.0M,−,0.0M,Agents Used in Prod,Premier,N,,9,,0M,0M,−,0%,−,−,-,–,-,0%,,−,−,−,-,0M,0M,6%,-0M,-100%,-
,0013000001GXKZcAAP,FERRONORTE INDUSTRIAL LTDA,0.0M,0.0M,−,0.0M,Agents Used in Prod,Premier,N,,34,,1M,0M,0M,0%,−,−,-,+0M,-,0%,,−,−,−,-,−,−,-,–,-,-
,0013y00001cSwUIAA0,"Cero Deuda, SAPI de CV. RFC: CDE110622ESA",0.0M,−,,−,Purchased SKU,Premier,N,,12,,−,−,−,-,−,−,-,–,-,-,,0M,0M,−,0%,0M,−,0%,–,-,0%
,0013000000M1DgbAAF,SQM Industrial SA,0.0M,−,−,0.0M,Purchased SKU,Premier,N,,11,,−,−,−,-,−,−,-,–,-,-,,0M,0M,−,0%,0M,−,0%,–,-,0%
,00130000016hrplAAA,SETAR N.V.,0.0M,−,−,0.0M,Purchased SKU,Basic,N,,0,,−,−,−,-,−,−,-,–,-,-,,0M,0M,−,0%,0M,−,0%,–,-,0%
,001ed000006ghl5AAA,"Soporte de Servicios Administrativos, S.A. (New Org Motos)",0.0M,−,−,−,Purchased SKU,Signature,N,,21,,−,−,−,-,−,−,-,–,-,-,,0M,0M,−,0%,0M,−,0%,–,-,0%
,0013y00001fojRvAAI,LAVVI EMPREENDIMENTOS IMOBILIARIOS S.A.,0.0M,0.0M,−,0.0M,Purchased SKU,Basic,N,,8,,0M,0M,−,0%,0M,−,0%,–,-,0%,,−,−,−,-,−,−,-,–,-,-
,0013y00001eU29ZAAS,VVH EMPREENDIMENTOS COMERCIAIS & PARTICIPACOES LTDA,0.0M,0.0M,,0.0M,Purchased SKU,Premier,N,,23,,0M,0M,−,0%,−,−,-,–,-,0%,,−,−,−,-,−,−,-,–,-,-
,0013000000rpweHAAQ,Mettler-Toledo Ind. e Com. Ltda,0.0M,0.0M,−,0.0M,Purchased SKU,Premier,N,,6,,0M,0M,−,0%,−,−,-,–,-,0%,,−,−,−,-,−,−,-,–,-,-
,0013y00001cg5OeAAI,Inversiones la Paz S.A,0.0M,−,−,−,Purchased SKU,Premier,N,,24,,−,−,−,-,−,−,-,–,-,-,,0M,0M,−,0%,0M,−,0%,–,-,0%
,0013000001CCoNzAAL,Pontificia Universidad Javeriana (Cali),0.0M,0.0M,0.0M,0.0M,Consistently Using (Past Three Weeks 50+ Convos or 150+ Actions),Premier,N,,19,,0M,0M,0M,77%,0M,0M,48%,+0M,+378%,165%,,−,−,−,-,−,−,-,–,-,-
,0010M00001QqY1LQAV,GA ADMINISTRACION Y SERVICIOS - RFC GAS100805DP2,0.0M,0.0M,−,0.0M,Agents Used in Prod,Premier,N,,-,,0M,−,0M,1%,0M,0M,1%,+0M,+88%,-,,−,−,−,-,−,−,-,–,-,-
,001ed00000NKdkjAAD,Doctor Audio Panama S.A.,0.0M,0.0M,,0.0M,Purchased SKU,Basic,N,,5,,0M,0M,−,0%,0M,−,0%,–,-,0%,,−,−,−,-,−,−,-,–,-,-
,0013y00001fZdpQAAS,Fundación Caprile,0.0M,0.0M,,0.0M,Agents Created in Prod or Sandbox,Basic,N,,10,,0M,0M,0M,2%,−,−,-,+0M,-,3%,,−,−,−,-,0M,−,0%,–,-,-
,0013000000NQ42SAAT,Compania Industrial El Volcan S.A.,0.0M,0.0M,−,0.0M,Agents Used in Prod,Premier,N,,29,,0M,0M,0M,1%,0M,−,0%,+0M,-,2%,,−,−,−,-,−,−,-,–,-,-
,0013000001CClHEAA1,COPEL COMERCIALIZACAO S.A.,0.0M,−,−,−,Purchased SKU,Premier,N,,23,,−,−,−,-,−,−,-,–,-,-,,0M,0M,−,0%,0M,−,0%,–,-,0%
,0013000000hLc6ZAAS,MEDIA COMMERCE PARTNERS S.A.S,0.0M,−,,−,Agents Created in Prod or Sandbox,Basic,N,,30,,−,−,−,-,−,−,-,–,-,-,,0M,0M,−,0%,0M,−,0%,–,-,0%
,0013y00001ce2yfAAA,Propio Facilitadores de Viviendas,0.0M,0.0M,−,0.0M,Purchased SKU,Basic,N,,15,,0M,0M,−,0%,0M,−,0%,–,-,0%,,−,−,−,-,−,−,-,–,-,-
,0013y00001foaXEAAY,ARCO CV,0.0M,−,−,0.0M,Purchased SKU,Premier,N,,36,,−,−,−,-,−,−,-,–,-,-,,0M,0M,−,0%,0M,−,0%,–,-,0%
,0013000000Kb3zgAAB,Alelo SA,0.0M,−,−,0.2M,Purchased SKU,Premier,N,,10,,0M,0M,−,0%,0M,−,0%,–,-,0%,,−,−,−,-,−,−,-,–,-,-
,0013000000rovelAAA,Zimmic-ISVEdtion,0.0M,−,,−,Purchased SKU,Basic,N,,10,,−,−,−,-,−,−,-,–,-,-,,0M,0M,−,0%,0M,−,0%,–,-,0%
,0010M00001UEgBYQA1,Moyabaca,0.0M,0.0M,,0.0M,Agents Used in Prod,Basic,N,,6,,0M,0M,0M,10%,0M,0M,5%,+0M,+108%,21%,,−,−,−,-,−,−,-,–,-,-
,0010M00001QqXtUQAV,Impulsora Industrial Monterrey  RFC:IIM651101EVA,0.0M,0.0M,,0.0M,Agents Used in Prod,Basic,N,,7,,0M,0M,0M,43%,0M,0M,18%,+0M,+136%,123%,,−,−,−,-,−,−,-,–,-,-
,001ed00000XqaNlAAJ,One Key,0.0M,0.0M,,0.0M,Agents Activated in Prod,Basic,N,,9,,0M,0M,−,0%,−,−,-,–,-,0%,,−,−,−,-,−,−,-,–,-,-
,0010M00001UVemyQAD,Continautos - NIT 860015118-6,0.0M,−,,−,Purchased SKU,Basic,N,,46,,−,−,−,-,−,−,-,–,-,-,,0M,0M,−,0%,0M,−,0%,–,-,0%
,0013y00001crYF5AAM,Dagma,0.0M,−,0.0M,0.0M,Purchased SKU,Premier,N,,0,,−,−,−,-,−,−,-,–,-,-,,0M,0M,−,0%,0M,−,0%,–,-,0%
,0010M00001SenKFQAZ,ADR S.A,0.0M,−,,−,Agents Used in Prod,Basic,N,,3,,−,−,−,-,−,−,-,–,-,-,,0M,0M,0M,1%,0M,0M,1%,–,–,1%
,0010M00001UVQbHQAX,Tecno Fast,0.0M,0.0M,−,0.0M,Purchased SKU,Basic,N,,31,,0M,0M,−,0%,0M,−,0%,–,-,0%,,−,−,−,-,−,−,-,–,-,-
,0013000001FKz63AAD,Dental Cremer Produtos Odontológicos S.A.,0.0M,−,−,−,Purchased SKU,Basic,N,,6,,−,−,−,-,−,−,-,–,-,-,,0M,0M,−,0%,0M,−,0%,–,-,0%
,0013y00001cCZpNAAW,Crediseguro,0.0M,−,−,−,Purchased SKU,Basic,N,,48,,−,−,−,-,−,−,-,–,-,-,,0M,0M,−,0%,0M,−,0%,–,-,0%
,0013y00001dy2iEAAQ,Centuriosa S.A,0.0M,0.0M,,0.0M,Agents Used in Prod,Basic,N,,13,,0M,0M,0M,27%,0M,0M,13%,+0M,+113%,65%,,−,−,−,-,−,−,-,–,-,-
,0013y00001f92XOAAY,MEDIFARMA S.A. ISV,0.0M,0.0M,−,0.0M,Purchased SKU,Premier,N,,-,,−,−,−,-,−,−,-,–,-,-,,−,−,−,-,−,−,-,–,-,-
,0010M00001cDOOxQAO,Fondo de Empleados de Johnson & Johnson (FEDEJOHNSON),0.0M,−,,−,Purchased SKU,Basic,N,,9,,−,−,−,-,−,−,-,–,-,-,,0M,0M,−,0%,0M,−,0%,–,-,0%
,0013y00001XzUZqAAN,Grupo Datco,0.0M,−,,−,Purchased SKU,Premier,N,,12,,−,−,−,-,−,−,-,–,-,-,,0M,0M,−,0%,0M,−,0%,–,-,0%
,0013y00001XzJzsAAF,Tamarron Services Honduras,0.0M,−,,−,Agents Used in Prod,Basic,N,,28,,0M,0M,0M,5%,0M,0M,5%,+0M,+0%,27%,,−,−,−,-,−,−,-,–,-,-
,00130000004lLcDAAU,"FEFASA CSC, S.A. de C.V.",0.0M,−,−,−,Agents Used in Prod,Premier,N,,18,,−,−,−,-,−,−,-,–,-,-,,0M,0M,0M,1%,0M,−,0%,+0M,-,2%
,0013000000rpNg6AAE,"Cooperativa La Cruz Azul, S.C.L",0.0M,0.0M,−,0.0M,Purchased SKU,Premier,N,,54,,0M,0M,−,0%,0M,−,0%,–,-,0%,,−,−,−,-,−,−,-,–,-,-
,0013000001CCoOmAAL,INVERSIONES SB S.A.,0.0M,−,−,0.1M,Agents Created in Prod or Sandbox,Premier,N,Nicolas Gamallo,24,,−,−,−,-,−,−,-,–,-,-,,0M,0M,−,0%,0M,−,0%,–,-,0%
,0010M00001QqVvaQAF,PMZ DISTRIBUIDORA S.A,0.0M,0.0M,,−,Purchased SKU,Basic,N,,35,,−,−,−,-,−,−,-,–,-,-,,0M,0M,−,0%,0M,−,0%,–,-,0%
,0010M00001SIhHDQA1,Chubb Insurance Company of Puerto Rico,0.0M,0.0M,−,0.1M,Purchased SKU,Basic,N,,14,,−,−,−,-,−,−,-,–,-,-,,0M,0M,−,0%,0M,−,0%,–,-,0%
,0013000001NXpNvAAL,Pipefy,0.0M,−,,−,Purchased SKU,Premier,N,,11,,−,−,−,-,−,−,-,–,-,-,,0M,0M,−,0%,0M,−,0%,–,-,0%
,0013000001JxzagAAB,Febracis Treinamento,0.0M,−,−,0.0M,Purchased SKU,Basic,N,,11,,−,−,−,-,−,−,-,–,-,-,,0M,0M,−,0%,0M,−,0%,–,-,0%
,0013000000LzkXWAAZ,CIMED INDUSTRIA DE MEDICAMENTOS LTDA,0.0M,0.0M,−,0.0M,Agents Created in Prod or Sandbox,Signature,N,,5,,−,−,−,-,−,−,-,–,-,-,,0M,0M,−,0%,0M,−,0%,–,-,0%
,0013000001CCSmoAAH,Unimed Rio Preto,0.0M,0.0M,−,0.1M,Agents Used in Prod,Basic,N,,-,,−,−,−,-,−,−,-,–,-,-,,0M,−,0M,100%,0M,0M,95%,-0M,-96%,-
,0010M00001U3xS3QAJ,Bold S.A.,0.0M,−,−,−,Agents Created in Prod or Sandbox,Basic,N,,12,,−,−,−,-,−,−,-,–,-,-,,0M,0M,−,0%,0M,−,0%,–,-,0%
,0013000000Lzj4WAAR,Selbetti Gestão de Documentos S.A.,0.0M,−,,−,Purchased SKU,Premier,N,,19,,−,−,−,-,−,−,-,–,-,-,,0M,0M,−,0%,0M,−,0%,–,-,0%
,0010M00001Qqy4eQAB,Elo Serviços S.A. (Cartão ELO),0.0M,−,0.0M,0.0M,Purchased SKU,Basic,N,Kamilla Ladeira,12,,−,−,−,-,−,−,-,–,-,-,,0M,0M,−,0%,0M,−,0%,–,-,0%
,0013y00001d6ydHAAQ,Clube Candeias,0.0M,−,,−,Purchased SKU,Basic,N,,24,,−,−,−,-,−,−,-,–,-,-,,0M,0M,−,0%,0M,−,0%,–,-,0%
,0013y00001cEKfkAAG,Metalúrgica FEY,0.0M,−,,−,Purchased SKU,Basic,N,,24,,−,−,−,-,−,−,-,–,-,-,,0M,0M,−,0%,0M,−,0%,–,-,0%
,001ed000001RNZSAA4,J Gassó Gassó,0.0M,0.0M,,−,Purchased SKU,Basic,N,,25,,−,−,−,-,−,−,-,–,-,-,,0M,0M,−,0%,0M,−,0%,–,-,0%
,0013y00001h7ZhbAAE,COSAYACH,−,−,,−,Purchased SKU,Basic,N,,10,,0M,0M,−,0%,−,−,-,–,-,0%,,−,−,−,-,−,−,-,–,-,-
,0013y00001euGLKAA2,Localiza Empresas,−,−,,−,Purchased SKU,Premier,N,,24,,0M,0M,−,0%,−,−,-,–,-,0%,,−,−,−,-,−,−,-,–,-,-
,0013y00001epLBjAAM,Junto Seguros (Main Org),−,0.0M,−,0.0M,Purchased SKU,Premier,N,,23,,4M,0M,−,0%,−,−,-,–,-,0%,,−,−,−,-,−,−,-,–,-,-
,0013y00001dNie4AAC,Localiza Seminovos,−,−,0.6M,0.6M,Agents Used in Prod,Premier,N,Kamilla Ladeira,24,,0M,0M,0M,0%,2M,0M,1%,-0M,-100%,0%,,−,−,−,-,−,−,-,–,-,-
,0013y00001cIcOZAA0,Nobilis CBSA,−,0.0M,−,0.0M,Purchased SKU,Basic,N,,11,,0M,0M,−,0%,−,−,-,–,-,0%,,−,−,−,-,−,−,-,–,-,-
,0013y00001cISxyAAG,Broto,−,−,,−,Purchased SKU,Premier,N,,10,,0M,0M,−,0%,−,−,-,–,-,0%,,−,−,−,-,−,−,-,–,-,-
,0013y00001c7D3xAAE,Banco Bice,−,−,−,−,Purchased SKU,Signature,N,,35,,0M,0M,0M,116%,−,−,-,+0M,-,1691%,,−,−,−,-,−,−,-,–,-,-
,0013y00001Y0fkkAAB,TISCOSKI DISTRIBUIDORA COMERCIAL S.A.,−,0.0M,−,0.1M,Purchased SKU,Premier,N,,11,,7M,0M,−,0%,−,−,-,–,-,0%,,−,−,−,-,−,−,-,–,-,-
,0013000000rpfkeAAA,BRM SAS,−,−,,−,Purchased SKU,Basic,N,,7,,0M,0M,−,0%,0M,−,0%,–,-,0%,,−,−,−,-,−,−,-,–,-,-
,0013000000hKl8gAAC,E Health Partners Inc,−,−,,−,Agents Created in Prod or Sandbox,Basic,N,,31,,0M,0M,0M,0%,0M,−,0%,+0M,-,0%,,−,−,−,-,−,−,-,–,-,-
,0013000000ZlQxGAAV,BOTICARIO PRODUTOS DE BELEZA LTDA,−,−,−,0.4M,Consistently Using (Past Three Weeks 50+ Convos or 150+ Actions),Signature,N,,1,,12M,10M,7M,62%,6M,1M,13%,+6M,+786%,74%,,−,−,−,-,−,−,-,–,-,-
,0013000000Raqj7AAB,Localiza Fleet,−,−,0.8M,−,Agents Created in Prod or Sandbox,Premier,N,,24,,2M,0M,3M,173%,−,−,-,+3M,-,541%,,−,−,−,-,−,−,-,–,-,-
,0013000000RamToAAJ,CEMENTOS POLPAICO SA,−,−,−,0.0M,Agents Activated in Prod,Premier,N,,22,,0M,0M,0M,6%,0M,0M,1%,+0M,+628%,17%,,−,−,−,-,−,−,-,–,-,-
,0013000000RXYbWAAX,Aerolíneas Ejecutivas S.A. de C.V.,−,−,,−,Purchased SKU,Premier,N,,11,,0M,0M,−,0%,−,−,-,–,-,0%,,−,−,−,-,−,−,-,–,-,-
,0013000000NOw7KAAT,COCA-COLA FEMSA BRASIL,−,0.0M,,0.5M,Purchased SKU,Premier,N,,11,,10M,0M,−,0%,−,−,-,–,-,0%,,−,−,−,-,−,−,-,–,-,-
,0013000000Ikp0HAAR,Skandia Holding de Colombia S.A.,−,−,−,−,Purchased SKU,Basic,N,,7,,0M,0M,−,0%,0M,−,0%,–,-,0%,,−,−,−,-,−,−,-,–,-,-
,0013000000IknpIAAR,B3 S.A.,−,−,−,−,Agents Activated in Prod,Premier,N,,32,,0M,0M,0M,0%,0M,−,0%,+0M,-,0%,,−,−,−,-,−,−,-,–,-,-
,0013000000IkneeAAB,Pottencial Seguradora (2nd Org),−,0.0M,−,0.0M,Purchased SKU,Premier,N,,32,,0M,0M,−,0%,0M,−,0%,–,-,0%,,−,−,−,-,−,−,-,–,-,-
,0013000000IkXnZAAV,COMFANDI,−,−,−,−,Purchased SKU,Premier,N,,24,,0M,0M,−,0%,−,−,-,–,-,0%,,−,−,−,-,−,−,-,–,-,-
,0013000000I3YnTAAV,Banco de Cordoba,−,−,−,0.0M,Purchased SKU,Basic,N,,0,,6M,5M,−,0%,−,−,-,–,-,0%,,−,−,−,-,−,−,-,–,-,-
,0013000000FK8hqAAD,Banco de Crédito del Perú - BCP,−,−,−,0.7M,Agents Used in Prod,Signature,N,,2,,0M,0M,0M,2%,0M,0M,15%,-0M,-71%,11%,,−,−,−,-,−,−,-,–,-,-
,001300000064qa4AAA,"Mercadotecnia, Ideas y Tecnología, S.A. de C.V.",−,−,−,−,Agents Created in Prod or Sandbox,Premier,N,,6,,0M,0M,0M,0%,0M,−,0%,+0M,-,1%,,−,−,−,-,−,−,-,–,-,-
,0010M00001W874NQAR,Original Group,−,−,,−,Purchased SKU,Premier,N,,20,,2M,0M,−,0%,2M,−,0%,–,-,0%,,−,−,−,-,−,−,-,–,-,-
,0010M00001VKcGkQAL,PRAVALER S/A,−,−,−,−,Agents Used in Prod,Premier,N,,6,,6M,3M,0M,0%,−,−,-,+0M,-,0%,,−,−,−,-,0M,0M,2%,-0M,-100%,-
,0010M00001QqwrIQAR,Localiza Rent a Car - ASCLI,−,−,−,−,Purchased SKU,Premier,N,,24,,0M,0M,−,0%,−,−,-,–,-,0%,,−,−,−,-,−,−,-,–,-,-
,,-,-,-,-,-,-,-,-,-,-,,−,−,−,-,−,−,-,–,-,-,,−,−,−,-,−,−,-,–,-,-
,,-,-,-,-,-,-,-,-,-,-,,−,−,−,-,−,−,-,–,-,-,,−,−,−,-,−,−,-,–,-,-
,,-,-,-,-,-,-,-,-,-,-,,−,−,−,-,−,−,-,–,-,-,,−,−,−,-,−,−,-,–,-,-
,,-,-,-,-,-,-,-,-,-,-,,−,−,−,-,−,−,-,–,-,-,,−,−,−,-,−,−,-,–,-,-
,,-,-,-,-,-,-,-,-,-,-,,−,−,−,-,−,−,-,–,-,-,,−,−,−,-,−,−,-,–,-,-
,,-,-,-,-,-,-,-,-,-,-,,−,−,−,-,−,−,-,–,-,-,,−,−,−,-,−,−,-,–,-,-
,,-,-,-,-,-,-,-,-,-,-,,−,−,−,-,−,−,-,–,-,-,,−,−,−,-,−,−,-,–,-,-
,,-,-,-,-,-,-,-,-,-,-,,−,−,−,-,−,−,-,–,-,-,,−,−,−,-,−,−,-,–,-,-
,,-,-,-,-,-,-,-,-,-,-,,−,−,−,-,−,−,-,–,-,-,,−,−,−,-,−,−,-,–,-,-
,,-,-,-,-,-,-,-,-,-,-,,−,−,−,-,−,−,-,–,-,-,,−,−,−,-,−,−,-,–,-,-
,,-,-,-,-,-,-,-,-,-,-,,−,−,−,-,−,−,-,–,-,-,,−,−,−,-,−,−,-,–,-,-
,,-,-,-,-,-,-,-,-,-,-,,−,−,−,-,−,−,-,–,-,-,,−,−,−,-,−,−,-,–,-,-
,,-,-,-,-,-,-,-,-,-,-,,−,−,−,-,−,−,-,–,-,-,,−,−,−,-,−,−,-,–,-,-
,,-,-,-,-,-,-,-,-,-,-,,−,−,−,-,−,−,-,–,-,-,,−,−,−,-,−,−,-,–,-,-
,,-,-,-,-,-,-,-,-,-,-,,−,−,−,-,−,−,-,–,-,-,,−,−,−,-,−,−,-,–,-,-
,,-,-,-,-,-,-,-,-,-,-,,−,−,−,-,−,−,-,–,-,-,,−,−,−,-,−,−,-,–,-,-
,,-,-,-,-,-,-,-,-,-,-,,−,−,−,-,−,−,-,–,-,-,,−,−,−,-,−,−,-,–,-,-
,,-,-,-,-,-,-,-,-,-,-,,−,−,−,-,−,−,-,–,-,-,,−,−,−,-,−,−,-,–,-,-
,,-,-,-,-,-,-,-,-,-,-,,−,−,−,-,−,−,-,–,-,-,,−,−,−,-,−,−,-,–,-,-
,,-,-,-,-,-,-,-,-,-,-,,−,−,−,-,−,−,-,–,-,-,,−,−,−,-,−,−,-,–,-,-
,,-,-,-,-,-,-,-,-,-,-,,−,−,−,-,−,−,-,–,-,-,,−,−,−,-,−,−,-,–,-,-
,,-,-,-,-,-,-,-,-,-,-,,−,−,−,-,−,−,-,–,-,-,,−,−,−,-,−,−,-,–,-,-
,,-,-,-,-,-,-,-,-,-,-,,−,−,−,-,−,−,-,–,-,-,,−,−,−,-,−,−,-,–,-,-
,,-,-,-,-,-,-,-,-,-,-,,−,−,−,-,−,−,-,–,-,-,,−,−,−,-,−,−,-,–,-,-
,,-,-,-,-,-,-,-,-,-,-,,−,−,−,-,−,−,-,–,-,-,,−,−,−,-,−,−,-,–,-,-
,,-,-,-,-,-,-,-,-,-,-,,−,−,−,-,−,−,-,–,-,-,,−,−,−,-,−,−,-,–,-,-
,,-,-,-,-,-,-,-,-,-,-,,−,−,−,-,−,−,-,–,-,-,,−,−,−,-,−,−,-,–,-,-
,,-,-,-,-,-,-,-,-,-,-,,−,−,−,-,−,−,-,–,-,-,,−,−,−,-,−,−,-,–,-,-
,,-,-,-,-,-,-,-,-,-,-,,−,−,−,-,−,−,-,–,-,-,,−,−,−,-,−,−,-,–,-,-
,,-,-,-,-,-,-,-,-,-,-,,−,−,−,-,−,−,-,–,-,-,,−,−,−,-,−,−,-,–,-,-
,,-,-,-,-,-,-,-,-,-,-,,−,−,−,-,−,−,-,–,-,-,,−,−,−,-,−,−,-,–,-,-
,,-,-,-,-,-,-,-,-,-,-,,−,−,−,-,−,−,-,–,-,-,,−,−,−,-,−,−,-,–,-,-
,,-,-,-,-,-,-,-,-,-,-,,−,−,−,-,−,−,-,–,-,-,,−,−,−,-,−,−,-,–,-,-
,,-,-,-,-,-,-,-,-,-,-,,−,−,−,-,−,−,-,–,-,-,,−,−,−,-,−,−,-,–,-,-
,,-,-,-,-,-,-,-,-,-,-,,−,−,−,-,−,−,-,–,-,-,,−,−,−,-,−,−,-,–,-,-
,,-,-,-,-,-,-,-,-,-,-,,−,−,−,-,−,−,-,–,-,-,,−,−,−,-,−,−,-,–,-,-
,,-,-,-,-,-,-,-,-,-,-,,−,−,−,-,−,−,-,–,-,-,,−,−,−,-,−,−,-,–,-,-
,,-,-,-,-,-,-,-,-,-,-,,−,−,−,-,−,−,-,–,-,-,,−,−,−,-,−,−,-,–,-,-
,,-,-,-,-,-,-,-,-,-,-,,−,−,−,-,−,−,-,–,-,-,,−,−,−,-,−,−,-,–,-,-
,,-,-,-,-,-,-,-,-,-,-,,−,−,−,-,−,−,-,–,-,-,,−,−,−,-,−,−,-,–,-,-
,,-,-,-,-,-,-,-,-,-,-,,−,−,−,-,−,−,-,–,-,-,,−,−,−,-,−,−,-,–,-,-
,,-,-,-,-,-,-,-,-,-,-,,−,−,−,-,−,−,-,–,-,-,,−,−,−,-,−,−,-,–,-,-
,,-,-,-,-,-,-,-,-,-,-,,−,−,−,-,−,−,-,–,-,-,,−,−,−,-,−,−,-,–,-,-
,,-,-,-,-,-,-,-,-,-,-,,−,−,−,-,−,−,-,–,-,-,,−,−,−,-,−,−,-,–,-,-
,,-,-,-,-,-,-,-,-,-,-,,−,−,−,-,−,−,-,–,-,-,,−,−,−,-,−,−,-,–,-,-
,,-,-,-,-,-,-,-,-,-,-,,−,−,−,-,−,−,-,–,-,-,,−,−,−,-,−,−,-,–,-,-
,,-,-,-,-,-,-,-,-,-,-,,−,−,−,-,−,−,-,–,-,-,,−,−,−,-,−,−,-,–,-,-
,,-,-,-,-,-,-,-,-,-,-,,−,−,−,-,−,−,-,–,-,-,,−,−,−,-,−,−,-,–,-,-
,,-,-,-,-,-,-,-,-,-,-,,−,−,−,-,−,−,-,–,-,-,,−,−,−,-,−,−,-,–,-,-
,,-,-,-,-,-,-,-,-,-,-,,−,−,−,-,−,−,-,–,-,-,,−,−,−,-,−,−,-,–,-,-
,,-,-,-,-,-,-,-,-,-,-,,−,−,−,-,−,−,-,–,-,-,,−,−,−,-,−,−,-,–,-,-
,,-,-,-,-,-,-,-,-,-,-,,−,−,−,-,−,−,-,–,-,-,,−,−,−,-,−,−,-,–,-,-
,,-,-,-,-,-,-,-,-,-,-,,−,−,−,-,−,−,-,–,-,-,,−,−,−,-,−,−,-,–,-,-
,,-,-,-,-,-,-,-,-,-,-,,−,−,−,-,−,−,-,–,-,-,,−,−,−,-,−,−,-,–,-,-
,,-,-,-,-,-,-,-,-,-,-,,−,−,−,-,−,−,-,–,-,-,,−,−,−,-,−,−,-,–,-,-
,,-,-,-,-,-,-,-,-,-,-,,−,−,−,-,−,−,-,–,-,-,,−,−,−,-,−,−,-,–,-,-
,,-,-,-,-,-,-,-,-,-,-,,−,−,−,-,−,−,-,–,-,-,,−,−,−,-,−,−,-,–,-,-
,,-,-,-,-,-,-,-,-,-,-,,−,−,−,-,−,−,-,–,-,-,,−,−,−,-,−,−,-,–,-,-
,,-,-,-,-,-,-,-,-,-,-,,−,−,−,-,−,−,-,–,-,-,,−,−,−,-,−,−,-,–,-,-
,,-,-,-,-,-,-,-,-,-,-,,−,−,−,-,−,−,-,–,-,-,,−,−,−,-,−,−,-,–,-,-
,,-,-,-,-,-,-,-,-,-,-,,−,−,−,-,−,−,-,–,-,-,,−,−,−,-,−,−,-,–,-,-
,,-,-,-,-,-,-,-,-,-,-,,−,−,−,-,−,−,-,–,-,-,,−,−,−,-,−,−,-,–,-,-
,,-,-,-,-,-,-,-,-,-,-,,−,−,−,-,−,−,-,–,-,-,,−,−,−,-,−,−,-,–,-,-
,,-,-,-,-,-,-,-,-,-,-,,−,−,−,-,−,−,-,–,-,-,,−,−,−,-,−,−,-,–,-,-
,,-,-,-,-,-,-,-,-,-,-,,−,−,−,-,−,−,-,–,-,-,,−,−,−,-,−,−,-,–,-,-
,,-,-,-,-,-,-,-,-,-,-,,−,−,−,-,−,−,-,–,-,-,,−,−,−,-,−,−,-,–,-,-
,,-,-,-,-,-,-,-,-,-,-,,−,−,−,-,−,−,-,–,-,-,,−,−,−,-,−,−,-,–,-,-
,,-,-,-,-,-,-,-,-,-,-,,−,−,−,-,−,−,-,–,-,-,,−,−,−,-,−,−,-,–,-,-
,,-,-,-,-,-,-,-,-,-,-,,−,−,−,-,−,−,-,–,-,-,,−,−,−,-,−,−,-,–,-,-
,,-,-,-,-,-,-,-,-,-,-,,−,−,−,-,−,−,-,–,-,-,,−,−,−,-,−,−,-,–,-,-
,,-,-,-,-,-,-,-,-,-,-,,−,−,−,-,−,−,-,–,-,-,,−,−,−,-,−,−,-,–,-,-
,,-,-,-,-,-,-,-,-,-,-,,−,−,−,-,−,−,-,–,-,-,,−,−,−,-,−,−,-,–,-,-
,,-,-,-,-,-,-,-,-,-,-,,−,−,−,-,−,−,-,–,-,-,,−,−,−,-,−,−,-,–,-,-
,,-,-,-,-,-,-,-,-,-,-,,−,−,−,-,−,−,-,–,-,-,,−,−,−,-,−,−,-,–,-,-
,,-,-,-,-,-,-,-,-,-,-,,−,−,−,-,−,−,-,–,-,-,,−,−,−,-,−,−,-,–,-,-
,,-,-,-,-,-,-,-,-,-,-,,−,−,−,-,−,−,-,–,-,-,,−,−,−,-,−,−,-,–,-,-
,,-,-,-,-,-,-,-,-,-,-,,−,−,−,-,−,−,-,–,-,-,,−,−,−,-,−,−,-,–,-,-
,,-,-,-,-,-,-,-,-,-,-,,−,−,−,-,−,−,-,–,-,-,,−,−,−,-,−,−,-,–,-,-
,,-,-,-,-,-,-,-,-,-,-,,−,−,−,-,−,−,-,–,-,-,,−,−,−,-,−,−,-,–,-,-
,,-,-,-,-,-,-,-,-,-,-,,−,−,−,-,−,−,-,–,-,-,,−,−,−,-,−,−,-,–,-,-
,,-,-,-,-,-,-,-,-,-,-,,−,−,−,-,−,−,-,–,-,-,,−,−,−,-,−,−,-,–,-,-
,,-,-,-,-,-,-,-,-,-,-,,−,−,−,-,−,−,-,–,-,-,,−,−,−,-,−,−,-,–,-,-
,,-,-,-,-,-,-,-,-,-,-,,−,−,−,-,−,−,-,–,-,-,,−,−,−,-,−,−,-,–,-,-
,,-,-,-,-,-,-,-,-,-,-,,−,−,−,-,−,−,-,–,-,-,,−,−,−,-,−,−,-,–,-,-
,,-,-,-,-,-,-,-,-,-,-,,−,−,−,-,−,−,-,–,-,-,,−,−,−,-,−,−,-,–,-,-
,,-,-,-,-,-,-,-,-,-,-,,−,−,−,-,−,−,-,–,-,-,,−,−,−,-,−,−,-,–,-,-
,,-,-,-,-,-,-,-,-,-,-,,−,−,−,-,−,−,-,–,-,-,,−,−,−,-,−,−,-,–,-,-
,,-,-,-,-,-,-,-,-,-,-,,−,−,−,-,−,−,-,–,-,-,,−,−,−,-,−,−,-,–,-,-
,,-,-,-,-,-,-,-,-,-,-,,−,−,−,-,−,−,-,–,-,-,,−,−,−,-,−,−,-,–,-,-
,,-,-,-,-,-,-,-,-,-,-,,−,−,−,-,−,−,-,–,-,-,,−,−,−,-,−,−,-,–,-,-
,,-,-,-,-,-,-,-,-,-,-,,−,−,−,-,−,−,-,–,-,-,,−,−,−,-,−,−,-,–,-,-
,,-,-,-,-,-,-,-,-,-,-,,−,−,−,-,−,−,-,–,-,-,,−,−,−,-,−,−,-,–,-,-
,,-,-,-,-,-,-,-,-,-,-,,−,−,−,-,−,−,-,–,-,-,,−,−,−,-,−,−,-,–,-,-
,,-,-,-,-,-,-,-,-,-,-,,−,−,−,-,−,−,-,–,-,-,,−,−,−,-,−,−,-,–,-,-
,,-,-,-,-,-,-,-,-,-,-,,−,−,−,-,−,−,-,–,-,-,,−,−,−,-,−,−,-,–,-,-
,,-,-,-,-,-,-,-,-,-,-,,−,−,−,-,−,−,-,–,-,-,,−,−,−,-,−,−,-,–,-,-
,,-,-,-,-,-,-,-,-,-,-,,−,−,−,-,−,−,-,–,-,-,,−,−,−,-,−,−,-,–,-,-
,,-,-,-,-,-,-,-,-,-,-,,−,−,−,-,−,−,-,–,-,-,,−,−,−,-,−,−,-,–,-,-
,,-,-,-,-,-,-,-,-,-,-,,−,−,−,-,−,−,-,–,-,-,,−,−,−,-,−,−,-,–,-,-
,,-,-,-,-,-,-,-,-,-,-,,−,−,−,-,−,−,-,–,-,-,,−,−,−,-,−,−,-,–,-,-
,,-,-,-,-,-,-,-,-,-,-,,−,−,−,-,−,−,-,–,-,-,,−,−,−,-,−,−,-,–,-,-
,,-,-,-,-,-,-,-,-,-,-,,−,−,−,-,−,−,-,–,-,-,,−,−,−,-,−,−,-,–,-,-
,,-,-,-,-,-,-,-,-,-,-,,−,−,−,-,−,−,-,–,-,-,,−,−,−,-,−,−,-,–,-,-
,,-,-,-,-,-,-,-,-,-,-,,−,−,−,-,−,−,-,–,-,-,,−,−,−,-,−,−,-,–,-,-
,,-,-,-,-,-,-,-,-,-,-,,−,−,−,-,−,−,-,–,-,-,,−,−,−,-,−,−,-,–,-,-
,,-,-,-,-,-,-,-,-,-,-,,−,−,−,-,−,−,-,–,-,-,,−,−,−,-,−,−,-,–,-,-
,,-,-,-,-,-,-,-,-,-,-,,−,−,−,-,−,−,-,–,-,-,,−,−,−,-,−,−,-,–,-,-
,,-,-,-,-,-,-,-,-,-,-,,−,−,−,-,−,−,-,–,-,-,,−,−,−,-,−,−,-,–,-,-
,,-,-,-,-,-,-,-,-,-,-,,−,−,−,-,−,−,-,–,-,-,,−,−,−,-,−,−,-,–,-,-
,,-,-,-,-,-,-,-,-,-,-,,−,−,−,-,−,−,-,–,-,-,,−,−,−,-,−,−,-,–,-,-
,,-,-,-,-,-,-,-,-,-,-,,−,−,−,-,−,−,-,–,-,-,,−,−,−,-,−,−,-,–,-,-
,,-,-,-,-,-,-,-,-,-,-,,−,−,−,-,−,−,-,–,-,-,,−,−,−,-,−,−,-,–,-,-
,,-,-,-,-,-,-,-,-,-,-,,−,−,−,-,−,−,-,–,-,-,,−,−,−,-,−,−,-,–,-,-
,,-,-,-,-,-,-,-,-,-,-,,−,−,−,-,−,−,-,–,-,-,,−,−,−,-,−,−,-,–,-,-
,,-,-,-,-,-,-,-,-,-,-,,−,−,−,-,−,−,-,–,-,-,,−,−,−,-,−,−,-,–,-,-
,,-,-,-,-,-,-,-,-,-,-,,−,−,−,-,−,−,-,–,-,-,,−,−,−,-,−,−,-,–,-,-
,,-,-,-,-,-,-,-,-,-,-,,−,−,−,-,−,−,-,–,-,-,,−,−,−,-,−,−,-,–,-,-
,,-,-,-,-,-,-,-,-,-,-,,−,−,−,-,−,−,-,–,-,-,,−,−,−,-,−,−,-,–,-,-
,,-,-,-,-,-,-,-,-,-,-,,−,−,−,-,−,−,-,–,-,-,,−,−,−,-,−,−,-,–,-,-
,,-,-,-,-,-,-,-,-,-,-,,−,−,−,-,−,−,-,–,-,-,,−,−,−,-,−,−,-,–,-,-
,,-,-,-,-,-,-,-,-,-,-,,−,−,−,-,−,−,-,–,-,-,,−,−,−,-,−,−,-,–,-,-
,,-,-,-,-,-,-,-,-,-,-,,−,−,−,-,−,−,-,–,-,-,,−,−,−,-,−,−,-,–,-,-
,,-,-,-,-,-,-,-,-,-,-,,−,−,−,-,−,−,-,–,-,-,,−,−,−,-,−,−,-,–,-,-
,,-,-,-,-,-,-,-,-,-,-,,−,−,−,-,−,−,-,–,-,-,,−,−,−,-,−,−,-,–,-,-
,,-,-,-,-,-,-,-,-,-,-,,−,−,−,-,−,−,-,–,-,-,,−,−,−,-,−,−,-,–,-,-
,,-,-,-,-,-,-,-,-,-,-,,−,−,−,-,−,−,-,–,-,-,,−,−,−,-,−,−,-,–,-,-
,,-,-,-,-,-,-,-,-,-,-,,−,−,−,-,−,−,-,–,-,-,,−,−,−,-,−,−,-,–,-,-
,,-,-,-,-,-,-,-,-,-,-,,−,−,−,-,−,−,-,–,-,-,,−,−,−,-,−,−,-,–,-,-
,,-,-,-,-,-,-,-,-,-,-,,−,−,−,-,−,−,-,–,-,-,,−,−,−,-,−,−,-,–,-,-
,,-,-,-,-,-,-,-,-,-,-,,−,−,−,-,−,−,-,–,-,-,,−,−,−,-,−,−,-,–,-,-
,,-,-,-,-,-,-,-,-,-,-,,−,−,−,-,−,−,-,–,-,-,,−,−,−,-,−,−,-,–,-,-
,,-,-,-,-,-,-,-,-,-,-,,−,−,−,-,−,−,-,–,-,-,,−,−,−,-,−,−,-,–,-,-
,,-,-,-,-,-,-,-,-,-,-,,−,−,−,-,−,−,-,–,-,-,,−,−,−,-,−,−,-,–,-,-
,,-,-,-,-,-,-,-,-,-,-,,−,−,−,-,−,−,-,–,-,-,,−,−,−,-,−,−,-,–,-,-
,,-,-,-,-,-,-,-,-,-,-,,−,−,−,-,−,−,-,–,-,-,,−,−,−,-,−,−,-,–,-,-
,,-,-,-,-,-,-,-,-,-,-,,−,−,−,-,−,−,-,–,-,-,,−,−,−,-,−,−,-,–,-,-
,,-,-,-,-,-,-,-,-,-,-,,−,−,−,-,−,−,-,–,-,-,,−,−,−,-,−,−,-,–,-,-
,,-,-,-,-,-,-,-,-,-,-,,−,−,−,-,−,−,-,–,-,-,,−,−,−,-,−,−,-,–,-,-
,,-,-,-,-,-,-,-,-,-,-,,−,−,−,-,−,−,-,–,-,-,,−,−,−,-,−,−,-,–,-,-
,,-,-,-,-,-,-,-,-,-,-,,−,−,−,-,−,−,-,–,-,-,,−,−,−,-,−,−,-,–,-,-
,,-,-,-,-,-,-,-,-,-,-,,−,−,−,-,−,−,-,–,-,-,,−,−,−,-,−,−,-,–,-,-
,,-,-,-,-,-,-,-,-,-,-,,−,−,−,-,−,−,-,–,-,-,,−,−,−,-,−,−,-,–,-,-
,,-,-,-,-,-,-,-,-,-,-,,−,−,−,-,−,−,-,–,-,-,,−,−,−,-,−,−,-,–,-,-
,,-,-,-,-,-,-,-,-,-,-,,−,−,−,-,−,−,-,–,-,-,,−,−,−,-,−,−,-,–,-,-
,,-,-,-,-,-,-,-,-,-,-,,−,−,−,-,−,−,-,–,-,-,,−,−,−,-,−,−,-,–,-,-
,,-,-,-,-,-,-,-,-,-,-,,−,−,−,-,−,−,-,–,-,-,,−,−,−,-,−,−,-,–,-,-
,,-,-,-,-,-,-,-,-,-,-,,−,−,−,-,−,−,-,–,-,-,,−,−,−,-,−,−,-,–,-,-
,,-,-,-,-,-,-,-,-,-,-,,−,−,−,-,−,−,-,–,-,-,,−,−,−,-,−,−,-,–,-,-
,,-,-,-,-,-,-,-,-,-,-,,−,−,−,-,−,−,-,–,-,-,,−,−,−,-,−,−,-,–,-,-
,,-,-,-,-,-,-,-,-,-,-,,−,−,−,-,−,−,-,–,-,-,,−,−,−,-,−,−,-,–,-,-
,,-,-,-,-,-,-,-,-,-,-,,−,−,−,-,−,−,-,–,-,-,,−,−,−,-,−,−,-,–,-,-
,,-,-,-,-,-,-,-,-,-,-,,−,−,−,-,−,−,-,–,-,-,,−,−,−,-,−,−,-,–,-,-
,,-,-,-,-,-,-,-,-,-,-,,−,−,−,-,−,−,-,–,-,-,,−,−,−,-,−,−,-,–,-,-
,,-,-,-,-,-,-,-,-,-,-,,−,−,−,-,−,−,-,–,-,-,,−,−,−,-,−,−,-,–,-,-
,,-,-,-,-,-,-,-,-,-,-,,−,−,−,-,−,−,-,–,-,-,,−,−,−,-,−,−,-,–,-,-
,,-,-,-,-,-,-,-,-,-,-,,−,−,−,-,−,−,-,–,-,-,,−,−,−,-,−,−,-,–,-,-
,,-,-,-,-,-,-,-,-,-,-,,−,−,−,-,−,−,-,–,-,-,,−,−,−,-,−,−,-,–,-,-
,,-,-,-,-,-,-,-,-,-,-,,−,−,−,-,−,−,-,–,-,-,,−,−,−,-,−,−,-,–,-,-
,,-,-,-,-,-,-,-,-,-,-,,−,−,−,-,−,−,-,–,-,-,,−,−,−,-,−,−,-,–,-,-
,,-,-,-,-,-,-,-,-,-,-,,−,−,−,-,−,−,-,–,-,-,,−,−,−,-,−,−,-,–,-,-
,,-,-,-,-,-,-,-,-,-,-,,−,−,−,-,−,−,-,–,-,-,,−,−,−,-,−,−,-,–,-,-
,,-,-,-,-,-,-,-,-,-,-,,−,−,−,-,−,−,-,–,-,-,,−,−,−,-,−,−,-,–,-,-
,,-,-,-,-,-,-,-,-,-,-,,−,−,−,-,−,−,-,–,-,-,,−,−,−,-,−,−,-,–,-,-
,,-,-,-,-,-,-,-,-,-,-,,−,−,−,-,−,−,-,–,-,-,,−,−,−,-,−,−,-,–,-,-
,,-,-,-,-,-,-,-,-,-,-,,−,−,−,-,−,−,-,–,-,-,,−,−,−,-,−,−,-,–,-,-
,,-,-,-,-,-,-,-,-,-,-,,−,−,−,-,−,−,-,–,-,-,,−,−,−,-,−,−,-,–,-,-
,,-,-,-,-,-,-,-,-,-,-,,−,−,−,-,−,−,-,–,-,-,,−,−,−,-,−,−,-,–,-,-
,,-,-,-,-,-,-,-,-,-,-,,−,−,−,-,−,−,-,–,-,-,,−,−,−,-,−,−,-,–,-,-
,,-,-,-,-,-,-,-,-,-,-,,−,−,−,-,−,−,-,–,-,-,,−,−,−,-,−,−,-,–,-,-
,,-,-,-,-,-,-,-,-,-,-,,−,−,−,-,−,−,-,–,-,-,,−,−,−,-,−,−,-,–,-,-
,,-,-,-,-,-,-,-,-,-,-,,−,−,−,-,−,−,-,–,-,-,,−,−,−,-,−,−,-,–,-,-
,,-,-,-,-,-,-,-,-,-,-,,−,−,−,-,−,−,-,–,-,-,,−,−,−,-,−,−,-,–,-,-
,,-,-,-,-,-,-,-,-,-,-,,−,−,−,-,−,−,-,–,-,-,,−,−,−,-,−,−,-,–,-,-
,,-,-,-,-,-,-,-,-,-,-,,−,−,−,-,−,−,-,–,-,-,,−,−,−,-,−,−,-,–,-,-
,,-,-,-,-,-,-,-,-,-,-,,−,−,−,-,−,−,-,–,-,-,,−,−,−,-,−,−,-,–,-,-
,,-,-,-,-,-,-,-,-,-,-,,−,−,−,-,−,−,-,–,-,-,,−,−,−,-,−,−,-,–,-,-
,,-,-,-,-,-,-,-,-,-,-,,−,−,−,-,−,−,-,–,-,-,,−,−,−,-,−,−,-,–,-,-
,,-,-,-,-,-,-,-,-,-,-,,−,−,−,-,−,−,-,–,-,-,,−,−,−,-,−,−,-,–,-,-
,,-,-,-,-,-,-,-,-,-,-,,−,−,−,-,−,−,-,–,-,-,,−,−,−,-,−,−,-,–,-,-
,,-,-,-,-,-,-,-,-,-,-,,−,−,−,-,−,−,-,–,-,-,,−,−,−,-,−,−,-,–,-,-
,,-,-,-,-,-,-,-,-,-,-,,−,−,−,-,−,−,-,–,-,-,,−,−,−,-,−,−,-,–,-,-
,,-,-,-,-,-,-,-,-,-,-,,−,−,−,-,−,−,-,–,-,-,,−,−,−,-,−,−,-,–,-,-
,,-,-,-,-,-,-,-,-,-,-,,−,−,−,-,−,−,-,–,-,-,,−,−,−,-,−,−,-,–,-,-
,,-,-,-,-,-,-,-,-,-,-,,−,−,−,-,−,−,-,–,-,-,,−,−,−,-,−,−,-,–,-,-
,,-,-,-,-,-,-,-,-,-,-,,−,−,−,-,−,−,-,–,-,-,,−,−,−,-,−,−,-,–,-,-
,,-,-,-,-,-,-,-,-,-,-,,−,−,−,-,−,−,-,–,-,-,,−,−,−,-,−,−,-,–,-,-
,,-,-,-,-,-,-,-,-,-,-,,−,−,−,-,−,−,-,–,-,-,,−,−,−,-,−,−,-,–,-,-
,,-,-,-,-,-,-,-,-,-,-,,−,−,−,-,−,−,-,–,-,-,,−,−,−,-,−,−,-,–,-,-
,,-,-,-,-,-,-,-,-,-,-,,−,−,−,-,−,−,-,–,-,-,,−,−,−,-,−,−,-,–,-,-
,,-,-,-,-,-,-,-,-,-,-,,−,−,−,-,−,−,-,–,-,-,,−,−,−,-,−,−,-,–,-,-
,,-,-,-,-,-,-,-,-,-,-,,−,−,−,-,−,−,-,–,-,-,,−,−,−,-,−,−,-,–,-,-
,,-,-,-,-,-,-,-,-,-,-,,−,−,−,-,−,−,-,–,-,-,,−,−,−,-,−,−,-,–,-,-
,,-,-,-,-,-,-,-,-,-,-,,−,−,−,-,−,−,-,–,-,-,,−,−,−,-,−,−,-,–,-,-
,,-,-,-,-,-,-,-,-,-,-,,−,−,−,-,−,−,-,–,-,-,,−,−,−,-,−,−,-,–,-,-
,,-,-,-,-,-,-,-,-,-,-,,−,−,−,-,−,−,-,–,-,-,,−,−,−,-,−,−,-,–,-,-
,,-,-,-,-,-,-,-,-,-,-,,−,−,−,-,−,−,-,–,-,-,,−,−,−,-,−,−,-,–,-,-
,,-,-,-,-,-,-,-,-,-,-,,−,−,−,-,−,−,-,–,-,-,,−,−,−,-,−,−,-,–,-,-
,,-,-,-,-,-,-,-,-,-,-,,−,−,−,-,−,−,-,–,-,-,,−,−,−,-,−,−,-,–,-,-
,,-,-,-,-,-,-,-,-,-,-,,−,−,−,-,−,−,-,–,-,-,,−,−,−,-,−,−,-,–,-,-
,,-,-,-,-,-,-,-,-,-,-,,−,−,−,-,−,−,-,–,-,-,,−,−,−,-,−,−,-,–,-,-
,,-,-,-,-,-,-,-,-,-,-,,−,−,−,-,−,−,-,–,-,-,,−,−,−,-,−,−,-,–,-,-
,,-,-,-,-,-,-,-,-,-,-,,−,−,−,-,−,−,-,–,-,-,,−,−,−,-,−,−,-,–,-,-
,,-,-,-,-,-,-,-,-,-,-,,−,−,−,-,−,−,-,–,-,-,,−,−,−,-,−,−,-,–,-,-
,,-,-,-,-,-,-,-,-,-,-,,−,−,−,-,−,−,-,–,-,-,,−,−,−,-,−,−,-,–,-,-
,,-,-,-,-,-,-,-,-,-,-,,−,−,−,-,−,−,-,–,-,-,,−,−,−,-,−,−,-,–,-,-
,,-,-,-,-,-,-,-,-,-,-,,−,−,−,-,−,−,-,–,-,-,,−,−,−,-,−,−,-,–,-,-
,,-,-,-,-,-,-,-,-,-,-,,−,−,−,-,−,−,-,–,-,-,,−,−,−,-,−,−,-,–,-,-
,,-,-,-,-,-,-,-,-,-,-,,−,−,−,-,−,−,-,–,-,-,,−,−,−,-,−,−,-,–,-,-
,,-,-,-,-,-,-,-,-,-,-,,−,−,−,-,−,−,-,–,-,-,,−,−,−,-,−,−,-,–,-,-
,,-,-,-,-,-,-,-,-,-,-,,−,−,−,-,−,−,-,–,-,-,,−,−,−,-,−,−,-,–,-,-
,,-,-,-,-,-,-,-,-,-,-,,−,−,−,-,−,−,-,–,-,-,,−,−,−,-,−,−,-,–,-,-
,,-,-,-,-,-,-,-,-,-,-,,−,−,−,-,−,−,-,–,-,-,,−,−,−,-,−,−,-,–,-,-
,,-,-,-,-,-,-,-,-,-,-,,−,−,−,-,−,−,-,–,-,-,,−,−,−,-,−,−,-,–,-,-
,,-,-,-,-,-,-,-,-,-,-,,−,−,−,-,−,−,-,–,-,-,,−,−,−,-,−,−,-,–,-,-
,,-,-,-,-,-,-,-,-,-,-,,−,−,−,-,−,−,-,–,-,-,,−,−,−,-,−,−,-,–,-,-
,,-,-,-,-,-,-,-,-,-,-,,−,−,−,-,−,−,-,–,-,-,,−,−,−,-,−,−,-,–,-,-
,,-,-,-,-,-,-,-,-,-,-,,−,−,−,-,−,−,-,–,-,-,,−,−,−,-,−,−,-,–,-,-
,,-,-,-,-,-,-,-,-,-,-,,−,−,−,-,−,−,-,–,-,-,,−,−,−,-,−,−,-,–,-,-
,,-,-,-,-,-,-,-,-,-,-,,−,−,−,-,−,−,-,–,-,-,,−,−,−,-,−,−,-,–,-,-
,,-,-,-,-,-,-,-,-,-,-,,−,−,−,-,−,−,-,–,-,-,,−,−,−,-,−,−,-,–,-,-
,,-,-,-,-,-,-,-,-,-,-,,−,−,−,-,−,−,-,–,-,-,,−,−,−,-,−,−,-,–,-,-
,,-,-,-,-,-,-,-,-,-,-,,−,−,−,-,−,−,-,–,-,-,,−,−,−,-,−,−,-,–,-,-
,,-,-,-,-,-,-,-,-,-,-,,−,−,−,-,−,−,-,–,-,-,,−,−,−,-,−,−,-,–,-,-
,,-,-,-,-,-,-,-,-,-,-,,−,−,−,-,−,−,-,–,-,-,,−,−,−,-,−,−,-,–,-,-
,,-,-,-,-,-,-,-,-,-,-,,−,−,−,-,−,−,-,–,-,-,,−,−,−,-,−,−,-,–,-,-
,,-,-,-,-,-,-,-,-,-,-,,−,−,−,-,−,−,-,–,-,-,,−,−,−,-,−,−,-,–,-,-
,,-,-,-,-,-,-,-,-,-,-,,−,−,−,-,−,−,-,–,-,-,,−,−,−,-,−,−,-,–,-,-
,,-,-,-,-,-,-,-,-,-,-,,−,−,−,-,−,−,-,–,-,-,,−,−,−,-,−,−,-,–,-,-
,,-,-,-,-,-,-,-,-,-,-,,−,−,−,-,−,−,-,–,-,-,,−,−,−,-,−,−,-,–,-,-
,,-,-,-,-,-,-,-,-,-,-,,−,−,−,-,−,−,-,–,-,-,,−,−,−,-,−,−,-,–,-,-
,,-,-,-,-,-,-,-,-,-,-,,−,−,−,-,−,−,-,–,-,-,,−,−,−,-,−,−,-,–,-,-
,,-,-,-,-,-,-,-,-,-,-,,−,−,−,-,−,−,-,–,-,-,,−,−,−,-,−,−,-,–,-,-
,,-,-,-,-,-,-,-,-,-,-,,−,−,−,-,−,−,-,–,-,-,,−,−,−,-,−,−,-,–,-,-
,,-,-,-,-,-,-,-,-,-,-,,−,−,−,-,−,−,-,–,-,-,,−,−,−,-,−,−,-,–,-,-
,,-,-,-,-,-,-,-,-,-,-,,−,−,−,-,−,−,-,–,-,-,,−,−,−,-,−,−,-,–,-,-
,,-,-,-,-,-,-,-,-,-,-,,−,−,−,-,−,−,-,–,-,-,,−,−,−,-,−,−,-,–,-,-
,,-,-,-,-,-,-,-,-,-,-,,−,−,−,-,−,−,-,–,-,-,,−,−,−,-,−,−,-,–,-,-
,,-,-,-,-,-,-,-,-,-,-,,−,−,−,-,−,−,-,–,-,-,,−,−,−,-,−,−,-,–,-,-
,,-,-,-,-,-,-,-,-,-,-,,−,−,−,-,−,−,-,–,-,-,,−,−,−,-,−,−,-,–,-,-
,,-,-,-,-,-,-,-,-,-,-,,−,−,−,-,−,−,-,–,-,-,,−,−,−,-,−,−,-,–,-,-
,,-,-,-,-,-,-,-,-,-,-,,−,−,−,-,−,−,-,–,-,-,,−,−,−,-,−,−,-,–,-,-
,,-,-,-,-,-,-,-,-,-,-,,−,−,−,-,−,−,-,–,-,-,,−,−,−,-,−,−,-,–,-,-
,,-,-,-,-,-,-,-,-,-,-,,−,−,−,-,−,−,-,–,-,-,,−,−,−,-,−,−,-,–,-,-
,,-,-,-,-,-,-,-,-,-,-,,−,−,−,-,−,−,-,–,-,-,,−,−,−,-,−,−,-,–,-,-
,,-,-,-,-,-,-,-,-,-,-,,−,−,−,-,−,−,-,–,-,-,,−,−,−,-,−,−,-,–,-,-
,,-,-,-,-,-,-,-,-,-,-,,−,−,−,-,−,−,-,–,-,-,,−,−,−,-,−,−,-,–,-,-
,,-,-,-,-,-,-,-,-,-,-,,−,−,−,-,−,−,-,–,-,-,,−,−,−,-,−,−,-,–,-,-
,,-,-,-,-,-,-,-,-,-,-,,−,−,−,-,−,−,-,–,-,-,,−,−,−,-,−,−,-,–,-,-
,,-,-,-,-,-,-,-,-,-,-,,−,−,−,-,−,−,-,–,-,-,,−,−,−,-,−,−,-,–,-,-
,,-,-,-,-,-,-,-,-,-,-,,−,−,−,-,−,−,-,–,-,-,,−,−,−,-,−,−,-,–,-,-
,,-,-,-,-,-,-,-,-,-,-,,−,−,−,-,−,−,-,–,-,-,,−,−,−,-,−,−,-,–,-,-
,,-,-,-,-,-,-,-,-,-,-,,−,−,−,-,−,−,-,–,-,-,,−,−,−,-,−,−,-,–,-,-
,,-,-,-,-,-,-,-,-,-,-,,−,−,−,-,−,−,-,–,-,-,,−,−,−,-,−,−,-,–,-,-
,,-,-,-,-,-,-,-,-,-,-,,−,−,−,-,−,−,-,–,-,-,,−,−,−,-,−,−,-,–,-,-
,,-,-,-,-,-,-,-,-,-,-,,−,−,−,-,−,−,-,–,-,-,,−,−,−,-,−,−,-,–,-,-
,,-,-,-,-,-,-,-,-,-,-,,−,−,−,-,−,−,-,–,-,-,,−,−,−,-,−,−,-,–,-,-
,,-,-,-,-,-,-,-,-,-,-,,−,−,−,-,−,−,-,–,-,-,,−,−,−,-,−,−,-,–,-,-
,,-,-,-,-,-,-,-,-,-,-,,−,−,−,-,−,−,-,–,-,-,,−,−,−,-,−,−,-,–,-,-
,,-,-,-,-,-,-,-,-,-,-,,−,−,−,-,−,−,-,–,-,-,,−,−,−,-,−,−,-,–,-,-
,,-,-,-,-,-,-,-,-,-,-,,−,−,−,-,−,−,-,–,-,-,,−,−,−,-,−,−,-,–,-,-
,,-,-,-,-,-,-,-,-,-,-,,−,−,−,-,−,−,-,–,-,-,,−,−,−,-,−,−,-,–,-,-
,,-,-,-,-,-,-,-,-,-,-,,−,−,−,-,−,−,-,–,-,-,,−,−,−,-,−,−,-,–,-,-
,,-,-,-,-,-,-,-,-,-,-,,−,−,−,-,−,−,-,–,-,-,,−,−,−,-,−,−,-,–,-,-
,,-,-,-,-,-,-,-,-,-,-,,−,−,−,-,−,−,-,–,-,-,,−,−,−,-,−,−,-,–,-,-
,,-,-,-,-,-,-,-,-,-,-,,−,−,−,-,−,−,-,–,-,-,,−,−,−,-,−,−,-,–,-,-
,,-,-,-,-,-,-,-,-,-,-,,−,−,−,-,−,−,-,–,-,-,,−,−,−,-,−,−,-,–,-,-
,,-,-,-,-,-,-,-,-,-,-,,−,−,−,-,−,−,-,–,-,-,,−,−,−,-,−,−,-,–,-,-
,,-,-,-,-,-,-,-,-,-,-,,−,−,−,-,−,−,-,–,-,-,,−,−,−,-,−,−,-,–,-,-
,,-,-,-,-,-,-,-,-,-,-,,−,−,−,-,−,−,-,–,-,-,,−,−,−,-,−,−,-,–,-,-
,,-,-,-,-,-,-,-,-,-,-,,−,−,−,-,−,−,-,–,-,-,,−,−,−,-,−,−,-,–,-,-
,,-,-,-,-,-,-,-,-,-,-,,−,−,−,-,−,−,-,–,-,-,,−,−,−,-,−,−,-,–,-,-
,,-,-,-,-,-,-,-,-,-,-,,−,−,−,-,−,−,-,–,-,-,,−,−,−,-,−,−,-,–,-,-
,,-,-,-,-,-,-,-,-,-,-,,−,−,−,-,−,−,-,–,-,-,,−,−,−,-,−,−,-,–,-,-
,,-,-,-,-,-,-,-,-,-,-,,−,−,−,-,−,−,-,–,-,-,,−,−,−,-,−,−,-,–,-,-
,,-,-,-,-,-,-,-,-,-,-,,−,−,−,-,−,−,-,–,-,-,,−,−,−,-,−,−,-,–,-,-
,,-,-,-,-,-,-,-,-,-,-,,−,−,−,-,−,−,-,–,-,-,,−,−,−,-,−,−,-,–,-,-
,,-,-,-,-,-,-,-,-,-,-,,−,−,−,-,−,−,-,–,-,-,,−,−,−,-,−,−,-,–,-,-
,,-,-,-,-,-,-,-,-,-,-,,−,−,−,-,−,−,-,–,-,-,,−,−,−,-,−,−,-,–,-,-
,,-,-,-,-,-,-,-,-,-,-,,−,−,−,-,−,−,-,–,-,-,,−,−,−,-,−,−,-,–,-,-
,,-,-,-,-,-,-,-,-,-,-,,−,−,−,-,−,−,-,–,-,-,,−,−,−,-,−,−,-,–,-,-
,,-,-,-,-,-,-,-,-,-,-,,−,−,−,-,−,−,-,–,-,-,,−,−,−,-,−,−,-,–,-,-
,,-,-,-,-,-,-,-,-,-,-,,−,−,−,-,−,−,-,–,-,-,,−,−,−,-,−,−,-,–,-,-
,,-,-,-,-,-,-,-,-,-,-,,−,−,−,-,−,−,-,–,-,-,,−,−,−,-,−,−,-,–,-,-
,,-,-,-,-,-,-,-,-,-,-,,−,−,−,-,−,−,-,–,-,-,,−,−,−,-,−,−,-,–,-,-
,,-,-,-,-,-,-,-,-,-,-,,−,−,−,-,−,−,-,–,-,-,,−,−,−,-,−,−,-,–,-,-
,,-,-,-,-,-,-,-,-,-,-,,−,−,−,-,−,−,-,–,-,-,,−,−,−,-,−,−,-,–,-,-
,,-,-,-,-,-,-,-,-,-,-,,−,−,−,-,−,−,-,–,-,-,,−,−,−,-,−,−,-,–,-,-
,,-,-,-,-,-,-,-,-,-,-,,−,−,−,-,−,−,-,–,-,-,,−,−,−,-,−,−,-,–,-,-
,,-,-,-,-,-,-,-,-,-,-,,−,−,−,-,−,−,-,–,-,-,,−,−,−,-,−,−,-,–,-,-
,,-,-,-,-,-,-,-,-,-,-,,−,−,−,-,−,−,-,–,-,-,,−,−,−,-,−,−,-,–,-,-
,,-,-,-,-,-,-,-,-,-,-,,−,−,−,-,−,−,-,–,-,-,,−,−,−,-,−,−,-,–,-,-
,,-,-,-,-,-,-,-,-,-,-,,−,−,−,-,−,−,-,–,-,-,,−,−,−,-,−,−,-,–,-,-
,,-,-,-,-,-,-,-,-,-,-,,−,−,−,-,−,−,-,–,-,-,,−,−,−,-,−,−,-,–,-,-
,,-,-,-,-,-,-,-,-,-,-,,−,−,−,-,−,−,-,–,-,-,,−,−,−,-,−,−,-,–,-,-
,,-,-,-,-,-,-,-,-,-,-,,−,−,−,-,−,−,-,–,-,-,,−,−,−,-,−,−,-,–,-,-
,,-,-,-,-,-,-,-,-,-,-,,−,−,−,-,−,−,-,–,-,-,,−,−,−,-,−,−,-,–,-,-
,,-,-,-,-,-,-,-,-,-,-,,−,−,−,-,−,−,-,–,-,-,,−,−,−,-,−,−,-,–,-,-
,,-,-,-,-,-,-,-,-,-,-,,−,−,−,-,−,−,-,–,-,-,,−,−,−,-,−,−,-,–,-,-
,,-,-,-,-,-,-,-,-,-,-,,−,−,−,-,−,−,-,–,-,-,,−,−,−,-,−,−,-,–,-,-
,,-,-,-,-,-,-,-,-,-,-,,−,−,−,-,−,−,-,–,-,-,,−,−,−,-,−,−,-,–,-,-
,,-,-,-,-,-,-,-,-,-,-,,−,−,−,-,−,−,-,–,-,-,,−,−,−,-,−,−,-,–,-,-
,,-,-,-,-,-,-,-,-,-,-,,−,−,−,-,−,−,-,–,-,-,,−,−,−,-,−,−,-,–,-,-
,,-,-,-,-,-,-,-,-,-,-,,−,−,−,-,−,−,-,–,-,-,,−,−,−,-,−,−,-,–,-,-
,,-,-,-,-,-,-,-,-,-,-,,−,−,−,-,−,−,-,–,-,-,,−,−,−,-,−,−,-,–,-,-
,,-,-,-,-,-,-,-,-,-,-,,−,−,−,-,−,−,-,–,-,-,,−,−,−,-,−,−,-,–,-,-
,,-,-,-,-,-,-,-,-,-,-,,−,−,−,-,−,−,-,–,-,-,,−,−,−,-,−,−,-,–,-,-
,,-,-,-,-,-,-,-,-,-,-,,−,−,−,-,−,−,-,–,-,-,,−,−,−,-,−,−,-,–,-,-
,,-,-,-,-,-,-,-,-,-,-,,−,−,−,-,−,−,-,–,-,-,,−,−,−,-,−,−,-,–,-,-
,,-,-,-,-,-,-,-,-,-,-,,−,−,−,-,−,−,-,–,-,-,,−,−,−,-,−,−,-,–,-,-
,,-,-,-,-,-,-,-,-,-,-,,−,−,−,-,−,−,-,–,-,-,,−,−,−,-,−,−,-,–,-,-
,,-,-,-,-,-,-,-,-,-,-,,−,−,−,-,−,−,-,–,-,-,,−,−,−,-,−,−,-,–,-,-
,,-,-,-,-,-,-,-,-,-,-,,−,−,−,-,−,−,-,–,-,-,,−,−,−,-,−,−,-,–,-,-
,,-,-,-,-,-,-,-,-,-,-,,−,−,−,-,−,−,-,–,-,-,,−,−,−,-,−,−,-,–,-,-
,,-,-,-,-,-,-,-,-,-,-,,−,−,−,-,−,−,-,–,-,-,,−,−,−,-,−,−,-,–,-,-
,,-,-,-,-,-,-,-,-,-,-,,−,−,−,-,−,−,-,–,-,-,,−,−,−,-,−,−,-,–,-,-
,,-,-,-,-,-,-,-,-,-,-,,−,−,−,-,−,−,-,–,-,-,,−,−,−,-,−,−,-,–,-,-
,,-,-,-,-,-,-,-,-,-,-,,−,−,−,-,−,−,-,–,-,-,,−,−,−,-,−,−,-,–,-,-
,,-,-,-,-,-,-,-,-,-,-,,−,−,−,-,−,−,-,–,-,-,,−,−,−,-,−,−,-,–,-,-
,,-,-,-,-,-,-,-,-,-,-,,−,−,−,-,−,−,-,–,-,-,,−,−,−,-,−,−,-,–,-,-
,,-,-,-,-,-,-,-,-,-,-,,−,−,−,-,−,−,-,–,-,-,,−,−,−,-,−,−,-,–,-,-
,,-,-,-,-,-,-,-,-,-,-,,−,−,−,-,−,−,-,–,-,-,,−,−,−,-,−,−,-,–,-,-
,,-,-,-,-,-,-,-,-,-,-,,−,−,−,-,−,−,-,–,-,-,,−,−,−,-,−,−,-,–,-,-
,,-,-,-,-,-,-,-,-,-,-,,−,−,−,-,−,−,-,–,-,-,,−,−,−,-,−,−,-,–,-,-
,,-,-,-,-,-,-,-,-,-,-,,−,−,−,-,−,−,-,–,-,-,,−,−,−,-,−,−,-,–,-,-
,,-,-,-,-,-,-,-,-,-,-,,−,−,−,-,−,−,-,–,-,-,,−,−,−,-,−,−,-,–,-,-
,,-,-,-,-,-,-,-,-,-,-,,−,−,−,-,−,−,-,–,-,-,,−,−,−,-,−,−,-,–,-,-
,,-,-,-,-,-,-,-,-,-,-,,−,−,−,-,−,−,-,–,-,-,,−,−,−,-,−,−,-,–,-,-
,,-,-,-,-,-,-,-,-,-,-,,−,−,−,-,−,−,-,–,-,-,,−,−,−,-,−,−,-,–,-,-
,,-,-,-,-,-,-,-,-,-,-,,−,−,−,-,−,−,-,–,-,-,,−,−,−,-,−,−,-,–,-,-
,,-,-,-,-,-,-,-,-,-,-,,−,−,−,-,−,−,-,–,-,-,,−,−,−,-,−,−,-,–,-,-
,,-,-,-,-,-,-,-,-,-,-,,−,−,−,-,−,−,-,–,-,-,,−,−,−,-,−,−,-,–,-,-
,,-,-,-,-,-,-,-,-,-,-,,−,−,−,-,−,−,-,–,-,-,,−,−,−,-,−,−,-,–,-,-
,,-,-,-,-,-,-,-,-,-,-,,−,−,−,-,−,−,-,–,-,-,,−,−,−,-,−,−,-,–,-,-
,,-,-,-,-,-,-,-,-,-,-,,−,−,−,-,−,−,-,–,-,-,,−,−,−,-,−,−,-,–,-,-
,,-,-,-,-,-,-,-,-,-,-,,−,−,−,-,−,−,-,–,-,-,,−,−,−,-,−,−,-,–,-,-
,,-,-,-,-,-,-,-,-,-,-,,−,−,−,-,−,−,-,–,-,-,,−,−,−,-,−,−,-,–,-,-
,,-,-,-,-,-,-,-,-,-,-,,−,−,−,-,−,−,-,–,-,-,,−,−,−,-,−,−,-,–,-,-
,,-,-,-,-,-,-,-,-,-,-,,−,−,−,-,−,−,-,–,-,-,,−,−,−,-,−,−,-,–,-,-
,,-,-,-,-,-,-,-,-,-,-,,−,−,−,-,−,−,-,–,-,-,,−,−,−,-,−,−,-,–,-,-
,,-,-,-,-,-,-,-,-,-,-,,−,−,−,-,−,−,-,–,-,-,,−,−,−,-,−,−,-,–,-,-
,,-,-,-,-,-,-,-,-,-,-,,−,−,−,-,−,−,-,–,-,-,,−,−,−,-,−,−,-,–,-,-
,,-,-,-,-,-,-,-,-,-,-,,−,−,−,-,−,−,-,–,-,-,,−,−,−,-,−,−,-,–,-,-
,,-,-,-,-,-,-,-,-,-,-,,−,−,−,-,−,−,-,–,-,-,,−,−,−,-,−,−,-,–,-,-
,,-,-,-,-,-,-,-,-,-,-,,−,−,−,-,−,−,-,–,-,-,,−,−,−,-,−,−,-,–,-,-
,,-,-,-,-,-,-,-,-,-,-,,−,−,−,-,−,−,-,–,-,-,,−,−,−,-,−,−,-,–,-,-
,,-,-,-,-,-,-,-,-,-,-,,−,−,−,-,−,−,-,–,-,-,,−,−,−,-,−,−,-,–,-,-
,,-,-,-,-,-,-,-,-,-,-,,−,−,−,-,−,−,-,–,-,-,,−,−,−,-,−,−,-,–,-,-
,,-,-,-,-,-,-,-,-,-,-,,−,−,−,-,−,−,-,–,-,-,,−,−,−,-,−,−,-,–,-,-
,,-,-,-,-,-,-,-,-,-,-,,−,−,−,-,−,−,-,–,-,-,,−,−,−,-,−,−,-,–,-,-
,,-,-,-,-,-,-,-,-,-,-,,−,−,−,-,−,−,-,–,-,-,,−,−,−,-,−,−,-,–,-,-
,,-,-,-,-,-,-,-,-,-,-,,−,−,−,-,−,−,-,–,-,-,,−,−,−,-,−,−,-,–,-,-
,,-,-,-,-,-,-,-,-,-,-,,−,−,−,-,−,−,-,–,-,-,,−,−,−,-,−,−,-,–,-,-
,,-,-,-,-,-,-,-,-,-,-,,−,−,−,-,−,−,-,–,-,-,,−,−,−,-,−,−,-,–,-,-
,,-,-,-,-,-,-,-,-,-,-,,−,−,−,-,−,−,-,–,-,-,,−,−,−,-,−,−,-,–,-,-
,,-,-,-,-,-,-,-,-,-,-,,−,−,−,-,−,−,-,–,-,-,,−,−,−,-,−,−,-,–,-,-
,,-,-,-,-,-,-,-,-,-,-,,−,−,−,-,−,−,-,–,-,-,,−,−,−,-,−,−,-,–,-,-
,,-,-,-,-,-,-,-,-,-,-,,−,−,−,-,−,−,-,–,-,-,,−,−,−,-,−,−,-,–,-,-
,,-,-,-,-,-,-,-,-,-,-,,−,−,−,-,−,−,-,–,-,-,,−,−,−,-,−,−,-,–,-,-
,,-,-,-,-,-,-,-,-,-,-,,−,−,−,-,−,−,-,–,-,-,,−,−,−,-,−,−,-,–,-,-
,,-,-,-,-,-,-,-,-,-,-,,−,−,−,-,−,−,-,–,-,-,,−,−,−,-,−,−,-,–,-,-
,,-,-,-,-,-,-,-,-,-,-,,−,−,−,-,−,−,-,–,-,-,,−,−,−,-,−,−,-,–,-,-
,,-,-,-,-,-,-,-,-,-,-,,−,−,−,-,−,−,-,–,-,-,,−,−,−,-,−,−,-,–,-,-
,,-,-,-,-,-,-,-,-,-,-,,−,−,−,-,−,−,-,–,-,-,,−,−,−,-,−,−,-,–,-,-
,,-,-,-,-,-,-,-,-,-,-,,−,−,−,-,−,−,-,–,-,-,,−,−,−,-,−,−,-,–,-,-
,,-,-,-,-,-,-,-,-,-,-,,−,−,−,-,−,−,-,–,-,-,,−,−,−,-,−,−,-,–,-,-
,,-,-,-,-,-,-,-,-,-,-,,−,−,−,-,−,−,-,–,-,-,,−,−,−,-,−,−,-,–,-,-
,,-,-,-,-,-,-,-,-,-,-,,−,−,−,-,−,−,-,–,-,-,,−,−,−,-,−,−,-,–,-,-
,,-,-,-,-,-,-,-,-,-,-,,−,−,−,-,−,−,-,–,-,-,,−,−,−,-,−,−,-,–,-,-
,,-,-,-,-,-,-,-,-,-,-,,−,−,−,-,−,−,-,–,-,-,,−,−,−,-,−,−,-,–,-,-
,,-,-,-,-,-,-,-,-,-,-,,−,−,−,-,−,−,-,–,-,-,,−,−,−,-,−,−,-,–,-,-
,,-,-,-,-,-,-,-,-,-,-,,−,−,−,-,−,−,-,–,-,-,,−,−,−,-,−,−,-,–,-,-
,,-,-,-,-,-,-,-,-,-,-,,−,−,−,-,−,−,-,–,-,-,,−,−,−,-,−,−,-,–,-,-
,,-,-,-,-,-,-,-,-,-,-,,−,−,−,-,−,−,-,–,-,-,,−,−,−,-,−,−,-,–,-,-
,,-,-,-,-,-,-,-,-,-,-,,−,−,−,-,−,−,-,–,-,-,,−,−,−,-,−,−,-,–,-,-
,,-,-,-,-,-,-,-,-,-,-,,−,−,−,-,−,−,-,–,-,-,,−,−,−,-,−,−,-,–,-,-
,,-,-,-,-,-,-,-,-,-,-,,−,−,−,-,−,−,-,–,-,-,,−,−,−,-,−,−,-,–,-,-
,,-,-,-,-,-,-,-,-,-,-,,−,−,−,-,−,−,-,–,-,-,,−,−,−,-,−,−,-,–,-,-
,,-,-,-,-,-,-,-,-,-,-,,−,−,−,-,−,−,-,–,-,-,,−,−,−,-,−,−,-,–,-,-
,,-,-,-,-,-,-,-,-,-,-,,−,−,−,-,−,−,-,–,-,-,,−,−,−,-,−,−,-,–,-,-
,,-,-,-,-,-,-,-,-,-,-,,−,−,−,-,−,−,-,–,-,-,,−,−,−,-,−,−,-,–,-,-
,,-,-,-,-,-,-,-,-,-,-,,−,−,−,-,−,−,-,–,-,-,,−,−,−,-,−,−,-,–,-,-
,,-,-,-,-,-,-,-,-,-,-,,−,−,−,-,−,−,-,–,-,-,,−,−,−,-,−,−,-,–,-,-
,,-,-,-,-,-,-,-,-,-,-,,−,−,−,-,−,−,-,–,-,-,,−,−,−,-,−,−,-,–,-,-
,,-,-,-,-,-,-,-,-,-,-,,−,−,−,-,−,−,-,–,-,-,,−,−,−,-,−,−,-,–,-,-
,,-,-,-,-,-,-,-,-,-,-,,−,−,−,-,−,−,-,–,-,-,,−,−,−,-,−,−,-,–,-,-
,,-,-,-,-,-,-,-,-,-,-,,−,−,−,-,−,−,-,–,-,-,,−,−,−,-,−,−,-,–,-,-
,,-,-,-,-,-,-,-,-,-,-,,−,−,−,-,−,−,-,–,-,-,,−,−,−,-,−,−,-,–,-,-
,,-,-,-,-,-,-,-,-,-,-,,−,−,−,-,−,−,-,–,-,-,,−,−,−,-,−,−,-,–,-,-
,,-,-,-,-,-,-,-,-,-,-,,−,−,−,-,−,−,-,–,-,-,,−,−,−,-,−,−,-,–,-,-
,,-,-,-,-,-,-,-,-,-,-,,−,−,−,-,−,−,-,–,-,-,,−,−,−,-,−,−,-,–,-,-
,,-,-,-,-,-,-,-,-,-,-,,−,−,−,-,−,−,-,–,-,-,,−,−,−,-,−,−,-,–,-,-
,,-,-,-,-,-,-,-,-,-,-,,−,−,−,-,−,−,-,–,-,-,,−,−,−,-,−,−,-,–,-,-
,,-,-,-,-,-,-,-,-,-,-,,−,−,−,-,−,−,-,–,-,-,,−,−,−,-,−,−,-,–,-,-
,,-,-,-,-,-,-,-,-,-,-,,−,−,−,-,−,−,-,–,-,-,,−,−,−,-,−,−,-,–,-,-
,,-,-,-,-,-,-,-,-,-,-,,−,−,−,-,−,−,-,–,-,-,,−,−,−,-,−,−,-,–,-,-
,,-,-,-,-,-,-,-,-,-,-,,−,−,−,-,−,−,-,–,-,-,,−,−,−,-,−,−,-,–,-,-
,,-,-,-,-,-,-,-,-,-,-,,−,−,−,-,−,−,-,–,-,-,,−,−,−,-,−,−,-,–,-,-
,,-,-,-,-,-,-,-,-,-,-,,−,−,−,-,−,−,-,–,-,-,,−,−,−,-,−,−,-,–,-,-
,,-,-,-,-,-,-,-,-,-,-,,−,−,−,-,−,−,-,–,-,-,,−,−,−,-,−,−,-,–,-,-
,,-,-,-,-,-,-,-,-,-,-,,−,−,−,-,−,−,-,–,-,-,,−,−,−,-,−,−,-,–,-,-
,,-,-,-,-,-,-,-,-,-,-,,−,−,−,-,−,−,-,–,-,-,,−,−,−,-,−,−,-,–,-,-
,,-,-,-,-,-,-,-,-,-,-,,−,−,−,-,−,−,-,–,-,-,,−,−,−,-,−,−,-,–,-,-
,,-,-,-,-,-,-,-,-,-,-,,−,−,−,-,−,−,-,–,-,-,,−,−,−,-,−,−,-,–,-,-
,,-,-,-,-,-,-,-,-,-,-,,−,−,−,-,−,−,-,–,-,-,,−,−,−,-,−,−,-,–,-,-
,,-,-,-,-,-,-,-,-,-,-,,−,−,−,-,−,−,-,–,-,-,,−,−,−,-,−,−,-,–,-,-
,,-,-,-,-,-,-,-,-,-,-,,−,−,−,-,−,−,-,–,-,-,,−,−,−,-,−,−,-,–,-,-
,,-,-,-,-,-,-,-,-,-,-,,−,−,−,-,−,−,-,–,-,-,,−,−,−,-,−,−,-,–,-,-
,,-,-,-,-,-,-,-,-,-,-,,−,−,−,-,−,−,-,–,-,-,,−,−,−,-,−,−,-,–,-,-
,,-,-,-,-,-,-,-,-,-,-,,−,−,−,-,−,−,-,–,-,-,,−,−,−,-,−,−,-,–,-,-
,,-,-,-,-,-,-,-,-,-,-,,−,−,−,-,−,−,-,–,-,-,,−,−,−,-,−,−,-,–,-,-
,,-,-,-,-,-,-,-,-,-,-,,−,−,−,-,−,−,-,–,-,-,,−,−,−,-,−,−,-,–,-,-
,,-,-,-,-,-,-,-,-,-,-,,−,−,−,-,−,−,-,–,-,-,,−,−,−,-,−,−,-,–,-,-
,,-,-,-,-,-,-,-,-,-,-,,−,−,−,-,−,−,-,–,-,-,,−,−,−,-,−,−,-,–,-,-
,,-,-,-,-,-,-,-,-,-,-,,−,−,−,-,−,−,-,–,-,-,,−,−,−,-,−,−,-,–,-,-
,,-,-,-,-,-,-,-,-,-,-,,−,−,−,-,−,−,-,–,-,-,,−,−,−,-,−,−,-,–,-,-
,,-,-,-,-,-,-,-,-,-,-,,−,−,−,-,−,−,-,–,-,-,,−,−,−,-,−,−,-,–,-,-
,,-,-,-,-,-,-,-,-,-,-,,−,−,−,-,−,−,-,–,-,-,,−,−,−,-,−,−,-,–,-,-
,,-,-,-,-,-,-,-,-,-,-,,−,−,−,-,−,−,-,–,-,-,,−,−,−,-,−,−,-,–,-,-
,,-,-,-,-,-,-,-,-,-,-,,−,−,−,-,−,−,-,–,-,-,,−,−,−,-,−,−,-,–,-,-
,,-,-,-,-,-,-,-,-,-,-,,−,−,−,-,−,−,-,–,-,-,,−,−,−,-,−,−,-,–,-,-
,,-,-,-,-,-,-,-,-,-,-,,−,−,−,-,−,−,-,–,-,-,,−,−,−,-,−,−,-,–,-,-
,,-,-,-,-,-,-,-,-,-,-,,−,−,−,-,−,−,-,–,-,-,,−,−,−,-,−,−,-,–,-,-
,,-,-,-,-,-,-,-,-,-,-,,−,−,−,-,−,−,-,–,-,-,,−,−,−,-,−,−,-,–,-,-
,,-,-,-,-,-,-,-,-,-,-,,−,−,−,-,−,−,-,–,-,-,,−,−,−,-,−,−,-,–,-,-
,,-,-,-,-,-,-,-,-,-,-,,−,−,−,-,−,−,-,–,-,-,,−,−,−,-,−,−,-,–,-,-
,,-,-,-,-,-,-,-,-,-,-,,−,−,−,-,−,−,-,–,-,-,,−,−,−,-,−,−,-,–,-,-
,,-,-,-,-,-,-,-,-,-,-,,−,−,−,-,−,−,-,–,-,-,,−,−,−,-,−,−,-,–,-,-
,,-,-,-,-,-,-,-,-,-,-,,−,−,−,-,−,−,-,–,-,-,,−,−,−,-,−,−,-,–,-,-
,,-,-,-,-,-,-,-,-,-,-,,−,−,−,-,−,−,-,–,-,-,,−,−,−,-,−,−,-,–,-,-
,,-,-,-,-,-,-,-,-,-,-,,−,−,−,-,−,−,-,–,-,-,,−,−,−,-,−,−,-,–,-,-
,,-,-,-,-,-,-,-,-,-,-,,−,−,−,-,−,−,-,–,-,-,,−,−,−,-,−,−,-,–,-,-
,,-,-,-,-,-,-,-,-,-,-,,−,−,−,-,−,−,-,–,-,-,,−,−,−,-,−,−,-,–,-,-
,,-,-,-,-,-,-,-,-,-,-,,−,−,−,-,−,−,-,–,-,-,,−,−,−,-,−,−,-,–,-,-
,,-,-,-,-,-,-,-,-,-,-,,−,−,−,-,−,−,-,–,-,-,,−,−,−,-,−,−,-,–,-,-
,,-,-,-,-,-,-,-,-,-,-,,−,−,−,-,−,−,-,–,-,-,,−,−,−,-,−,−,-,–,-,-
,,-,-,-,-,-,-,-,-,-,-,,−,−,−,-,−,−,-,–,-,-,,−,−,−,-,−,−,-,–,-,-
,,-,-,-,-,-,-,-,-,-,-,,−,−,−,-,−,−,-,–,-,-,,−,−,−,-,−,−,-,–,-,-
,,-,-,-,-,-,-,-,-,-,-,,−,−,−,-,−,−,-,–,-,-,,−,−,−,-,−,−,-,–,-,-
,,-,-,-,-,-,-,-,-,-,-,,−,−,−,-,−,−,-,–,-,-,,−,−,−,-,−,−,-,–,-,-
,,-,-,-,-,-,-,-,-,-,-,,−,−,−,-,−,−,-,–,-,-,,−,−,−,-,−,−,-,–,-,-
,,-,-,-,-,-,-,-,-,-,-,,−,−,−,-,−,−,-,–,-,-,,−,−,−,-,−,−,-,–,-,-
,,-,-,-,-,-,-,-,-,-,-,,−,−,−,-,−,−,-,–,-,-,,−,−,−,-,−,−,-,–,-,-
,,-,-,-,-,-,-,-,-,-,-,,−,−,−,-,−,−,-,–,-,-,,−,−,−,-,−,−,-,–,-,-
,,-,-,-,-,-,-,-,-,-,-,,−,−,−,-,−,−,-,–,-,-,,−,−,−,-,−,−,-,–,-,-
,,-,-,-,-,-,-,-,-,-,-,,−,−,−,-,−,−,-,–,-,-,,−,−,−,-,−,−,-,–,-,-
,,-,-,-,-,-,-,-,-,-,-,,−,−,−,-,−,−,-,–,-,-,,−,−,−,-,−,−,-,–,-,-
,,-,-,-,-,-,-,-,-,-,-,,−,−,−,-,−,−,-,–,-,-,,−,−,−,-,−,−,-,–,-,-
,,-,-,-,-,-,-,-,-,-,-,,−,−,−,-,−,−,-,–,-,-,,−,−,−,-,−,−,-,–,-,-
,,-,-,-,-,-,-,-,-,-,-,,−,−,−,-,−,−,-,–,-,-,,−,−,−,-,−,−,-,–,-,-
,,-,-,-,-,-,-,-,-,-,-,,−,−,−,-,−,−,-,–,-,-,,−,−,−,-,−,−,-,–,-,-
,,-,-,-,-,-,-,-,-,-,-,,−,−,−,-,−,−,-,–,-,-,,−,−,−,-,−,−,-,–,-,-
,,-,-,-,-,-,-,-,-,-,-,,−,−,−,-,−,−,-,–,-,-,,−,−,−,-,−,−,-,–,-,-
,,-,-,-,-,-,-,-,-,-,-,,−,−,−,-,−,−,-,–,-,-,,−,−,−,-,−,−,-,–,-,-
,,-,-,-,-,-,-,-,-,-,-,,−,−,−,-,−,−,-,–,-,-,,−,−,−,-,−,−,-,–,-,-
,,-,-,-,-,-,-,-,-,-,-,,−,−,−,-,−,−,-,–,-,-,,−,−,−,-,−,−,-,–,-,-
,,-,-,-,-,-,-,-,-,-,-,,−,−,−,-,−,−,-,–,-,-,,−,−,−,-,−,−,-,–,-,-
,,-,-,-,-,-,-,-,-,-,-,,−,−,−,-,−,−,-,–,-,-,,−,−,−,-,−,−,-,–,-,-
,,-,-,-,-,-,-,-,-,-,-,,−,−,−,-,−,−,-,–,-,-,,−,−,−,-,−,−,-,–,-,-
,,-,-,-,-,-,-,-,-,-,-,,−,−,−,-,−,−,-,–,-,-,,−,−,−,-,−,−,-,–,-,-
,,-,-,-,-,-,-,-,-,-,-,,−,−,−,-,−,−,-,–,-,-,,−,−,−,-,−,−,-,–,-,-
,,-,-,-,-,-,-,-,-,-,-,,−,−,−,-,−,−,-,–,-,-,,−,−,−,-,−,−,-,–,-,-
,,-,-,-,-,-,-,-,-,-,-,,−,−,−,-,−,−,-,–,-,-,,−,−,−,-,−,−,-,–,-,-
,,-,-,-,-,-,-,-,-,-,-,,−,−,−,-,−,−,-,–,-,-,,−,−,−,-,−,−,-,–,-,-
,,-,-,-,-,-,-,-,-,-,-,,−,−,−,-,−,−,-,–,-,-,,−,−,−,-,−,−,-,–,-,-
,,-,-,-,-,-,-,-,-,-,-,,−,−,−,-,−,−,-,–,-,-,,−,−,−,-,−,−,-,–,-,-
,,-,-,-,-,-,-,-,-,-,-,,−,−,−,-,−,−,-,–,-,-,,−,−,−,-,−,−,-,–,-,-
,,-,-,-,-,-,-,-,-,-,-,,−,−,−,-,−,−,-,–,-,-,,−,−,−,-,−,−,-,–,-,-
,,-,-,-,-,-,-,-,-,-,-,,−,−,−,-,−,−,-,–,-,-,,−,−,−,-,−,−,-,–,-,-
,,-,-,-,-,-,-,-,-,-,-,,−,−,−,-,−,−,-,–,-,-,,−,−,−,-,−,−,-,–,-,-
,,-,-,-,-,-,-,-,-,-,-,,−,−,−,-,−,−,-,–,-,-,,−,−,−,-,−,−,-,–,-,-
,,-,-,-,-,-,-,-,-,-,-,,−,−,−,-,−,−,-,–,-,-,,−,−,−,-,−,−,-,–,-,-
,,-,-,-,-,-,-,-,-,-,-,,−,−,−,-,−,−,-,–,-,-,,−,−,−,-,−,−,-,–,-,-
,,-,-,-,-,-,-,-,-,-,-,,−,−,−,-,−,−,-,–,-,-,,−,−,−,-,−,−,-,–,-,-
,,-,-,-,-,-,-,-,-,-,-,,−,−,−,-,−,−,-,–,-,-,,−,−,−,-,−,−,-,–,-,-
,,-,-,-,-,-,-,-,-,-,-,,−,−,−,-,−,−,-,–,-,-,,−,−,−,-,−,−,-,–,-,-
,,-,-,-,-,-,-,-,-,-,-,,−,−,−,-,−,−,-,–,-,-,,−,−,−,-,−,−,-,–,-,-
,,-,-,-,-,-,-,-,-,-,-,,−,−,−,-,−,−,-,–,-,-,,−,−,−,-,−,−,-,–,-,-
,,-,-,-,-,-,-,-,-,-,-,,−,−,−,-,−,−,-,–,-,-,,−,−,−,-,−,−,-,–,-,-
,,-,-,-,-,-,-,-,-,-,-,,−,−,−,-,−,−,-,–,-,-,,−,−,−,-,−,−,-,–,-,-
,,-,-,-,-,-,-,-,-,-,-,,−,−,−,-,−,−,-,–,-,-,,−,−,−,-,−,−,-,–,-,-
,,-,-,-,-,-,-,-,-,-,-,,−,−,−,-,−,−,-,–,-,-,,−,−,−,-,−,−,-,–,-,-
,,-,-,-,-,-,-,-,-,-,-,,−,−,−,-,−,−,-,–,-,-,,−,−,−,-,−,−,-,–,-,-
,,-,-,-,-,-,-,-,-,-,-,,−,−,−,-,−,−,-,–,-,-,,−,−,−,-,−,−,-,–,-,-
,,-,-,-,-,-,-,-,-,-,-,,−,−,−,-,−,−,-,–,-,-,,−,−,−,-,−,−,-,–,-,-
,,-,-,-,-,-,-,-,-,-,-,,−,−,−,-,−,−,-,–,-,-,,−,−,−,-,−,−,-,–,-,-
,,-,-,-,-,-,-,-,-,-,-,,−,−,−,-,−,−,-,–,-,-,,−,−,−,-,−,−,-,–,-,-
,,-,-,-,-,-,-,-,-,-,-,,−,−,−,-,−,−,-,–,-,-,,−,−,−,-,−,−,-,–,-,-
,,-,-,-,-,-,-,-,-,-,-,,−,−,−,-,−,−,-,–,-,-,,−,−,−,-,−,−,-,–,-,-
,,-,-,-,-,-,-,-,-,-,-,,−,−,−,-,−,−,-,–,-,-,,−,−,−,-,−,−,-,–,-,-
,,-,-,-,-,-,-,-,-,-,-,,−,−,−,-,−,−,-,–,-,-,,−,−,−,-,−,−,-,–,-,-
,,-,-,-,-,-,-,-,-,-,-,,−,−,−,-,−,−,-,–,-,-,,−,−,−,-,−,−,-,–,-,-
,,-,-,-,-,-,-,-,-,-,-,,−,−,−,-,−,−,-,–,-,-,,−,−,−,-,−,−,-,–,-,-
,,-,-,-,-,-,-,-,-,-,-,,−,−,−,-,−,−,-,–,-,-,,−,−,−,-,−,−,-,–,-,-
,,-,-,-,-,-,-,-,-,-,-,,−,−,−,-,−,−,-,–,-,-,,−,−,−,-,−,−,-,–,-,-
,,-,-,-,-,-,-,-,-,-,-,,−,−,−,-,−,−,-,–,-,-,,−,−,−,-,−,−,-,–,-,-
,,-,-,-,-,-,-,-,-,-,-,,−,−,−,-,−,−,-,–,-,-,,−,−,−,-,−,−,-,–,-,-
,,-,-,-,-,-,-,-,-,-,-,,−,−,−,-,−,−,-,–,-,-,,−,−,−,-,−,−,-,–,-,-
,,-,-,-,-,-,-,-,-,-,-,,−,−,−,-,−,−,-,–,-,-,,−,−,−,-,−,−,-,–,-,-
,,-,-,-,-,-,-,-,-,-,-,,−,−,−,-,−,−,-,–,-,-,,−,−,−,-,−,−,-,–,-,-
,,-,-,-,-,-,-,-,-,-,-,,−,−,−,-,−,−,-,–,-,-,,−,−,−,-,−,−,-,–,-,-
,,-,-,-,-,-,-,-,-,-,-,,−,−,−,-,−,−,-,–,-,-,,−,−,−,-,−,−,-,–,-,-
,,-,-,-,-,-,-,-,-,-,-,,−,−,−,-,−,−,-,–,-,-,,−,−,−,-,−,−,-,–,-,-
,,-,-,-,-,-,-,-,-,-,-,,−,−,−,-,−,−,-,–,-,-,,−,−,−,-,−,−,-,–,-,-
,,-,-,-,-,-,-,-,-,-,-,,−,−,−,-,−,−,-,–,-,-,,−,−,−,-,−,−,-,–,-,-
,,-,-,-,-,-,-,-,-,-,-,,−,−,−,-,−,−,-,–,-,-,,−,−,−,-,−,−,-,–,-,-
,,-,-,-,-,-,-,-,-,-,-,,−,−,−,-,−,−,-,–,-,-,,−,−,−,-,−,−,-,–,-,-
,,-,-,-,-,-,-,-,-,-,-,,−,−,−,-,−,−,-,–,-,-,,−,−,−,-,−,−,-,–,-,-
,,-,-,-,-,-,-,-,-,-,-,,−,−,−,-,−,−,-,–,-,-,,−,−,−,-,−,−,-,–,-,-
,,-,-,-,-,-,-,-,-,-,-,,−,−,−,-,−,−,-,–,-,-,,−,−,−,-,−,−,-,–,-,-
,,-,-,-,-,-,-,-,-,-,-,,−,−,−,-,−,−,-,–,-,-,,−,−,−,-,−,−,-,–,-,-
,,-,-,-,-,-,-,-,-,-,-,,−,−,−,-,−,−,-,–,-,-,,−,−,−,-,−,−,-,–,-,-
,,-,-,-,-,-,-,-,-,-,-,,−,−,−,-,−,−,-,–,-,-,,−,−,−,-,−,−,-,–,-,-
,,-,-,-,-,-,-,-,-,-,-,,−,−,−,-,−,−,-,–,-,-,,−,−,−,-,−,−,-,–,-,-
,,-,-,-,-,-,-,-,-,-,-,,−,−,−,-,−,−,-,–,-,-,,−,−,−,-,−,−,-,–,-,-
,,-,-,-,-,-,-,-,-,-,-,,−,−,−,-,−,−,-,–,-,-,,−,−,−,-,−,−,-,–,-,-
,,-,-,-,-,-,-,-,-,-,-,,−,−,−,-,−,−,-,–,-,-,,−,−,−,-,−,−,-,–,-,-
,,-,-,-,-,-,-,-,-,-,-,,−,−,−,-,−,−,-,–,-,-,,−,−,−,-,−,−,-,–,-,-
,,-,-,-,-,-,-,-,-,-,-,,−,−,−,-,−,−,-,–,-,-,,−,−,−,-,−,−,-,–,-,-
,,-,-,-,-,-,-,-,-,-,-,,−,−,−,-,−,−,-,–,-,-,,−,−,−,-,−,−,-,–,-,-
,,-,-,-,-,-,-,-,-,-,-,,−,−,−,-,−,−,-,–,-,-,,−,−,−,-,−,−,-,–,-,-
,,-,-,-,-,-,-,-,-,-,-,,−,−,−,-,−,−,-,–,-,-,,−,−,−,-,−,−,-,–,-,-
,,-,-,-,-,-,-,-,-,-,-,,−,−,−,-,−,−,-,–,-,-,,−,−,−,-,−,−,-,–,-,-
,,-,-,-,-,-,-,-,-,-,-,,−,−,−,-,−,−,-,–,-,-,,−,−,−,-,−,−,-,–,-,-
,,-,-,-,-,-,-,-,-,-,-,,−,−,−,-,−,−,-,–,-,-,,−,−,−,-,−,−,-,–,-,-
,,-,-,-,-,-,-,-,-,-,-,,−,−,−,-,−,−,-,–,-,-,,−,−,−,-,−,−,-,–,-,-
,,-,-,-,-,-,-,-,-,-,-,,−,−,−,-,−,−,-,–,-,-,,−,−,−,-,−,−,-,–,-,-
,,-,-,-,-,-,-,-,-,-,-,,−,−,−,-,−,−,-,–,-,-,,−,−,−,-,−,−,-,–,-,-
,,-,-,-,-,-,-,-,-,-,-,,−,−,−,-,−,−,-,–,-,-,,−,−,−,-,−,−,-,–,-,-
,,-,-,-,-,-,-,-,-,-,-,,−,−,−,-,−,−,-,–,-,-,,−,−,−,-,−,−,-,–,-,-
,,-,-,-,-,-,-,-,-,-,-,,−,−,−,-,−,−,-,–,-,-,,−,−,−,-,−,−,-,–,-,-
,,-,-,-,-,-,-,-,-,-,-,,−,−,−,-,−,−,-,–,-,-,,−,−,−,-,−,−,-,–,-,-
,,-,-,-,-,-,-,-,-,-,-,,−,−,−,-,−,−,-,–,-,-,,−,−,−,-,−,−,-,–,-,-
,,-,-,-,-,-,-,-,-,-,-,,−,−,−,-,−,−,-,–,-,-,,−,−,−,-,−,−,-,–,-,-
,,-,-,-,-,-,-,-,-,-,-,,−,−,−,-,−,−,-,–,-,-,,−,−,−,-,−,−,-,–,-,-
,,-,-,-,-,-,-,-,-,-,-,,−,−,−,-,−,−,-,–,-,-,,−,−,−,-,−,−,-,–,-,-
,,-,-,-,-,-,-,-,-,-,-,,−,−,−,-,−,−,-,–,-,-,,−,−,−,-,−,−,-,–,-,-
,,-,-,-,-,-,-,-,-,-,-,,−,−,−,-,−,−,-,–,-,-,,−,−,−,-,−,−,-,–,-,-
,,-,-,-,-,-,-,-,-,-,-,,−,−,−,-,−,−,-,–,-,-,,−,−,−,-,−,−,-,–,-,-
,,-,-,-,-,-,-,-,-,-,-,,−,−,−,-,−,−,-,–,-,-,,−,−,−,-,−,−,-,–,-,-
,,-,-,-,-,-,-,-,-,-,-,,−,−,−,-,−,−,-,–,-,-,,−,−,−,-,−,−,-,–,-,-
,,-,-,-,-,-,-,-,-,-,-,,−,−,−,-,−,−,-,–,-,-,,−,−,−,-,−,−,-,–,-,-
,,-,-,-,-,-,-,-,-,-,-,,−,−,−,-,−,−,-,–,-,-,,−,−,−,-,−,−,-,–,-,-
,,-,-,-,-,-,-,-,-,-,-,,−,−,−,-,−,−,-,–,-,-,,−,−,−,-,−,−,-,–,-,-
,,-,-,-,-,-,-,-,-,-,-,,−,−,−,-,−,−,-,–,-,-,,−,−,−,-,−,−,-,–,-,-
,,-,-,-,-,-,-,-,-,-,-,,−,−,−,-,−,−,-,–,-,-,,−,−,−,-,−,−,-,–,-,-
,,-,-,-,-,-,-,-,-,-,-,,−,−,−,-,−,−,-,–,-,-,,−,−,−,-,−,−,-,–,-,-
,,-,-,-,-,-,-,-,-,-,-,,−,−,−,-,−,−,-,–,-,-,,−,−,−,-,−,−,-,–,-,-
,,-,-,-,-,-,-,-,-,-,-,,−,−,−,-,−,−,-,–,-,-,,−,−,−,-,−,−,-,–,-,-
,,-,-,-,-,-,-,-,-,-,-,,−,−,−,-,−,−,-,–,-,-,,−,−,−,-,−,−,-,–,-,-
,,-,-,-,-,-,-,-,-,-,-,,−,−,−,-,−,−,-,–,-,-,,−,−,−,-,−,−,-,–,-,-
,,-,-,-,-,-,-,-,-,-,-,,−,−,−,-,−,−,-,–,-,-,,−,−,−,-,−,−,-,–,-,-
,,-,-,-,-,-,-,-,-,-,-,,−,−,−,-,−,−,-,–,-,-,,−,−,−,-,−,−,-,–,-,-
,,-,-,-,-,-,-,-,-,-,-,,−,−,−,-,−,−,-,–,-,-,,−,−,−,-,−,−,-,–,-,-
,,-,-,-,-,-,-,-,-,-,-,,−,−,−,-,−,−,-,–,-,-,,−,−,−,-,−,−,-,–,-,-
,,-,-,-,-,-,-,-,-,-,-,,−,−,−,-,−,−,-,–,-,-,,−,−,−,-,−,−,-,–,-,-
,,-,-,-,-,-,-,-,-,-,-,,−,−,−,-,−,−,-,–,-,-,,−,−,−,-,−,−,-,–,-,-
,,-,-,-,-,-,-,-,-,-,-,,−,−,−,-,−,−,-,–,-,-,,−,−,−,-,−,−,-,–,-,-
,,-,-,-,-,-,-,-,-,-,-,,−,−,−,-,−,−,-,–,-,-,,−,−,−,-,−,−,-,–,-,-
,,-,-,-,-,-,-,-,-,-,-,,−,−,−,-,−,−,-,–,-,-,,−,−,−,-,−,−,-,–,-,-
,,-,-,-,-,-,-,-,-,-,-,,−,−,−,-,−,−,-,–,-,-,,−,−,−,-,−,−,-,–,-,-
,,-,-,-,-,-,-,-,-,-,-,,−,−,−,-,−,−,-,–,-,-,,−,−,−,-,−,−,-,–,-,-
,,-,-,-,-,-,-,-,-,-,-,,−,−,−,-,−,−,-,–,-,-,,−,−,−,-,−,−,-,–,-,-
,,-,-,-,-,-,-,-,-,-,-,,−,−,−,-,−,−,-,–,-,-,,−,−,−,-,−,−,-,–,-,-
,,-,-,-,-,-,-,-,-,-,-,,−,−,−,-,−,−,-,–,-,-,,−,−,−,-,−,−,-,–,-,-
,,-,-,-,-,-,-,-,-,-,-,,−,−,−,-,−,−,-,–,-,-,,−,−,−,-,−,−,-,–,-,-
,,-,-,-,-,-,-,-,-,-,-,,−,−,−,-,−,−,-,–,-,-,,−,−,−,-,−,−,-,–,-,-
,,-,-,-,-,-,-,-,-,-,-,,−,−,−,-,−,−,-,–,-,-,,−,−,−,-,−,−,-,–,-,-
,,-,-,-,-,-,-,-,-,-,-,,−,−,−,-,−,−,-,–,-,-,,−,−,−,-,−,−,-,–,-,-
,,-,-,-,-,-,-,-,-,-,-,,−,−,−,-,−,−,-,–,-,-,,−,−,−,-,−,−,-,–,-,-
,,-,-,-,-,-,-,-,-,-,-,,−,−,−,-,−,−,-,–,-,-,,−,−,−,-,−,−,-,–,-,-
,,-,-,-,-,-,-,-,-,-,-,,−,−,−,-,−,−,-,–,-,-,,−,−,−,-,−,−,-,–,-,-
,,-,-,-,-,-,-,-,-,-,-,,−,−,−,-,−,−,-,–,-,-,,−,−,−,-,−,−,-,–,-,-
,,-,-,-,-,-,-,-,-,-,-,,−,−,−,-,−,−,-,–,-,-,,−,−,−,-,−,−,-,–,-,-
,,-,-,-,-,-,-,-,-,-,-,,−,−,−,-,−,−,-,–,-,-,,−,−,−,-,−,−,-,–,-,-
,,-,-,-,-,-,-,-,-,-,-,,−,−,−,-,−,−,-,–,-,-,,−,−,−,-,−,−,-,–,-,-
,,-,-,-,-,-,-,-,-,-,-,,−,−,−,-,−,−,-,–,-,-,,−,−,−,-,−,−,-,–,-,-
,,-,-,-,-,-,-,-,-,-,-,,−,−,−,-,−,−,-,–,-,-,,−,−,−,-,−,−,-,–,-,-
,,-,-,-,-,-,-,-,-,-,-,,−,−,−,-,−,−,-,–,-,-,,−,−,−,-,−,−,-,–,-,-
,,-,-,-,-,-,-,-,-,-,-,,−,−,−,-,−,−,-,–,-,-,,−,−,−,-,−,−,-,–,-,-
,,-,-,-,-,-,-,-,-,-,-,,−,−,−,-,−,−,-,–,-,-,,−,−,−,-,−,−,-,–,-,-
,,-,-,-,-,-,-,-,-,-,-,,−,−,−,-,−,−,-,–,-,-,,−,−,−,-,−,−,-,–,-,-
,,-,-,-,-,-,-,-,-,-,-,,−,−,−,-,−,−,-,–,-,-,,−,−,−,-,−,−,-,–,-,-
,,-,-,-,-,-,-,-,-,-,-,,−,−,−,-,−,−,-,–,-,-,,−,−,−,-,−,−,-,–,-,-
,,-,-,-,-,-,-,-,-,-,-,,−,−,−,-,−,−,-,–,-,-,,−,−,−,-,−,−,-,–,-,-
,,-,-,-,-,-,-,-,-,-,-,,−,−,−,-,−,−,-,–,-,-,,−,−,−,-,−,−,-,–,-,-
,,-,-,-,-,-,-,-,-,-,-,,−,−,−,-,−,−,-,–,-,-,,−,−,−,-,−,−,-,–,-,-
,,-,-,-,-,-,-,-,-,-,-,,−,−,−,-,−,−,-,–,-,-,,−,−,−,-,−,−,-,–,-,-
,,-,-,-,-,-,-,-,-,-,-,,−,−,−,-,−,−,-,–,-,-,,−,−,−,-,−,−,-,–,-,-
,,-,-,-,-,-,-,-,-,-,-,,−,−,−,-,−,−,-,–,-,-,,−,−,−,-,−,−,-,–,-,-
,,-,-,-,-,-,-,-,-,-,-,,−,−,−,-,−,−,-,–,-,-,,−,−,−,-,−,−,-,–,-,-
,,-,-,-,-,-,-,-,-,-,-,,−,−,−,-,−,−,-,–,-,-,,−,−,−,-,−,−,-,–,-,-
,,-,-,-,-,-,-,-,-,-,-,,−,−,−,-,−,−,-,–,-,-,,−,−,−,-,−,−,-,–,-,-
,,-,-,-,-,-,-,-,-,-,-,,−,−,−,-,−,−,-,–,-,-,,−,−,−,-,−,−,-,–,-,-
,,-,-,-,-,-,-,-,-,-,-,,−,−,−,-,−,−,-,–,-,-,,−,−,−,-,−,−,-,–,-,-
,,-,-,-,-,-,-,-,-,-,-,,−,−,−,-,−,−,-,–,-,-,,−,−,−,-,−,−,-,–,-,-
,,-,-,-,-,-,-,-,-,-,-,,−,−,−,-,−,−,-,–,-,-,,−,−,−,-,−,−,-,–,-,-
,,-,-,-,-,-,-,-,-,-,-,,−,−,−,-,−,−,-,–,-,-,,−,−,−,-,−,−,-,–,-,-
,,-,-,-,-,-,-,-,-,-,-,,−,−,−,-,−,−,-,–,-,-,,−,−,−,-,−,−,-,–,-,-
,,-,-,-,-,-,-,-,-,-,-,,−,−,−,-,−,−,-,–,-,-,,−,−,−,-,−,−,-,–,-,-
,,-,-,-,-,-,-,-,-,-,-,,−,−,−,-,−,−,-,–,-,-,,−,−,−,-,−,−,-,–,-,-
,,-,-,-,-,-,-,-,-,-,-,,−,−,−,-,−,−,-,–,-,-,,−,−,−,-,−,−,-,–,-,-
,,-,-,-,-,-,-,-,-,-,-,,−,−,−,-,−,−,-,–,-,-,,−,−,−,-,−,−,-,–,-,-
,,-,-,-,-,-,-,-,-,-,-,,−,−,−,-,−,−,-,–,-,-,,−,−,−,-,−,−,-,–,-,-
,,-,-,-,-,-,-,-,-,-,-,,−,−,−,-,−,−,-,–,-,-,,−,−,−,-,−,−,-,–,-,-
,,-,-,-,-,-,-,-,-,-,-,,−,−,−,-,−,−,-,–,-,-,,−,−,−,-,−,−,-,–,-,-
,,-,-,-,-,-,-,-,-,-,-,,−,−,−,-,−,−,-,–,-,-,,−,−,−,-,−,−,-,–,-,-
,,-,-,-,-,-,-,-,-,-,-,,−,−,−,-,−,−,-,–,-,-,,−,−,−,-,−,−,-,–,-,-
,,-,-,-,-,-,-,-,-,-,-,,−,−,−,-,−,−,-,–,-,-,,−,−,−,-,−,−,-,–,-,-
,,-,-,-,-,-,-,-,-,-,-,,−,−,−,-,−,−,-,–,-,-,,−,−,−,-,−,−,-,–,-,-
,,-,-,-,-,-,-,-,-,-,-,,−,−,−,-,−,−,-,–,-,-,,−,−,−,-,−,−,-,–,-,-
,,-,-,-,-,-,-,-,-,-,-,,−,−,−,-,−,−,-,–,-,-,,−,−,−,-,−,−,-,–,-,-
,,-,-,-,-,-,-,-,-,-,-,,−,−,−,-,−,−,-,–,-,-,,−,−,−,-,−,−,-,–,-,-
,,-,-,-,-,-,-,-,-,-,-,,−,−,−,-,−,−,-,–,-,-,,−,−,−,-,−,−,-,–,-,-
,,-,-,-,-,-,-,-,-,-,-,,−,−,−,-,−,−,-,–,-,-,,−,−,−,-,−,−,-,–,-,-
,,-,-,-,-,-,-,-,-,-,-,,−,−,−,-,−,−,-,–,-,-,,−,−,−,-,−,−,-,–,-,-
,,-,-,-,-,-,-,-,-,-,-,,−,−,−,-,−,−,-,–,-,-,,−,−,−,-,−,−,-,–,-,-
,,-,-,-,-,-,-,-,-,-,-,,−,−,−,-,−,−,-,–,-,-,,−,−,−,-,−,−,-,–,-,-
,,-,-,-,-,-,-,-,-,-,-,,−,−,−,-,−,−,-,–,-,-,,−,−,−,-,−,−,-,–,-,-
,,-,-,-,-,-,-,-,-,-,-,,−,−,−,-,−,−,-,–,-,-,,−,−,−,-,−,−,-,–,-,-
,,-,-,-,-,-,-,-,-,-,-,,−,−,−,-,−,−,-,–,-,-,,−,−,−,-,−,−,-,–,-,-
,,-,-,-,-,-,-,-,-,-,-,,−,−,−,-,−,−,-,–,-,-,,−,−,−,-,−,−,-,–,-,-
,,-,-,-,-,-,-,-,-,-,-,,−,−,−,-,−,−,-,–,-,-,,−,−,−,-,−,−,-,–,-,-
,,-,-,-,-,-,-,-,-,-,-,,−,−,−,-,−,−,-,–,-,-,,−,−,−,-,−,−,-,–,-,-
,,-,-,-,-,-,-,-,-,-,-,,−,−,−,-,−,−,-,–,-,-,,−,−,−,-,−,−,-,–,-,-
,,-,-,-,-,-,-,-,-,-,-,,−,−,−,-,−,−,-,–,-,-,,−,−,−,-,−,−,-,–,-,-
,,-,-,-,-,-,-,-,-,-,-,,−,−,−,-,−,−,-,–,-,-,,−,−,−,-,−,−,-,–,-,-
,,-,-,-,-,-,-,-,-,-,-,,−,−,−,-,−,−,-,–,-,-,,−,−,−,-,−,−,-,–,-,-
,,-,-,-,-,-,-,-,-,-,-,,−,−,−,-,−,−,-,–,-,-,,−,−,−,-,−,−,-,–,-,-
,,-,-,-,-,-,-,-,-,-,-,,−,−,−,-,−,−,-,–,-,-,,−,−,−,-,−,−,-,–,-,-
,,-,-,-,-,-,-,-,-,-,-,,−,−,−,-,−,−,-,–,-,-,,−,−,−,-,−,−,-,–,-,-
,,-,-,-,-,-,-,-,-,-,-,,−,−,−,-,−,−,-,–,-,-,,−,−,−,-,−,−,-,–,-,-
,,-,-,-,-,-,-,-,-,-,-,,−,−,−,-,−,−,-,–,-,-,,−,−,−,-,−,−,-,–,-,-
,,-,-,-,-,-,-,-,-,-,-,,−,−,−,-,−,−,-,–,-,-,,−,−,−,-,−,−,-,–,-,-
,,-,-,-,-,-,-,-,-,-,-,,−,−,−,-,−,−,-,–,-,-,,−,−,−,-,−,−,-,–,-,-
,,-,-,-,-,-,-,-,-,-,-,,−,−,−,-,−,−,-,–,-,-,,−,−,−,-,−,−,-,–,-,-
,,-,-,-,-,-,-,-,-,-,-,,−,−,−,-,−,−,-,–,-,-,,−,−,−,-,−,−,-,–,-,-
,,-,-,-,-,-,-,-,-,-,-,,−,−,−,-,−,−,-,–,-,-,,−,−,−,-,−,−,-,–,-,-
,,-,-,-,-,-,-,-,-,-,-,,−,−,−,-,−,−,-,–,-,-,,−,−,−,-,−,−,-,–,-,-
,,-,-,-,-,-,-,-,-,-,-,,−,−,−,-,−,−,-,–,-,-,,−,−,−,-,−,−,-,–,-,-
,,-,-,-,-,-,-,-,-,-,-,,−,−,−,-,−,−,-,–,-,-,,−,−,−,-,−,−,-,–,-,-
,,-,-,-,-,-,-,-,-,-,-,,−,−,−,-,−,−,-,–,-,-,,−,−,−,-,−,−,-,–,-,-
,,-,-,-,-,-,-,-,-,-,-,,−,−,−,-,−,−,-,–,-,-,,−,−,−,-,−,−,-,–,-,-
,,-,-,-,-,-,-,-,-,-,-,,−,−,−,-,−,−,-,–,-,-,,−,−,−,-,−,−,-,–,-,-
,,-,-,-,-,-,-,-,-,-,-,,−,−,−,-,−,−,-,–,-,-,,−,−,−,-,−,−,-,–,-,-
,,-,-,-,-,-,-,-,-,-,-,,−,−,−,-,−,−,-,–,-,-,,−,−,−,-,−,−,-,–,-,-
,,-,-,-,-,-,-,-,-,-,-,,−,−,−,-,−,−,-,–,-,-,,−,−,−,-,−,−,-,–,-,-
,,-,-,-,-,-,-,-,-,-,-,,−,−,−,-,−,−,-,–,-,-,,−,−,−,-,−,−,-,–,-,-
,,-,-,-,-,-,-,-,-,-,-,,−,−,−,-,−,−,-,–,-,-,,−,−,−,-,−,−,-,–,-,-
,,-,-,-,-,-,-,-,-,-,-,,−,−,−,-,−,−,-,–,-,-,,−,−,−,-,−,−,-,–,-,-
,,-,-,-,-,-,-,-,-,-,-,,−,−,−,-,−,−,-,–,-,-,,−,−,−,-,−,−,-,–,-,-
,,-,-,-,-,-,-,-,-,-,-,,−,−,−,-,−,−,-,–,-,-,,−,−,−,-,−,−,-,–,-,-
,,-,-,-,-,-,-,-,-,-,-,,−,−,−,-,−,−,-,–,-,-,,−,−,−,-,−,−,-,–,-,-
,,-,-,-,-,-,-,-,-,-,-,,−,−,−,-,−,−,-,–,-,-,,−,−,−,-,−,−,-,–,-,-
,,-,-,-,-,-,-,-,-,-,-,,−,−,−,-,−,−,-,–,-,-,,−,−,−,-,−,−,-,–,-,-
,,-,-,-,-,-,-,-,-,-,-,,−,−,−,-,−,−,-,–,-,-,,−,−,−,-,−,−,-,–,-,-
,,-,-,-,-,-,-,-,-,-,-,,−,−,−,-,−,−,-,–,-,-,,−,−,−,-,−,−,-,–,-,-
,,-,-,-,-,-,-,-,-,-,-,,−,−,−,-,−,−,-,–,-,-,,−,−,−,-,−,−,-,–,-,-
,,-,-,-,-,-,-,-,-,-,-,,−,−,−,-,−,−,-,–,-,-,,−,−,−,-,−,−,-,–,-,-
,,-,-,-,-,-,-,-,-,-,-,,−,−,−,-,−,−,-,–,-,-,,−,−,−,-,−,−,-,–,-,-
,,-,-,-,-,-,-,-,-,-,-,,−,−,−,-,−,−,-,–,-,-,,−,−,−,-,−,−,-,–,-,-
,,-,-,-,-,-,-,-,-,-,-,,−,−,−,-,−,−,-,–,-,-,,−,−,−,-,−,−,-,–,-,-
,,-,-,-,-,-,-,-,-,-,-,,−,−,−,-,−,−,-,–,-,-,,−,−,−,-,−,−,-,–,-,-
,,-,-,-,-,-,-,-,-,-,-,,−,−,−,-,−,−,-,–,-,-,,−,−,−,-,−,−,-,–,-,-
,,-,-,-,-,-,-,-,-,-,-,,−,−,−,-,−,−,-,–,-,-,,−,−,−,-,−,−,-,–,-,-
,,-,-,-,-,-,-,-,-,-,-,,−,−,−,-,−,−,-,–,-,-,,−,−,−,-,−,−,-,–,-,-
,,-,-,-,-,-,-,-,-,-,-,,−,−,−,-,−,−,-,–,-,-,,−,−,−,-,−,−,-,–,-,-
,,-,-,-,-,-,-,-,-,-,-,,−,−,−,-,−,−,-,–,-,-,,−,−,−,-,−,−,-,–,-,-
,,-,-,-,-,-,-,-,-,-,-,,−,−,−,-,−,−,-,–,-,-,,−,−,−,-,−,−,-,–,-,-
,,-,-,-,-,-,-,-,-,-,-,,−,−,−,-,−,−,-,–,-,-,,−,−,−,-,−,−,-,–,-,-
,,-,-,-,-,-,-,-,-,-,-,,−,−,−,-,−,−,-,–,-,-,,−,−,−,-,−,−,-,–,-,-
,,-,-,-,-,-,-,-,-,-,-,,−,−,−,-,−,−,-,–,-,-,,−,−,−,-,−,−,-,–,-,-
,,-,-,-,-,-,-,-,-,-,-,,−,−,−,-,−,−,-,–,-,-,,−,−,−,-,−,−,-,–,-,-
,,-,-,-,-,-,-,-,-,-,-,,−,−,−,-,−,−,-,–,-,-,,−,−,−,-,−,−,-,–,-,-
,,-,-,-,-,-,-,-,-,-,-,,−,−,−,-,−,−,-,–,-,-,,−,−,−,-,−,−,-,–,-,-
,,-,-,-,-,-,-,-,-,-,-,,−,−,−,-,−,−,-,–,-,-,,−,−,−,-,−,−,-,–,-,-
,,-,-,-,-,-,-,-,-,-,-,,−,−,−,-,−,−,-,–,-,-,,−,−,−,-,−,−,-,–,-,-
,,-,-,-,-,-,-,-,-,-,-,,−,−,−,-,−,−,-,–,-,-,,−,−,−,-,−,−,-,–,-,-
,,-,-,-,-,-,-,-,-,-,-,,−,−,−,-,−,−,-,–,-,-,,−,−,−,-,−,−,-,–,-,-
,,-,-,-,-,-,-,-,-,-,-,,−,−,−,-,−,−,-,–,-,-,,−,−,−,-,−,−,-,–,-,-
,,-,-,-,-,-,-,-,-,-,-,,−,−,−,-,−,−,-,–,-,-,,−,−,−,-,−,−,-,–,-,-
,,-,-,-,-,-,-,-,-,-,-,,−,−,−,-,−,−,-,–,-,-,,−,−,−,-,−,−,-,–,-,-
,,-,-,-,-,-,-,-,-,-,-,,−,−,−,-,−,−,-,–,-,-,,−,−,−,-,−,−,-,–,-,-
,,-,-,-,-,-,-,-,-,-,-,,−,−,−,-,−,−,-,–,-,-,,−,−,−,-,−,−,-,–,-,-
,,-,-,-,-,-,-,-,-,-,-,,−,−,−,-,−,−,-,–,-,-,,−,−,−,-,−,−,-,–,-,-
,,-,-,-,-,-,-,-,-,-,-,,−,−,−,-,−,−,-,–,-,-,,−,−,−,-,−,−,-,–,-,-
,,-,-,-,-,-,-,-,-,-,-,,−,−,−,-,−,−,-,–,-,-,,−,−,−,-,−,−,-,–,-,-
,,-,-,-,-,-,-,-,-,-,-,,−,−,−,-,−,−,-,–,-,-,,−,−,−,-,−,−,-,–,-,-
,,-,-,-,-,-,-,-,-,-,-,,−,−,−,-,−,−,-,–,-,-,,−,−,−,-,−,−,-,–,-,-
,,-,-,-,-,-,-,-,-,-,-,,−,−,−,-,−,−,-,–,-,-,,−,−,−,-,−,−,-,–,-,-
,,-,-,-,-,-,-,-,-,-,-,,−,−,−,-,−,−,-,–,-,-,,−,−,−,-,−,−,-,–,-,-
,,-,-,-,-,-,-,-,-,-,-,,−,−,−,-,−,−,-,–,-,-,,−,−,−,-,−,−,-,–,-,-
,,-,-,-,-,-,-,-,-,-,-,,−,−,−,-,−,−,-,–,-,-,,−,−,−,-,−,−,-,–,-,-
,,-,-,-,-,-,-,-,-,-,-,,−,−,−,-,−,−,-,–,-,-,,−,−,−,-,−,−,-,–,-,-
,,-,-,-,-,-,-,-,-,-,-,,−,−,−,-,−,−,-,–,-,-,,−,−,−,-,−,−,-,–,-,-
,,-,-,-,-,-,-,-,-,-,-,,−,−,−,-,−,−,-,–,-,-,,−,−,−,-,−,−,-,–,-,-
,,-,-,-,-,-,-,-,-,-,-,,−,−,−,-,−,−,-,–,-,-,,−,−,−,-,−,−,-,–,-,-
,,-,-,-,-,-,-,-,-,-,-,,−,−,−,-,−,−,-,–,-,-,,−,−,−,-,−,−,-,–,-,-
,,-,-,-,-,-,-,-,-,-,-,,−,−,−,-,−,−,-,–,-,-,,−,−,−,-,−,−,-,–,-,-
,,-,-,-,-,-,-,-,-,-,-,,−,−,−,-,−,−,-,–,-,-,,−,−,−,-,−,−,-,–,-,-
,,-,-,-,-,-,-,-,-,-,-,,−,−,−,-,−,−,-,–,-,-,,−,−,−,-,−,−,-,–,-,-
,,-,-,-,-,-,-,-,-,-,-,,−,−,−,-,−,−,-,–,-,-,,−,−,−,-,−,−,-,–,-,-
,,-,-,-,-,-,-,-,-,-,-,,−,−,−,-,−,−,-,–,-,-,,−,−,−,-,−,−,-,–,-,-
,,-,-,-,-,-,-,-,-,-,-,,−,−,−,-,−,−,-,–,-,-,,−,−,−,-,−,−,-,–,-,-
,,-,-,-,-,-,-,-,-,-,-,,−,−,−,-,−,−,-,–,-,-,,−,−,−,-,−,−,-,–,-,-
,,-,-,-,-,-,-,-,-,-,-,,−,−,−,-,−,−,-,–,-,-,,−,−,−,-,−,−,-,–,-,-
,,-,-,-,-,-,-,-,-,-,-,,−,−,−,-,−,−,-,–,-,-,,−,−,−,-,−,−,-,–,-,-
,,-,-,-,-,-,-,-,-,-,-,,−,−,−,-,−,−,-,–,-,-,,−,−,−,-,−,−,-,–,-,-
,,-,-,-,-,-,-,-,-,-,-,,−,−,−,-,−,−,-,–,-,-,,−,−,−,-,−,−,-,–,-,-
,,-,-,-,-,-,-,-,-,-,-,,−,−,−,-,−,−,-,–,-,-,,−,−,−,-,−,−,-,–,-,-
,,-,-,-,-,-,-,-,-,-,-,,−,−,−,-,−,−,-,–,-,-,,−,−,−,-,−,−,-,–,-,-
,,-,-,-,-,-,-,-,-,-,-,,−,−,−,-,−,−,-,–,-,-,,−,−,−,-,−,−,-,–,-,-
,,-,-,-,-,-,-,-,-,-,-,,−,−,−,-,−,−,-,–,-,-,,−,−,−,-,−,−,-,–,-,-
,,-,-,-,-,-,-,-,-,-,-,,−,−,−,-,−,−,-,–,-,-,,−,−,−,-,−,−,-,–,-,-
,,-,-,-,-,-,-,-,-,-,-,,−,−,−,-,−,−,-,–,-,-,,−,−,−,-,−,−,-,–,-,-
,,-,-,-,-,-,-,-,-,-,-,,−,−,−,-,−,−,-,–,-,-,,−,−,−,-,−,−,-,–,-,-
,,-,-,-,-,-,-,-,-,-,-,,−,−,−,-,−,−,-,–,-,-,,−,−,−,-,−,−,-,–,-,-
,,-,-,-,-,-,-,-,-,-,-,,−,−,−,-,−,−,-,–,-,-,,−,−,−,-,−,−,-,–,-,-
,,-,-,-,-,-,-,-,-,-,-,,−,−,−,-,−,−,-,–,-,-,,−,−,−,-,−,−,-,–,-,-
,,-,-,-,-,-,-,-,-,-,-,,−,−,−,-,−,−,-,–,-,-,,−,−,−,-,−,−,-,–,-,-
,,-,-,-,-,-,-,-,-,-,-,,−,−,−,-,−,−,-,–,-,-,,−,−,−,-,−,−,-,–,-,-
,,-,-,-,-,-,-,-,-,-,-,,−,−,−,-,−,−,-,–,-,-,,−,−,−,-,−,−,-,–,-,-
,,-,-,-,-,-,-,-,-,-,-,,−,−,−,-,−,−,-,–,-,-,,−,−,−,-,−,−,-,–,-,-
,,-,-,-,-,-,-,-,-,-,-,,−,−,−,-,−,−,-,–,-,-,,−,−,−,-,−,−,-,–,-,-
,,-,-,-,-,-,-,-,-,-,-,,−,−,−,-,−,−,-,–,-,-,,−,−,−,-,−,−,-,–,-,-
,,-,-,-,-,-,-,-,-,-,-,,−,−,−,-,−,−,-,–,-,-,,−,−,−,-,−,−,-,–,-,-
,,-,-,-,-,-,-,-,-,-,-,,−,−,−,-,−,−,-,–,-,-,,−,−,−,-,−,−,-,–,-,-
,,-,-,-,-,-,-,-,-,-,-,,−,−,−,-,−,−,-,–,-,-,,−,−,−,-,−,−,-,–,-,-
,,-,-,-,-,-,-,-,-,-,-,,−,−,−,-,−,−,-,–,-,-,,−,−,−,-,−,−,-,–,-,-
,,-,-,-,-,-,-,-,-,-,-,,−,−,−,-,−,−,-,–,-,-,,−,−,−,-,−,−,-,–,-,-
,,-,-,-,-,-,-,-,-,-,-,,−,−,−,-,−,−,-,–,-,-,,−,−,−,-,−,−,-,–,-,-
,,-,-,-,-,-,-,-,-,-,-,,−,−,−,-,−,−,-,–,-,-,,−,−,−,-,−,−,-,–,-,-
,,-,-,-,-,-,-,-,-,-,-,,−,−,−,-,−,−,-,–,-,-,,−,−,−,-,−,−,-,–,-,-
,,-,-,-,-,-,-,-,-,-,-,,−,−,−,-,−,−,-,–,-,-,,−,−,−,-,−,−,-,–,-,-
,,-,-,-,-,-,-,-,-,-,-,,−,−,−,-,−,−,-,–,-,-,,−,−,−,-,−,−,-,–,-,-
,,-,-,-,-,-,-,-,-,-,-,,−,−,−,-,−,−,-,–,-,-,,−,−,−,-,−,−,-,–,-,-
,,-,-,-,-,-,-,-,-,-,-,,−,−,−,-,−,−,-,–,-,-,,−,−,−,-,−,−,-,–,-,-
,,-,-,-,-,-,-,-,-,-,-,,−,−,−,-,−,−,-,–,-,-,,−,−,−,-,−,−,-,–,-,-
,,-,-,-,-,-,-,-,-,-,-,,−,−,−,-,−,−,-,–,-,-,,−,−,−,-,−,−,-,–,-,-
,,-,-,-,-,-,-,-,-,-,-,,−,−,−,-,−,−,-,–,-,-,,−,−,−,-,−,−,-,–,-,-
,,-,-,-,-,-,-,-,-,-,-,,−,−,−,-,−,−,-,–,-,-,,−,−,−,-,−,−,-,–,-,-
,,-,-,-,-,-,-,-,-,-,-,,−,−,−,-,−,−,-,–,-,-,,−,−,−,-,−,−,-,–,-,-
,,-,-,-,-,-,-,-,-,-,-,,−,−,−,-,−,−,-,–,-,-,,−,−,−,-,−,−,-,–,-,-
,,-,-,-,-,-,-,-,-,-,-,,−,−,−,-,−,−,-,–,-,-,,−,−,−,-,−,−,-,–,-,-
,,-,-,-,-,-,-,-,-,-,-,,−,−,−,-,−,−,-,–,-,-,,−,−,−,-,−,−,-,–,-,-
,,-,-,-,-,-,-,-,-,-,-,,−,−,−,-,−,−,-,–,-,-,,−,−,−,-,−,−,-,–,-,-
,,-,-,-,-,-,-,-,-,-,-,,−,−,−,-,−,−,-,–,-,-,,−,−,−,-,−,−,-,–,-,-
,,-,-,-,-,-,-,-,-,-,-,,−,−,−,-,−,−,-,–,-,-,,−,−,−,-,−,−,-,–,-,-
,,-,-,-,-,-,-,-,-,-,-,,−,−,−,-,−,−,-,–,-,-,,−,−,−,-,−,−,-,–,-,-
,,-,-,-,-,-,-,-,-,-,-,,−,−,−,-,−,−,-,–,-,-,,−,−,−,-,−,−,-,–,-,-
,,-,-,-,-,-,-,-,-,-,-,,−,−,−,-,−,−,-,–,-,-,,−,−,−,-,−,−,-,–,-,-
,,-,-,-,-,-,-,-,-,-,-,,−,−,−,-,−,−,-,–,-,-,,−,−,−,-,−,−,-,–,-,-
,,-,-,-,-,-,-,-,-,-,-,,−,−,−,-,−,−,-,–,-,-,,−,−,−,-,−,−,-,–,-,-
,,-,-,-,-,-,-,-,-,-,-,,−,−,−,-,−,−,-,–,-,-,,−,−,−,-,−,−,-,–,-,-
,,-,-,-,-,-,-,-,-,-,-,,−,−,−,-,−,−,-,–,-,-,,−,−,−,-,−,−,-,–,-,-
,,-,-,-,-,-,-,-,-,-,-,,−,−,−,-,−,−,-,–,-,-,,−,−,−,-,−,−,-,–,-,-
,,-,-,-,-,-,-,-,-,-,-,,−,−,−,-,−,−,-,–,-,-,,−,−,−,-,−,−,-,–,-,-
,,-,-,-,-,-,-,-,-,-,-,,−,−,−,-,−,−,-,–,-,-,,−,−,−,-,−,−,-,–,-,-
,,-,-,-,-,-,-,-,-,-,-,,−,−,−,-,−,−,-,–,-,-,,−,−,−,-,−,−,-,–,-,-
,,-,-,-,-,-,-,-,-,-,-,,−,−,−,-,−,−,-,–,-,-,,−,−,−,-,−,−,-,–,-,-
,,-,-,-,-,-,-,-,-,-,-,,−,−,−,-,−,−,-,–,-,-,,−,−,−,-,−,−,-,–,-,-
,,-,-,-,-,-,-,-,-,-,-,,−,−,−,-,−,−,-,–,-,-,,−,−,−,-,−,−,-,–,-,-
,,-,-,-,-,-,-,-,-,-,-,,−,−,−,-,−,−,-,–,-,-,,−,−,−,-,−,−,-,–,-,-
,,-,-,-,-,-,-,-,-,-,-,,−,−,−,-,−,−,-,–,-,-,,−,−,−,-,−,−,-,–,-,-
,,-,-,-,-,-,-,-,-,-,-,,−,−,−,-,−,−,-,–,-,-,,−,−,−,-,−,−,-,–,-,-
,,-,-,-,-,-,-,-,-,-,-,,−,−,−,-,−,−,-,–,-,-,,−,−,−,-,−,−,-,–,-,-
,,-,-,-,-,-,-,-,-,-,-,,−,−,−,-,−,−,-,–,-,-,,−,−,−,-,−,−,-,–,-,-
,,-,-,-,-,-,-,-,-,-,-,,−,−,−,-,−,−,-,–,-,-,,−,−,−,-,−,−,-,–,-,-
,,-,-,-,-,-,-,-,-,-,-,,−,−,−,-,−,−,-,–,-,-,,−,−,−,-,−,−,-,–,-,-
,,-,-,-,-,-,-,-,-,-,-,,−,−,−,-,−,−,-,–,-,-,,−,−,−,-,−,−,-,–,-,-
,,-,-,-,-,-,-,-,-,-,-,,−,−,−,-,−,−,-,–,-,-,,−,−,−,-,−,−,-,–,-,-
,,-,-,-,-,-,-,-,-,-,-,,−,−,−,-,−,−,-,–,-,-,,−,−,−,-,−,−,-,–,-,-
,,-,-,-,-,-,-,-,-,-,-,,−,−,−,-,−,−,-,–,-,-,,−,−,−,-,−,−,-,–,-,-
,,-,-,-,-,-,-,-,-,-,-,,−,−,−,-,−,−,-,–,-,-,,−,−,−,-,−,−,-,–,-,-
,,-,-,-,-,-,-,-,-,-,-,,−,−,−,-,−,−,-,–,-,-,,−,−,−,-,−,−,-,–,-,-
,,-,-,-,-,-,-,-,-,-,-,,−,−,−,-,−,−,-,–,-,-,,−,−,−,-,−,−,-,–,-,-
,,-,-,-,-,-,-,-,-,-,-,,−,−,−,-,−,−,-,–,-,-,,−,−,−,-,−,−,-,–,-,-
,,-,-,-,-,-,-,-,-,-,-,,−,−,−,-,−,−,-,–,-,-,,−,−,−,-,−,−,-,–,-,-
,,-,-,-,-,-,-,-,-,-,-,,−,−,−,-,−,−,-,–,-,-,,−,−,−,-,−,−,-,–,-,-
,,-,-,-,-,-,-,-,-,-,-,,−,−,−,-,−,−,-,–,-,-,,−,−,−,-,−,−,-,–,-,-
,,-,-,-,-,-,-,-,-,-,-,,−,−,−,-,−,−,-,–,-,-,,−,−,−,-,−,−,-,–,-,-
,,-,-,-,-,-,-,-,-,-,-,,−,−,−,-,−,−,-,–,-,-,,−,−,−,-,−,−,-,–,-,-
,,-,-,-,-,-,-,-,-,-,-,,−,−,−,-,−,−,-,–,-,-,,−,−,−,-,−,−,-,–,-,-
,,-,-,-,-,-,-,-,-,-,-,,−,−,−,-,−,−,-,–,-,-,,−,−,−,-,−,−,-,–,-,-
,,-,-,-,-,-,-,-,-,-,-,,−,−,−,-,−,−,-,–,-,-,,−,−,−,-,−,−,-,–,-,-
,,-,-,-,-,-,-,-,-,-,-,,−,−,−,-,−,−,-,–,-,-,,−,−,−,-,−,−,-,–,-,-
,,-,-,-,-,-,-,-,-,-,-,,−,−,−,-,−,−,-,–,-,-,,−,−,−,-,−,−,-,–,-,-
,,-,-,-,-,-,-,-,-,-,-,,−,−,−,-,−,−,-,–,-,-,,−,−,−,-,−,−,-,–,-,-
,,-,-,-,-,-,-,-,-,-,-,,−,−,−,-,−,−,-,–,-,-,,−,−,−,-,−,−,-,–,-,-
,,-,-,-,-,-,-,-,-,-,-,,−,−,−,-,−,−,-,–,-,-,,−,−,−,-,−,−,-,–,-,-
,,-,-,-,-,-,-,-,-,-,-,,−,−,−,-,−,−,-,–,-,-,,−,−,−,-,−,−,-,–,-,-
,,-,-,-,-,-,-,-,-,-,-,,−,−,−,-,−,−,-,–,-,-,,−,−,−,-,−,−,-,–,-,-
,,-,-,-,-,-,-,-,-,-,-,,−,−,−,-,−,−,-,–,-,-,,−,−,−,-,−,−,-,–,-,-
,,-,-,-,-,-,-,-,-,-,-,,−,−,−,-,−,−,-,–,-,-,,−,−,−,-,−,−,-,–,-,-
,,-,-,-,-,-,-,-,-,-,-,,−,−,−,-,−,−,-,–,-,-,,−,−,−,-,−,−,-,–,-,-
,,-,-,-,-,-,-,-,-,-,-,,−,−,−,-,−,−,-,–,-,-,,−,−,−,-,−,−,-,–,-,-
,,-,-,-,-,-,-,-,-,-,-,,−,−,−,-,−,−,-,–,-,-,,−,−,−,-,−,−,-,–,-,-
,,-,-,-,-,-,-,-,-,-,-,,−,−,−,-,−,−,-,–,-,-,,−,−,−,-,−,−,-,–,-,-
,,-,-,-,-,-,-,-,-,-,-,,−,−,−,-,−,−,-,–,-,-,,−,−,−,-,−,−,-,–,-,-
,,-,-,-,-,-,-,-,-,-,-,,−,−,−,-,−,−,-,–,-,-,,−,−,−,-,−,−,-,–,-,-
,,-,-,-,-,-,-,-,-,-,-,,−,−,−,-,−,−,-,–,-,-,,−,−,−,-,−,−,-,–,-,-
,,-,-,-,-,-,-,-,-,-,-,,−,−,−,-,−,−,-,–,-,-,,−,−,−,-,−,−,-,–,-,-
,,-,-,-,-,-,-,-,-,-,-,,−,−,−,-,−,−,-,–,-,-,,−,−,−,-,−,−,-,–,-,-
,,-,-,-,-,-,-,-,-,-,-,,−,−,−,-,−,−,-,–,-,-,,−,−,−,-,−,−,-,–,-,-
,,-,-,-,-,-,-,-,-,-,-,,−,−,−,-,−,−,-,–,-,-,,−,−,−,-,−,−,-,–,-,-
,,-,-,-,-,-,-,-,-,-,-,,−,−,−,-,−,−,-,–,-,-,,−,−,−,-,−,−,-,–,-,-
,,-,-,-,-,-,-,-,-,-,-,,−,−,−,-,−,−,-,–,-,-,,−,−,−,-,−,−,-,–,-,-
,,-,-,-,-,-,-,-,-,-,-,,−,−,−,-,−,−,-,–,-,-,,−,−,−,-,−,−,-,–,-,-
,,-,-,-,-,-,-,-,-,-,-,,−,−,−,-,−,−,-,–,-,-,,−,−,−,-,−,−,-,–,-,-
,,-,-,-,-,-,-,-,-,-,-,,−,−,−,-,−,−,-,–,-,-,,−,−,−,-,−,−,-,–,-,-
,,-,-,-,-,-,-,-,-,-,-,,−,−,−,-,−,−,-,–,-,-,,−,−,−,-,−,−,-,–,-,-
,,-,-,-,-,-,-,-,-,-,-,,−,−,−,-,−,−,-,–,-,-,,−,−,−,-,−,−,-,–,-,-
,,-,-,-,-,-,-,-,-,-,-,,−,−,−,-,−,−,-,–,-,-,,−,−,−,-,−,−,-,–,-,-
,,-,-,-,-,-,-,-,-,-,-,,−,−,−,-,−,−,-,–,-,-,,−,−,−,-,−,−,-,–,-,-
,,-,-,-,-,-,-,-,-,-,-,,−,−,−,-,−,−,-,–,-,-,,−,−,−,-,−,−,-,–,-,-
,,-,-,-,-,-,-,-,-,-,-,,−,−,−,-,−,−,-,–,-,-,,−,−,−,-,−,−,-,–,-,-
,,-,-,-,-,-,-,-,-,-,-,,−,−,−,-,−,−,-,–,-,-,,−,−,−,-,−,−,-,–,-,-
,,-,-,-,-,-,-,-,-,-,-,,−,−,−,-,−,−,-,–,-,-,,−,−,−,-,−,−,-,–,-,-
,,-,-,-,-,-,-,-,-,-,-,,−,−,−,-,−,−,-,–,-,-,,−,−,−,-,−,−,-,–,-,-
,,-,-,-,-,-,-,-,-,-,-,,−,−,−,-,−,−,-,–,-,-,,−,−,−,-,−,−,-,–,-,-
,,-,-,-,-,-,-,-,-,-,-,,−,−,−,-,−,−,-,–,-,-,,−,−,−,-,−,−,-,–,-,-
,,-,-,-,-,-,-,-,-,-,-,,−,−,−,-,−,−,-,–,-,-,,−,−,−,-,−,−,-,–,-,-
,,-,-,-,-,-,-,-,-,-,-,,−,−,−,-,−,−,-,–,-,-,,−,−,−,-,−,−,-,–,-,-
,,-,-,-,-,-,-,-,-,-,-,,−,−,−,-,−,−,-,–,-,-,,−,−,−,-,−,−,-,–,-,-
,,-,-,-,-,-,-,-,-,-,-,,−,−,−,-,−,−,-,–,-,-,,−,−,−,-,−,−,-,–,-,-
,,-,-,-,-,-,-,-,-,-,-,,−,−,−,-,−,−,-,–,-,-,,−,−,−,-,−,−,-,–,-,-
,,-,-,-,-,-,-,-,-,-,-,,−,−,−,-,−,−,-,–,-,-,,−,−,−,-,−,−,-,–,-,-
,,-,-,-,-,-,-,-,-,-,-,,−,−,−,-,−,−,-,–,-,-,,−,−,−,-,−,−,-,–,-,-
,,-,-,-,-,-,-,-,-,-,-,,−,−,−,-,−,−,-,–,-,-,,−,−,−,-,−,−,-,–,-,-
,,-,-,-,-,-,-,-,-,-,-,,−,−,−,-,−,−,-,–,-,-,,−,−,−,-,−,−,-,–,-,-
,,-,-,-,-,-,-,-,-,-,-,,−,−,−,-,−,−,-,–,-,-,,−,−,−,-,−,−,-,–,-,-
,,-,-,-,-,-,-,-,-,-,-,,−,−,−,-,−,−,-,–,-,-,,−,−,−,-,−,−,-,–,-,-
,,-,-,-,-,-,-,-,-,-,-,,−,−,−,-,−,−,-,–,-,-,,−,−,−,-,−,−,-,–,-,-
,,-,-,-,-,-,-,-,-,-,-,,−,−,−,-,−,−,-,–,-,-,,−,−,−,-,−,−,-,–,-,-
,,-,-,-,-,-,-,-,-,-,-,,−,−,−,-,−,−,-,–,-,-,,−,−,−,-,−,−,-,–,-,-
,,-,-,-,-,-,-,-,-,-,-,,−,−,−,-,−,−,-,–,-,-,,−,−,−,-,−,−,-,–,-,-
,,-,-,-,-,-,-,-,-,-,-,,−,−,−,-,−,−,-,–,-,-,,−,−,−,-,−,−,-,–,-,-
,,-,-,-,-,-,-,-,-,-,-,,−,−,−,-,−,−,-,–,-,-,,−,−,−,-,−,−,-,–,-,-
,,-,-,-,-,-,-,-,-,-,-,,−,−,−,-,−,−,-,–,-,-,,−,−,−,-,−,−,-,–,-,-
,,-,-,-,-,-,-,-,-,-,-,,−,−,−,-,−,−,-,–,-,-,,−,−,−,-,−,−,-,–,-,-
,,-,-,-,-,-,-,-,-,-,-,,−,−,−,-,−,−,-,–,-,-,,−,−,−,-,−,−,-,–,-,-
,,-,-,-,-,-,-,-,-,-,-,,−,−,−,-,−,−,-,–,-,-,,−,−,−,-,−,−,-,–,-,-
,,-,-,-,-,-,-,-,-,-,-,,−,−,−,-,−,−,-,–,-,-,,−,−,−,-,−,−,-,–,-,-
,,-,-,-,-,-,-,-,-,-,-,,−,−,−,-,−,−,-,–,-,-,,−,−,−,-,−,−,-,–,-,-
,,-,-,-,-,-,-,-,-,-,-,,−,−,−,-,−,−,-,–,-,-,,−,−,−,-,−,−,-,–,-,-
,,-,-,-,-,-,-,-,-,-,-,,−,−,−,-,−,−,-,–,-,-,,−,−,−,-,−,−,-,–,-,-
,,-,-,-,-,-,-,-,-,-,-,,−,−,−,-,−,−,-,–,-,-,,−,−,−,-,−,−,-,–,-,-
,,-,-,-,-,-,-,-,-,-,-,,−,−,−,-,−,−,-,–,-,-,,−,−,−,-,−,−,-,–,-,-
,,-,-,-,-,-,-,-,-,-,-,,−,−,−,-,−,−,-,–,-,-,,−,−,−,-,−,−,-,–,-,-
,,-,-,-,-,-,-,-,-,-,-,,−,−,−,-,−,−,-,–,-,-,,−,−,−,-,−,−,-,–,-,-
,,-,-,-,-,-,-,-,-,-,-,,−,−,−,-,−,−,-,–,-,-,,−,−,−,-,−,−,-,–,-,-
,,-,-,-,-,-,-,-,-,-,-,,−,−,−,-,−,−,-,–,-,-,,−,−,−,-,−,−,-,–,-,-
,,-,-,-,-,-,-,-,-,-,-,,−,−,−,-,−,−,-,–,-,-,,−,−,−,-,−,−,-,–,-,-
,,-,-,-,-,-,-,-,-,-,-,,−,−,−,-,−,−,-,–,-,-,,−,−,−,-,−,−,-,–,-,-
,,-,-,-,-,-,-,-,-,-,-,,−,−,−,-,−,−,-,–,-,-,,−,−,−,-,−,−,-,–,-,-
,,-,-,-,-,-,-,-,-,-,-,,−,−,−,-,−,−,-,–,-,-,,−,−,−,-,−,−,-,–,-,-
,,-,-,-,-,-,-,-,-,-,-,,−,−,−,-,−,−,-,–,-,-,,−,−,−,-,−,−,-,–,-,-
,,-,-,-,-,-,-,-,-,-,-,,−,−,−,-,−,−,-,–,-,-,,−,−,−,-,−,−,-,–,-,-
,,-,-,-,-,-,-,-,-,-,-,,−,−,−,-,−,−,-,–,-,-,,−,−,−,-,−,−,-,–,-,-
,,-,-,-,-,-,-,-,-,-,-,,−,−,−,-,−,−,-,–,-,-,,−,−,−,-,−,−,-,–,-,-
,,-,-,-,-,-,-,-,-,-,-,,−,−,−,-,−,−,-,–,-,-,,−,−,−,-,−,−,-,–,-,-
,,-,-,-,-,-,-,-,-,-,-,,−,−,−,-,−,−,-,–,-,-,,−,−,−,-,−,−,-,–,-,-
,,-,-,-,-,-,-,-,-,-,-,,−,−,−,-,−,−,-,–,-,-,,−,−,−,-,−,−,-,–,-,-
,,-,-,-,-,-,-,-,-,-,-,,−,−,−,-,−,−,-,–,-,-,,−,−,−,-,−,−,-,–,-,-
,,-,-,-,-,-,-,-,-,-,-,,−,−,−,-,−,−,-,–,-,-,,−,−,−,-,−,−,-,–,-,-
,,-,-,-,-,-,-,-,-,-,-,,−,−,−,-,−,−,-,–,-,-,,−,−,−,-,−,−,-,–,-,-
,,-,-,-,-,-,-,-,-,-,-,,−,−,−,-,−,−,-,–,-,-,,−,−,−,-,−,−,-,–,-,-
,,-,-,-,-,-,-,-,-,-,-,,−,−,−,-,−,−,-,–,-,-,,−,−,−,-,−,−,-,–,-,-
,,-,-,-,-,-,-,-,-,-,-,,−,−,−,-,−,−,-,–,-,-,,−,−,−,-,−,−,-,–,-,-
,,-,-,-,-,-,-,-,-,-,-,,−,−,−,-,−,−,-,–,-,-,,−,−,−,-,−,−,-,–,-,-
,,-,-,-,-,-,-,-,-,-,-,,−,−,−,-,−,−,-,–,-,-,,−,−,−,-,−,−,-,–,-,-
,,-,-,-,-,-,-,-,-,-,-,,−,−,−,-,−,−,-,–,-,-,,−,−,−,-,−,−,-,–,-,-
,,-,-,-,-,-,-,-,-,-,-,,−,−,−,-,−,−,-,–,-,-,,−,−,−,-,−,−,-,–,-,-
,,-,-,-,-,-,-,-,-,-,-,,−,−,−,-,−,−,-,–,-,-,,−,−,−,-,−,−,-,–,-,-
,,-,-,-,-,-,-,-,-,-,-,,−,−,−,-,−,−,-,–,-,-,,−,−,−,-,−,−,-,–,-,-
,,-,-,-,-,-,-,-,-,-,-,,−,−,−,-,−,−,-,–,-,-,,−,−,−,-,−,−,-,–,-,-
,,-,-,-,-,-,-,-,-,-,-,,−,−,−,-,−,−,-,–,-,-,,−,−,−,-,−,−,-,–,-,-
,,-,-,-,-,-,-,-,-,-,-,,−,−,−,-,−,−,-,–,-,-,,−,−,−,-,−,−,-,–,-,-
,,-,-,-,-,-,-,-,-,-,-,,−,−,−,-,−,−,-,–,-,-,,−,−,−,-,−,−,-,–,-,-
,,-,-,-,-,-,-,-,-,-,-,,−,−,−,-,−,−,-,–,-,-,,−,−,−,-,−,−,-,–,-,-
,,-,-,-,-,-,-,-,-,-,-,,−,−,−,-,−,−,-,–,-,-,,−,−,−,-,−,−,-,–,-,-
,,-,-,-,-,-,-,-,-,-,-,,−,−,−,-,−,−,-,–,-,-,,−,−,−,-,−,−,-,–,-,-
,,-,-,-,-,-,-,-,-,-,-,,−,−,−,-,−,−,-,–,-,-,,−,−,−,-,−,−,-,–,-,-
,,-,-,-,-,-,-,-,-,-,-,,−,−,−,-,−,−,-,–,-,-,,−,−,−,-,−,−,-,–,-,-
,,-,-,-,-,-,-,-,-,-,-,,−,−,−,-,−,−,-,–,-,-,,−,−,−,-,−,−,-,–,-,-
,,-,-,-,-,-,-,-,-,-,-,,−,−,−,-,−,−,-,–,-,-,,−,−,−,-,−,−,-,–,-,-
,,-,-,-,-,-,-,-,-,-,-,,−,−,−,-,−,−,-,–,-,-,,−,−,−,-,−,−,-,–,-,-
,,-,-,-,-,-,-,-,-,-,-,,−,−,−,-,−,−,-,–,-,-,,−,−,−,-,−,−,-,–,-,-
,,-,-,-,-,-,-,-,-,-,-,,−,−,−,-,−,−,-,–,-,-,,−,−,−,-,−,−,-,–,-,-
,,-,-,-,-,-,-,-,-,-,-,,−,−,−,-,−,−,-,–,-,-,,−,−,−,-,−,−,-,–,-,-
,,-,-,-,-,-,-,-,-,-,-,,−,−,−,-,−,−,-,–,-,-,,−,−,−,-,−,−,-,–,-,-
,,-,-,-,-,-,-,-,-,-,-,,−,−,−,-,−,−,-,–,-,-,,−,−,−,-,−,−,-,–,-,-
,,-,-,-,-,-,-,-,-,-,-,,−,−,−,-,−,−,-,–,-,-,,−,−,−,-,−,−,-,–,-,-
,,-,-,-,-,-,-,-,-,-,-,,−,−,−,-,−,−,-,–,-,-,,−,−,−,-,−,−,-,–,-,-
,,-,-,-,-,-,-,-,-,-,-,,−,−,−,-,−,−,-,–,-,-,,−,−,−,-,−,−,-,–,-,-
,,-,-,-,-,-,-,-,-,-,-,,−,−,−,-,−,−,-,–,-,-,,−,−,−,-,−,−,-,–,-,-
,,-,-,-,-,-,-,-,-,-,-,,−,−,−,-,−,−,-,–,-,-,,−,−,−,-,−,−,-,–,-,-
,,-,-,-,-,-,-,-,-,-,-,,−,−,−,-,−,−,-,–,-,-,,−,−,−,-,−,−,-,–,-,-
,,-,-,-,-,-,-,-,-,-,-,,−,−,−,-,−,−,-,–,-,-,,−,−,−,-,−,−,-,–,-,-
,,-,-,-,-,-,-,-,-,-,-,,−,−,−,-,−,−,-,–,-,-,,−,−,−,-,−,−,-,–,-,-
,,-,-,-,-,-,-,-,-,-,-,,−,−,−,-,−,−,-,–,-,-,,−,−,−,-,−,−,-,–,-,-
,,-,-,-,-,-,-,-,-,-,-,,−,−,−,-,−,−,-,–,-,-,,−,−,−,-,−,−,-,–,-,-
,,-,-,-,-,-,-,-,-,-,-,,−,−,−,-,−,−,-,–,-,-,,−,−,−,-,−,−,-,–,-,-
,,-,-,-,-,-,-,-,-,-,-,,−,−,−,-,−,−,-,–,-,-,,−,−,−,-,−,−,-,–,-,-
,,-,-,-,-,-,-,-,-,-,-,,−,−,−,-,−,−,-,–,-,-,,−,−,−,-,−,−,-,–,-,-
,,-,-,-,-,-,-,-,-,-,-,,−,−,−,-,−,−,-,–,-,-,,−,−,−,-,−,−,-,–,-,-
,,-,-,-,-,-,-,-,-,-,-,,−,−,−,-,−,−,-,–,-,-,,−,−,−,-,−,−,-,–,-,-
,,-,-,-,-,-,-,-,-,-,-,,−,−,−,-,−,−,-,–,-,-,,−,−,−,-,−,−,-,–,-,-
,,-,-,-,-,-,-,-,-,-,-,,−,−,−,-,−,−,-,–,-,-,,−,−,−,-,−,−,-,–,-,-
,,-,-,-,-,-,-,-,-,-,-,,−,−,−,-,−,−,-,–,-,-,,−,−,−,-,−,−,-,–,-,-
,,-,-,-,-,-,-,-,-,-,-,,−,−,−,-,−,−,-,–,-,-,,−,−,−,-,−,−,-,–,-,-
,,-,-,-,-,-,-,-,-,-,-,,−,−,−,-,−,−,-,–,-,-,,−,−,−,-,−,−,-,–,-,-
,,-,-,-,-,-,-,-,-,-,-,,−,−,−,-,−,−,-,–,-,-,,−,−,−,-,−,−,-,–,-,-
,,-,-,-,-,-,-,-,-,-,-,,−,−,−,-,−,−,-,–,-,-,,−,−,−,-,−,−,-,–,-,-
,,-,-,-,-,-,-,-,-,-,-,,−,−,−,-,−,−,-,–,-,-,,−,−,−,-,−,−,-,–,-,-
,,-,-,-,-,-,-,-,-,-,-,,−,−,−,-,−,−,-,–,-,-,,−,−,−,-,−,−,-,–,-,-
,,-,-,-,-,-,-,-,-,-,-,,−,−,−,-,−,−,-,–,-,-,,−,−,−,-,−,−,-,–,-,-
,,-,-,-,-,-,-,-,-,-,-,,−,−,−,-,−,−,-,–,-,-,,−,−,−,-,−,−,-,–,-,-
,,-,-,-,-,-,-,-,-,-,-,,−,−,−,-,−,−,-,–,-,-,,−,−,−,-,−,−,-,–,-,-
,,-,-,-,-,-,-,-,-,-,-,,−,−,−,-,−,−,-,–,-,-,,−,−,−,-,−,−,-,–,-,-
,,-,-,-,-,-,-,-,-,-,-,,−,−,−,-,−,−,-,–,-,-,,−,−,−,-,−,−,-,–,-,-
,,-,-,-,-,-,-,-,-,-,-,,−,−,−,-,−,−,-,–,-,-,,−,−,−,-,−,−,-,–,-,-
,,-,-,-,-,-,-,-,-,-,-,,−,−,−,-,−,−,-,–,-,-,,−,−,−,-,−,−,-,–,-,-
,,-,-,-,-,-,-,-,-,-,-,,−,−,−,-,−,−,-,–,-,-,,−,−,−,-,−,−,-,–,-,-
,,-,-,-,-,-,-,-,-,-,-,,−,−,−,-,−,−,-,–,-,-,,−,−,−,-,−,−,-,–,-,-
,,-,-,-,-,-,-,-,-,-,-,,−,−,−,-,−,−,-,–,-,-,,−,−,−,-,−,−,-,–,-,-
,,-,-,-,-,-,-,-,-,-,-,,−,−,−,-,−,−,-,–,-,-,,−,−,−,-,−,−,-,–,-,-
,,-,-,-,-,-,-,-,-,-,-,,−,−,−,-,−,−,-,–,-,-,,−,−,−,-,−,−,-,–,-,-
,,-,-,-,-,-,-,-,-,-,-,,−,−,−,-,−,−,-,–,-,-,,−,−,−,-,−,−,-,–,-,-
,,-,-,-,-,-,-,-,-,-,-,,−,−,−,-,−,−,-,–,-,-,,−,−,−,-,−,−,-,–,-,-
,,-,-,-,-,-,-,-,-,-,-,,−,−,−,-,−,−,-,–,-,-,,−,−,−,-,−,−,-,–,-,-
,,-,-,-,-,-,-,-,-,-,-,,−,−,−,-,−,−,-,–,-,-,,−,−,−,-,−,−,-,–,-,-
,,-,-,-,-,-,-,-,-,-,-,,−,−,−,-,−,−,-,–,-,-,,−,−,−,-,−,−,-,–,-,-
,,-,-,-,-,-,-,-,-,-,-,,−,−,−,-,−,−,-,–,-,-,,−,−,−,-,−,−,-,–,-,-
,,-,-,-,-,-,-,-,-,-,-,,−,−,−,-,−,−,-,–,-,-,,−,−,−,-,−,−,-,–,-,-
,,-,-,-,-,-,-,-,-,-,-,,−,−,−,-,−,−,-,–,-,-,,−,−,−,-,−,−,-,–,-,-
,,-,-,-,-,-,-,-,-,-,-,,−,−,−,-,−,−,-,–,-,-,,−,−,−,-,−,−,-,–,-,-
,,-,-,-,-,-,-,-,-,-,-,,−,−,−,-,−,−,-,–,-,-,,−,−,−,-,−,−,-,–,-,-
,,-,-,-,-,-,-,-,-,-,-,,−,−,−,-,−,−,-,–,-,-,,−,−,−,-,−,−,-,–,-,-
,,-,-,-,-,-,-,-,-,-,-,,−,−,−,-,−,−,-,–,-,-,,−,−,−,-,−,−,-,–,-,-
,,-,-,-,-,-,-,-,-,-,-,,−,−,−,-,−,−,-,–,-,-,,−,−,−,-,−,−,-,–,-,-
,,-,-,-,-,-,-,-,-,-,-,,−,−,−,-,−,−,-,–,-,-,,−,−,−,-,−,−,-,–,-,-
,,-,-,-,-,-,-,-,-,-,-,,−,−,−,-,−,−,-,–,-,-,,−,−,−,-,−,−,-,–,-,-
,,-,-,-,-,-,-,-,-,-,-,,−,−,−,-,−,−,-,–,-,-,,−,−,−,-,−,−,-,–,-,-
,,-,-,-,-,-,-,-,-,-,-,,−,−,−,-,−,−,-,–,-,-,,−,−,−,-,−,−,-,–,-,-
,,-,-,-,-,-,-,-,-,-,-,,−,−,−,-,−,−,-,–,-,-,,−,−,−,-,−,−,-,–,-,-
,,-,-,-,-,-,-,-,-,-,-,,−,−,−,-,−,−,-,–,-,-,,−,−,−,-,−,−,-,–,-,-
,,-,-,-,-,-,-,-,-,-,-,,−,−,−,-,−,−,-,–,-,-,,−,−,−,-,−,−,-,–,-,-
,,-,-,-,-,-,-,-,-,-,-,,−,−,−,-,−,−,-,–,-,-,,−,−,−,-,−,−,-,–,-,-
,,-,-,-,-,-,-,-,-,-,-,,−,−,−,-,−,−,-,–,-,-,,−,−,−,-,−,−,-,–,-,-
,,-,-,-,-,-,-,-,-,-,-,,−,−,−,-,−,−,-,–,-,-,,−,−,−,-,−,−,-,–,-,-
,,-,-,-,-,-,-,-,-,-,-,,−,−,−,-,−,−,-,–,-,-,,−,−,−,-,−,−,-,–,-,-
,,-,-,-,-,-,-,-,-,-,-,,−,−,−,-,−,−,-,–,-,-,,−,−,−,-,−,−,-,–,-,-
,,-,-,-,-,-,-,-,-,-,-,,−,−,−,-,−,−,-,–,-,-,,−,−,−,-,−,−,-,–,-,-
,,-,-,-,-,-,-,-,-,-,-,,−,−,−,-,−,−,-,–,-,-,,−,−,−,-,−,−,-,–,-,-
,,-,-,-,-,-,-,-,-,-,-,,−,−,−,-,−,−,-,–,-,-,,−,−,−,-,−,−,-,–,-,-
,,-,-,-,-,-,-,-,-,-,-,,−,−,−,-,−,−,-,–,-,-,,−,−,−,-,−,−,-,–,-,-
,,-,-,-,-,-,-,-,-,-,-,,−,−,−,-,−,−,-,–,-,-,,−,−,−,-,−,−,-,–,-,-
,,-,-,-,-,-,-,-,-,-,-,,−,−,−,-,−,−,-,–,-,-,,−,−,−,-,−,−,-,–,-,-
,,-,-,-,-,-,-,-,-,-,-,,−,−,−,-,−,−,-,–,-,-,,−,−,−,-,−,−,-,–,-,-
,,-,-,-,-,-,-,-,-,-,-,,−,−,−,-,−,−,-,–,-,-,,−,−,−,-,−,−,-,–,-,-
,,-,-,-,-,-,-,-,-,-,-,,−,−,−,-,−,−,-,–,-,-,,−,−,−,-,−,−,-,–,-,-
,,-,-,-,-,-,-,-,-,-,-,,−,−,−,-,−,−,-,–,-,-,,−,−,−,-,−,−,-,–,-,-
,,-,-,-,-,-,-,-,-,-,-,,−,−,−,-,−,−,-,–,-,-,,−,−,−,-,−,−,-,–,-,-
,,-,-,-,-,-,-,-,-,-,-,,−,−,−,-,−,−,-,–,-,-,,−,−,−,-,−,−,-,–,-,-
,,-,-,-,-,-,-,-,-,-,-,,−,−,−,-,−,−,-,–,-,-,,−,−,−,-,−,−,-,–,-,-
,,-,-,-,-,-,-,-,-,-,-,,−,−,−,-,−,−,-,–,-,-,,−,−,−,-,−,−,-,–,-,-
,,-,-,-,-,-,-,-,-,-,-,,−,−,−,-,−,−,-,–,-,-,,−,−,−,-,−,−,-,–,-,-
,,-,-,-,-,-,-,-,-,-,-,,−,−,−,-,−,−,-,–,-,-,,−,−,−,-,−,−,-,–,-,-
,,-,-,-,-,-,-,-,-,-,-,,−,−,−,-,−,−,-,–,-,-,,−,−,−,-,−,−,-,–,-,-
,,-,-,-,-,-,-,-,-,-,-,,−,−,−,-,−,−,-,–,-,-,,−,−,−,-,−,−,-,–,-,-
,,-,-,-,-,-,-,-,-,-,-,,−,−,−,-,−,−,-,–,-,-,,−,−,−,-,−,−,-,–,-,-
,,-,-,-,-,-,-,-,-,-,-,,−,−,−,-,−,−,-,–,-,-,,−,−,−,-,−,−,-,–,-,-
,,-,-,-,-,-,-,-,-,-,-,,−,−,−,-,−,−,-,–,-,-,,−,−,−,-,−,−,-,–,-,-
,,-,-,-,-,-,-,-,-,-,-,,−,−,−,-,−,−,-,–,-,-,,−,−,−,-,−,−,-,–,-,-
,,-,-,-,-,-,-,-,-,-,-,,−,−,−,-,−,−,-,–,-,-,,−,−,−,-,−,−,-,–,-,-
,,-,-,-,-,-,-,-,-,-,-,,−,−,−,-,−,−,-,–,-,-,,−,−,−,-,−,−,-,–,-,-
,,-,-,-,-,-,-,-,-,-,-,,−,−,−,-,−,−,-,–,-,-,,−,−,−,-,−,−,-,–,-,-
,,-,-,-,-,-,-,-,-,-,-,,−,−,−,-,−,−,-,–,-,-,,−,−,−,-,−,−,-,–,-,-
,,-,-,-,-,-,-,-,-,-,-,,−,−,−,-,−,−,-,–,-,-,,−,−,−,-,−,−,-,–,-,-
,,-,-,-,-,-,-,-,-,-,-,,−,−,−,-,−,−,-,–,-,-,,−,−,−,-,−,−,-,–,-,-
,,-,-,-,-,-,-,-,-,-,-,,−,−,−,-,−,−,-,–,-,-,,−,−,−,-,−,−,-,–,-,-
,,-,-,-,-,-,-,-,-,-,-,,−,−,−,-,−,−,-,–,-,-,,−,−,−,-,−,−,-,–,-,-
,,-,-,-,-,-,-,-,-,-,-,,−,−,−,-,−,−,-,–,-,-,,−,−,−,-,−,−,-,–,-,-
,,-,-,-,-,-,-,-,-,-,-,,−,−,−,-,−,−,-,–,-,-,,−,−,−,-,−,−,-,–,-,-
,,-,-,-,-,-,-,-,-,-,-,,−,−,−,-,−,−,-,–,-,-,,−,−,−,-,−,−,-,–,-,-
,,-,-,-,-,-,-,-,-,-,-,,−,−,−,-,−,−,-,–,-,-,,−,−,−,-,−,−,-,–,-,-
,,-,-,-,-,-,-,-,-,-,-,,−,−,−,-,−,−,-,–,-,-,,−,−,−,-,−,−,-,–,-,-
,,-,-,-,-,-,-,-,-,-,-,,−,−,−,-,−,−,-,–,-,-,,−,−,−,-,−,−,-,–,-,-
,,-,-,-,-,-,-,-,-,-,-,,−,−,−,-,−,−,-,–,-,-,,−,−,−,-,−,−,-,–,-,-
,,-,-,-,-,-,-,-,-,-,-,,−,−,−,-,−,−,-,–,-,-,,−,−,−,-,−,−,-,–,-,-
,,-,-,-,-,-,-,-,-,-,-,,−,−,−,-,−,−,-,–,-,-,,−,−,−,-,−,−,-,–,-,-
,,-,-,-,-,-,-,-,-,-,-,,−,−,−,-,−,−,-,–,-,-,,−,−,−,-,−,−,-,–,-,-
,,-,-,-,-,-,-,-,-,-,-,,−,−,−,-,−,−,-,–,-,-,,−,−,−,-,−,−,-,–,-,-
,,-,-,-,-,-,-,-,-,-,-,,−,−,−,-,−,−,-,–,-,-,,−,−,−,-,−,−,-,–,-,-
,,-,-,-,-,-,-,-,-,-,-,,−,−,−,-,−,−,-,–,-,-,,−,−,−,-,−,−,-,–,-,-
,,-,-,-,-,-,-,-,-,-,-,,−,−,−,-,−,−,-,–,-,-,,−,−,−,-,−,−,-,–,-,-
,,-,-,-,-,-,-,-,-,-,-,,−,−,−,-,−,−,-,–,-,-,,−,−,−,-,−,−,-,–,-,-
,,-,-,-,-,-,-,-,-,-,-,,−,−,−,-,−,−,-,–,-,-,,−,−,−,-,−,−,-,–,-,-
,,-,-,-,-,-,-,-,-,-,-,,−,−,−,-,−,−,-,–,-,-,,−,−,−,-,−,−,-,–,-,-
,,-,-,-,-,-,-,-,-,-,-,,−,−,−,-,−,−,-,–,-,-,,−,−,−,-,−,−,-,–,-,-
,,-,-,-,-,-,-,-,-,-,-,,−,−,−,-,−,−,-,–,-,-,,−,−,−,-,−,−,-,–,-,-
,,-,-,-,-,-,-,-,-,-,-,,−,−,−,-,−,−,-,–,-,-,,−,−,−,-,−,−,-,–,-,-
,,-,-,-,-,-,-,-,-,-,-,,−,−,−,-,−,−,-,–,-,-,,−,−,−,-,−,−,-,–,-,-
,,-,-,-,-,-,-,-,-,-,-,,−,−,−,-,−,−,-,–,-,-,,−,−,−,-,−,−,-,–,-,-
,,-,-,-,-,-,-,-,-,-,-,,−,−,−,-,−,−,-,–,-,-,,−,−,−,-,−,−,-,–,-,-
,,-,-,-,-,-,-,-,-,-,-,,−,−,−,-,−,−,-,–,-,-,,−,−,−,-,−,−,-,–,-,-
,,-,-,-,-,-,-,-,-,-,-,,−,−,−,-,−,−,-,–,-,-,,−,−,−,-,−,−,-,–,-,-
,,-,-,-,-,-,-,-,-,-,-,,−,−,−,-,−,−,-,–,-,-,,−,−,−,-,−,−,-,–,-,-
,,-,-,-,-,-,-,-,-,-,-,,−,−,−,-,−,−,-,–,-,-,,−,−,−,-,−,−,-,–,-,-
,,-,-,-,-,-,-,-,-,-,-,,−,−,−,-,−,−,-,–,-,-,,−,−,−,-,−,−,-,–,-,-
,,-,-,-,-,-,-,-,-,-,-,,−,−,−,-,−,−,-,–,-,-,,−,−,−,-,−,−,-,–,-,-
,,-,-,-,-,-,-,-,-,-,-,,−,−,−,-,−,−,-,–,-,-,,−,−,−,-,−,−,-,–,-,-
,,-,-,-,-,-,-,-,-,-,-,,−,−,−,-,−,−,-,–,-,-,,−,−,−,-,−,−,-,–,-,-
,,-,-,-,-,-,-,-,-,-,-,,−,−,−,-,−,−,-,–,-,-,,−,−,−,-,−,−,-,–,-,-
,,-,-,-,-,-,-,-,-,-,-,,−,−,−,-,−,−,-,–,-,-,,−,−,−,-,−,−,-,–,-,-
,,-,-,-,-,-,-,-,-,-,-,,−,−,−,-,−,−,-,–,-,-,,−,−,−,-,−,−,-,–,-,-
,,-,-,-,-,-,-,-,-,-,-,,−,−,−,-,−,−,-,–,-,-,,−,−,−,-,−,−,-,–,-,-
,,-,-,-,-,-,-,-,-,-,-,,−,−,−,-,−,−,-,–,-,-,,−,−,−,-,−,−,-,–,-,-
,,-,-,-,-,-,-,-,-,-,-,,−,−,−,-,−,−,-,–,-,-,,−,−,−,-,−,−,-,–,-,-
,,-,-,-,-,-,-,-,-,-,-,,−,−,−,-,−,−,-,–,-,-,,−,−,−,-,−,−,-,–,-,-
,,-,-,-,-,-,-,-,-,-,-,,−,−,−,-,−,−,-,–,-,-,,−,−,−,-,−,−,-,–,-,-
,,-,-,-,-,-,-,-,-,-,-,,−,−,−,-,−,−,-,–,-,-,,−,−,−,-,−,−,-,–,-,-
,,-,-,-,-,-,-,-,-,-,-,,−,−,−,-,−,−,-,–,-,-,,−,−,−,-,−,−,-,–,-,-
,,-,-,-,-,-,-,-,-,-,-,,−,−,−,-,−,−,-,–,-,-,,−,−,−,-,−,−,-,–,-,-
,,-,-,-,-,-,-,-,-,-,-,,−,−,−,-,−,−,-,–,-,-,,−,−,−,-,−,−,-,–,-,-
,,-,-,-,-,-,-,-,-,-,-,,−,−,−,-,−,−,-,–,-,-,,−,−,−,-,−,−,-,–,-,-
,,-,-,-,-,-,-,-,-,-,-,,−,−,−,-,−,−,-,–,-,-,,−,−,−,-,−,−,-,–,-,-
,,-,-,-,-,-,-,-,-,-,-,,−,−,−,-,−,−,-,–,-,-,,−,−,−,-,−,−,-,–,-,-
,,-,-,-,-,-,-,-,-,-,-,,−,−,−,-,−,−,-,–,-,-,,−,−,−,-,−,−,-,–,-,-
,,-,-,-,-,-,-,-,-,-,-,,−,−,−,-,−,−,-,–,-,-,,−,−,−,-,−,−,-,–,-,-
,,-,-,-,-,-,-,-,-,-,-,,−,−,−,-,−,−,-,–,-,-,,−,−,−,-,−,−,-,–,-,-
,,-,-,-,-,-,-,-,-,-,-,,−,−,−,-,−,−,-,–,-,-,,−,−,−,-,−,−,-,–,-,-
,,-,-,-,-,-,-,-,-,-,-,,−,−,−,-,−,−,-,–,-,-,,−,−,−,-,−,−,-,–,-,-
,,-,-,-,-,-,-,-,-,-,-,,−,−,−,-,−,−,-,–,-,-,,−,−,−,-,−,−,-,–,-,-
,,-,-,-,-,-,-,-,-,-,-,,−,−,−,-,−,−,-,–,-,-,,−,−,−,-,−,−,-,–,-,-
,,-,-,-,-,-,-,-,-,-,-,,−,−,−,-,−,−,-,–,-,-,,−,−,−,-,−,−,-,–,-,-
,,-,-,-,-,-,-,-,-,-,-,,−,−,−,-,−,−,-,–,-,-,,−,−,−,-,−,−,-,–,-,-
,,-,-,-,-,-,-,-,-,-,-,,−,−,−,-,−,−,-,–,-,-,,−,−,−,-,−,−,-,–,-,-
,,-,-,-,-,-,-,-,-,-,-,,−,−,−,-,−,−,-,–,-,-,,−,−,−,-,−,−,-,–,-,-
,,-,-,-,-,-,-,-,-,-,-,,−,−,−,-,−,−,-,–,-,-,,−,−,−,-,−,−,-,–,-,-
,,-,-,-,-,-,-,-,-,-,-,,−,−,−,-,−,−,-,–,-,-,,−,−,−,-,−,−,-,–,-,-
,,-,-,-,-,-,-,-,-,-,-,,−,−,−,-,−,−,-,–,-,-,,−,−,−,-,−,−,-,–,-,-
,,-,-,-,-,-,-,-,-,-,-,,−,−,−,-,−,−,-,–,-,-,,−,−,−,-,−,−,-,–,-,-
,,-,-,-,-,-,-,-,-,-,-,,−,−,−,-,−,−,-,–,-,-,,−,−,−,-,−,−,-,–,-,-
,,-,-,-,-,-,-,-,-,-,-,,−,−,−,-,−,−,-,–,-,-,,−,−,−,-,−,−,-,–,-,-
,,-,-,-,-,-,-,-,-,-,-,,−,−,−,-,−,−,-,–,-,-,,−,−,−,-,−,−,-,–,-,-
,,-,-,-,-,-,-,-,-,-,-,,−,−,−,-,−,−,-,–,-,-,,−,−,−,-,−,−,-,–,-,-
,,-,-,-,-,-,-,-,-,-,-,,−,−,−,-,−,−,-,–,-,-,,−,−,−,-,−,−,-,–,-,-
,,-,-,-,-,-,-,-,-,-,-,,−,−,−,-,−,−,-,–,-,-,,−,−,−,-,−,−,-,–,-,-
,,-,-,-,-,-,-,-,-,-,-,,−,−,−,-,−,−,-,–,-,-,,−,−,−,-,−,−,-,–,-,-
,,-,-,-,-,-,-,-,-,-,-,,−,−,−,-,−,−,-,–,-,-,,−,−,−,-,−,−,-,–,-,-
,,-,-,-,-,-,-,-,-,-,-,,−,−,−,-,−,−,-,–,-,-,,−,−,−,-,−,−,-,–,-,-
,,-,-,-,-,-,-,-,-,-,-,,−,−,−,-,−,−,-,–,-,-,,−,−,−,-,−,−,-,–,-,-
,,-,-,-,-,-,-,-,-,-,-,,−,−,−,-,−,−,-,–,-,-,,−,−,−,-,−,−,-,–,-,-
,,-,-,-,-,-,-,-,-,-,-,,−,−,−,-,−,−,-,–,-,-,,−,−,−,-,−,−,-,–,-,-
,,-,-,-,-,-,-,-,-,-,-,,−,−,−,-,−,−,-,–,-,-,,−,−,−,-,−,−,-,–,-,-
,,-,-,-,-,-,-,-,-,-,-,,−,−,−,-,−,−,-,–,-,-,,−,−,−,-,−,−,-,–,-,-
,,-,-,-,-,-,-,-,-,-,-,,−,−,−,-,−,−,-,–,-,-,,−,−,−,-,−,−,-,–,-,-
,,-,-,-,-,-,-,-,-,-,-,,−,−,−,-,−,−,-,–,-,-,,−,−,−,-,−,−,-,–,-,-
,,-,-,-,-,-,-,-,-,-,-,,−,−,−,-,−,−,-,–,-,-,,−,−,−,-,−,−,-,–,-,-
,,-,-,-,-,-,-,-,-,-,-,,−,−,−,-,−,−,-,–,-,-,,−,−,−,-,−,−,-,–,-,-
,,-,-,-,-,-,-,-,-,-,-,,−,−,−,-,−,−,-,–,-,-,,−,−,−,-,−,−,-,–,-,-
,,-,-,-,-,-,-,-,-,-,-,,−,−,−,-,−,−,-,–,-,-,,−,−,−,-,−,−,-,–,-,-
,,-,-,-,-,-,-,-,-,-,-,,−,−,−,-,−,−,-,–,-,-,,−,−,−,-,−,−,-,–,-,-
,,-,-,-,-,-,-,-,-,-,-,,−,−,−,-,−,−,-,–,-,-,,−,−,−,-,−,−,-,–,-,-
,,-,-,-,-,-,-,-,-,-,-,,−,−,−,-,−,−,-,–,-,-,,−,−,−,-,−,−,-,–,-,-
,,-,-,-,-,-,-,-,-,-,-,,−,−,−,-,−,−,-,–,-,-,,−,−,−,-,−,−,-,–,-,-
,,-,-,-,-,-,-,-,-,-,-,,−,−,−,-,−,−,-,–,-,-,,−,−,−,-,−,−,-,–,-,-
,,-,-,-,-,-,-,-,-,-,-,,−,−,−,-,−,−,-,–,-,-,,−,−,−,-,−,−,-,–,-,-
,,-,-,-,-,-,-,-,-,-,-,,−,−,−,-,−,−,-,–,-,-,,−,−,−,-,−,−,-,–,-,-
,,-,-,-,-,-,-,-,-,-,-,,−,−,−,-,−,−,-,–,-,-,,−,−,−,-,−,−,-,–,-,-
,,-,-,-,-,-,-,-,-,-,-,,−,−,−,-,−,−,-,–,-,-,,−,−,−,-,−,−,-,–,-,-
,,-,-,-,-,-,-,-,-,-,-,,−,−,−,-,−,−,-,–,-,-,,−,−,−,-,−,−,-,–,-,-
,,-,-,-,-,-,-,-,-,-,-,,−,−,−,-,−,−,-,–,-,-,,−,−,−,-,−,−,-,–,-,-
,,-,-,-,-,-,-,-,-,-,-,,−,−,−,-,−,−,-,–,-,-,,−,−,−,-,−,−,-,–,-,-
,,-,-,-,-,-,-,-,-,-,-,,−,−,−,-,−,−,-,–,-,-,,−,−,−,-,−,−,-,–,-,-
,,-,-,-,-,-,-,-,-,-,-,,−,−,−,-,−,−,-,–,-,-,,−,−,−,-,−,−,-,–,-,-
,,-,-,-,-,-,-,-,-,-,-,,−,−,−,-,−,−,-,–,-,-,,−,−,−,-,−,−,-,–,-,-
,,-,-,-,-,-,-,-,-,-,-,,−,−,−,-,−,−,-,–,-,-,,−,−,−,-,−,−,-,–,-,-
,,-,-,-,-,-,-,-,-,-,-,,−,−,−,-,−,−,-,–,-,-,,−,−,−,-,−,−,-,–,-,-
,,-,-,-,-,-,-,-,-,-,-,,−,−,−,-,−,−,-,–,-,-,,−,−,−,-,−,−,-,–,-,-
,,-,-,-,-,-,-,-,-,-,-,,−,−,−,-,−,−,-,–,-,-,,−,−,−,-,−,−,-,–,-,-
,,-,-,-,-,-,-,-,-,-,-,,−,−,−,-,−,−,-,–,-,-,,−,−,−,-,−,−,-,–,-,-
,,-,-,-,-,-,-,-,-,-,-,,−,−,−,-,−,−,-,–,-,-,,−,−,−,-,−,−,-,–,-,-
,,-,-,-,-,-,-,-,-,-,-,,−,−,−,-,−,−,-,–,-,-,,−,−,−,-,−,−,-,–,-,-
,,-,-,-,-,-,-,-,-,-,-,,−,−,−,-,−,−,-,–,-,-,,−,−,−,-,−,−,-,–,-,-
,,-,-,-,-,-,-,-,-,-,-,,−,−,−,-,−,−,-,–,-,-,,−,−,−,-,−,−,-,–,-,-
,,-,-,-,-,-,-,-,-,-,-,,−,−,−,-,−,−,-,–,-,-,,−,−,−,-,−,−,-,–,-,-
,,-,-,-,-,-,-,-,-,-,-,,−,−,−,-,−,−,-,–,-,-,,−,−,−,-,−,−,-,–,-,-
,,-,-,-,-,-,-,-,-,-,-,,−,−,−,-,−,−,-,–,-,-,,−,−,−,-,−,−,-,–,-,-
,,-,-,-,-,-,-,-,-,-,-,,−,−,−,-,−,−,-,–,-,-,,−,−,−,-,−,−,-,–,-,-
,,-,-,-,-,-,-,-,-,-,-,,−,−,−,-,−,−,-,–,-,-,,−,−,−,-,−,−,-,–,-,-
,,-,-,-,-,-,-,-,-,-,-,,−,−,−,-,−,−,-,–,-,-,,−,−,−,-,−,−,-,–,-,-
,,-,-,-,-,-,-,-,-,-,-,,−,−,−,-,−,−,-,–,-,-,,−,−,−,-,−,−,-,–,-,-
,,-,-,-,-,-,-,-,-,-,-,,−,−,−,-,−,−,-,–,-,-,,−,−,−,-,−,−,-,–,-,-
,,-,-,-,-,-,-,-,-,-,-,,−,−,−,-,−,−,-,–,-,-,,−,−,−,-,−,−,-,–,-,-
,,-,-,-,-,-,-,-,-,-,-,,−,−,−,-,−,−,-,–,-,-,,−,−,−,-,−,−,-,–,-,-
,,-,-,-,-,-,-,-,-,-,-,,−,−,−,-,−,−,-,–,-,-,,−,−,−,-,−,−,-,–,-,-
,,-,-,-,-,-,-,-,-,-,-,,−,−,−,-,−,−,-,–,-,-,,−,−,−,-,−,−,-,–,-,-
,,-,-,-,-,-,-,-,-,-,-,,−,−,−,-,−,−,-,–,-,-,,−,−,−,-,−,−,-,–,-,-
,,-,-,-,-,-,-,-,-,-,-,,−,−,−,-,−,−,-,–,-,-,,−,−,−,-,−,−,-,–,-,-
,,-,-,-,-,-,-,-,-,-,-,,−,−,−,-,−,−,-,–,-,-,,−,−,−,-,−,−,-,–,-,-
,,-,-,-,-,-,-,-,-,-,-,,−,−,−,-,−,−,-,–,-,-,,−,−,−,-,−,−,-,–,-,-
,,-,-,-,-,-,-,-,-,-,-,,−,−,−,-,−,−,-,–,-,-,,−,−,−,-,−,−,-,–,-,-
,,-,-,-,-,-,-,-,-,-,-,,−,−,−,-,−,−,-,–,-,-,,−,−,−,-,−,−,-,–,-,-
,,-,-,-,-,-,-,-,-,-,-,,−,−,−,-,−,−,-,–,-,-,,−,−,−,-,−,−,-,–,-,-
,,-,-,-,-,-,-,-,-,-,-,,−,−,−,-,−,−,-,–,-,-,,−,−,−,-,−,−,-,–,-,-
,,-,-,-,-,-,-,-,-,-,-,,−,−,−,-,−,−,-,–,-,-,,−,−,−,-,−,−,-,–,-,-
,,-,-,-,-,-,-,-,-,-,-,,−,−,−,-,−,−,-,–,-,-,,−,−,−,-,−,−,-,–,-,-
,,-,-,-,-,-,-,-,-,-,-,,−,−,−,-,−,−,-,–,-,-,,−,−,−,-,−,−,-,–,-,-
,,-,-,-,-,-,-,-,-,-,-,,−,−,−,-,−,−,-,–,-,-,,−,−,−,-,−,−,-,–,-,-
,,-,-,-,-,-,-,-,-,-,-,,−,−,−,-,−,−,-,–,-,-,,−,−,−,-,−,−,-,–,-,-
,,-,-,-,-,-,-,-,-,-,-,,−,−,−,-,−,−,-,–,-,-,,−,−,−,-,−,−,-,–,-,-
,,-,-,-,-,-,-,-,-,-,-,,−,−,−,-,−,−,-,–,-,-,,−,−,−,-,−,−,-,–,-,-
,,-,-,-,-,-,-,-,-,-,-,,−,−,−,-,−,−,-,–,-,-,,−,−,−,-,−,−,-,–,-,-
,,-,-,-,-,-,-,-,-,-,-,,−,−,−,-,−,−,-,–,-,-,,−,−,−,-,−,−,-,–,-,-
,,-,-,-,-,-,-,-,-,-,-,,−,−,−,-,−,−,-,–,-,-,,−,−,−,-,−,−,-,–,-,-
,,-,-,-,-,-,-,-,-,-,-,,−,−,−,-,−,−,-,–,-,-,,−,−,−,-,−,−,-,–,-,-
,,-,-,-,-,-,-,-,-,-,-,,−,−,−,-,−,−,-,–,-,-,,−,−,−,-,−,−,-,–,-,-
,,-,-,-,-,-,-,-,-,-,-,,−,−,−,-,−,−,-,–,-,-,,−,−,−,-,−,−,-,–,-,-
,,-,-,-,-,-,-,-,-,-,-,,−,−,−,-,−,−,-,–,-,-,,−,−,−,-,−,−,-,–,-,-
,,-,-,-,-,-,-,-,-,-,-,,−,−,−,-,−,−,-,–,-,-,,−,−,−,-,−,−,-,–,-,-
,,-,-,-,-,-,-,-,-,-,-,,−,−,−,-,−,−,-,–,-,-,,−,−,−,-,−,−,-,–,-,-
,,-,-,-,-,-,-,-,-,-,-,,−,−,−,-,−,−,-,–,-,-,,−,−,−,-,−,−,-,–,-,-
,,-,-,-,-,-,-,-,-,-,-,,−,−,−,-,−,−,-,–,-,-,,−,−,−,-,−,−,-,–,-,-
,,-,-,-,-,-,-,-,-,-,-,,−,−,−,-,−,−,-,–,-,-,,−,−,−,-,−,−,-,–,-,-
,,-,-,-,-,-,-,-,-,-,-,,−,−,−,-,−,−,-,–,-,-,,−,−,−,-,−,−,-,–,-,-
,,-,-,-,-,-,-,-,-,-,-,,−,−,−,-,−,−,-,–,-,-,,−,−,−,-,−,−,-,–,-,-
,,-,-,-,-,-,-,-,-,-,-,,−,−,−,-,−,−,-,–,-,-,,−,−,−,-,−,−,-,–,-,-
,,-,-,-,-,-,-,-,-,-,-,,−,−,−,-,−,−,-,–,-,-,,−,−,−,-,−,−,-,–,-,-
,,-,-,-,-,-,-,-,-,-,-,,−,−,−,-,−,−,-,–,-,-,,−,−,−,-,−,−,-,–,-,-
,,-,-,-,-,-,-,-,-,-,-,,−,−,−,-,−,−,-,–,-,-,,−,−,−,-,−,−,-,–,-,-
,,-,-,-,-,-,-,-,-,-,-,,−,−,−,-,−,−,-,–,-,-,,−,−,−,-,−,−,-,–,-,-
,,-,-,-,-,-,-,-,-,-,-,,−,−,−,-,−,−,-,–,-,-,,−,−,−,-,−,−,-,–,-,-
,,-,-,-,-,-,-,-,-,-,-,,−,−,−,-,−,−,-,–,-,-,,−,−,−,-,−,−,-,–,-,-
,,-,-,-,-,-,-,-,-,-,-,,−,−,−,-,−,−,-,–,-,-,,−,−,−,-,−,−,-,–,-,-
,,-,-,-,-,-,-,-,-,-,-,,−,−,−,-,−,−,-,–,-,-,,−,−,−,-,−,−,-,–,-,-
,,-,-,-,-,-,-,-,-,-,-,,−,−,−,-,−,−,-,–,-,-,,−,−,−,-,−,−,-,–,-,-
,,-,-,-,-,-,-,-,-,-,-,,−,−,−,-,−,−,-,–,-,-,,−,−,−,-,−,−,-,–,-,-
,,-,-,-,-,-,-,-,-,-,-,,−,−,−,-,−,−,-,–,-,-,,−,−,−,-,−,−,-,–,-,-
,,-,-,-,-,-,-,-,-,-,-,,−,−,−,-,−,−,-,–,-,-,,−,−,−,-,−,−,-,–,-,-
,,-,-,-,-,-,-,-,-,-,-,,−,−,−,-,−,−,-,–,-,-,,−,−,−,-,−,−,-,–,-,-
,,-,-,-,-,-,-,-,-,-,-,,−,−,−,-,−,−,-,–,-,-,,−,−,−,-,−,−,-,–,-,-
,,-,-,-,-,-,-,-,-,-,-,,−,−,−,-,−,−,-,–,-,-,,−,−,−,-,−,−,-,–,-,-
,,-,-,-,-,-,-,-,-,-,-,,−,−,−,-,−,−,-,–,-,-,,−,−,−,-,−,−,-,–,-,-
,,-,-,-,-,-,-,-,-,-,-,,−,−,−,-,−,−,-,–,-,-,,−,−,−,-,−,−,-,–,-,-
,,-,-,-,-,-,-,-,-,-,-,,−,−,−,-,−,−,-,–,-,-,,−,−,−,-,−,−,-,–,-,-
,,-,-,-,-,-,-,-,-,-,-,,−,−,−,-,−,−,-,–,-,-,,−,−,−,-,−,−,-,–,-,-
,,-,-,-,-,-,-,-,-,-,-,,−,−,−,-,−,−,-,–,-,-,,−,−,−,-,−,−,-,–,-,-
,,-,-,-,-,-,-,-,-,-,-,,−,−,−,-,−,−,-,–,-,-,,−,−,−,-,−,−,-,–,-,-
,,-,-,-,-,-,-,-,-,-,-,,−,−,−,-,−,−,-,–,-,-,,−,−,−,-,−,−,-,–,-,-
,,-,-,-,-,-,-,-,-,-,-,,−,−,−,-,−,−,-,–,-,-,,−,−,−,-,−,−,-,–,-,-
,,-,-,-,-,-,-,-,-,-,-,,−,−,−,-,−,−,-,–,-,-,,−,−,−,-,−,−,-,–,-,-
,,-,-,-,-,-,-,-,-,-,-,,−,−,−,-,−,−,-,–,-,-,,−,−,−,-,−,−,-,–,-,-
,,-,-,-,-,-,-,-,-,-,-,,−,−,−,-,−,−,-,–,-,-,,−,−,−,-,−,−,-,–,-,-
,,-,-,-,-,-,-,-,-,-,-,,−,−,−,-,−,−,-,–,-,-,,−,−,−,-,−,−,-,–,-,-
,,-,-,-,-,-,-,-,-,-,-,,−,−,−,-,−,−,-,–,-,-,,−,−,−,-,−,−,-,–,-,-
,,-,-,-,-,-,-,-,-,-,-,,−,−,−,-,−,−,-,–,-,-,,−,−,−,-,−,−,-,–,-,-
,,-,-,-,-,-,-,-,-,-,-,,−,−,−,-,−,−,-,–,-,-,,−,−,−,-,−,−,-,–,-,-
,,-,-,-,-,-,-,-,-,-,-,,−,−,−,-,−,−,-,–,-,-,,−,−,−,-,−,−,-,–,-,-
,,-,-,-,-,-,-,-,-,-,-,,−,−,−,-,−,−,-,–,-,-,,−,−,−,-,−,−,-,–,-,-
,,-,-,-,-,-,-,-,-,-,-,,−,−,−,-,−,−,-,–,-,-,,−,−,−,-,−,−,-,–,-,-
,,-,-,-,-,-,-,-,-,-,-,,−,−,−,-,−,−,-,–,-,-,,−,−,−,-,−,−,-,–,-,-
,,-,-,-,-,-,-,-,-,-,-,,−,−,−,-,−,−,-,–,-,-,,−,−,−,-,−,−,-,–,-,-
,,-,-,-,-,-,-,-,-,-,-,,−,−,−,-,−,−,-,–,-,-,,−,−,−,-,−,−,-,–,-,-
,,-,-,-,-,-,-,-,-,-,-,,−,−,−,-,−,−,-,–,-,-,,−,−,−,-,−,−,-,–,-,-
,,-,-,-,-,-,-,-,-,-,-,,−,−,−,-,−,−,-,–,-,-,,−,−,−,-,−,−,-,–,-,-
,,-,-,-,-,-,-,-,-,-,-,,−,−,−,-,−,−,-,–,-,-,,−,−,−,-,−,−,-,–,-,-
,,-,-,-,-,-,-,-,-,-,-,,−,−,−,-,−,−,-,–,-,-,,−,−,−,-,−,−,-,–,-,-
,,-,-,-,-,-,-,-,-,-,-,,−,−,−,-,−,−,-,–,-,-,,−,−,−,-,−,−,-,–,-,-
,,-,-,-,-,-,-,-,-,-,-,,−,−,−,-,−,−,-,–,-,-,,−,−,−,-,−,−,-,–,-,-
,,-,-,-,-,-,-,-,-,-,-,,−,−,−,-,−,−,-,–,-,-,,−,−,−,-,−,−,-,–,-,-
,,-,-,-,-,-,-,-,-,-,-,,−,−,−,-,−,−,-,–,-,-,,−,−,−,-,−,−,-,–,-,-
,,-,-,-,-,-,-,-,-,-,-,,−,−,−,-,−,−,-,–,-,-,,−,−,−,-,−,−,-,–,-,-
,,-,-,-,-,-,-,-,-,-,-,,−,−,−,-,−,−,-,–,-,-,,−,−,−,-,−,−,-,–,-,-
,,-,-,-,-,-,-,-,-,-,-,,−,−,−,-,−,−,-,–,-,-,,−,−,−,-,−,−,-,–,-,-
,,-,-,-,-,-,-,-,-,-,-,,−,−,−,-,−,−,-,–,-,-,,−,−,−,-,−,−,-,–,-,-
,,-,-,-,-,-,-,-,-,-,-,,−,−,−,-,−,−,-,–,-,-,,−,−,−,-,−,−,-,–,-,-
,,-,-,-,-,-,-,-,-,-,-,,−,−,−,-,−,−,-,–,-,-,,−,−,−,-,−,−,-,–,-,-
,,-,-,-,-,-,-,-,-,-,-,,−,−,−,-,−,−,-,–,-,-,,−,−,−,-,−,−,-,–,-,-
,,-,-,-,-,-,-,-,-,-,-,,−,−,−,-,−,−,-,–,-,-,,−,−,−,-,−,−,-,–,-,-
,,-,-,-,-,-,-,-,-,-,-,,−,−,−,-,−,−,-,–,-,-,,−,−,−,-,−,−,-,–,-,-
,,-,-,-,-,-,-,-,-,-,-,,−,−,−,-,−,−,-,–,-,-,,−,−,−,-,−,−,-,–,-,-
,,-,-,-,-,-,-,-,-,-,-,,−,−,−,-,−,−,-,–,-,-,,−,−,−,-,−,−,-,–,-,-
,,-,-,-,-,-,-,-,-,-,-,,−,−,−,-,−,−,-,–,-,-,,−,−,−,-,−,−,-,–,-,-
,,-,-,-,-,-,-,-,-,-,-,,−,−,−,-,−,−,-,–,-,-,,−,−,−,-,−,−,-,–,-,-
,,-,-,-,-,-,-,-,-,-,-,,−,−,−,-,−,−,-,–,-,-,,−,−,−,-,−,−,-,–,-,-
,,-,-,-,-,-,-,-,-,-,-,,−,−,−,-,−,−,-,–,-,-,,−,−,−,-,−,−,-,–,-,-
,,-,-,-,-,-,-,-,-,-,-,,−,−,−,-,−,−,-,–,-,-,,−,−,−,-,−,−,-,–,-,-
,,-,-,-,-,-,-,-,-,-,-,,−,−,−,-,−,−,-,–,-,-,,−,−,−,-,−,−,-,–,-,-
,,-,-,-,-,-,-,-,-,-,-,,−,−,−,-,−,−,-,–,-,-,,−,−,−,-,−,−,-,–,-,-
,,-,-,-,-,-,-,-,-,-,-,,−,−,−,-,−,−,-,–,-,-,,−,−,−,-,−,−,-,–,-,-
,,-,-,-,-,-,-,-,-,-,-,,−,−,−,-,−,−,-,–,-,-,,−,−,−,-,−,−,-,–,-,-
,,-,-,-,-,-,-,-,-,-,-,,−,−,−,-,−,−,-,–,-,-,,−,−,−,-,−,−,-,–,-,-
,,-,-,-,-,-,-,-,-,-,-,,−,−,−,-,−,−,-,–,-,-,,−,−,−,-,−,−,-,–,-,-
,,-,-,-,-,-,-,-,-,-,-,,−,−,−,-,−,−,-,–,-,-,,−,−,−,-,−,−,-,–,-,-
,,-,-,-,-,-,-,-,-,-,-,,−,−,−,-,−,−,-,–,-,-,,−,−,−,-,−,−,-,–,-,-
,,-,-,-,-,-,-,-,-,-,-,,−,−,−,-,−,−,-,–,-,-,,−,−,−,-,−,−,-,–,-,-
,,-,-,-,-,-,-,-,-,-,-,,−,−,−,-,−,−,-,–,-,-,,−,−,−,-,−,−,-,–,-,-
,,-,-,-,-,-,-,-,-,-,-,,−,−,−,-,−,−,-,–,-,-,,−,−,−,-,−,−,-,–,-,-
,,-,-,-,-,-,-,-,-,-,-,,−,−,−,-,−,−,-,–,-,-,,−,−,−,-,−,−,-,–,-,-
,,-,-,-,-,-,-,-,-,-,-,,−,−,−,-,−,−,-,–,-,-,,−,−,−,-,−,−,-,–,-,-
,,-,-,-,-,-,-,-,-,-,-,,−,−,−,-,−,−,-,–,-,-,,−,−,−,-,−,−,-,–,-,-
,,-,-,-,-,-,-,-,-,-,-,,−,−,−,-,−,−,-,–,-,-,,−,−,−,-,−,−,-,–,-,-
,,-,-,-,-,-,-,-,-,-,-,,−,−,−,-,−,−,-,–,-,-,,−,−,−,-,−,−,-,–,-,-
,,-,-,-,-,-,-,-,-,-,-,,−,−,−,-,−,−,-,–,-,-,,−,−,−,-,−,−,-,–,-,-
,,-,-,-,-,-,-,-,-,-,-,,−,−,−,-,−,−,-,–,-,-,,−,−,−,-,−,−,-,–,-,-
,,-,-,-,-,-,-,-,-,-,-,,−,−,−,-,−,−,-,–,-,-,,−,−,−,-,−,−,-,–,-,-
,,-,-,-,-,-,-,-,-,-,-,,−,−,−,-,−,−,-,–,-,-,,−,−,−,-,−,−,-,–,-,-
,,-,-,-,-,-,-,-,-,-,-,,−,−,−,-,−,−,-,–,-,-,,−,−,−,-,−,−,-,–,-,-
,,-,-,-,-,-,-,-,-,-,-,,−,−,−,-,−,−,-,–,-,-,,−,−,−,-,−,−,-,–,-,-
,,-,-,-,-,-,-,-,-,-,-,,−,−,−,-,−,−,-,–,-,-,,−,−,−,-,−,−,-,–,-,-
,,-,-,-,-,-,-,-,-,-,-,,−,−,−,-,−,−,-,–,-,-,,−,−,−,-,−,−,-,–,-,-
,,-,-,-,-,-,-,-,-,-,-,,−,−,−,-,−,−,-,–,-,-,,−,−,−,-,−,−,-,–,-,-
,,-,-,-,-,-,-,-,-,-,-,,−,−,−,-,−,−,-,–,-,-,,−,−,−,-,−,−,-,–,-,-
,,-,-,-,-,-,-,-,-,-,-,,−,−,−,-,−,−,-,–,-,-,,−,−,−,-,−,−,-,–,-,-
,,-,-,-,-,-,-,-,-,-,-,,−,−,−,-,−,−,-,–,-,-,,−,−,−,-,−,−,-,–,-,-
,,-,-,-,-,-,-,-,-,-,-,,−,−,−,-,−,−,-,–,-,-,,−,−,−,-,−,−,-,–,-,-
,,-,-,-,-,-,-,-,-,-,-,,−,−,−,-,−,−,-,–,-,-,,−,−,−,-,−,−,-,–,-,-
,,-,-,-,-,-,-,-,-,-,-,,−,−,−,-,−,−,-,–,-,-,,−,−,−,-,−,−,-,–,-,-
,,-,-,-,-,-,-,-,-,-,-,,−,−,−,-,−,−,-,–,-,-,,−,−,−,-,−,−,-,–,-,-
,,-,-,-,-,-,-,-,-,-,-,,−,−,−,-,−,−,-,–,-,-,,−,−,−,-,−,−,-,–,-,-
,,-,-,-,-,-,-,-,-,-,-,,−,−,−,-,−,−,-,–,-,-,,−,−,−,-,−,−,-,–,-,-
,,-,-,-,-,-,-,-,-,-,-,,−,−,−,-,−,−,-,–,-,-,,−,−,−,-,−,−,-,–,-,-
,,-,-,-,-,-,-,-,-,-,-,,−,−,−,-,−,−,-,–,-,-,,−,−,−,-,−,−,-,–,-,-
,,-,-,-,-,-,-,-,-,-,-,,−,−,−,-,−,−,-,–,-,-,,−,−,−,-,−,−,-,–,-,-
,,-,-,-,-,-,-,-,-,-,-,,−,−,−,-,−,−,-,–,-,-,,−,−,−,-,−,−,-,–,-,-
,,-,-,-,-,-,-,-,-,-,-,,−,−,−,-,−,−,-,–,-,-,,−,−,−,-,−,−,-,–,-,-
,,-,-,-,-,-,-,-,-,-,-,,−,−,−,-,−,−,-,–,-,-,,−,−,−,-,−,−,-,–,-,-
,,-,-,-,-,-,-,-,-,-,-,,−,−,−,-,−,−,-,–,-,-,,−,−,−,-,−,−,-,–,-,-
,,-,-,-,-,-,-,-,-,-,-,,−,−,−,-,−,−,-,–,-,-,,−,−,−,-,−,−,-,–,-,-
,,-,-,-,-,-,-,-,-,-,-,,−,−,−,-,−,−,-,–,-,-,,−,−,−,-,−,−,-,–,-,-
,,-,-,-,-,-,-,-,-,-,-,,−,−,−,-,−,−,-,–,-,-,,−,−,−,-,−,−,-,–,-,-
,,-,-,-,-,-,-,-,-,-,-,,−,−,−,-,−,−,-,–,-,-,,−,−,−,-,−,−,-,–,-,-
,,-,-,-,-,-,-,-,-,-,-,,−,−,−,-,−,−,-,–,-,-,,−,−,−,-,−,−,-,–,-,-
,,-,-,-,-,-,-,-,-,-,-,,−,−,−,-,−,−,-,–,-,-,,−,−,−,-,−,−,-,–,-,-
,,-,-,-,-,-,-,-,-,-,-,,−,−,−,-,−,−,-,–,-,-,,−,−,−,-,−,−,-,–,-,-
,,-,-,-,-,-,-,-,-,-,-,,−,−,−,-,−,−,-,–,-,-,,−,−,−,-,−,−,-,–,-,-
,,-,-,-,-,-,-,-,-,-,-,,−,−,−,-,−,−,-,–,-,-,,−,−,−,-,−,−,-,–,-,-
,,-,-,-,-,-,-,-,-,-,-,,−,−,−,-,−,−,-,–,-,-,,−,−,−,-,−,−,-,–,-,-
,,-,-,-,-,-,-,-,-,-,-,,−,−,−,-,−,−,-,–,-,-,,−,−,−,-,−,−,-,–,-,-
,,-,-,-,-,-,-,-,-,-,-,,−,−,−,-,−,−,-,–,-,-,,−,−,−,-,−,−,-,–,-,-
,,-,-,-,-,-,-,-,-,-,-,,−,−,−,-,−,−,-,–,-,-,,−,−,−,-,−,−,-,–,-,-
,,-,-,-,-,-,-,-,-,-,-,,−,−,−,-,−,−,-,–,-,-,,−,−,−,-,−,−,-,–,-,-
,,-,-,-,-,-,-,-,-,-,-,,−,−,−,-,−,−,-,–,-,-,,−,−,−,-,−,−,-,–,-,-
,,-,-,-,-,-,-,-,-,-,-,,−,−,−,-,−,−,-,–,-,-,,−,−,−,-,−,−,-,–,-,-
,,-,-,-,-,-,-,-,-,-,-,,−,−,−,-,−,−,-,–,-,-,,−,−,−,-,−,−,-,–,-,-
,,-,-,-,-,-,-,-,-,-,-,,−,−,−,-,−,−,-,–,-,-,,−,−,−,-,−,−,-,–,-,-
,,-,-,-,-,-,-,-,-,-,-,,−,−,−,-,−,−,-,–,-,-,,−,−,−,-,−,−,-,–,-,-
,,-,-,-,-,-,-,-,-,-,-,,−,−,−,-,−,−,-,–,-,-,,−,−,−,-,−,−,-,–,-,-
,,-,-,-,-,-,-,-,-,-,-,,−,−,−,-,−,−,-,–,-,-,,−,−,−,-,−,−,-,–,-,-
,,-,-,-,-,-,-,-,-,-,-,,−,−,−,-,−,−,-,–,-,-,,−,−,−,-,−,−,-,–,-,-
,,-,-,-,-,-,-,-,-,-,-,,−,−,−,-,−,−,-,–,-,-,,−,−,−,-,−,−,-,–,-,-
,,-,-,-,-,-,-,-,-,-,-,,−,−,−,-,−,−,-,–,-,-,,−,−,−,-,−,−,-,–,-,-
,,-,-,-,-,-,-,-,-,-,-,,−,−,−,-,−,−,-,–,-,-,,−,−,−,-,−,−,-,–,-,-
,,-,-,-,-,-,-,-,-,-,-,,−,−,−,-,−,−,-,–,-,-,,−,−,−,-,−,−,-,–,-,-
,,-,-,-,-,-,-,-,-,-,-,,−,−,−,-,−,−,-,–,-,-,,−,−,−,-,−,−,-,–,-,-
,,-,-,-,-,-,-,-,-,-,-,,−,−,−,-,−,−,-,–,-,-,,−,−,−,-,−,−,-,–,-,-
,,-,-,-,-,-,-,-,-,-,-,,−,−,−,-,−,−,-,–,-,-,,−,−,−,-,−,−,-,–,-,-
,,-,-,-,-,-,-,-,-,-,-,,−,−,−,-,−,−,-,–,-,-,,−,−,−,-,−,−,-,–,-,-
,,-,-,-,-,-,-,-,-,-,-,,−,−,−,-,−,−,-,–,-,-,,−,−,−,-,−,−,-,–,-,-
,,-,-,-,-,-,-,-,-,-,-,,−,−,−,-,−,−,-,–,-,-,,−,−,−,-,−,−,-,–,-,-
,,-,-,-,-,-,-,-,-,-,-,,−,−,−,-,−,−,-,–,-,-,,−,−,−,-,−,−,-,–,-,-
,,-,-,-,-,-,-,-,-,-,-,,−,−,−,-,−,−,-,–,-,-,,−,−,−,-,−,−,-,–,-,-
,,-,-,-,-,-,-,-,-,-,-,,−,−,−,-,−,−,-,–,-,-,,−,−,−,-,−,−,-,–,-,-
,,-,-,-,-,-,-,-,-,-,-,,−,−,−,-,−,−,-,–,-,-,,−,−,−,-,−,−,-,–,-,-
,,-,-,-,-,-,-,-,-,-,-,,−,−,−,-,−,−,-,–,-,-,,−,−,−,-,−,−,-,–,-,-
,,-,-,-,-,-,-,-,-,-,-,,−,−,−,-,−,−,-,–,-,-,,−,−,−,-,−,−,-,–,-,-
,,-,-,-,-,-,-,-,-,-,-,,−,−,−,-,−,−,-,–,-,-,,−,−,−,-,−,−,-,–,-,-
,,-,-,-,-,-,-,-,-,-,-,,−,−,−,-,−,−,-,–,-,-,,−,−,−,-,−,−,-,–,-,-
,,-,-,-,-,-,-,-,-,-,-,,−,−,−,-,−,−,-,–,-,-,,−,−,−,-,−,−,-,–,-,-
,,-,-,-,-,-,-,-,-,-,-,,−,−,−,-,−,−,-,–,-,-,,−,−,−,-,−,−,-,–,-,-
,,-,-,-,-,-,-,-,-,-,-,,−,−,−,-,−,−,-,–,-,-,,−,−,−,-,−,−,-,–,-,-
,,-,-,-,-,-,-,-,-,-,-,,−,−,−,-,−,−,-,–,-,-,,−,−,−,-,−,−,-,–,-,-
,,-,-,-,-,-,-,-,-,-,-,,−,−,−,-,−,−,-,–,-,-,,−,−,−,-,−,−,-,–,-,-
,,-,-,-,-,-,-,-,-,-,-,,−,−,−,-,−,−,-,–,-,-,,−,−,−,-,−,−,-,–,-,-
,,-,-,-,-,-,-,-,-,-,-,,−,−,−,-,−,−,-,–,-,-,,−,−,−,-,−,−,-,–,-,-
,,-,-,-,-,-,-,-,-,-,-,,−,−,−,-,−,−,-,–,-,-,,−,−,−,-,−,−,-,–,-,-
,,-,-,-,-,-,-,-,-,-,-,,−,−,−,-,−,−,-,–,-,-,,−,−,−,-,−,−,-,–,-,-
,,-,-,-,-,-,-,-,-,-,-,,−,−,−,-,−,−,-,–,-,-,,−,−,−,-,−,−,-,–,-,-
,,-,-,-,-,-,-,-,-,-,-,,−,−,−,-,−,−,-,–,-,-,,−,−,−,-,−,−,-,–,-,-
,,-,-,-,-,-,-,-,-,-,-,,−,−,−,-,−,−,-,–,-,-,,−,−,−,-,−,−,-,–,-,-
,,-,-,-,-,-,-,-,-,-,-,,−,−,−,-,−,−,-,–,-,-,,−,−,−,-,−,−,-,–,-,-
,,-,-,-,-,-,-,-,-,-,-,,−,−,−,-,−,−,-,–,-,-,,−,−,−,-,−,−,-,–,-,-
,,-,-,-,-,-,-,-,-,-,-,,−,−,−,-,−,−,-,–,-,-,,−,−,−,-,−,−,-,–,-,-
,,-,-,-,-,-,-,-,-,-,-,,−,−,−,-,−,−,-,–,-,-,,−,−,−,-,−,−,-,–,-,-
,,-,-,-,-,-,-,-,-,-,-,,−,−,−,-,−,−,-,–,-,-,,−,−,−,-,−,−,-,–,-,-
,,-,-,-,-,-,-,-,-,-,-,,−,−,−,-,−,−,-,–,-,-,,−,−,−,-,−,−,-,–,-,-
,,-,-,-,-,-,-,-,-,-,-,,−,−,−,-,−,−,-,–,-,-,,−,−,−,-,−,−,-,–,-,-
,,-,-,-,-,-,-,-,-,-,-,,−,−,−,-,−,−,-,–,-,-,,−,−,−,-,−,−,-,–,-,-
,,-,-,-,-,-,-,-,-,-,-,,−,−,−,-,−,−,-,–,-,-,,−,−,−,-,−,−,-,–,-,-
,,-,-,-,-,-,-,-,-,-,-,,−,−,−,-,−,−,-,–,-,-,,−,−,−,-,−,−,-,–,-,-
,,-,-,-,-,-,-,-,-,-,-,,−,−,−,-,−,−,-,–,-,-,,−,−,−,-,−,−,-,–,-,-
,,-,-,-,-,-,-,-,-,-,-,,−,−,−,-,−,−,-,–,-,-,,−,−,−,-,−,−,-,–,-,-
,,-,-,-,-,-,-,-,-,-,-,,−,−,−,-,−,−,-,–,-,-,,−,−,−,-,−,−,-,–,-,-
,,-,-,-,-,-,-,-,-,-,-,,−,−,−,-,−,−,-,–,-,-,,−,−,−,-,−,−,-,–,-,-
,,-,-,-,-,-,-,-,-,-,-,,−,−,−,-,−,−,-,–,-,-,,−,−,−,-,−,−,-,–,-,-
,,-,-,-,-,-,-,-,-,-,-,,−,−,−,-,−,−,-,–,-,-,,−,−,−,-,−,−,-,–,-,-
,,-,-,-,-,-,-,-,-,-,-,,−,−,−,-,−,−,-,–,-,-,,−,−,−,-,−,−,-,–,-,-
,,-,-,-,-,-,-,-,-,-,-,,−,−,−,-,−,−,-,–,-,-,,−,−,−,-,−,−,-,–,-,-
,,-,-,-,-,-,-,-,-,-,-,,−,−,−,-,−,−,-,–,-,-,,−,−,−,-,−,−,-,–,-,-
,,-,-,-,-,-,-,-,-,-,-,,−,−,−,-,−,−,-,–,-,-,,−,−,−,-,−,−,-,–,-,-
,,-,-,-,-,-,-,-,-,-,-,,−,−,−,-,−,−,-,–,-,-,,−,−,−,-,−,−,-,–,-,-
,,-,-,-,-,-,-,-,-,-,-,,−,−,−,-,−,−,-,–,-,-,,−,−,−,-,−,−,-,–,-,-
,,-,-,-,-,-,-,-,-,-,-,,−,−,−,-,−,−,-,–,-,-,,−,−,−,-,−,−,-,–,-,-
,,-,-,-,-,-,-,-,-,-,-,,−,−,−,-,−,−,-,–,-,-,,−,−,−,-,−,−,-,–,-,-
,,-,-,-,-,-,-,-,-,-,-,,−,−,−,-,−,−,-,–,-,-,,−,−,−,-,−,−,-,–,-,-
,,-,-,-,-,-,-,-,-,-,-,,−,−,−,-,−,−,-,–,-,-,,−,−,−,-,−,−,-,–,-,-
,,-,-,-,-,-,-,-,-,-,-,,−,−,−,-,−,−,-,–,-,-,,−,−,−,-,−,−,-,–,-,-
,,-,-,-,-,-,-,-,-,-,-,,−,−,−,-,−,−,-,–,-,-,,−,−,−,-,−,−,-,–,-,-
,,-,-,-,-,-,-,-,-,-,-,,−,−,−,-,−,−,-,–,-,-,,−,−,−,-,−,−,-,–,-,-
,,-,-,-,-,-,-,-,-,-,-,,−,−,−,-,−,−,-,–,-,-,,−,−,−,-,−,−,-,–,-,-
,,-,-,-,-,-,-,-,-,-,-,,−,−,−,-,−,−,-,–,-,-,,−,−,−,-,−,−,-,–,-,-
,,-,-,-,-,-,-,-,-,-,-,,−,−,−,-,−,−,-,–,-,-,,−,−,−,-,−,−,-,–,-,-
,,-,-,-,-,-,-,-,-,-,-,,−,−,−,-,−,−,-,–,-,-,,−,−,−,-,−,−,-,–,-,-
,,-,-,-,-,-,-,-,-,-,-,,−,−,−,-,−,−,-,–,-,-,,−,−,−,-,−,−,-,–,-,-
,,-,-,-,-,-,-,-,-,-,-,,−,−,−,-,−,−,-,–,-,-,,−,−,−,-,−,−,-,–,-,-
,,-,-,-,-,-,-,-,-,-,-,,−,−,−,-,−,−,-,–,-,-,,−,−,−,-,−,−,-,–,-,-
,,-,-,-,-,-,-,-,-,-,-,,−,−,−,-,−,−,-,–,-,-,,−,−,−,-,−,−,-,–,-,-
,,-,-,-,-,-,-,-,-,-,-,,−,−,−,-,−,−,-,–,-,-,,−,−,−,-,−,−,-,–,-,-
,,-,-,-,-,-,-,-,-,-,-,,−,−,−,-,−,−,-,–,-,-,,−,−,−,-,−,−,-,–,-,-
,,-,-,-,-,-,-,-,-,-,-,,−,−,−,-,−,−,-,–,-,-,,−,−,−,-,−,−,-,–,-,-
,,-,-,-,-,-,-,-,-,-,-,,−,−,−,-,−,−,-,–,-,-,,−,−,−,-,−,−,-,–,-,-
,,-,-,-,-,-,-,-,-,-,-,,−,−,−,-,−,−,-,–,-,-,,−,−,−,-,−,−,-,–,-,-
,,-,-,-,-,-,-,-,-,-,-,,−,−,−,-,−,−,-,–,-,-,,−,−,−,-,−,−,-,–,-,-
,,-,-,-,-,-,-,-,-,-,-,,−,−,−,-,−,−,-,–,-,-,,−,−,−,-,−,−,-,–,-,-
,,-,-,-,-,-,-,-,-,-,-,,−,−,−,-,−,−,-,–,-,-,,−,−,−,-,−,−,-,–,-,-
,,-,-,-,-,-,-,-,-,-,-,,−,−,−,-,−,−,-,–,-,-,,−,−,−,-,−,−,-,–,-,-
,,-,-,-,-,-,-,-,-,-,-,,−,−,−,-,−,−,-,–,-,-,,−,−,−,-,−,−,-,–,-,-
,,-,-,-,-,-,-,-,-,-,-,,−,−,−,-,−,−,-,–,-,-,,−,−,−,-,−,−,-,–,-,-
,,-,-,-,-,-,-,-,-,-,-,,−,−,−,-,−,−,-,–,-,-,,−,−,−,-,−,−,-,–,-,-
,,-,-,-,-,-,-,-,-,-,-,,−,−,−,-,−,−,-,–,-,-,,−,−,−,-,−,−,-,–,-,-
,,-,-,-,-,-,-,-,-,-,-,,−,−,−,-,−,−,-,–,-,-,,−,−,−,-,−,−,-,–,-,-
,,-,-,-,-,-,-,-,-,-,-,,−,−,−,-,−,−,-,–,-,-,,−,−,−,-,−,−,-,–,-,-
,,-,-,-,-,-,-,-,-,-,-,,−,−,−,-,−,−,-,–,-,-,,−,−,−,-,−,−,-,–,-,-
,,-,-,-,-,-,-,-,-,-,-,,−,−,−,-,−,−,-,–,-,-,,−,−,−,-,−,−,-,–,-,-
,,-,-,-,-,-,-,-,-,-,-,,−,−,−,-,−,−,-,–,-,-,,−,−,−,-,−,−,-,–,-,-
,,-,-,-,-,-,-,-,-,-,-,,−,−,−,-,−,−,-,–,-,-,,−,−,−,-,−,−,-,–,-,-
,,-,-,-,-,-,-,-,-,-,-,,−,−,−,-,−,−,-,–,-,-,,−,−,−,-,−,−,-,–,-,-
,,-,-,-,-,-,-,-,-,-,-,,−,−,−,-,−,−,-,–,-,-,,−,−,−,-,−,−,-,–,-,-
,,-,-,-,-,-,-,-,-,-,-,,−,−,−,-,−,−,-,–,-,-,,−,−,−,-,−,−,-,–,-,-
,,-,-,-,-,-,-,-,-,-,-,,−,−,−,-,−,−,-,–,-,-,,−,−,−,-,−,−,-,–,-,-
,,-,-,-,-,-,-,-,-,-,-,,−,−,−,-,−,−,-,–,-,-,,−,−,−,-,−,−,-,–,-,-
,,-,-,-,-,-,-,-,-,-,-,,−,−,−,-,−,−,-,–,-,-,,−,−,−,-,−,−,-,–,-,-
,,-,-,-,-,-,-,-,-,-,-,,−,−,−,-,−,−,-,–,-,-,,−,−,−,-,−,−,-,–,-,-
,,-,-,-,-,-,-,-,-,-,-,,−,−,−,-,−,−,-,–,-,-,,−,−,−,-,−,−,-,–,-,-
,,-,-,-,-,-,-,-,-,-,-,,−,−,−,-,−,−,-,–,-,-,,−,−,−,-,−,−,-,–,-,-
,,-,-,-,-,-,-,-,-,-,-,,−,−,−,-,−,−,-,–,-,-,,−,−,−,-,−,−,-,–,-,-
,,-,-,-,-,-,-,-,-,-,-,,−,−,−,-,−,−,-,–,-,-,,−,−,−,-,−,−,-,–,-,-
,,-,-,-,-,-,-,-,-,-,-,,−,−,−,-,−,−,-,–,-,-,,−,−,−,-,−,−,-,–,-,-
,,-,-,-,-,-,-,-,-,-,-,,−,−,−,-,−,−,-,–,-,-,,−,−,−,-,−,−,-,–,-,-
,,-,-,-,-,-,-,-,-,-,-,,−,−,−,-,−,−,-,–,-,-,,−,−,−,-,−,−,-,–,-,-
,,-,-,-,-,-,-,-,-,-,-,,−,−,−,-,−,−,-,–,-,-,,−,−,−,-,−,−,-,–,-,-
,,-,-,-,-,-,-,-,-,-,-,,−,−,−,-,−,−,-,–,-,-,,−,−,−,-,−,−,-,–,-,-
,,-,-,-,-,-,-,-,-,-,-,,−,−,−,-,−,−,-,–,-,-,,−,−,−,-,−,−,-,–,-,-
,,-,-,-,-,-,-,-,-,-,-,,−,−,−,-,−,−,-,–,-,-,,−,−,−,-,−,−,-,–,-,-
,,-,-,-,-,-,-,-,-,-,-,,−,−,−,-,−,−,-,–,-,-,,−,−,−,-,−,−,-,–,-,-
,,-,-,-,-,-,-,-,-,-,-,,−,−,−,-,−,−,-,–,-,-,,−,−,−,-,−,−,-,–,-,-
,,-,-,-,-,-,-,-,-,-,-,,−,−,−,-,−,−,-,–,-,-,,−,−,−,-,−,−,-,–,-,-
,,-,-,-,-,-,-,-,-,-,-,,−,−,−,-,−,−,-,–,-,-,,−,−,−,-,−,−,-,–,-,-
,,-,-,-,-,-,-,-,-,-,-,,−,−,−,-,−,−,-,–,-,-,,−,−,−,-,−,−,-,–,-,-
,,-,-,-,-,-,-,-,-,-,-,,−,−,−,-,−,−,-,–,-,-,,−,−,−,-,−,−,-,–,-,-
,,-,-,-,-,-,-,-,-,-,-,,−,−,−,-,−,−,-,–,-,-,,−,−,−,-,−,−,-,–,-,-
,,-,-,-,-,-,-,-,-,-,-,,−,−,−,-,−,−,-,–,-,-,,−,−,−,-,−,−,-,–,-,-
,,-,-,-,-,-,-,-,-,-,-,,−,−,−,-,−,−,-,–,-,-,,−,−,−,-,−,−,-,–,-,-
,,-,-,-,-,-,-,-,-,-,-,,−,−,−,-,−,−,-,–,-,-,,−,−,−,-,−,−,-,–,-,-
,,-,-,-,-,-,-,-,-,-,-,,−,−,−,-,−,−,-,–,-,-,,−,−,−,-,−,−,-,–,-,-
,,-,-,-,-,-,-,-,-,-,-,,−,−,−,-,−,−,-,–,-,-,,−,−,−,-,−,−,-,–,-,-
,,-,-,-,-,-,-,-,-,-,-,,−,−,−,-,−,−,-,–,-,-,,−,−,−,-,−,−,-,–,-,-
,,-,-,-,-,-,-,-,-,-,-,,−,−,−,-,−,−,-,–,-,-,,−,−,−,-,−,−,-,–,-,-
,,-,-,-,-,-,-,-,-,-,-,,−,−,−,-,−,−,-,–,-,-,,−,−,−,-,−,−,-,–,-,-
,,-,-,-,-,-,-,-,-,-,-,,−,−,−,-,−,−,-,–,-,-,,−,−,−,-,−,−,-,–,-,-
,,-,-,-,-,-,-,-,-,-,-,,−,−,−,-,−,−,-,–,-,-,,−,−,−,-,−,−,-,–,-,-
,,-,-,-,-,-,-,-,-,-,-,,−,−,−,-,−,−,-,–,-,-,,−,−,−,-,−,−,-,–,-,-
,,-,-,-,-,-,-,-,-,-,-,,−,−,−,-,−,−,-,–,-,-,,−,−,−,-,−,−,-,–,-,-
,,-,-,-,-,-,-,-,-,-,-,,−,−,−,-,−,−,-,–,-,-,,−,−,−,-,−,−,-,–,-,-
,,-,-,-,-,-,-,-,-,-,-,,−,−,−,-,−,−,-,–,-,-,,−,−,−,-,−,−,-,–,-,-
,,-,-,-,-,-,-,-,-,-,-,,−,−,−,-,−,−,-,–,-,-,,−,−,−,-,−,−,-,–,-,-
,,-,-,-,-,-,-,-,-,-,-,,−,−,−,-,−,−,-,–,-,-,,−,−,−,-,−,−,-,–,-,-
,,-,-,-,-,-,-,-,-,-,-,,−,−,−,-,−,−,-,–,-,-,,−,−,−,-,−,−,-,–,-,-
,,-,-,-,-,-,-,-,-,-,-,,−,−,−,-,−,−,-,–,-,-,,−,−,−,-,−,−,-,–,-,-
,,-,-,-,-,-,-,-,-,-,-,,−,−,−,-,−,−,-,–,-,-,,−,−,−,-,−,−,-,–,-,-
,,-,-,-,-,-,-,-,-,-,-,,−,−,−,-,−,−,-,–,-,-,,−,−,−,-,−,−,-,–,-,-
,,-,-,-,-,-,-,-,-,-,-,,−,−,−,-,−,−,-,–,-,-,,−,−,−,-,−,−,-,–,-,-
,,-,-,-,-,-,-,-,-,-,-,,−,−,−,-,−,−,-,–,-,-,,−,−,−,-,−,−,-,–,-,-
,,-,-,-,-,-,-,-,-,-,-,,−,−,−,-,−,−,-,–,-,-,,−,−,−,-,−,−,-,–,-,-
,,-,-,-,-,-,-,-,-,-,-,,−,−,−,-,−,−,-,–,-,-,,−,−,−,-,−,−,-,–,-,-
,,-,-,-,-,-,-,-,-,-,-,,−,−,−,-,−,−,-,–,-,-,,−,−,−,-,−,−,-,–,-,-
,,-,-,-,-,-,-,-,-,-,-,,−,−,−,-,−,−,-,–,-,-,,−,−,−,-,−,−,-,–,-,-
,,-,-,-,-,-,-,-,-,-,-,,−,−,−,-,−,−,-,–,-,-,,−,−,−,-,−,−,-,–,-,-
,,-,-,-,-,-,-,-,-,-,-,,−,−,−,-,−,−,-,–,-,-,,−,−,−,-,−,−,-,–,-,-
,,-,-,-,-,-,-,-,-,-,-,,−,−,−,-,−,−,-,–,-,-,,−,−,−,-,−,−,-,–,-,-
,,-,-,-,-,-,-,-,-,-,-,,−,−,−,-,−,−,-,–,-,-,,−,−,−,-,−,−,-,–,-,-
,,-,-,-,-,-,-,-,-,-,-,,−,−,−,-,−,−,-,–,-,-,,−,−,−,-,−,−,-,–,-,-
,,-,-,-,-,-,-,-,-,-,-,,−,−,−,-,−,−,-,–,-,-,,−,−,−,-,−,−,-,–,-,-
,,-,-,-,-,-,-,-,-,-,-,,−,−,−,-,−,−,-,–,-,-,,−,−,−,-,−,−,-,–,-,-
,,-,-,-,-,-,-,-,-,-,-,,−,−,−,-,−,−,-,–,-,-,,−,−,−,-,−,−,-,–,-,-
,,-,-,-,-,-,-,-,-,-,-,,−,−,−,-,−,−,-,–,-,-,,−,−,−,-,−,−,-,–,-,-
,,-,-,-,-,-,-,-,-,-,-,,−,−,−,-,−,−,-,–,-,-,,−,−,−,-,−,−,-,–,-,-
,,-,-,-,-,-,-,-,-,-,-,,−,−,−,-,−,−,-,–,-,-,,−,−,−,-,−,−,-,–,-,-
,,-,-,-,-,-,-,-,-,-,-,,−,−,−,-,−,−,-,–,-,-,,−,−,−,-,−,−,-,–,-,-
,,-,-,-,-,-,-,-,-,-,-,,−,−,−,-,−,−,-,–,-,-,,−,−,−,-,−,−,-,–,-,-
,,-,-,-,-,-,-,-,-,-,-,,−,−,−,-,−,−,-,–,-,-,,−,−,−,-,−,−,-,–,-,-
,,-,-,-,-,-,-,-,-,-,-,,−,−,−,-,−,−,-,–,-,-,,−,−,−,-,−,−,-,–,-,-
,,-,-,-,-,-,-,-,-,-,-,,−,−,−,-,−,−,-,–,-,-,,−,−,−,-,−,−,-,–,-,-
,,-,-,-,-,-,-,-,-,-,-,,−,−,−,-,−,−,-,–,-,-,,−,−,−,-,−,−,-,–,-,-
,,-,-,-,-,-,-,-,-,-,-,,−,−,−,-,−,−,-,–,-,-,,−,−,−,-,−,−,-,–,-,-
,,-,-,-,-,-,-,-,-,-,-,,−,−,−,-,−,−,-,–,-,-,,−,−,−,-,−,−,-,–,-,-
,,-,-,-,-,-,-,-,-,-,-,,−,−,−,-,−,−,-,–,-,-,,−,−,−,-,−,−,-,–,-,-
,,-,-,-,-,-,-,-,-,-,-,,−,−,−,-,−,−,-,–,-,-,,−,−,−,-,−,−,-,–,-,-
,,-,-,-,-,-,-,-,-,-,-,,−,−,−,-,−,−,-,–,-,-,,−,−,−,-,−,−,-,–,-,-
,,-,-,-,-,-,-,-,-,-,-,,−,−,−,-,−,−,-,–,-,-,,−,−,−,-,−,−,-,–,-,-
,,-,-,-,-,-,-,-,-,-,-,,−,−,−,-,−,−,-,–,-,-,,−,−,−,-,−,−,-,–,-,-
,,-,-,-,-,-,-,-,-,-,-,,−,−,−,-,−,−,-,–,-,-,,−,−,−,-,−,−,-,–,-,-
,,-,-,-,-,-,-,-,-,-,-,,−,−,−,-,−,−,-,–,-,-,,−,−,−,-,−,−,-,–,-,-
,,-,-,-,-,-,-,-,-,-,-,,−,−,−,-,−,−,-,–,-,-,,−,−,−,-,−,−,-,–,-,-
,,-,-,-,-,-,-,-,-,-,-,,−,−,−,-,−,−,-,–,-,-,,−,−,−,-,−,−,-,–,-,-
,,-,-,-,-,-,-,-,-,-,-,,−,−,−,-,−,−,-,–,-,-,,−,−,−,-,−,−,-,–,-,-
,,-,-,-,-,-,-,-,-,-,-,,−,−,−,-,−,−,-,–,-,-,,−,−,−,-,−,−,-,–,-,-
,,-,-,-,-,-,-,-,-,-,-,,−,−,−,-,−,−,-,–,-,-,,−,−,−,-,−,−,-,–,-,-
,,-,-,-,-,-,-,-,-,-,-,,−,−,−,-,−,−,-,–,-,-,,−,−,−,-,−,−,-,–,-,-
,,-,-,-,-,-,-,-,-,-,-,,−,−,−,-,−,−,-,–,-,-,,−,−,−,-,−,−,-,–,-,-
,,-,-,-,-,-,-,-,-,-,-,,−,−,−,-,−,−,-,–,-,-,,−,−,−,-,−,−,-,–,-,-
,,-,-,-,-,-,-,-,-,-,-,,−,−,−,-,−,−,-,–,-,-,,−,−,−,-,−,−,-,–,-,-
,,-,-,-,-,-,-,-,-,-,-,,−,−,−,-,−,−,-,–,-,-,,−,−,−,-,−,−,-,–,-,-
,,-,-,-,-,-,-,-,-,-,-,,−,−,−,-,−,−,-,–,-,-,,−,−,−,-,−,−,-,–,-,-
,,-,-,-,-,-,-,-,-,-,-,,−,−,−,-,−,−,-,–,-,-,,−,−,−,-,−,−,-,–,-,-
,,-,-,-,-,-,-,-,-,-,-,,−,−,−,-,−,−,-,–,-,-,,−,−,−,-,−,−,-,–,-,-
,,-,-,-,-,-,-,-,-,-,-,,−,−,−,-,−,−,-,–,-,-,,−,−,−,-,−,−,-,–,-,-
,,-,-,-,-,-,-,-,-,-,-,,−,−,−,-,−,−,-,–,-,-,,−,−,−,-,−,−,-,–,-,-
,,-,-,-,-,-,-,-,-,-,-,,−,−,−,-,−,−,-,–,-,-,,−,−,−,-,−,−,-,–,-,-
,,-,-,-,-,-,-,-,-,-,-,,−,−,−,-,−,−,-,–,-,-,,−,−,−,-,−,−,-,–,-,-
,,-,-,-,-,-,-,-,-,-,-,,−,−,−,-,−,−,-,–,-,-,,−,−,−,-,−,−,-,–,-,-
,,-,-,-,-,-,-,-,-,-,-,,−,−,−,-,−,−,-,–,-,-,,−,−,−,-,−,−,-,–,-,-
,,-,-,-,-,-,-,-,-,-,-,,−,−,−,-,−,−,-,–,-,-,,−,−,−,-,−,−,-,–,-,-
,,-,-,-,-,-,-,-,-,-,-,,−,−,−,-,−,−,-,–,-,-,,−,−,−,-,−,−,-,–,-,-
,,-,-,-,-,-,-,-,-,-,-,,−,−,−,-,−,−,-,–,-,-,,−,−,−,-,−,−,-,–,-,-
,,-,-,-,-,-,-,-,-,-,-,,−,−,−,-,−,−,-,–,-,-,,−,−,−,-,−,−,-,–,-,-
,,-,-,-,-,-,-,-,-,-,-,,−,−,−,-,−,−,-,–,-,-,,−,−,−,-,−,−,-,–,-,-
,,-,-,-,-,-,-,-,-,-,-,,−,−,−,-,−,−,-,–,-,-,,−,−,−,-,−,−,-,–,-,-
,,-,-,-,-,-,-,-,-,-,-,,−,−,−,-,−,−,-,–,-,-,,−,−,−,-,−,−,-,–,-,-
,,-,-,-,-,-,-,-,-,-,-,,−,−,−,-,−,−,-,–,-,-,,−,−,−,-,−,−,-,–,-,-
,,-,-,-,-,-,-,-,-,-,-,,−,−,−,-,−,−,-,–,-,-,,−,−,−,-,−,−,-,–,-,-
,,-,-,-,-,-,-,-,-,-,-,,−,−,−,-,−,−,-,–,-,-,,−,−,−,-,−,−,-,–,-,-
,,-,-,-,-,-,-,-,-,-,-,,−,−,−,-,−,−,-,–,-,-,,−,−,−,-,−,−,-,–,-,-
,,-,-,-,-,-,-,-,-,-,-,,−,−,−,-,−,−,-,–,-,-,,−,−,−,-,−,−,-,–,-,-
,,-,-,-,-,-,-,-,-,-,-,,−,−,−,-,−,−,-,–,-,-,,−,−,−,-,−,−,-,–,-,-
,,-,-,-,-,-,-,-,-,-,-,,−,−,−,-,−,−,-,–,-,-,,−,−,−,-,−,−,-,–,-,-
,,-,-,-,-,-,-,-,-,-,-,,−,−,−,-,−,−,-,–,-,-,,−,−,−,-,−,−,-,–,-,-
,,-,-,-,-,-,-,-,-,-,-,,−,−,−,-,−,−,-,–,-,-,,−,−,−,-,−,−,-,–,-,-
,,-,-,-,-,-,-,-,-,-,-,,−,−,−,-,−,−,-,–,-,-,,−,−,−,-,−,−,-,–,-,-
,,-,-,-,-,-,-,-,-,-,-,,−,−,−,-,−,−,-,–,-,-,,−,−,−,-,−,−,-,–,-,-
,,-,-,-,-,-,-,-,-,-,-,,−,−,−,-,−,−,-,–,-,-,,−,−,−,-,−,−,-,–,-,-
,,-,-,-,-,-,-,-,-,-,-,,−,−,−,-,−,−,-,–,-,-,,−,−,−,-,−,−,-,–,-,-
,,-,-,-,-,-,-,-,-,-,-,,−,−,−,-,−,−,-,–,-,-,,−,−,−,-,−,−,-,–,-,-
,,-,-,-,-,-,-,-,-,-,-,,−,−,−,-,−,−,-,–,-,-,,−,−,−,-,−,−,-,–,-,-
,,-,-,-,-,-,-,-,-,-,-,,−,−,−,-,−,−,-,–,-,-,,−,−,−,-,−,−,-,–,-,-
,,-,-,-,-,-,-,-,-,-,-,,−,−,−,-,−,−,-,–,-,-,,−,−,−,-,−,−,-,–,-,-
,,-,-,-,-,-,-,-,-,-,-,,−,−,−,-,−,−,-,–,-,-,,−,−,−,-,−,−,-,–,-,-
,,-,-,-,-,-,-,-,-,-,-,,−,−,−,-,−,−,-,–,-,-,,−,−,−,-,−,−,-,–,-,-
,,-,-,-,-,-,-,-,-,-,-,,−,−,−,-,−,−,-,–,-,-,,−,−,−,-,−,−,-,–,-,-
,,-,-,-,-,-,-,-,-,-,-,,−,−,−,-,−,−,-,–,-,-,,−,−,−,-,−,−,-,–,-,-
,,-,-,-,-,-,-,-,-,-,-,,−,−,−,-,−,−,-,–,-,-,,−,−,−,-,−,−,-,–,-,-
,,-,-,-,-,-,-,-,-,-,-,,−,−,−,-,−,−,-,–,-,-,,−,−,−,-,−,−,-,–,-,-
,,-,-,-,-,-,-,-,-,-,-,,−,−,−,-,−,−,-,–,-,-,,−,−,−,-,−,−,-,–,-,-
,,-,-,-,-,-,-,-,-,-,-,,−,−,−,-,−,−,-,–,-,-,,−,−,−,-,−,−,-,–,-,-
,,-,-,-,-,-,-,-,-,-,-,,−,−,−,-,−,−,-,–,-,-,,−,−,−,-,−,−,-,–,-,-
,,-,-,-,-,-,-,-,-,-,-,,−,−,−,-,−,−,-,–,-,-,,−,−,−,-,−,−,-,–,-,-
,,-,-,-,-,-,-,-,-,-,-,,−,−,−,-,−,−,-,–,-,-,,−,−,−,-,−,−,-,–,-,-
,,-,-,-,-,-,-,-,-,-,-,,−,−,−,-,−,−,-,–,-,-,,−,−,−,-,−,−,-,–,-,-
,,-,-,-,-,-,-,-,-,-,-,,−,−,−,-,−,−,-,–,-,-,,−,−,−,-,−,−,-,–,-,-
,,-,-,-,-,-,-,-,-,-,-,,−,−,−,-,−,−,-,–,-,-,,−,−,−,-,−,−,-,–,-,-
,,-,-,-,-,-,-,-,-,-,-,,−,−,−,-,−,−,-,–,-,-,,−,−,−,-,−,−,-,–,-,-
,,-,-,-,-,-,-,-,-,-,-,,−,−,−,-,−,−,-,–,-,-,,−,−,−,-,−,−,-,–,-,-
,,-,-,-,-,-,-,-,-,-,-,,−,−,−,-,−,−,-,–,-,-,,−,−,−,-,−,−,-,–,-,-
,,-,-,-,-,-,-,-,-,-,-,,−,−,−,-,−,−,-,–,-,-,,−,−,−,-,−,−,-,–,-,-
,,-,-,-,-,-,-,-,-,-,-,,−,−,−,-,−,−,-,–,-,-,,−,−,−,-,−,−,-,–,-,-
,,-,-,-,-,-,-,-,-,-,-,,−,−,−,-,−,−,-,–,-,-,,−,−,−,-,−,−,-,–,-,-
,,-,-,-,-,-,-,-,-,-,-,,−,−,−,-,−,−,-,–,-,-,,−,−,−,-,−,−,-,–,-,-
,,-,-,-,-,-,-,-,-,-,-,,−,−,−,-,−,−,-,–,-,-,,−,−,−,-,−,−,-,–,-,-
,,-,-,-,-,-,-,-,-,-,-,,−,−,−,-,−,−,-,–,-,-,,−,−,−,-,−,−,-,–,-,-
,,-,-,-,-,-,-,-,-,-,-,,−,−,−,-,−,−,-,–,-,-,,−,−,−,-,−,−,-,–,-,-
,,-,-,-,-,-,-,-,-,-,-,,−,−,−,-,−,−,-,–,-,-,,−,−,−,-,−,−,-,–,-,-
,,-,-,-,-,-,-,-,-,-,-,,−,−,−,-,−,−,-,–,-,-,,−,−,−,-,−,−,-,–,-,-
,,-,-,-,-,-,-,-,-,-,-,,−,−,−,-,−,−,-,–,-,-,,−,−,−,-,−,−,-,–,-,-
,,-,-,-,-,-,-,-,-,-,-,,−,−,−,-,−,−,-,–,-,-,,−,−,−,-,−,−,-,–,-,-
,,-,-,-,-,-,-,-,-,-,-,,−,−,−,-,−,−,-,–,-,-,,−,−,−,-,−,−,-,–,-,-
,,-,-,-,-,-,-,-,-,-,-,,−,−,−,-,−,−,-,–,-,-,,−,−,−,-,−,−,-,–,-,-
,,-,-,-,-,-,-,-,-,-,-,,−,−,−,-,−,−,-,–,-,-,,−,−,−,-,−,−,-,–,-,-
,,-,-,-,-,-,-,-,-,-,-,,−,−,−,-,−,−,-,–,-,-,,−,−,−,-,−,−,-,–,-,-
,,-,-,-,-,-,-,-,-,-,-,,−,−,−,-,−,−,-,–,-,-,,−,−,−,-,−,−,-,–,-,-
,,-,-,-,-,-,-,-,-,-,-,,−,−,−,-,−,−,-,–,-,-,,−,−,−,-,−,−,-,–,-,-
,,-,-,-,-,-,-,-,-,-,-,,−,−,−,-,−,−,-,–,-,-,,−,−,−,-,−,−,-,–,-,-
,,-,-,-,-,-,-,-,-,-,-,,−,−,−,-,−,−,-,–,-,-,,−,−,−,-,−,−,-,–,-,-
,,-,-,-,-,-,-,-,-,-,-,,−,−,−,-,−,−,-,–,-,-,,−,−,−,-,−,−,-,–,-,-
,,-,-,-,-,-,-,-,-,-,-,,−,−,−,-,−,−,-,–,-,-,,−,−,−,-,−,−,-,–,-,-
,,-,-,-,-,-,-,-,-,-,-,,−,−,−,-,−,−,-,–,-,-,,−,−,−,-,−,−,-,–,-,-
,,-,-,-,-,-,-,-,-,-,-,,−,−,−,-,−,−,-,–,-,-,,−,−,−,-,−,−,-,–,-,-
,,-,-,-,-,-,-,-,-,-,-,,−,−,−,-,−,−,-,–,-,-,,−,−,−,-,−,−,-,–,-,-
,,-,-,-,-,-,-,-,-,-,-,,−,−,−,-,−,−,-,–,-,-,,−,−,−,-,−,−,-,–,-,-
,,-,-,-,-,-,-,-,-,-,-,,−,−,−,-,−,−,-,–,-,-,,−,−,−,-,−,−,-,–,-,-
,,-,-,-,-,-,-,-,-,-,-,,−,−,−,-,−,−,-,–,-,-,,−,−,−,-,−,−,-,–,-,-
,,-,-,-,-,-,-,-,-,-,-,,−,−,−,-,−,−,-,–,-,-,,−,−,−,-,−,−,-,–,-,-
,,-,-,-,-,-,-,-,-,-,-,,−,−,−,-,−,−,-,–,-,-,,−,−,−,-,−,−,-,–,-,-
,,-,-,-,-,-,-,-,-,-,-,,−,−,−,-,−,−,-,–,-,-,,−,−,−,-,−,−,-,–,-,-
,,-,-,-,-,-,-,-,-,-,-,,−,−,−,-,−,−,-,–,-,-,,−,−,−,-,−,−,-,–,-,-
,,-,-,-,-,-,-,-,-,-,-,,−,−,−,-,−,−,-,–,-,-,,−,−,−,-,−,−,-,–,-,-
,,-,-,-,-,-,-,-,-,-,-,,−,−,−,-,−,−,-,–,-,-,,−,−,−,-,−,−,-,–,-,-
,,-,-,-,-,-,-,-,-,-,-,,−,−,−,-,−,−,-,–,-,-,,−,−,−,-,−,−,-,–,-,-
,,-,-,-,-,-,-,-,-,-,-,,−,−,−,-,−,−,-,–,-,-,,−,−,−,-,−,−,-,–,-,-
,,-,-,-,-,-,-,-,-,-,-,,−,−,−,-,−,−,-,–,-,-,,−,−,−,-,−,−,-,–,-,-
,,-,-,-,-,-,-,-,-,-,-,,−,−,−,-,−,−,-,–,-,-,,−,−,−,-,−,−,-,–,-,-
,,-,-,-,-,-,-,-,-,-,-,,−,−,−,-,−,−,-,–,-,-,,−,−,−,-,−,−,-,–,-,-
,,-,-,-,-,-,-,-,-,-,-,,−,−,−,-,−,−,-,–,-,-,,−,−,−,-,−,−,-,–,-,-
,,-,-,-,-,-,-,-,-,-,-,,−,−,−,-,−,−,-,–,-,-,,−,−,−,-,−,−,-,–,-,-
,,-,-,-,-,-,-,-,-,-,-,,−,−,−,-,−,−,-,–,-,-,,−,−,−,-,−,−,-,–,-,-
,,-,-,-,-,-,-,-,-,-,-,,−,−,−,-,−,−,-,–,-,-,,−,−,−,-,−,−,-,–,-,-
,,-,-,-,-,-,-,-,-,-,-,,−,−,−,-,−,−,-,–,-,-,,−,−,−,-,−,−,-,–,-,-
,,-,-,-,-,-,-,-,-,-,-,,−,−,−,-,−,−,-,–,-,-,,−,−,−,-,−,−,-,–,-,-
,,-,-,-,-,-,-,-,-,-,-,,−,−,−,-,−,−,-,–,-,-,,−,−,−,-,−,−,-,–,-,-
,,-,-,-,-,-,-,-,-,-,-,,−,−,−,-,−,−,-,–,-,-,,−,−,−,-,−,−,-,–,-,-
,,-,-,-,-,-,-,-,-,-,-,,−,−,−,-,−,−,-,–,-,-,,−,−,−,-,−,−,-,–,-,-
,,-,-,-,-,-,-,-,-,-,-,,−,−,−,-,−,−,-,–,-,-,,−,−,−,-,−,−,-,–,-,-
,,-,-,-,-,-,-,-,-,-,-,,−,−,−,-,−,−,-,–,-,-,,−,−,−,-,−,−,-,–,-,-
,,-,-,-,-,-,-,-,-,-,-,,−,−,−,-,−,−,-,–,-,-,,−,−,−,-,−,−,-,–,-,-
,,-,-,-,-,-,-,-,-,-,-,,−,−,−,-,−,−,-,–,-,-,,−,−,−,-,−,−,-,–,-,-
,,-,-,-,-,-,-,-,-,-,-,,−,−,−,-,−,−,-,–,-,-,,−,−,−,-,−,−,-,–,-,-
,,-,-,-,-,-,-,-,-,-,-,,−,−,−,-,−,−,-,–,-,-,,−,−,−,-,−,−,-,–,-,-
,,-,-,-,-,-,-,-,-,-,-,,−,−,−,-,−,−,-,–,-,-,,−,−,−,-,−,−,-,–,-,-
,,-,-,-,-,-,-,-,-,-,-,,−,−,−,-,−,−,-,–,-,-,,−,−,−,-,−,−,-,–,-,-
,,-,-,-,-,-,-,-,-,-,-,,−,−,−,-,−,−,-,–,-,-,,−,−,−,-,−,−,-,–,-,-
,,-,-,-,-,-,-,-,-,-,-,,−,−,−,-,−,−,-,–,-,-,,−,−,−,-,−,−,-,–,-,-
,,-,-,-,-,-,-,-,-,-,-,,−,−,−,-,−,−,-,–,-,-,,−,−,−,-,−,−,-,–,-,-
,,-,-,-,-,-,-,-,-,-,-,,−,−,−,-,−,−,-,–,-,-,,−,−,−,-,−,−,-,–,-,-
,,-,-,-,-,-,-,-,-,-,-,,−,−,−,-,−,−,-,–,-,-,,−,−,−,-,−,−,-,–,-,-
,,-,-,-,-,-,-,-,-,-,-,,−,−,−,-,−,−,-,–,-,-,,−,−,−,-,−,−,-,–,-,-
,,-,-,-,-,-,-,-,-,-,-,,−,−,−,-,−,−,-,–,-,-,,−,−,−,-,−,−,-,–,-,-
,,-,-,-,-,-,-,-,-,-,-,,−,−,−,-,−,−,-,–,-,-,,−,−,−,-,−,−,-,–,-,-
,,-,-,-,-,-,-,-,-,-,-,,−,−,−,-,−,−,-,–,-,-,,−,−,−,-,−,−,-,–,-,-
,,-,-,-,-,-,-,-,-,-,-,,−,−,−,-,−,−,-,–,-,-,,−,−,−,-,−,−,-,–,-,-
,,-,-,-,-,-,-,-,-,-,-,,−,−,−,-,−,−,-,–,-,-,,−,−,−,-,−,−,-,–,-,-
,,-,-,-,-,-,-,-,-,-,-,,−,−,−,-,−,−,-,–,-,-,,−,−,−,-,−,−,-,–,-,-
,,-,-,-,-,-,-,-,-,-,-,,−,−,−,-,−,−,-,–,-,-,,−,−,−,-,−,−,-,–,-,-
,,-,-,-,-,-,-,-,-,-,-,,−,−,−,-,−,−,-,–,-,-,,−,−,−,-,−,−,-,–,-,-
,,-,-,-,-,-,-,-,-,-,-,,−,−,−,-,−,−,-,–,-,-,,−,−,−,-,−,−,-,–,-,-
,,-,-,-,-,-,-,-,-,-,-,,−,−,−,-,−,−,-,–,-,-,,−,−,−,-,−,−,-,–,-,-
,,-,-,-,-,-,-,-,-,-,-,,−,−,−,-,−,−,-,–,-,-,,−,−,−,-,−,−,-,–,-,-
,,-,-,-,-,-,-,-,-,-,-,,−,−,−,-,−,−,-,–,-,-,,−,−,−,-,−,−,-,–,-,-
,,-,-,-,-,-,-,-,-,-,-,,−,−,−,-,−,−,-,–,-,-,,−,−,−,-,−,−,-,–,-,-
,,-,-,-,-,-,-,-,-,-,-,,−,−,−,-,−,−,-,–,-,-,,−,−,−,-,−,−,-,–,-,-
,,-,-,-,-,-,-,-,-,-,-,,−,−,−,-,−,−,-,–,-,-,,−,−,−,-,−,−,-,–,-,-
,,-,-,-,-,-,-,-,-,-,-,,−,−,−,-,−,−,-,–,-,-,,−,−,−,-,−,−,-,–,-,-
,,-,-,-,-,-,-,-,-,-,-,,−,−,−,-,−,−,-,–,-,-,,−,−,−,-,−,−,-,–,-,-
,,-,-,-,-,-,-,-,-,-,-,,−,−,−,-,−,−,-,–,-,-,,−,−,−,-,−,−,-,–,-,-
,,-,-,-,-,-,-,-,-,-,-,,−,−,−,-,−,−,-,–,-,-,,−,−,−,-,−,−,-,–,-,-
,,-,-,-,-,-,-,-,-,-,-,,−,−,−,-,−,−,-,–,-,-,,−,−,−,-,−,−,-,–,-,-
,,-,-,-,-,-,-,-,-,-,-,,−,−,−,-,−,−,-,–,-,-,,−,−,−,-,−,−,-,–,-,-
,,-,-,-,-,-,-,-,-,-,-,,−,−,−,-,−,−,-,–,-,-,,−,−,−,-,−,−,-,–,-,-
,,-,-,-,-,-,-,-,-,-,-,,−,−,−,-,−,−,-,–,-,-,,−,−,−,-,−,−,-,–,-,-
,,-,-,-,-,-,-,-,-,-,-,,−,−,−,-,−,−,-,–,-,-,,−,−,−,-,−,−,-,–,-,-
,,-,-,-,-,-,-,-,-,-,-,,−,−,−,-,−,−,-,–,-,-,,−,−,−,-,−,−,-,–,-,-
,,-,-,-,-,-,-,-,-,-,-,,−,−,−,-,−,−,-,–,-,-,,−,−,−,-,−,−,-,–,-,-
,,-,-,-,-,-,-,-,-,-,-,,−,−,−,-,−,−,-,–,-,-,,−,−,−,-,−,−,-,–,-,-
,,-,-,-,-,-,-,-,-,-,-,,−,−,−,-,−,−,-,–,-,-,,−,−,−,-,−,−,-,–,-,-
,,-,-,-,-,-,-,-,-,-,-,,−,−,−,-,−,−,-,–,-,-,,−,−,−,-,−,−,-,–,-,-
,,-,-,-,-,-,-,-,-,-,-,,−,−,−,-,−,−,-,–,-,-,,−,−,−,-,−,−,-,–,-,-
,,-,-,-,-,-,-,-,-,-,-,,−,−,−,-,−,−,-,–,-,-,,−,−,−,-,−,−,-,–,-,-
,,-,-,-,-,-,-,-,-,-,-,,−,−,−,-,−,−,-,–,-,-,,−,−,−,-,−,−,-,–,-,-
,,-,-,-,-,-,-,-,-,-,-,,−,−,−,-,−,−,-,–,-,-,,−,−,−,-,−,−,-,–,-,-
,,-,-,-,-,-,-,-,-,-,-,,−,−,−,-,−,−,-,–,-,-,,−,−,−,-,−,−,-,–,-,-
,,-,-,-,-,-,-,-,-,-,-,,−,−,−,-,−,−,-,–,-,-,,−,−,−,-,−,−,-,–,-,-
,,-,-,-,-,-,-,-,-,-,-,,−,−,−,-,−,−,-,–,-,-,,−,−,−,-,−,−,-,–,-,-
,,-,-,-,-,-,-,-,-,-,-,,−,−,−,-,−,−,-,–,-,-,,−,−,−,-,−,−,-,–,-,-
,,-,-,-,-,-,-,-,-,-,-,,−,−,−,-,−,−,-,–,-,-,,−,−,−,-,−,−,-,–,-,-
,,-,-,-,-,-,-,-,-,-,-,,−,−,−,-,−,−,-,–,-,-,,−,−,−,-,−,−,-,–,-,-
,,-,-,-,-,-,-,-,-,-,-,,−,−,−,-,−,−,-,–,-,-,,−,−,−,-,−,−,-,–,-,-
,,-,-,-,-,-,-,-,-,-,-,,−,−,−,-,−,−,-,–,-,-,,−,−,−,-,−,−,-,–,-,-
,,-,-,-,-,-,-,-,-,-,-,,−,−,−,-,−,−,-,–,-,-,,−,−,−,-,−,−,-,–,-,-
,,-,-,-,-,-,-,-,-,-,-,,−,−,−,-,−,−,-,–,-,-,,−,−,−,-,−,−,-,–,-,-
,,-,-,-,-,-,-,-,-,-,-,,−,−,−,-,−,−,-,–,-,-,,−,−,−,-,−,−,-,–,-,-
,,-,-,-,-,-,-,-,-,-,-,,−,−,−,-,−,−,-,–,-,-,,−,−,−,-,−,−,-,–,-,-
,,-,-,-,-,-,-,-,-,-,-,,−,−,−,-,−,−,-,–,-,-,,−,−,−,-,−,−,-,–,-,-
,,-,-,-,-,-,-,-,-,-,-,,−,−,−,-,−,−,-,–,-,-,,−,−,−,-,−,−,-,–,-,-
,,-,-,-,-,-,-,-,-,-,-,,−,−,−,-,−,−,-,–,-,-,,−,−,−,-,−,−,-,–,-,-
,,-,-,-,-,-,-,-,-,-,-,,−,−,−,-,−,−,-,–,-,-,,−,−,−,-,−,−,-,–,-,-
,,-,-,-,-,-,-,-,-,-,-,,−,−,−,-,−,−,-,–,-,-,,−,−,−,-,−,−,-,–,-,-
,,-,-,-,-,-,-,-,-,-,-,,−,−,−,-,−,−,-,–,-,-,,−,−,−,-,−,−,-,–,-,-
,,-,-,-,-,-,-,-,-,-,-,,−,−,−,-,−,−,-,–,-,-,,−,−,−,-,−,−,-,–,-,-
,,-,-,-,-,-,-,-,-,-,-,,−,−,−,-,−,−,-,–,-,-,,−,−,−,-,−,−,-,–,-,-
,,-,-,-,-,-,-,-,-,-,-,,−,−,−,-,−,−,-,–,-,-,,−,−,−,-,−,−,-,–,-,-
,,-,-,-,-,-,-,-,-,-,-,,−,−,−,-,−,−,-,–,-,-,,−,−,−,-,−,−,-,–,-,-
,,-,-,-,-,-,-,-,-,-,-,,−,−,−,-,−,−,-,–,-,-,,−,−,−,-,−,−,-,–,-,-
,,-,-,-,-,-,-,-,-,-,-,,−,−,−,-,−,−,-,–,-,-,,−,−,−,-,−,−,-,–,-,-
,,-,-,-,-,-,-,-,-,-,-,,−,−,−,-,−,−,-,–,-,-,,−,−,−,-,−,−,-,–,-,-
,,-,-,-,-,-,-,-,-,-,-,,−,−,−,-,−,−,-,–,-,-,,−,−,−,-,−,−,-,–,-,-
,,-,-,-,-,-,-,-,-,-,-,,−,−,−,-,−,−,-,–,-,-,,−,−,−,-,−,−,-,–,-,-
,,-,-,-,-,-,-,-,-,-,-,,−,−,−,-,−,−,-,–,-,-,,−,−,−,-,−,−,-,–,-,-
,,-,-,-,-,-,-,-,-,-,-,,−,−,−,-,−,−,-,–,-,-,,−,−,−,-,−,−,-,–,-,-
,,-,-,-,-,-,-,-,-,-,-,,−,−,−,-,−,−,-,–,-,-,,−,−,−,-,−,−,-,–,-,-
,,-,-,-,-,-,-,-,-,-,-,,−,−,−,-,−,−,-,–,-,-,,−,−,−,-,−,−,-,–,-,-
,,-,-,-,-,-,-,-,-,-,-,,−,−,−,-,−,−,-,–,-,-,,−,−,−,-,−,−,-,–,-,-
,,-,-,-,-,-,-,-,-,-,-,,−,−,−,-,−,−,-,–,-,-,,−,−,−,-,−,−,-,–,-,-
,,-,-,-,-,-,-,-,-,-,-,,−,−,−,-,−,−,-,–,-,-,,−,−,−,-,−,−,-,–,-,-
,,-,-,-,-,-,-,-,-,-,-,,−,−,−,-,−,−,-,–,-,-,,−,−,−,-,−,−,-,–,-,-
,,-,-,-,-,-,-,-,-,-,-,,−,−,−,-,−,−,-,–,-,-,,−,−,−,-,−,−,-,–,-,-
,,-,-,-,-,-,-,-,-,-,-,,−,−,−,-,−,−,-,–,-,-,,−,−,−,-,−,−,-,–,-,-
,,-,-,-,-,-,-,-,-,-,-,,−,−,−,-,−,−,-,–,-,-,,−,−,−,-,−,−,-,–,-,-
,,-,-,-,-,-,-,-,-,-,-,,−,−,−,-,−,−,-,–,-,-,,−,−,−,-,−,−,-,–,-,-
,,-,-,-,-,-,-,-,-,-,-,,−,−,−,-,−,−,-,–,-,-,,−,−,−,-,−,−,-,–,-,-
,,-,-,-,-,-,-,-,-,-,-,,−,−,−,-,−,−,-,–,-,-,,−,−,−,-,−,−,-,–,-,-
,,-,-,-,-,-,-,-,-,-,-,,−,−,−,-,−,−,-,–,-,-,,−,−,−,-,−,−,-,–,-,-
,,-,-,-,-,-,-,-,-,-,-,,−,−,−,-,−,−,-,–,-,-,,−,−,−,-,−,−,-,–,-,-
,,-,-,-,-,-,-,-,-,-,-,,−,−,−,-,−,−,-,–,-,-,,−,−,−,-,−,−,-,–,-,-
,,-,-,-,-,-,-,-,-,-,-,,−,−,−,-,−,−,-,–,-,-,,−,−,−,-,−,−,-,–,-,-
,,-,-,-,-,-,-,-,-,-,-,,−,−,−,-,−,−,-,–,-,-,,−,−,−,-,−,−,-,–,-,-
,,-,-,-,-,-,-,-,-,-,-,,−,−,−,-,−,−,-,–,-,-,,−,−,−,-,−,−,-,–,-,-
,,-,-,-,-,-,-,-,-,-,-,,−,−,−,-,−,−,-,–,-,-,,−,−,−,-,−,−,-,–,-,-
,,-,-,-,-,-,-,-,-,-,-,,−,−,−,-,−,−,-,–,-,-,,−,−,−,-,−,−,-,–,-,-
,,-,-,-,-,-,-,-,-,-,-,,−,−,−,-,−,−,-,–,-,-,,−,−,−,-,−,−,-,–,-,-
,,-,-,-,-,-,-,-,-,-,-,,−,−,−,-,−,−,-,–,-,-,,−,−,−,-,−,−,-,–,-,-
,,-,-,-,-,-,-,-,-,-,-,,−,−,−,-,−,−,-,–,-,-,,−,−,−,-,−,−,-,–,-,-
,,-,-,-,-,-,-,-,-,-,-,,−,−,−,-,−,−,-,–,-,-,,−,−,−,-,−,−,-,–,-,-
,,-,-,-,-,-,-,-,-,-,-,,−,−,−,-,−,−,-,–,-,-,,−,−,−,-,−,−,-,–,-,-
,,-,-,-,-,-,-,-,-,-,-,,−,−,−,-,−,−,-,–,-,-,,−,−,−,-,−,−,-,–,-,-
,,-,-,-,-,-,-,-,-,-,-,,−,−,−,-,−,−,-,–,-,-,,−,−,−,-,−,−,-,–,-,-
,,-,-,-,-,-,-,-,-,-,-,,−,−,−,-,−,−,-,–,-,-,,−,−,−,-,−,−,-,–,-,-
,,-,-,-,-,-,-,-,-,-,-,,−,−,−,-,−,−,-,–,-,-,,−,−,−,-,−,−,-,–,-,-
,,-,-,-,-,-,-,-,-,-,-,,−,−,−,-,−,−,-,–,-,-,,−,−,−,-,−,−,-,–,-,-
,,-,-,-,-,-,-,-,-,-,-,,−,−,−,-,−,−,-,–,-,-,,−,−,−,-,−,−,-,–,-,-
,,-,-,-,-,-,-,-,-,-,-,,−,−,−,-,−,−,-,–,-,-,,−,−,−,-,−,−,-,–,-,-
,,-,-,-,-,-,-,-,-,-,-,,−,−,−,-,−,−,-,–,-,-,,−,−,−,-,−,−,-,–,-,-
,,-,-,-,-,-,-,-,-,-,-,,−,−,−,-,−,−,-,–,-,-,,−,−,−,-,−,−,-,–,-,-
,,-,-,-,-,-,-,-,-,-,-,,−,−,−,-,−,−,-,–,-,-,,−,−,−,-,−,−,-,–,-,-
,,-,-,-,-,-,-,-,-,-,-,,−,−,−,-,−,−,-,–,-,-,,−,−,−,-,−,−,-,–,-,-
,,-,-,-,-,-,-,-,-,-,-,,−,−,−,-,−,−,-,–,-,-,,−,−,−,-,−,−,-,–,-,-
,,-,-,-,-,-,-,-,-,-,-,,−,−,−,-,−,−,-,–,-,-,,−,−,−,-,−,−,-,–,-,-
,,-,-,-,-,-,-,-,-,-,-,,−,−,−,-,−,−,-,–,-,-,,−,−,−,-,−,−,-,–,-,-
,,-,-,-,-,-,-,-,-,-,-,,−,−,−,-,−,−,-,–,-,-,,−,−,−,-,−,−,-,–,-,-
,,-,-,-,-,-,-,-,-,-,-,,−,−,−,-,−,−,-,–,-,-,,−,−,−,-,−,−,-,–,-,-
,,-,-,-,-,-,-,-,-,-,-,,−,−,−,-,−,−,-,–,-,-,,−,−,−,-,−,−,-,–,-,-
,,-,-,-,-,-,-,-,-,-,-,,−,−,−,-,−,−,-,–,-,-,,−,−,−,-,−,−,-,–,-,-
,,-,-,-,-,-,-,-,-,-,-,,−,−,−,-,−,−,-,–,-,-,,−,−,−,-,−,−,-,–,-,-
,,-,-,-,-,-,-,-,-,-,-,,−,−,−,-,−,−,-,–,-,-,,−,−,−,-,−,−,-,–,-,-
,,-,-,-,-,-,-,-,-,-,-,,−,−,−,-,−,−,-,–,-,-,,−,−,−,-,−,−,-,–,-,-
,,-,-,-,-,-,-,-,-,-,-,,−,−,−,-,−,−,-,–,-,-,,−,−,−,-,−,−,-,–,-,-
,,-,-,-,-,-,-,-,-,-,-,,−,−,−,-,−,−,-,–,-,-,,−,−,−,-,−,−,-,–,-,-
,,-,-,-,-,-,-,-,-,-,-,,−,−,−,-,−,−,-,–,-,-,,−,−,−,-,−,−,-,–,-,-
,,-,-,-,-,-,-,-,-,-,-,,−,−,−,-,−,−,-,–,-,-,,−,−,−,-,−,−,-,–,-,-
,,-,-,-,-,-,-,-,-,-,-,,−,−,−,-,−,−,-,–,-,-,,−,−,−,-,−,−,-,–,-,-
,,-,-,-,-,-,-,-,-,-,-,,−,−,−,-,−,−,-,–,-,-,,−,−,−,-,−,−,-,–,-,-
,,-,-,-,-,-,-,-,-,-,-,,−,−,−,-,−,−,-,–,-,-,,−,−,−,-,−,−,-,–,-,-
,,-,-,-,-,-,-,-,-,-,-,,−,−,−,-,−,−,-,–,-,-,,−,−,−,-,−,−,-,–,-,-
,,-,-,-,-,-,-,-,-,-,-,,−,−,−,-,−,−,-,–,-,-,,−,−,−,-,−,−,-,–,-,-
,,-,-,-,-,-,-,-,-,-,-,,−,−,−,-,−,−,-,–,-,-,,−,−,−,-,−,−,-,–,-,-
,,-,-,-,-,-,-,-,-,-,-,,−,−,−,-,−,−,-,–,-,-,,−,−,−,-,−,−,-,–,-,-
,,-,-,-,-,-,-,-,-,-,-,,−,−,−,-,−,−,-,–,-,-,,−,−,−,-,−,−,-,–,-,-
,,-,-,-,-,-,-,-,-,-,-,,−,−,−,-,−,−,-,–,-,-,,−,−,−,-,−,−,-,–,-,-
,,-,-,-,-,-,-,-,-,-,-,,−,−,−,-,−,−,-,–,-,-,,−,−,−,-,−,−,-,–,-,-
,,-,-,-,-,-,-,-,-,-,-,,−,−,−,-,−,−,-,–,-,-,,−,−,−,-,−,−,-,–,-,-
,,-,-,-,-,-,-,-,-,-,-,,−,−,−,-,−,−,-,–,-,-,,−,−,−,-,−,−,-,–,-,-
,,-,-,-,-,-,-,-,-,-,-,,−,−,−,-,−,−,-,–,-,-,,−,−,−,-,−,−,-,–,-,-
,,-,-,-,-,-,-,-,-,-,-,,−,−,−,-,−,−,-,–,-,-,,−,−,−,-,−,−,-,–,-,-
,,-,-,-,-,-,-,-,-,-,-,,−,−,−,-,−,−,-,–,-,-,,−,−,−,-,−,−,-,–,-,-
,,-,-,-,-,-,-,-,-,-,-,,−,−,−,-,−,−,-,–,-,-,,−,−,−,-,−,−,-,–,-,-
,,-,-,-,-,-,-,-,-,-,-,,−,−,−,-,−,−,-,–,-,-,,−,−,−,-,−,−,-,–,-,-
,,-,-,-,-,-,-,-,-,-,-,,−,−,−,-,−,−,-,–,-,-,,−,−,−,-,−,−,-,–,-,-
,,-,-,-,-,-,-,-,-,-,-,,−,−,−,-,−,−,-,–,-,-,,−,−,−,-,−,−,-,–,-,-
,,-,-,-,-,-,-,-,-,-,-,,−,−,−,-,−,−,-,–,-,-,,−,−,−,-,−,−,-,–,-,-
,,-,-,-,-,-,-,-,-,-,-,,−,−,−,-,−,−,-,–,-,-,,−,−,−,-,−,−,-,–,-,-
,,-,-,-,-,-,-,-,-,-,-,,−,−,−,-,−,−,-,–,-,-,,−,−,−,-,−,−,-,–,-,-
,,-,-,-,-,-,-,-,-,-,-,,−,−,−,-,−,−,-,–,-,-,,−,−,−,-,−,−,-,–,-,-
,,-,-,-,-,-,-,-,-,-,-,,−,−,−,-,−,−,-,–,-,-,,−,−,−,-,−,−,-,–,-,-
,,-,-,-,-,-,-,-,-,-,-,,−,−,−,-,−,−,-,–,-,-,,−,−,−,-,−,−,-,–,-,-
,,-,-,-,-,-,-,-,-,-,-,,−,−,−,-,−,−,-,–,-,-,,−,−,−,-,−,−,-,–,-,-
,,-,-,-,-,-,-,-,-,-,-,,−,−,−,-,−,−,-,–,-,-,,−,−,−,-,−,−,-,–,-,-
,,-,-,-,-,-,-,-,-,-,-,,−,−,−,-,−,−,-,–,-,-,,−,−,−,-,−,−,-,–,-,-
,,-,-,-,-,-,-,-,-,-,-,,−,−,−,-,−,−,-,–,-,-,,−,−,−,-,−,−,-,–,-,-
,,-,-,-,-,-,-,-,-,-,-,,−,−,−,-,−,−,-,–,-,-,,−,−,−,-,−,−,-,–,-,-
,,-,-,-,-,-,-,-,-,-,-,,−,−,−,-,−,−,-,–,-,-,,−,−,−,-,−,−,-,–,-,-
,,-,-,-,-,-,-,-,-,-,-,,−,−,−,-,−,−,-,–,-,-,,−,−,−,-,−,−,-,–,-,-
,,-,-,-,-,-,-,-,-,-,-,,−,−,−,-,−,−,-,–,-,-,,−,−,−,-,−,−,-,–,-,-
,,-,-,-,-,-,-,-,-,-,-,,−,−,−,-,−,−,-,–,-,-,,−,−,−,-,−,−,-,–,-,-
,,-,-,-,-,-,-,-,-,-,-,,−,−,−,-,−,−,-,–,-,-,,−,−,−,-,−,−,-,–,-,-
,,-,-,-,-,-,-,-,-,-,-,,−,−,−,-,−,−,-,–,-,-,,−,−,−,-,−,−,-,–,-,-
,,-,-,-,-,-,-,-,-,-,-,,−,−,−,-,−,−,-,–,-,-,,−,−,−,-,−,−,-,–,-,-
,,-,-,-,-,-,-,-,-,-,-,,−,−,−,-,−,−,-,–,-,-,,−,−,−,-,−,−,-,–,-,-
,,-,-,-,-,-,-,-,-,-,-,,−,−,−,-,−,−,-,–,-,-,,−,−,−,-,−,−,-,–,-,-
,,-,-,-,-,-,-,-,-,-,-,,−,−,−,-,−,−,-,–,-,-,,−,−,−,-,−,−,-,–,-,-
,,-,-,-,-,-,-,-,-,-,-,,−,−,−,-,−,−,-,–,-,-,,−,−,−,-,−,−,-,–,-,-
,,-,-,-,-,-,-,-,-,-,-,,−,−,−,-,−,−,-,–,-,-,,−,−,−,-,−,−,-,–,-,-
,,-,-,-,-,-,-,-,-,-,-,,−,−,−,-,−,−,-,–,-,-,,−,−,−,-,−,−,-,–,-,-
,,-,-,-,-,-,-,-,-,-,-,,−,−,−,-,−,−,-,–,-,-,,−,−,−,-,−,−,-,–,-,-
,,-,-,-,-,-,-,-,-,-,-,,−,−,−,-,−,−,-,–,-,-,,−,−,−,-,−,−,-,–,-,-
,,-,-,-,-,-,-,-,-,-,-,,−,−,−,-,−,−,-,–,-,-,,−,−,−,-,−,−,-,–,-,-
,,-,-,-,-,-,-,-,-,-,-,,−,−,−,-,−,−,-,–,-,-,,−,−,−,-,−,−,-,–,-,-
,,-,-,-,-,-,-,-,-,-,-,,−,−,−,-,−,−,-,–,-,-,,−,−,−,-,−,−,-,–,-,-
,,-,-,-,-,-,-,-,-,-,-,,−,−,−,-,−,−,-,–,-,-,,−,−,−,-,−,−,-,–,-,-
,,-,-,-,-,-,-,-,-,-,-,,−,−,−,-,−,−,-,–,-,-,,−,−,−,-,−,−,-,–,-,-
,,-,-,-,-,-,-,-,-,-,-,,−,−,−,-,−,−,-,–,-,-,,−,−,−,-,−,−,-,–,-,-
,,-,-,-,-,-,-,-,-,-,-,,−,−,−,-,−,−,-,–,-,-,,−,−,−,-,−,−,-,–,-,-
,,-,-,-,-,-,-,-,-,-,-,,−,−,−,-,−,−,-,–,-,-,,−,−,−,-,−,−,-,–,-,-
,,-,-,-,-,-,-,-,-,-,-,,−,−,−,-,−,−,-,–,-,-,,−,−,−,-,−,−,-,–,-,-
,,-,-,-,-,-,-,-,-,-,-,,−,−,−,-,−,−,-,–,-,-,,−,−,−,-,−,−,-,–,-,-
,,-,-,-,-,-,-,-,-,-,-,,−,−,−,-,−,−,-,–,-,-,,−,−,−,-,−,−,-,–,-,-
,,-,-,-,-,-,-,-,-,-,-,,−,−,−,-,−,−,-,–,-,-,,−,−,−,-,−,−,-,–,-,-
,,-,-,-,-,-,-,-,-,-,-,,−,−,−,-,−,−,-,–,-,-,,−,−,−,-,−,−,-,–,-,-
,,-,-,-,-,-,-,-,-,-,-,,−,−,−,-,−,−,-,–,-,-,,−,−,−,-,−,−,-,–,-,-
,,-,-,-,-,-,-,-,-,-,-,,−,−,−,-,−,−,-,–,-,-,,−,−,−,-,−,−,-,–,-,-
,,-,-,-,-,-,-,-,-,-,-,,−,−,−,-,−,−,-,–,-,-,,−,−,−,-,−,−,-,–,-,-
,,-,-,-,-,-,-,-,-,-,-,,−,−,−,-,−,−,-,–,-,-,,−,−,−,-,−,−,-,–,-,-
,,-,-,-,-,-,-,-,-,-,-,,−,−,−,-,−,−,-,–,-,-,,−,−,−,-,−,−,-,–,-,-
,,-,-,-,-,-,-,-,-,-,-,,−,−,−,-,−,−,-,–,-,-,,−,−,−,-,−,−,-,–,-,-
,,-,-,-,-,-,-,-,-,-,-,,−,−,−,-,−,−,-,–,-,-,,−,−,−,-,−,−,-,–,-,-
,,-,-,-,-,-,-,-,-,-,-,,−,−,−,-,−,−,-,–,-,-,,−,−,−,-,−,−,-,–,-,-
,,-,-,-,-,-,-,-,-,-,-,,−,−,−,-,−,−,-,–,-,-,,−,−,−,-,−,−,-,–,-,-
,,-,-,-,-,-,-,-,-,-,-,,−,−,−,-,−,−,-,–,-,-,,−,−,−,-,−,−,-,–,-,-
,,-,-,-,-,-,-,-,-,-,-,,−,−,−,-,−,−,-,–,-,-,,−,−,−,-,−,−,-,–,-,-
,,-,-,-,-,-,-,-,-,-,-,,−,−,−,-,−,−,-,–,-,-,,−,−,−,-,−,−,-,–,-,-
,,-,-,-,-,-,-,-,-,-,-,,−,−,−,-,−,−,-,–,-,-,,−,−,−,-,−,−,-,–,-,-
,,-,-,-,-,-,-,-,-,-,-,,−,−,−,-,−,−,-,–,-,-,,−,−,−,-,−,−,-,–,-,-
,,-,-,-,-,-,-,-,-,-,-,,−,−,−,-,−,−,-,–,-,-,,−,−,−,-,−,−,-,–,-,-
,,-,-,-,-,-,-,-,-,-,-,,−,−,−,-,−,−,-,–,-,-,,−,−,−,-,−,−,-,–,-,-
,,-,-,-,-,-,-,-,-,-,-,,−,−,−,-,−,−,-,–,-,-,,−,−,−,-,−,−,-,–,-,-
,,-,-,-,-,-,-,-,-,-,-,,−,−,−,-,−,−,-,–,-,-,,−,−,−,-,−,−,-,–,-,-
,,-,-,-,-,-,-,-,-,-,-,,−,−,−,-,−,−,-,–,-,-,,−,−,−,-,−,−,-,–,-,-
,,-,-,-,-,-,-,-,-,-,-,,−,−,−,-,−,−,-,–,-,-,,−,−,−,-,−,−,-,–,-,-
,,-,-,-,-,-,-,-,-,-,-,,−,−,−,-,−,−,-,–,-,-,,−,−,−,-,−,−,-,–,-,-
,,-,-,-,-,-,-,-,-,-,-,,−,−,−,-,−,−,-,–,-,-,,−,−,−,-,−,−,-,–,-,-
,,-,-,-,-,-,-,-,-,-,-,,−,−,−,-,−,−,-,–,-,-,,−,−,−,-,−,−,-,–,-,-
,,-,-,-,-,-,-,-,-,-,-,,−,−,−,-,−,−,-,–,-,-,,−,−,−,-,−,−,-,–,-,-
,,-,-,-,-,-,-,-,-,-,-,,−,−,−,-,−,−,-,–,-,-,,−,−,−,-,−,−,-,–,-,-
,,-,-,-,-,-,-,-,-,-,-,,−,−,−,-,−,−,-,–,-,-,,−,−,−,-,−,−,-,–,-,-
,,-,-,-,-,-,-,-,-,-,-,,−,−,−,-,−,−,-,–,-,-,,−,−,−,-,−,−,-,–,-,-
,,-,-,-,-,-,-,-,-,-,-,,−,−,−,-,−,−,-,–,-,-,,−,−,−,-,−,−,-,–,-,-
,,-,-,-,-,-,-,-,-,-,-,,−,−,−,-,−,−,-,–,-,-,,−,−,−,-,−,−,-,–,-,-
,,-,-,-,-,-,-,-,-,-,-,,−,−,−,-,−,−,-,–,-,-,,−,−,−,-,−,−,-,–,-,-
,,-,-,-,-,-,-,-,-,-,-,,−,−,−,-,−,−,-,–,-,-,,−,−,−,-,−,−,-,–,-,-
,,-,-,-,-,-,-,-,-,-,-,,−,−,−,-,−,−,-,–,-,-,,−,−,−,-,−,−,-,–,-,-
,,-,-,-,-,-,-,-,-,-,-,,−,−,−,-,−,−,-,–,-,-,,−,−,−,-,−,−,-,–,-,-
,,-,-,-,-,-,-,-,-,-,-,,−,−,−,-,−,−,-,–,-,-,,−,−,−,-,−,−,-,–,-,-
,,-,-,-,-,-,-,-,-,-,-,,−,−,−,-,−,−,-,–,-,-,,−,−,−,-,−,−,-,–,-,-
,,-,-,-,-,-,-,-,-,-,-,,−,−,−,-,−,−,-,–,-,-,,−,−,−,-,−,−,-,–,-,-
,,-,-,-,-,-,-,-,-,-,-,,−,−,−,-,−,−,-,–,-,-,,−,−,−,-,−,−,-,–,-,-
,,-,-,-,-,-,-,-,-,-,-,,−,−,−,-,−,−,-,–,-,-,,−,−,−,-,−,−,-,–,-,-
,,-,-,-,-,-,-,-,-,-,-,,−,−,−,-,−,−,-,–,-,-,,−,−,−,-,−,−,-,–,-,-
,,-,-,-,-,-,-,-,-,-,-,,−,−,−,-,−,−,-,–,-,-,,−,−,−,-,−,−,-,–,-,-
,,-,-,-,-,-,-,-,-,-,-,,−,−,−,-,−,−,-,–,-,-,,−,−,−,-,−,−,-,–,-,-
,,-,-,-,-,-,-,-,-,-,-,,−,−,−,-,−,−,-,–,-,-,,−,−,−,-,−,−,-,–,-,-
,,-,-,-,-,-,-,-,-,-,-,,−,−,−,-,−,−,-,–,-,-,,−,−,−,-,−,−,-,–,-,-
,,-,-,-,-,-,-,-,-,-,-,,−,−,−,-,−,−,-,–,-,-,,−,−,−,-,−,−,-,–,-,-
,,-,-,-,-,-,-,-,-,-,-,,−,−,−,-,−,−,-,–,-,-,,−,−,−,-,−,−,-,–,-,-
,,-,-,-,-,-,-,-,-,-,-,,−,−,−,-,−,−,-,–,-,-,,−,−,−,-,−,−,-,–,-,-
,,-,-,-,-,-,-,-,-,-,-,,−,−,−,-,−,−,-,–,-,-,,−,−,−,-,−,−,-,–,-,-
,,-,-,-,-,-,-,-,-,-,-,,−,−,−,-,−,−,-,–,-,-,,−,−,−,-,−,−,-,–,-,-
,,-,-,-,-,-,-,-,-,-,-,,−,−,−,-,−,−,-,–,-,-,,−,−,−,-,−,−,-,–,-,-
,,-,-,-,-,-,-,-,-,-,-,,−,−,−,-,−,−,-,–,-,-,,−,−,−,-,−,−,-,–,-,-
,,-,-,-,-,-,-,-,-,-,-,,−,−,−,-,−,−,-,–,-,-,,−,−,−,-,−,−,-,–,-,-
,,-,-,-,-,-,-,-,-,-,-,,−,−,−,-,−,−,-,–,-,-,,−,−,−,-,−,−,-,–,-,-
,,-,-,-,-,-,-,-,-,-,-,,−,−,−,-,−,−,-,–,-,-,,−,−,−,-,−,−,-,–,-,-
,,-,-,-,-,-,-,-,-,-,-,,−,−,−,-,−,−,-,–,-,-,,−,−,−,-,−,−,-,–,-,-
,,-,-,-,-,-,-,-,-,-,-,,−,−,−,-,−,−,-,–,-,-,,−,−,−,-,−,−,-,–,-,-
,,-,-,-,-,-,-,-,-,-,-,,−,−,−,-,−,−,-,–,-,-,,−,−,−,-,−,−,-,–,-,-
,,-,-,-,-,-,-,-,-,-,-,,−,−,−,-,−,−,-,–,-,-,,−,−,−,-,−,−,-,–,-,-
,,-,-,-,-,-,-,-,-,-,-,,−,−,−,-,−,−,-,–,-,-,,−,−,−,-,−,−,-,–,-,-
,,-,-,-,-,-,-,-,-,-,-,,−,−,−,-,−,−,-,–,-,-,,−,−,−,-,−,−,-,–,-,-
,,-,-,-,-,-,-,-,-,-,-,,−,−,−,-,−,−,-,–,-,-,,−,−,−,-,−,−,-,–,-,-
,,-,-,-,-,-,-,-,-,-,-,,−,−,−,-,−,−,-,–,-,-,,−,−,−,-,−,−,-,–,-,-
,,-,-,-,-,-,-,-,-,-,-,,−,−,−,-,−,−,-,–,-,-,,−,−,−,-,−,−,-,–,-,-
,,-,-,-,-,-,-,-,-,-,-,,−,−,−,-,−,−,-,–,-,-,,−,−,−,-,−,−,-,–,-,-
,,-,-,-,-,-,-,-,-,-,-,,−,−,−,-,−,−,-,–,-,-,,−,−,−,-,−,−,-,–,-,-
,,-,-,-,-,-,-,-,-,-,-,,−,−,−,-,−,−,-,–,-,-,,−,−,−,-,−,−,-,–,-,-
,,-,-,-,-,-,-,-,-,-,-,,−,−,−,-,−,−,-,–,-,-,,−,−,−,-,−,−,-,–,-,-
,,-,-,-,-,-,-,-,-,-,-,,−,−,−,-,−,−,-,–,-,-,,−,−,−,-,−,−,-,–,-,-
,,-,-,-,-,-,-,-,-,-,-,,−,−,−,-,−,−,-,–,-,-,,−,−,−,-,−,−,-,–,-,-
,,-,-,-,-,-,-,-,-,-,-,,−,−,−,-,−,−,-,–,-,-,,−,−,−,-,−,−,-,–,-,-
,,-,-,-,-,-,-,-,-,-,-,,−,−,−,-,−,−,-,–,-,-,,−,−,−,-,−,−,-,–,-,-
,,-,-,-,-,-,-,-,-,-,-,,−,−,−,-,−,−,-,–,-,-,,−,−,−,-,−,−,-,–,-,-
,,-,-,-,-,-,-,-,-,-,-,,−,−,−,-,−,−,-,–,-,-,,−,−,−,-,−,−,-,–,-,-
,,-,-,-,-,-,-,-,-,-,-,,−,−,−,-,−,−,-,–,-,-,,−,−,−,-,−,−,-,–,-,-
,,-,-,-,-,-,-,-,-,-,-,,−,−,−,-,−,−,-,–,-,-,,−,−,−,-,−,−,-,–,-,-
,,-,-,-,-,-,-,-,-,-,-,,−,−,−,-,−,−,-,–,-,-,,−,−,−,-,−,−,-,–,-,-
,,-,-,-,-,-,-,-,-,-,-,,−,−,−,-,−,−,-,–,-,-,,−,−,−,-,−,−,-,–,-,-
,,-,-,-,-,-,-,-,-,-,-,,−,−,−,-,−,−,-,–,-,-,,−,−,−,-,−,−,-,–,-,-
,,-,-,-,-,-,-,-,-,-,-,,−,−,−,-,−,−,-,–,-,-,,−,−,−,-,−,−,-,–,-,-
,,-,-,-,-,-,-,-,-,-,-,,−,−,−,-,−,−,-,–,-,-,,−,−,−,-,−,−,-,–,-,-
,,-,-,-,-,-,-,-,-,-,-,,−,−,−,-,−,−,-,–,-,-,,−,−,−,-,−,−,-,–,-,-
,,-,-,-,-,-,-,-,-,-,-,,−,−,−,-,−,−,-,–,-,-,,−,−,−,-,−,−,-,–,-,-
,,-,-,-,-,-,-,-,-,-,-,,−,−,−,-,−,−,-,–,-,-,,−,−,−,-,−,−,-,–,-,-
,,-,-,-,-,-,-,-,-,-,-,,−,−,−,-,−,−,-,–,-,-,,−,−,−,-,−,−,-,–,-,-
,,-,-,-,-,-,-,-,-,-,-,,−,−,−,-,−,−,-,–,-,-,,−,−,−,-,−,−,-,–,-,-
,,-,-,-,-,-,-,-,-,-,-,,−,−,−,-,−,−,-,–,-,-,,−,−,−,-,−,−,-,–,-,-
,,-,-,-,-,-,-,-,-,-,-,,−,−,−,-,−,−,-,–,-,-,,−,−,−,-,−,−,-,–,-,-
,,-,-,-,-,-,-,-,-,-,-,,−,−,−,-,−,−,-,–,-,-,,−,−,−,-,−,−,-,–,-,-
,,-,-,-,-,-,-,-,-,-,-,,−,−,−,-,−,−,-,–,-,-,,−,−,−,-,−,−,-,–,-,-
,,-,-,-,-,-,-,-,-,-,-,,−,−,−,-,−,−,-,–,-,-,,−,−,−,-,−,−,-,–,-,-
,,-,-,-,-,-,-,-,-,-,-,,−,−,−,-,−,−,-,–,-,-,,−,−,−,-,−,−,-,–,-,-
,,-,-,-,-,-,-,-,-,-,-,,−,−,−,-,−,−,-,–,-,-,,−,−,−,-,−,−,-,–,-,-
,,-,-,-,-,-,-,-,-,-,-,,−,−,−,-,−,−,-,–,-,-,,−,−,−,-,−,−,-,–,-,-
,,-,-,-,-,-,-,-,-,-,-,,−,−,−,-,−,−,-,–,-,-,,−,−,−,-,−,−,-,–,-,-
,,-,-,-,-,-,-,-,-,-,-,,−,−,−,-,−,−,-,–,-,-,,−,−,−,-,−,−,-,–,-,-
,,-,-,-,-,-,-,-,-,-,-,,−,−,−,-,−,−,-,–,-,-,,−,−,−,-,−,−,-,–,-,-
,,-,-,-,-,-,-,-,-,-,-,,−,−,−,-,−,−,-,–,-,-,,−,−,−,-,−,−,-,–,-,-
,,-,-,-,-,-,-,-,-,-,-,,−,−,−,-,−,−,-,–,-,-,,−,−,−,-,−,−,-,–,-,-
,,-,-,-,-,-,-,-,-,-,-,,−,−,−,-,−,−,-,–,-,-,,−,−,−,-,−,−,-,–,-,-
,,-,-,-,-,-,-,-,-,-,-,,−,−,−,-,−,−,-,–,-,-,,−,−,−,-,−,−,-,–,-,-
,,-,-,-,-,-,-,-,-,-,-,,−,−,−,-,−,−,-,–,-,-,,−,−,−,-,−,−,-,–,-,-
,,-,-,-,-,-,-,-,-,-,-,,−,−,−,-,−,−,-,–,-,-,,−,−,−,-,−,−,-,–,-,-
,,-,-,-,-,-,-,-,-,-,-,,−,−,−,-,−,−,-,–,-,-,,−,−,−,-,−,−,-,–,-,-
,,-,-,-,-,-,-,-,-,-,-,,−,−,−,-,−,−,-,–,-,-,,−,−,−,-,−,−,-,–,-,-
,,-,-,-,-,-,-,-,-,-,-,,−,−,−,-,−,−,-,–,-,-,,−,−,−,-,−,−,-,–,-,-
,,-,-,-,-,-,-,-,-,-,-,,−,−,−,-,−,−,-,–,-,-,,−,−,−,-,−,−,-,–,-,-
,,-,-,-,-,-,-,-,-,-,-,,−,−,−,-,−,−,-,–,-,-,,−,−,−,-,−,−,-,–,-,-
,,-,-,-,-,-,-,-,-,-,-,,−,−,−,-,−,−,-,–,-,-,,−,−,−,-,−,−,-,–,-,-
,,-,-,-,-,-,-,-,-,-,-,,−,−,−,-,−,−,-,–,-,-,,−,−,−,-,−,−,-,–,-,-
,,-,-,-,-,-,-,-,-,-,-,,−,−,−,-,−,−,-,–,-,-,,−,−,−,-,−,−,-,–,-,-
,,-,-,-,-,-,-,-,-,-,-,,−,−,−,-,−,−,-,–,-,-,,−,−,−,-,−,−,-,–,-,-
,,-,-,-,-,-,-,-,-,-,-,,−,−,−,-,−,−,-,–,-,-,,−,−,−,-,−,−,-,–,-,-
,,-,-,-,-,-,-,-,-,-,-,,−,−,−,-,−,−,-,–,-,-,,−,−,−,-,−,−,-,–,-,-
,,-,-,-,-,-,-,-,-,-,-,,−,−,−,-,−,−,-,–,-,-,,−,−,−,-,−,−,-,–,-,-
,,-,-,-,-,-,-,-,-,-,-,,−,−,−,-,−,−,-,–,-,-,,−,−,−,-,−,−,-,–,-,-
,,-,-,-,-,-,-,-,-,-,-,,−,−,−,-,−,−,-,–,-,-,,−,−,−,-,−,−,-,–,-,-
,,-,-,-,-,-,-,-,-,-,-,,−,−,−,-,−,−,-,–,-,-,,−,−,−,-,−,−,-,–,-,-
,,-,-,-,-,-,-,-,-,-,-,,−,−,−,-,−,−,-,–,-,-,,−,−,−,-,−,−,-,–,-,-
,,-,-,-,-,-,-,-,-,-,-,,−,−,−,-,−,−,-,–,-,-,,−,−,−,-,−,−,-,–,-,-
,,-,-,-,-,-,-,-,-,-,-,,−,−,−,-,−,−,-,–,-,-,,−,−,−,-,−,−,-,–,-,-
,,-,-,-,-,-,-,-,-,-,-,,−,−,−,-,−,−,-,–,-,-,,−,−,−,-,−,−,-,–,-,-
,,-,-,-,-,-,-,-,-,-,-,,−,−,−,-,−,−,-,–,-,-,,−,−,−,-,−,−,-,–,-,-
,,-,-,-,-,-,-,-,-,-,-,,−,−,−,-,−,−,-,–,-,-,,−,−,−,-,−,−,-,–,-,-
,,-,-,-,-,-,-,-,-,-,-,,−,−,−,-,−,−,-,–,-,-,,−,−,−,-,−,−,-,–,-,-
,,-,-,-,-,-,-,-,-,-,-,,−,−,−,-,−,−,-,–,-,-,,−,−,−,-,−,−,-,–,-,-
,,-,-,-,-,-,-,-,-,-,-,,−,−,−,-,−,−,-,–,-,-,,−,−,−,-,−,−,-,–,-,-
,,-,-,-,-,-,-,-,-,-,-,,−,−,−,-,−,−,-,–,-,-,,−,−,−,-,−,−,-,–,-,-
,,-,-,-,-,-,-,-,-,-,-,,−,−,−,-,−,−,-,–,-,-,,−,−,−,-,−,−,-,–,-,-
,,-,-,-,-,-,-,-,-,-,-,,−,−,−,-,−,−,-,–,-,-,,−,−,−,-,−,−,-,–,-,-
,,-,-,-,-,-,-,-,-,-,-,,−,−,−,-,−,−,-,–,-,-,,−,−,−,-,−,−,-,–,-,-
,,-,-,-,-,-,-,-,-,-,-,,−,−,−,-,−,−,-,–,-,-,,−,−,−,-,−,−,-,–,-,-
,,-,-,-,-,-,-,-,-,-,-,,−,−,−,-,−,−,-,–,-,-,,−,−,−,-,−,−,-,–,-,-
,,-,-,-,-,-,-,-,-,-,-,,−,−,−,-,−,−,-,–,-,-,,−,−,−,-,−,−,-,–,-,-
,,-,-,-,-,-,-,-,-,-,-,,−,−,−,-,−,−,-,–,-,-,,−,−,−,-,−,−,-,–,-,-
,,-,-,-,-,-,-,-,-,-,-,,−,−,−,-,−,−,-,–,-,-,,−,−,−,-,−,−,-,–,-,-
,,-,-,-,-,-,-,-,-,-,-,,−,−,−,-,−,−,-,–,-,-,,−,−,−,-,−,−,-,–,-,-
,,-,-,-,-,-,-,-,-,-,-,,−,−,−,-,−,−,-,–,-,-,,−,−,−,-,−,−,-,–,-,-
,,-,-,-,-,-,-,-,-,-,-,,−,−,−,-,−,−,-,–,-,-,,−,−,−,-,−,−,-,–,-,-
,,-,-,-,-,-,-,-,-,-,-,,−,−,−,-,−,−,-,–,-,-,,−,−,−,-,−,−,-,–,-,-
,,-,-,-,-,-,-,-,-,-,-,,−,−,−,-,−,−,-,–,-,-,,−,−,−,-,−,−,-,–,-,-
,,-,-,-,-,-,-,-,-,-,-,,−,−,−,-,−,−,-,–,-,-,,−,−,−,-,−,−,-,–,-,-
,,-,-,-,-,-,-,-,-,-,-,,−,−,−,-,−,−,-,–,-,-,,−,−,−,-,−,−,-,–,-,-
,,-,-,-,-,-,-,-,-,-,-,,−,−,−,-,−,−,-,–,-,-,,−,−,−,-,−,−,-,–,-,-
,,-,-,-,-,-,-,-,-,-,-,,−,−,−,-,−,−,-,–,-,-,,−,−,−,-,−,−,-,–,-,-
,,-,-,-,-,-,-,-,-,-,-,,−,−,−,-,−,−,-,–,-,-,,−,−,−,-,−,−,-,–,-,-
,,-,-,-,-,-,-,-,-,-,-,,−,−,−,-,−,−,-,–,-,-,,−,−,−,-,−,−,-,–,-,-
,,-,-,-,-,-,-,-,-,-,-,,−,−,−,-,−,−,-,–,-,-,,−,−,−,-,−,−,-,–,-,-
,,-,-,-,-,-,-,-,-,-,-,,−,−,−,-,−,−,-,–,-,-,,−,−,−,-,−,−,-,–,-,-
,,-,-,-,-,-,-,-,-,-,-,,−,−,−,-,−,−,-,–,-,-,,−,−,−,-,−,−,-,–,-,-
,,-,-,-,-,-,-,-,-,-,-,,−,−,−,-,−,−,-,–,-,-,,−,−,−,-,−,−,-,–,-,-
,,-,-,-,-,-,-,-,-,-,-,,−,−,−,-,−,−,-,–,-,-,,−,−,−,-,−,−,-,–,-,-
,,-,-,-,-,-,-,-,-,-,-,,−,−,−,-,−,−,-,–,-,-,,−,−,−,-,−,−,-,–,-,-
,,-,-,-,-,-,-,-,-,-,-,,−,−,−,-,−,−,-,–,-,-,,−,−,−,-,−,−,-,–,-,-
,,-,-,-,-,-,-,-,-,-,-,,−,−,−,-,−,−,-,–,-,-,,−,−,−,-,−,−,-,–,-,-
,,-,-,-,-,-,-,-,-,-,-,,−,−,−,-,−,−,-,–,-,-,,−,−,−,-,−,−,-,–,-,-
,,-,-,-,-,-,-,-,-,-,-,,−,−,−,-,−,−,-,–,-,-,,−,−,−,-,−,−,-,–,-,-
,,-,-,-,-,-,-,-,-,-,-,,−,−,−,-,−,−,-,–,-,-,,−,−,−,-,−,−,-,–,-,-
,,-,-,-,-,-,-,-,-,-,-,,−,−,−,-,−,−,-,–,-,-,,−,−,−,-,−,−,-,–,-,-
,,-,-,-,-,-,-,-,-,-,-,,−,−,−,-,−,−,-,–,-,-,,−,−,−,-,−,−,-,–,-,-
,,-,-,-,-,-,-,-,-,-,-,,−,−,−,-,−,−,-,–,-,-,,−,−,−,-,−,−,-,–,-,-
,,-,-,-,-,-,-,-,-,-,-,,−,−,−,-,−,−,-,–,-,-,,−,−,−,-,−,−,-,–,-,-
,,-,-,-,-,-,-,-,-,-,-,,−,−,−,-,−,−,-,–,-,-,,−,−,−,-,−,−,-,–,-,-
,,-,-,-,-,-,-,-,-,-,-,,−,−,−,-,−,−,-,–,-,-,,−,−,−,-,−,−,-,–,-,-
,,-,-,-,-,-,-,-,-,-,-,,−,−,−,-,−,−,-,–,-,-,,−,−,−,-,−,−,-,–,-,-
,,-,-,-,-,-,-,-,-,-,-,,−,−,−,-,−,−,-,–,-,-,,−,−,−,-,−,−,-,–,-,-
,,-,-,-,-,-,-,-,-,-,-,,−,−,−,-,−,−,-,–,-,-,,−,−,−,-,−,−,-,–,-,-
,,-,-,-,-,-,-,-,-,-,-,,−,−,−,-,−,−,-,–,-,-,,−,−,−,-,−,−,-,–,-,-
,,-,-,-,-,-,-,-,-,-,-,,−,−,−,-,−,−,-,–,-,-,,−,−,−,-,−,−,-,–,-,-
,,-,-,-,-,-,-,-,-,-,-,,−,−,−,-,−,−,-,–,-,-,,−,−,−,-,−,−,-,–,-,-
,,-,-,-,-,-,-,-,-,-,-,,−,−,−,-,−,−,-,–,-,-,,−,−,−,-,−,−,-,–,-,-
,,-,-,-,-,-,-,-,-,-,-,,−,−,−,-,−,−,-,–,-,-,,−,−,−,-,−,−,-,–,-,-
,,-,-,-,-,-,-,-,-,-,-,,−,−,−,-,−,−,-,–,-,-,,−,−,−,-,−,−,-,–,-,-
,,-,-,-,-,-,-,-,-,-,-,,−,−,−,-,−,−,-,–,-,-,,−,−,−,-,−,−,-,–,-,-
,,-,-,-,-,-,-,-,-,-,-,,−,−,−,-,−,−,-,–,-,-,,−,−,−,-,−,−,-,–,-,-
,,-,-,-,-,-,-,-,-,-,-,,−,−,−,-,−,−,-,–,-,-,,−,−,−,-,−,−,-,–,-,-
,,-,-,-,-,-,-,-,-,-,-,,−,−,−,-,−,−,-,–,-,-,,−,−,−,-,−,−,-,–,-,-
,,-,-,-,-,-,-,-,-,-,-,,−,−,−,-,−,−,-,–,-,-,,−,−,−,-,−,−,-,–,-,-
,,-,-,-,-,-,-,-,-,-,-,,−,−,−,-,−,−,-,–,-,-,,−,−,−,-,−,−,-,–,-,-
,,-,-,-,-,-,-,-,-,-,-,,−,−,−,-,−,−,-,–,-,-,,−,−,−,-,−,−,-,–,-,-
,,-,-,-,-,-,-,-,-,-,-,,−,−,−,-,−,−,-,–,-,-,,−,−,−,-,−,−,-,–,-,-
,,-,-,-,-,-,-,-,-,-,-,,−,−,−,-,−,−,-,–,-,-,,−,−,−,-,−,−,-,–,-,-
,,-,-,-,-,-,-,-,-,-,-,,−,−,−,-,−,−,-,–,-,-,,−,−,−,-,−,−,-,–,-,-
,,-,-,-,-,-,-,-,-,-,-,,−,−,−,-,−,−,-,–,-,-,,−,−,−,-,−,−,-,–,-,-
,,-,-,-,-,-,-,-,-,-,-,,−,−,−,-,−,−,-,–,-,-,,−,−,−,-,−,−,-,–,-,-
,,-,-,-,-,-,-,-,-,-,-,,−,−,−,-,−,−,-,–,-,-,,−,−,−,-,−,−,-,–,-,-
,,-,-,-,-,-,-,-,-,-,-,,−,−,−,-,−,−,-,–,-,-,,−,−,−,-,−,−,-,–,-,-
,,-,-,-,-,-,-,-,-,-,-,,−,−,−,-,−,−,-,–,-,-,,−,−,−,-,−,−,-,–,-,-
,,-,-,-,-,-,-,-,-,-,-,,−,−,−,-,−,−,-,–,-,-,,−,−,−,-,−,−,-,–,-,-
,,-,-,-,-,-,-,-,-,-,-,,−,−,−,-,−,−,-,–,-,-,,−,−,−,-,−,−,-,–,-,-
,,-,-,-,-,-,-,-,-,-,-,,−,−,−,-,−,−,-,–,-,-,,−,−,−,-,−,−,-,–,-,-
,,-,-,-,-,-,-,-,-,-,-,,−,−,−,-,−,−,-,–,-,-,,−,−,−,-,−,−,-,–,-,-
,,-,-,-,-,-,-,-,-,-,-,,−,−,−,-,−,−,-,–,-,-,,−,−,−,-,−,−,-,–,-,-
,,-,-,-,-,-,-,-,-,-,-,,−,−,−,-,−,−,-,–,-,-,,−,−,−,-,−,−,-,–,-,-
,,-,-,-,-,-,-,-,-,-,-,,−,−,−,-,−,−,-,–,-,-,,−,−,−,-,−,−,-,–,-,-
,,-,-,-,-,-,-,-,-,-,-,,−,−,−,-,−,−,-,–,-,-,,−,−,−,-,−,−,-,–,-,-
,,-,-,-,-,-,-,-,-,-,-,,−,−,−,-,−,−,-,–,-,-,,−,−,−,-,−,−,-,–,-,-
,,-,-,-,-,-,-,-,-,-,-,,−,−,−,-,−,−,-,–,-,-,,−,−,−,-,−,−,-,–,-,-
,,-,-,-,-,-,-,-,-,-,-,,−,−,−,-,−,−,-,–,-,-,,−,−,−,-,−,−,-,–,-,-
,,-,-,-,-,-,-,-,-,-,-,,−,−,−,-,−,−,-,–,-,-,,−,−,−,-,−,−,-,–,-,-
,,-,-,-,-,-,-,-,-,-,-,,−,−,−,-,−,−,-,–,-,-,,−,−,−,-,−,−,-,–,-,-
,,-,-,-,-,-,-,-,-,-,-,,−,−,−,-,−,−,-,–,-,-,,−,−,−,-,−,−,-,–,-,-
,,-,-,-,-,-,-,-,-,-,-,,−,−,−,-,−,−,-,–,-,-,,−,−,−,-,−,−,-,–,-,-
,,-,-,-,-,-,-,-,-,-,-,,−,−,−,-,−,−,-,–,-,-,,−,−,−,-,−,−,-,–,-,-
,,-,-,-,-,-,-,-,-,-,-,,−,−,−,-,−,−,-,–,-,-,,−,−,−,-,−,−,-,–,-,-
,,-,-,-,-,-,-,-,-,-,-,,−,−,−,-,−,−,-,–,-,-,,−,−,−,-,−,−,-,–,-,-
,,-,-,-,-,-,-,-,-,-,-,,−,−,−,-,−,−,-,–,-,-,,−,−,−,-,−,−,-,–,-,-
,,-,-,-,-,-,-,-,-,-,-,,−,−,−,-,−,−,-,–,-,-,,−,−,−,-,−,−,-,–,-,-
,,-,-,-,-,-,-,-,-,-,-,,−,−,−,-,−,−,-,–,-,-,,−,−,−,-,−,−,-,–,-,-
,,-,-,-,-,-,-,-,-,-,-,,−,−,−,-,−,−,-,–,-,-,,−,−,−,-,−,−,-,–,-,-
,,-,-,-,-,-,-,-,-,-,-,,−,−,−,-,−,−,-,–,-,-,,−,−,−,-,−,−,-,–,-,-
,,-,-,-,-,-,-,-,-,-,-,,−,−,−,-,−,−,-,–,-,-,,−,−,−,-,−,−,-,–,-,-
,,-,-,-,-,-,-,-,-,-,-,,−,−,−,-,−,−,-,–,-,-,,−,−,−,-,−,−,-,–,-,-
,,-,-,-,-,-,-,-,-,-,-,,−,−,−,-,−,−,-,–,-,-,,−,−,−,-,−,−,-,–,-,-
,,-,-,-,-,-,-,-,-,-,-,,−,−,−,-,−,−,-,–,-,-,,−,−,−,-,−,−,-,–,-,-
,,-,-,-,-,-,-,-,-,-,-,,−,−,−,-,−,−,-,–,-,-,,−,−,−,-,−,−,-,–,-,-
,,-,-,-,-,-,-,-,-,-,-,,−,−,−,-,−,−,-,–,-,-,,−,−,−,-,−,−,-,–,-,-
,,-,-,-,-,-,-,-,-,-,-,,−,−,−,-,−,−,-,–,-,-,,−,−,−,-,−,−,-,–,-,-
,,-,-,-,-,-,-,-,-,-,-,,−,−,−,-,−,−,-,–,-,-,,−,−,−,-,−,−,-,–,-,-
,,-,-,-,-,-,-,-,-,-,-,,−,−,−,-,−,−,-,–,-,-,,−,−,−,-,−,−,-,–,-,-
,,-,-,-,-,-,-,-,-,-,-,,−,−,−,-,−,−,-,–,-,-,,−,−,−,-,−,−,-,–,-,-
,,-,-,-,-,-,-,-,-,-,-,,−,−,−,-,−,−,-,–,-,-,,−,−,−,-,−,−,-,–,-,-
,,-,-,-,-,-,-,-,-,-,-,,−,−,−,-,−,−,-,–,-,-,,−,−,−,-,−,−,-,–,-,-
,,-,-,-,-,-,-,-,-,-,-,,−,−,−,-,−,−,-,–,-,-,,−,−,−,-,−,−,-,–,-,-
,,-,-,-,-,-,-,-,-,-,-,,−,−,−,-,−,−,-,–,-,-,,−,−,−,-,−,−,-,–,-,-
,,-,-,-,-,-,-,-,-,-,-,,−,−,−,-,−,−,-,–,-,-,,−,−,−,-,−,−,-,–,-,-
,,-,-,-,-,-,-,-,-,-,-,,−,−,−,-,−,−,-,–,-,-,,−,−,−,-,−,−,-,–,-,-
,,-,-,-,-,-,-,-,-,-,-,,−,−,−,-,−,−,-,–,-,-,,−,−,−,-,−,−,-,–,-,-
,,-,-,-,-,-,-,-,-,-,-,,−,−,−,-,−,−,-,–,-,-,,−,−,−,-,−,−,-,–,-,-
,,-,-,-,-,-,-,-,-,-,-,,−,−,−,-,−,−,-,–,-,-,,−,−,−,-,−,−,-,–,-,-
,,-,-,-,-,-,-,-,-,-,-,,−,−,−,-,−,−,-,–,-,-,,−,−,−,-,−,−,-,–,-,-
,,-,-,-,-,-,-,-,-,-,-,,−,−,−,-,−,−,-,–,-,-,,−,−,−,-,−,−,-,–,-,-
,,-,-,-,-,-,-,-,-,-,-,,−,−,−,-,−,−,-,–,-,-,,−,−,−,-,−,−,-,–,-,-
,,-,-,-,-,-,-,-,-,-,-,,−,−,−,-,−,−,-,–,-,-,,−,−,−,-,−,−,-,–,-,-
,,-,-,-,-,-,-,-,-,-,-,,−,−,−,-,−,−,-,–,-,-,,−,−,−,-,−,−,-,–,-,-
,,-,-,-,-,-,-,-,-,-,-,,−,−,−,-,−,−,-,–,-,-,,−,−,−,-,−,−,-,–,-,-
,,-,-,-,-,-,-,-,-,-,-,,−,−,−,-,−,−,-,–,-,-,,−,−,−,-,−,−,-,–,-,-
,,-,-,-,-,-,-,-,-,-,-,,−,−,−,-,−,−,-,–,-,-,,−,−,−,-,−,−,-,–,-,-
,,-,-,-,-,-,-,-,-,-,-,,−,−,−,-,−,−,-,–,-,-,,−,−,−,-,−,−,-,–,-,-
,,-,-,-,-,-,-,-,-,-,-,,−,−,−,-,−,−,-,–,-,-,,−,−,−,-,−,−,-,–,-,-
,,-,-,-,-,-,-,-,-,-,-,,−,−,−,-,−,−,-,–,-,-,,−,−,−,-,−,−,-,–,-,-
,,-,-,-,-,-,-,-,-,-,-,,−,−,−,-,−,−,-,–,-,-,,−,−,−,-,−,−,-,–,-,-
,,-,-,-,-,-,-,-,-,-,-,,−,−,−,-,−,−,-,–,-,-,,−,−,−,-,−,−,-,–,-,-
,,-,-,-,-,-,-,-,-,-,-,,−,−,−,-,−,−,-,–,-,-,,−,−,−,-,−,−,-,–,-,-
,,-,-,-,-,-,-,-,-,-,-,,−,−,−,-,−,−,-,–,-,-,,−,−,−,-,−,−,-,–,-,-
,,-,-,-,-,-,-,-,-,-,-,,−,−,−,-,−,−,-,–,-,-,,−,−,−,-,−,−,-,–,-,-
,,-,-,-,-,-,-,-,-,-,-,,−,−,−,-,−,−,-,–,-,-,,−,−,−,-,−,−,-,–,-,-
,,-,-,-,-,-,-,-,-,-,-,,−,−,−,-,−,−,-,–,-,-,,−,−,−,-,−,−,-,–,-,-
,,-,-,-,-,-,-,-,-,-,-,,−,−,−,-,−,−,-,–,-,-,,−,−,−,-,−,−,-,–,-,-
,,-,-,-,-,-,-,-,-,-,-,,−,−,−,-,−,−,-,–,-,-,,−,−,−,-,−,−,-,–,-,-
,,-,-,-,-,-,-,-,-,-,-,,−,−,−,-,−,−,-,–,-,-,,−,−,−,-,−,−,-,–,-,-
,,-,-,-,-,-,-,-,-,-,-,,−,−,−,-,−,−,-,–,-,-,,−,−,−,-,−,−,-,–,-,-
,,-,-,-,-,-,-,-,-,-,-,,−,−,−,-,−,−,-,–,-,-,,−,−,−,-,−,−,-,–,-,-
,,-,-,-,-,-,-,-,-,-,-,,−,−,−,-,−,−,-,–,-,-,,−,−,−,-,−,−,-,–,-,-
,,-,-,-,-,-,-,-,-,-,-,,−,−,−,-,−,−,-,–,-,-,,−,−,−,-,−,−,-,–,-,-
,,-,-,-,-,-,-,-,-,-,-,,−,−,−,-,−,−,-,–,-,-,,−,−,−,-,−,−,-,–,-,-
,,-,-,-,-,-,-,-,-,-,-,,−,−,−,-,−,−,-,–,-,-,,−,−,−,-,−,−,-,–,-,-
,,-,-,-,-,-,-,-,-,-,-,,−,−,−,-,−,−,-,–,-,-,,−,−,−,-,−,−,-,–,-,-
,,-,-,-,-,-,-,-,-,-,-,,−,−,−,-,−,−,-,–,-,-,,−,−,−,-,−,−,-,–,-,-
,,-,-,-,-,-,-,-,-,-,-,,−,−,−,-,−,−,-,–,-,-,,−,−,−,-,−,−,-,–,-,-
,,-,-,-,-,-,-,-,-,-,-,,−,−,−,-,−,−,-,–,-,-,,−,−,−,-,−,−,-,–,-,-
,,-,-,-,-,-,-,-,-,-,-,,−,−,−,-,−,−,-,–,-,-,,−,−,−,-,−,−,-,–,-,-
,,-,-,-,-,-,-,-,-,-,-,,−,−,−,-,−,−,-,–,-,-,,−,−,−,-,−,−,-,–,-,-
,,-,-,-,-,-,-,-,-,-,-,,−,−,−,-,−,−,-,–,-,-,,−,−,−,-,−,−,-,–,-,-
,,-,-,-,-,-,-,-,-,-,-,,−,−,−,-,−,−,-,–,-,-,,−,−,−,-,−,−,-,–,-,-
,,-,-,-,-,-,-,-,-,-,-,,−,−,−,-,−,−,-,–,-,-,,−,−,−,-,−,−,-,–,-,-
,,-,-,-,-,-,-,-,-,-,-,,−,−,−,-,−,−,-,–,-,-,,−,−,−,-,−,−,-,–,-,-
,,-,-,-,-,-,-,-,-,-,-,,−,−,−,-,−,−,-,–,-,-,,−,−,−,-,−,−,-,–,-,-
,,-,-,-,-,-,-,-,-,-,-,,−,−,−,-,−,−,-,–,-,-,,−,−,−,-,−,−,-,–,-,-
,,-,-,-,-,-,-,-,-,-,-,,−,−,−,-,−,−,-,–,-,-,,−,−,−,-,−,−,-,–,-,-
,,-,-,-,-,-,-,-,-,-,-,,−,−,−,-,−,−,-,–,-,-,,−,−,−,-,−,−,-,–,-,-
,,-,-,-,-,-,-,-,-,-,-,,−,−,−,-,−,−,-,–,-,-,,−,−,−,-,−,−,-,–,-,-
,,-,-,-,-,-,-,-,-,-,-,,−,−,−,-,−,−,-,–,-,-,,−,−,−,-,−,−,-,–,-,-
,,-,-,-,-,-,-,-,-,-,-,,−,−,−,-,−,−,-,–,-,-,,−,−,−,-,−,−,-,–,-,-
,,-,-,-,-,-,-,-,-,-,-,,−,−,−,-,−,−,-,–,-,-,,−,−,−,-,−,−,-,–,-,-
,,-,-,-,-,-,-,-,-,-,-,,−,−,−,-,−,−,-,–,-,-,,−,−,−,-,−,−,-,–,-,-
,,-,-,-,-,-,-,-,-,-,-,,−,−,−,-,−,−,-,–,-,-,,−,−,−,-,−,−,-,–,-,-
,,-,-,-,-,-,-,-,-,-,-,,−,−,−,-,−,−,-,–,-,-,,−,−,−,-,−,−,-,–,-,-
,,-,-,-,-,-,-,-,-,-,-,,−,−,−,-,−,−,-,–,-,-,,−,−,−,-,−,−,-,–,-,-
,,-,-,-,-,-,-,-,-,-,-,,−,−,−,-,−,−,-,–,-,-,,−,−,−,-,−,−,-,–,-,-
,,-,-,-,-,-,-,-,-,-,-,,−,−,−,-,−,−,-,–,-,-,,−,−,−,-,−,−,-,–,-,-
,,-,-,-,-,-,-,-,-,-,-,,−,−,−,-,−,−,-,–,-,-,,−,−,−,-,−,−,-,–,-,-
,,-,-,-,-,-,-,-,-,-,-,,−,−,−,-,−,−,-,–,-,-,,−,−,−,-,−,−,-,–,-,-
,,-,-,-,-,-,-,-,-,-,-,,−,−,−,-,−,−,-,–,-,-,,−,−,−,-,−,−,-,–,-,-
,,-,-,-,-,-,-,-,-,-,-,,−,−,−,-,−,−,-,–,-,-,,−,−,−,-,−,−,-,–,-,-
,,-,-,-,-,-,-,-,-,-,-,,−,−,−,-,−,−,-,–,-,-,,−,−,−,-,−,−,-,–,-,-
,,-,-,-,-,-,-,-,-,-,-,,−,−,−,-,−,−,-,–,-,-,,−,−,−,-,−,−,-,–,-,-
,,-,-,-,-,-,-,-,-,-,-,,−,−,−,-,−,−,-,–,-,-,,−,−,−,-,−,−,-,–,-,-
,,-,-,-,-,-,-,-,-,-,-,,−,−,−,-,−,−,-,–,-,-,,−,−,−,-,−,−,-,–,-,-
,,-,-,-,-,-,-,-,-,-,-,,−,−,−,-,−,−,-,–,-,-,,−,−,−,-,−,−,-,–,-,-
,,-,-,-,-,-,-,-,-,-,-,,−,−,−,-,−,−,-,–,-,-,,−,−,−,-,−,−,-,–,-,-
,,-,-,-,-,-,-,-,-,-,-,,−,−,−,-,−,−,-,–,-,-,,−,−,−,-,−,−,-,–,-,-
,,-,-,-,-,-,-,-,-,-,-,,−,−,−,-,−,−,-,–,-,-,,−,−,−,-,−,−,-,–,-,-
,,-,-,-,-,-,-,-,-,-,-,,−,−,−,-,−,−,-,–,-,-,,−,−,−,-,−,−,-,–,-,-
,,-,-,-,-,-,-,-,-,-,-,,−,−,−,-,−,−,-,–,-,-,,−,−,−,-,−,−,-,–,-,-
,,-,-,-,-,-,-,-,-,-,-,,−,−,−,-,−,−,-,–,-,-,,−,−,−,-,−,−,-,–,-,-
,,-,-,-,-,-,-,-,-,-,-,,−,−,−,-,−,−,-,–,-,-,,−,−,−,-,−,−,-,–,-,-
,,-,-,-,-,-,-,-,-,-,-,,−,−,−,-,−,−,-,–,-,-,,−,−,−,-,−,−,-,–,-,-
,,-,-,-,-,-,-,-,-,-,-,,−,−,−,-,−,−,-,–,-,-,,−,−,−,-,−,−,-,–,-,-
,,-,-,-,-,-,-,-,-,-,-,,−,−,−,-,−,−,-,–,-,-,,−,−,−,-,−,−,-,–,-,-
,,-,-,-,-,-,-,-,-,-,-,,−,−,−,-,−,−,-,–,-,-,,−,−,−,-,−,−,-,–,-,-
,,-,-,-,-,-,-,-,-,-,-,,−,−,−,-,−,−,-,–,-,-,,−,−,−,-,−,−,-,–,-,-
,,-,-,-,-,-,-,-,-,-,-,,−,−,−,-,−,−,-,–,-,-,,−,−,−,-,−,−,-,–,-,-
,,-,-,-,-,-,-,-,-,-,-,,−,−,−,-,−,−,-,–,-,-,,−,−,−,-,−,−,-,–,-,-
,,-,-,-,-,-,-,-,-,-,-,,−,−,−,-,−,−,-,–,-,-,,−,−,−,-,−,−,-,–,-,-
,,-,-,-,-,-,-,-,-,-,-,,−,−,−,-,−,−,-,–,-,-,,−,−,−,-,−,−,-,–,-,-
,,-,-,-,-,-,-,-,-,-,-,,−,−,−,-,−,−,-,–,-,-,,−,−,−,-,−,−,-,–,-,-
,,-,-,-,-,-,-,-,-,-,-,,−,−,−,-,−,−,-,–,-,-,,−,−,−,-,−,−,-,–,-,-
,,-,-,-,-,-,-,-,-,-,-,,−,−,−,-,−,−,-,–,-,-,,−,−,−,-,−,−,-,–,-,-
,,-,-,-,-,-,-,-,-,-,-,,−,−,−,-,−,−,-,–,-,-,,−,−,−,-,−,−,-,–,-,-
,,-,-,-,-,-,-,-,-,-,-,,−,−,−,-,−,−,-,–,-,-,,−,−,−,-,−,−,-,–,-,-
,,-,-,-,-,-,-,-,-,-,-,,−,−,−,-,−,−,-,–,-,-,,−,−,−,-,−,−,-,–,-,-
,,-,-,-,-,-,-,-,-,-,-,,−,−,−,-,−,−,-,–,-,-,,−,−,−,-,−,−,-,–,-,-
,,-,-,-,-,-,-,-,-,-,-,,−,−,−,-,−,−,-,–,-,-,,−,−,−,-,−,−,-,–,-,-
,,-,-,-,-,-,-,-,-,-,-,,−,−,−,-,−,−,-,–,-,-,,−,−,−,-,−,−,-,–,-,-
,,-,-,-,-,-,-,-,-,-,-,,−,−,−,-,−,−,-,–,-,-,,−,−,−,-,−,−,-,–,-,-
,,-,-,-,-,-,-,-,-,-,-,,−,−,−,-,−,−,-,–,-,-,,−,−,−,-,−,−,-,–,-,-
,,-,-,-,-,-,-,-,-,-,-,,−,−,−,-,−,−,-,–,-,-,,−,−,−,-,−,−,-,–,-,-
,,-,-,-,-,-,-,-,-,-,-,,−,−,−,-,−,−,-,–,-,-,,−,−,−,-,−,−,-,–,-,-
,,-,-,-,-,-,-,-,-,-,-,,−,−,−,-,−,−,-,–,-,-,,−,−,−,-,−,−,-,–,-,-
,,-,-,-,-,-,-,-,-,-,-,,−,−,−,-,−,−,-,–,-,-,,−,−,−,-,−,−,-,–,-,-
,,-,-,-,-,-,-,-,-,-,-,,−,−,−,-,−,−,-,–,-,-,,−,−,−,-,−,−,-,–,-,-
,,-,-,-,-,-,-,-,-,-,-,,−,−,−,-,−,−,-,–,-,-,,−,−,−,-,−,−,-,–,-,-
,,-,-,-,-,-,-,-,-,-,-,,−,−,−,-,−,−,-,–,-,-,,−,−,−,-,−,−,-,–,-,-
,,-,-,-,-,-,-,-,-,-,-,,−,−,−,-,−,−,-,–,-,-,,−,−,−,-,−,−,-,–,-,-
,,-,-,-,-,-,-,-,-,-,-,,−,−,−,-,−,−,-,–,-,-,,−,−,−,-,−,−,-,–,-,-
,,-,-,-,-,-,-,-,-,-,-,,−,−,−,-,−,−,-,–,-,-,,−,−,−,-,−,−,-,–,-,-
,,-,-,-,-,-,-,-,-,-,-,,−,−,−,-,−,−,-,–,-,-,,−,−,−,-,−,−,-,–,-,-
,,-,-,-,-,-,-,-,-,-,-,,−,−,−,-,−,−,-,–,-,-,,−,−,−,-,−,−,-,–,-,-
,,-,-,-,-,-,-,-,-,-,-,,−,−,−,-,−,−,-,–,-,-,,−,−,−,-,−,−,-,–,-,-
,,-,-,-,-,-,-,-,-,-,-,,−,−,−,-,−,−,-,–,-,-,,−,−,−,-,−,−,-,–,-,-
,,-,-,-,-,-,-,-,-,-,-,,−,−,−,-,−,−,-,–,-,-,,−,−,−,-,−,−,-,–,-,-
,,-,-,-,-,-,-,-,-,-,-,,−,−,−,-,−,−,-,–,-,-,,−,−,−,-,−,−,-,–,-,-
,,-,-,-,-,-,-,-,-,-,-,,−,−,−,-,−,−,-,–,-,-,,−,−,−,-,−,−,-,–,-,-
,,-,-,-,-,-,-,-,-,-,-,,−,−,−,-,−,−,-,–,-,-,,−,−,−,-,−,−,-,–,-,-
,,-,-,-,-,-,-,-,-,-,-,,−,−,−,-,−,−,-,–,-,-,,−,−,−,-,−,−,-,–,-,-
,,-,-,-,-,-,-,-,-,-,-,,−,−,−,-,−,−,-,–,-,-,,−,−,−,-,−,−,-,–,-,-
,,-,-,-,-,-,-,-,-,-,-,,−,−,−,-,−,−,-,–,-,-,,−,−,−,-,−,−,-,–,-,-
,,-,-,-,-,-,-,-,-,-,-,,−,−,−,-,−,−,-,–,-,-,,−,−,−,-,−,−,-,–,-,-
,,-,-,-,-,-,-,-,-,-,-,,−,−,−,-,−,−,-,–,-,-,,−,−,−,-,−,−,-,–,-,-
,,-,-,-,-,-,-,-,-,-,-,,−,−,−,-,−,−,-,–,-,-,,−,−,−,-,−,−,-,–,-,-
,,-,-,-,-,-,-,-,-,-,-,,−,−,−,-,−,−,-,–,-,-,,−,−,−,-,−,−,-,–,-,-
,,-,-,-,-,-,-,-,-,-,-,,−,−,−,-,−,−,-,–,-,-,,−,−,−,-,−,−,-,–,-,-
,,-,-,-,-,-,-,-,-,-,-,,−,−,−,-,−,−,-,–,-,-,,−,−,−,-,−,−,-,–,-,-
,,-,-,-,-,-,-,-,-,-,-,,−,−,−,-,−,−,-,–,-,-,,−,−,−,-,−,−,-,–,-,-
,,-,-,-,-,-,-,-,-,-,-,,−,−,−,-,−,−,-,–,-,-,,−,−,−,-,−,−,-,–,-,-
,,-,-,-,-,-,-,-,-,-,-,,−,−,−,-,−,−,-,–,-,-,,−,−,−,-,−,−,-,–,-,-
,,-,-,-,-,-,-,-,-,-,-,,−,−,−,-,−,−,-,–,-,-,,−,−,−,-,−,−,-,–,-,-
,,-,-,-,-,-,-,-,-,-,-,,−,−,−,-,−,−,-,–,-,-,,−,−,−,-,−,−,-,–,-,-
,,-,-,-,-,-,-,-,-,-,-,,−,−,−,-,−,−,-,–,-,-,,−,−,−,-,−,−,-,–,-,-
,,-,-,-,-,-,-,-,-,-,-,,−,−,−,-,−,−,-,–,-,-,,−,−,−,-,−,−,-,–,-,-
,,-,-,-,-,-,-,-,-,-,-,,−,−,−,-,−,−,-,–,-,-,,−,−,−,-,−,−,-,–,-,-
,,-,-,-,-,-,-,-,-,-,-,,−,−,−,-,−,−,-,–,-,-,,−,−,−,-,−,−,-,–,-,-
,,-,-,-,-,-,-,-,-,-,-,,−,−,−,-,−,−,-,–,-,-,,−,−,−,-,−,−,-,–,-,-
,,-,-,-,-,-,-,-,-,-,-,,−,−,−,-,−,−,-,–,-,-,,−,−,−,-,−,−,-,–,-,-
,,-,-,-,-,-,-,-,-,-,-,,−,−,−,-,−,−,-,–,-,-,,−,−,−,-,−,−,-,–,-,-
,,-,-,-,-,-,-,-,-,-,-,,−,−,−,-,−,−,-,–,-,-,,−,−,−,-,−,−,-,–,-,-
,,-,-,-,-,-,-,-,-,-,-,,−,−,−,-,−,−,-,–,-,-,,−,−,−,-,−,−,-,–,-,-
,,-,-,-,-,-,-,-,-,-,-,,−,−,−,-,−,−,-,–,-,-,,−,−,−,-,−,−,-,–,-,-
,,-,-,-,-,-,-,-,-,-,-,,−,−,−,-,−,−,-,–,-,-,,−,−,−,-,−,−,-,–,-,-
,,-,-,-,-,-,-,-,-,-,-,,−,−,−,-,−,−,-,–,-,-,,−,−,−,-,−,−,-,–,-,-
,,-,-,-,-,-,-,-,-,-,-,,−,−,−,-,−,−,-,–,-,-,,−,−,−,-,−,−,-,–,-,-
,,-,-,-,-,-,-,-,-,-,-,,−,−,−,-,−,−,-,–,-,-,,−,−,−,-,−,−,-,–,-,-
,,-,-,-,-,-,-,-,-,-,-,,−,−,−,-,−,−,-,–,-,-,,−,−,−,-,−,−,-,–,-,-
,,-,-,-,-,-,-,-,-,-,-,,−,−,−,-,−,−,-,–,-,-,,−,−,−,-,−,−,-,–,-,-
,,-,-,-,-,-,-,-,-,-,-,,−,−,−,-,−,−,-,–,-,-,,−,−,−,-,−,−,-,–,-,-
,,-,-,-,-,-,-,-,-,-,-,,−,−,−,-,−,−,-,–,-,-,,−,−,−,-,−,−,-,–,-,-
,,-,-,-,-,-,-,-,-,-,-,,−,−,−,-,−,−,-,–,-,-,,−,−,−,-,−,−,-,–,-,-
,,-,-,-,-,-,-,-,-,-,-,,−,−,−,-,−,−,-,–,-,-,,−,−,−,-,−,−,-,–,-,-
,,-,-,-,-,-,-,-,-,-,-,,−,−,−,-,−,−,-,–,-,-,,−,−,−,-,−,−,-,–,-,-
,,-,-,-,-,-,-,-,-,-,-,,−,−,−,-,−,−,-,–,-,-,,−,−,−,-,−,−,-,–,-,-
,,-,-,-,-,-,-,-,-,-,-,,−,−,−,-,−,−,-,–,-,-,,−,−,−,-,−,−,-,–,-,-
,,-,-,-,-,-,-,-,-,-,-,,−,−,−,-,−,−,-,–,-,-,,−,−,−,-,−,−,-,–,-,-
,,-,-,-,-,-,-,-,-,-,-,,−,−,−,-,−,−,-,–,-,-,,−,−,−,-,−,−,-,–,-,-
,,-,-,-,-,-,-,-,-,-,-,,−,−,−,-,−,−,-,–,-,-,,−,−,−,-,−,−,-,–,-,-
,,-,-,-,-,-,-,-,-,-,-,,−,−,−,-,−,−,-,–,-,-,,−,−,−,-,−,−,-,–,-,-
,,-,-,-,-,-,-,-,-,-,-,,−,−,−,-,−,−,-,–,-,-,,−,−,−,-,−,−,-,–,-,-
,,-,-,-,-,-,-,-,-,-,-,,−,−,−,-,−,−,-,–,-,-,,−,−,−,-,−,−,-,–,-,-
,,-,-,-,-,-,-,-,-,-,-,,−,−,−,-,−,−,-,–,-,-,,−,−,−,-,−,−,-,–,-,-
,,-,-,-,-,-,-,-,-,-,-,,−,−,−,-,−,−,-,–,-,-,,−,−,−,-,−,−,-,–,-,-
,,-,-,-,-,-,-,-,-,-,-,,−,−,−,-,−,−,-,–,-,-,,−,−,−,-,−,−,-,–,-,-
,,-,-,-,-,-,-,-,-,-,-,,−,−,−,-,−,−,-,–,-,-,,−,−,−,-,−,−,-,–,-,-
,,-,-,-,-,-,-,-,-,-,-,,−,−,−,-,−,−,-,–,-,-,,−,−,−,-,−,−,-,–,-,-
,,-,-,-,-,-,-,-,-,-,-,,−,−,−,-,−,−,-,–,-,-,,−,−,−,-,−,−,-,–,-,-
,,-,-,-,-,-,-,-,-,-,-,,−,−,−,-,−,−,-,–,-,-,,−,−,−,-,−,−,-,–,-,-
,,-,-,-,-,-,-,-,-,-,-,,−,−,−,-,−,−,-,–,-,-,,−,−,−,-,−,−,-,–,-,-
,,-,-,-,-,-,-,-,-,-,-,,−,−,−,-,−,−,-,–,-,-,,−,−,−,-,−,−,-,–,-,-
,,-,-,-,-,-,-,-,-,-,-,,−,−,−,-,−,−,-,–,-,-,,−,−,−,-,−,−,-,–,-,-
,,-,-,-,-,-,-,-,-,-,-,,−,−,−,-,−,−,-,–,-,-,,−,−,−,-,−,−,-,–,-,-
,,-,-,-,-,-,-,-,-,-,-,,−,−,−,-,−,−,-,–,-,-,,−,−,−,-,−,−,-,–,-,-
,,-,-,-,-,-,-,-,-,-,-,,−,−,−,-,−,−,-,–,-,-,,−,−,−,-,−,−,-,–,-,-
,,-,-,-,-,-,-,-,-,-,-,,−,−,−,-,−,−,-,–,-,-,,−,−,−,-,−,−,-,–,-,-
,,-,-,-,-,-,-,-,-,-,-,,−,−,−,-,−,−,-,–,-,-,,−,−,−,-,−,−,-,–,-,-
,,-,-,-,-,-,-,-,-,-,-,,−,−,−,-,−,−,-,–,-,-,,−,−,−,-,−,−,-,–,-,-
,,-,-,-,-,-,-,-,-,-,-,,−,−,−,-,−,−,-,–,-,-,,−,−,−,-,−,−,-,–,-,-
,,-,-,-,-,-,-,-,-,-,-,,−,−,−,-,−,−,-,–,-,-,,−,−,−,-,−,−,-,–,-,-
,,-,-,-,-,-,-,-,-,-,-,,−,−,−,-,−,−,-,–,-,-,,−,−,−,-,−,−,-,–,-,-
,,-,-,-,-,-,-,-,-,-,-,,−,−,−,-,−,−,-,–,-,-,,−,−,−,-,−,−,-,–,-,-
,,-,-,-,-,-,-,-,-,-,-,,−,−,−,-,−,−,-,–,-,-,,−,−,−,-,−,−,-,–,-,-
,,-,-,-,-,-,-,-,-,-,-,,−,−,−,-,−,−,-,–,-,-,,−,−,−,-,−,−,-,–,-,-
,,-,-,-,-,-,-,-,-,-,-,,−,−,−,-,−,−,-,–,-,-,,−,−,−,-,−,−,-,–,-,-
,,-,-,-,-,-,-,-,-,-,-,,−,−,−,-,−,−,-,–,-,-,,−,−,−,-,−,−,-,–,-,-
,,-,-,-,-,-,-,-,-,-,-,,−,−,−,-,−,−,-,–,-,-,,−,−,−,-,−,−,-,–,-,-
,,-,-,-,-,-,-,-,-,-,-,,−,−,−,-,−,−,-,–,-,-,,−,−,−,-,−,−,-,–,-,-
,,-,-,-,-,-,-,-,-,-,-,,−,−,−,-,−,−,-,–,-,-,,−,−,−,-,−,−,-,–,-,-
,,-,-,-,-,-,-,-,-,-,-,,−,−,−,-,−,−,-,–,-,-,,−,−,−,-,−,−,-,–,-,-
,,-,-,-,-,-,-,-,-,-,-,,−,−,−,-,−,−,-,–,-,-,,−,−,−,-,−,−,-,–,-,-
,,-,-,-,-,-,-,-,-,-,-,,−,−,−,-,−,−,-,–,-,-,,−,−,−,-,−,−,-,–,-,-
,,-,-,-,-,-,-,-,-,-,-,,−,−,−,-,−,−,-,–,-,-,,−,−,−,-,−,−,-,–,-,-
,,-,-,-,-,-,-,-,-,-,-,,−,−,−,-,−,−,-,–,-,-,,−,−,−,-,−,−,-,–,-,-
,,-,-,-,-,-,-,-,-,-,-,,−,−,−,-,−,−,-,–,-,-,,−,−,−,-,−,−,-,–,-,-
,,-,-,-,-,-,-,-,-,-,-,,−,−,−,-,−,−,-,–,-,-,,−,−,−,-,−,−,-,–,-,-
,,-,-,-,-,-,-,-,-,-,-,,−,−,−,-,−,−,-,–,-,-,,−,−,−,-,−,−,-,–,-,-
,,-,-,-,-,-,-,-,-,-,-,,−,−,−,-,−,−,-,–,-,-,,−,−,−,-,−,−,-,–,-,-
,,-,-,-,-,-,-,-,-,-,-,,−,−,−,-,−,−,-,–,-,-,,−,−,−,-,−,−,-,–,-,-
,,-,-,-,-,-,-,-,-,-,-,,−,−,−,-,−,−,-,–,-,-,,−,−,−,-,−,−,-,–,-,-
,,-,-,-,-,-,-,-,-,-,-,,−,−,−,-,−,−,-,–,-,-,,−,−,−,-,−,−,-,–,-,-
,,-,-,-,-,-,-,-,-,-,-,,−,−,−,-,−,−,-,–,-,-,,−,−,−,-,−,−,-,–,-,-
,,-,-,-,-,-,-,-,-,-,-,,−,−,−,-,−,−,-,–,-,-,,−,−,−,-,−,−,-,–,-,-
,,-,-,-,-,-,-,-,-,-,-,,−,−,−,-,−,−,-,–,-,-,,−,−,−,-,−,−,-,–,-,-
,,-,-,-,-,-,-,-,-,-,-,,−,−,−,-,−,−,-,–,-,-,,−,−,−,-,−,−,-,–,-,-
,,-,-,-,-,-,-,-,-,-,-,,−,−,−,-,−,−,-,–,-,-,,−,−,−,-,−,−,-,–,-,-
,,-,-,-,-,-,-,-,-,-,-,,−,−,−,-,−,−,-,–,-,-,,−,−,−,-,−,−,-,–,-,-
,,-,-,-,-,-,-,-,-,-,-,,−,−,−,-,−,−,-,–,-,-,,−,−,−,-,−,−,-,–,-,-
,,-,-,-,-,-,-,-,-,-,-,,−,−,−,-,−,−,-,–,-,-,,−,−,−,-,−,−,-,–,-,-
,,-,-,-,-,-,-,-,-,-,-,,−,−,−,-,−,−,-,–,-,-,,−,−,−,-,−,−,-,–,-,-
,,-,-,-,-,-,-,-,-,-,-,,−,−,−,-,−,−,-,–,-,-,,−,−,−,-,−,−,-,–,-,-
,,-,-,-,-,-,-,-,-,-,-,,−,−,−,-,−,−,-,–,-,-,,−,−,−,-,−,−,-,–,-,-
,,-,-,-,-,-,-,-,-,-,-,,−,−,−,-,−,−,-,–,-,-,,−,−,−,-,−,−,-,–,-,-
,,-,-,-,-,-,-,-,-,-,-,,−,−,−,-,−,−,-,–,-,-,,−,−,−,-,−,−,-,–,-,-
,,-,-,-,-,-,-,-,-,-,-,,−,−,−,-,−,−,-,–,-,-,,−,−,−,-,−,−,-,–,-,-
,,-,-,-,-,-,-,-,-,-,-,,−,−,−,-,−,−,-,–,-,-,,−,−,−,-,−,−,-,–,-,-
,,-,-,-,-,-,-,-,-,-,-,,−,−,−,-,−,−,-,–,-,-,,−,−,−,-,−,−,-,–,-,-
,,-,-,-,-,-,-,-,-,-,-,,−,−,−,-,−,−,-,–,-,-,,−,−,−,-,−,−,-,–,-,-
,,-,-,-,-,-,-,-,-,-,-,,−,−,−,-,−,−,-,–,-,-,,−,−,−,-,−,−,-,–,-,-
,,-,-,-,-,-,-,-,-,-,-,,−,−,−,-,−,−,-,–,-,-,,−,−,−,-,−,−,-,–,-,-
,,-,-,-,-,-,-,-,-,-,-,,−,−,−,-,−,−,-,–,-,-,,−,−,−,-,−,−,-,–,-,-
,,-,-,-,-,-,-,-,-,-,-,,−,−,−,-,−,−,-,–,-,-,,−,−,−,-,−,−,-,–,-,-
,,-,-,-,-,-,-,-,-,-,-,,−,−,−,-,−,−,-,–,-,-,,−,−,−,-,−,−,-,–,-,-
,,-,-,-,-,-,-,-,-,-,-,,−,−,−,-,−,−,-,–,-,-,,−,−,−,-,−,−,-,–,-,-
,,-,-,-,-,-,-,-,-,-,-,,−,−,−,-,−,−,-,–,-,-,,−,−,−,-,−,−,-,–,-,-
,,-,-,-,-,-,-,-,-,-,-,,−,−,−,-,−,−,-,–,-,-,,−,−,−,-,−,−,-,–,-,-
,,-,-,-,-,-,-,-,-,-,-,,−,−,−,-,−,−,-,–,-,-,,−,−,−,-,−,−,-,–,-,-
,,-,-,-,-,-,-,-,-,-,-,,−,−,−,-,−,−,-,–,-,-,,−,−,−,-,−,−,-,–,-,-
,,-,-,-,-,-,-,-,-,-,-,,−,−,−,-,−,−,-,–,-,-,,−,−,−,-,−,−,-,–,-,-
,,-,-,-,-,-,-,-,-,-,-,,−,−,−,-,−,−,-,–,-,-,,−,−,−,-,−,−,-,–,-,-
,,-,-,-,-,-,-,-,-,-,-,,−,−,−,-,−,−,-,–,-,-,,−,−,−,-,−,−,-,–,-,-
,,-,-,-,-,-,-,-,-,-,-,,−,−,−,-,−,−,-,–,-,-,,−,−,−,-,−,−,-,–,-,-
,,-,-,-,-,-,-,-,-,-,-,,−,−,−,-,−,−,-,–,-,-,,−,−,−,-,−,−,-,–,-,-
,,-,-,-,-,-,-,-,-,-,-,,−,−,−,-,−,−,-,–,-,-,,−,−,−,-,−,−,-,–,-,-
,,-,-,-,-,-,-,-,-,-,-,,−,−,−,-,−,−,-,–,-,-,,−,−,−,-,−,−,-,–,-,-
,,-,-,-,-,-,-,-,-,-,-,,−,−,−,-,−,−,-,–,-,-,,−,−,−,-,−,−,-,–,-,-
,,-,-,-,-,-,-,-,-,-,-,,−,−,−,-,−,−,-,–,-,-,,−,−,−,-,−,−,-,–,-,-
,,-,-,-,-,-,-,-,-,-,-,,−,−,−,-,−,−,-,–,-,-,,−,−,−,-,−,−,-,–,-,-
,,-,-,-,-,-,-,-,-,-,-,,−,−,−,-,−,−,-,–,-,-,,−,−,−,-,−,−,-,–,-,-
,,-,-,-,-,-,-,-,-,-,-,,−,−,−,-,−,−,-,–,-,-,,−,−,−,-,−,−,-,–,-,-
,,-,-,-,-,-,-,-,-,-,-,,−,−,−,-,−,−,-,–,-,-,,−,−,−,-,−,−,-,–,-,-
,,-,-,-,-,-,-,-,-,-,-,,−,−,−,-,−,−,-,–,-,-,,−,−,−,-,−,−,-,–,-,-
,,-,-,-,-,-,-,-,-,-,-,,−,−,−,-,−,−,-,–,-,-,,−,−,−,-,−,−,-,–,-,-
,,-,-,-,-,-,-,-,-,-,-,,−,−,−,-,−,−,-,–,-,-,,−,−,−,-,−,−,-,–,-,-
,,-,-,-,-,-,-,-,-,-,-,,−,−,−,-,−,−,-,–,-,-,,−,−,−,-,−,−,-,–,-,-
,,-,-,-,-,-,-,-,-,-,-,,−,−,−,-,−,−,-,–,-,-,,−,−,−,-,−,−,-,–,-,-
,,-,-,-,-,-,-,-,-,-,-,,−,−,−,-,−,−,-,–,-,-,,−,−,−,-,−,−,-,–,-,-
,,-,-,-,-,-,-,-,-,-,-,,−,−,−,-,−,−,-,–,-,-,,−,−,−,-,−,−,-,–,-,-
,,-,-,-,-,-,-,-,-,-,-,,−,−,−,-,−,−,-,–,-,-,,−,−,−,-,−,−,-,–,-,-
,,-,-,-,-,-,-,-,-,-,-,,−,−,−,-,−,−,-,–,-,-,,−,−,−,-,−,−,-,–,-,-
,,-,-,-,-,-,-,-,-,-,-,,−,−,−,-,−,−,-,–,-,-,,−,−,−,-,−,−,-,–,-,-
,,-,-,-,-,-,-,-,-,-,-,,−,−,−,-,−,−,-,–,-,-,,−,−,−,-,−,−,-,–,-,-
,,-,-,-,-,-,-,-,-,-,-,,−,−,−,-,−,−,-,–,-,-,,−,−,−,-,−,−,-,–,-,-
,,-,-,-,-,-,-,-,-,-,-,,−,−,−,-,−,−,-,–,-,-,,−,−,−,-,−,−,-,–,-,-
,,-,-,-,-,-,-,-,-,-,-,,−,−,−,-,−,−,-,–,-,-,,−,−,−,-,−,−,-,–,-,-
,,-,-,-,-,-,-,-,-,-,-,,−,−,−,-,−,−,-,–,-,-,,−,−,−,-,−,−,-,–,-,-
,,-,-,-,-,-,-,-,-,-,-,,−,−,−,-,−,−,-,–,-,-,,−,−,−,-,−,−,-,–,-,-
,,-,-,-,-,-,-,-,-,-,-,,−,−,−,-,−,−,-,–,-,-,,−,−,−,-,−,−,-,–,-,-
,,-,-,-,-,-,-,-,-,-,-,,−,−,−,-,−,−,-,–,-,-,,−,−,−,-,−,−,-,–,-,-
,,-,-,-,-,-,-,-,-,-,-,,−,−,−,-,−,−,-,–,-,-,,−,−,−,-,−,−,-,–,-,-
,,-,-,-,-,-,-,-,-,-,-,,−,−,−,-,−,−,-,–,-,-,,−,−,−,-,−,−,-,–,-,-
,,-,-,-,-,-,-,-,-,-,-,,−,−,−,-,−,−,-,–,-,-,,−,−,−,-,−,−,-,–,-,-
,,-,-,-,-,-,-,-,-,-,-,,−,−,−,-,−,−,-,–,-,-,,−,−,−,-,−,−,-,–,-,-
,,-,-,-,-,-,-,-,-,-,-,,−,−,−,-,−,−,-,–,-,-,,−,−,−,-,−,−,-,–,-,-
,,-,-,-,-,-,-,-,-,-,-,,−,−,−,-,−,−,-,–,-,-,,−,−,−,-,−,−,-,–,-,-
,,-,-,-,-,-,-,-,-,-,-,,−,−,−,-,−,−,-,–,-,-,,−,−,−,-,−,−,-,–,-,-
,,-,-,-,-,-,-,-,-,-,-,,−,−,−,-,−,−,-,–,-,-,,−,−,−,-,−,−,-,–,-,-
,,-,-,-,-,-,-,-,-,-,-,,−,−,−,-,−,−,-,–,-,-,,−,−,−,-,−,−,-,–,-,-
,,-,-,-,-,-,-,-,-,-,-,,−,−,−,-,−,−,-,–,-,-,,−,−,−,-,−,−,-,–,-,-
,,-,-,-,-,-,-,-,-,-,-,,−,−,−,-,−,−,-,–,-,-,,−,−,−,-,−,−,-,–,-,-
,,-,-,-,-,-,-,-,-,-,-,,−,−,−,-,−,−,-,–,-,-,,−,−,−,-,−,−,-,–,-,-
,,-,-,-,-,-,-,-,-,-,-,,−,−,−,-,−,−,-,–,-,-,,−,−,−,-,−,−,-,–,-,-
,,-,-,-,-,-,-,-,-,-,-,,−,−,−,-,−,−,-,–,-,-,,−,−,−,-,−,−,-,–,-,-
,,-,-,-,-,-,-,-,-,-,-,,−,−,−,-,−,−,-,–,-,-,,−,−,−,-,−,−,-,–,-,-
,,-,-,-,-,-,-,-,-,-,-,,−,−,−,-,−,−,-,–,-,-,,−,−,−,-,−,−,-,–,-,-
,,-,-,-,-,-,-,-,-,-,-,,−,−,−,-,−,−,-,–,-,-,,−,−,−,-,−,−,-,–,-,-
,,-,-,-,-,-,-,-,-,-,-,,−,−,−,-,−,−,-,–,-,-,,−,−,−,-,−,−,-,–,-,-
,,-,-,-,-,-,-,-,-,-,-,,−,−,−,-,−,−,-,–,-,-,,−,−,−,-,−,−,-,–,-,-
,,-,-,-,-,-,-,-,-,-,-,,−,−,−,-,−,−,-,–,-,-,,−,−,−,-,−,−,-,–,-,-
,,-,-,-,-,-,-,-,-,-,-,,−,−,−,-,−,−,-,–,-,-,,−,−,−,-,−,−,-,–,-,-
,,-,-,-,-,-,-,-,-,-,-,,−,−,−,-,−,−,-,–,-,-,,−,−,−,-,−,−,-,–,-,-
,,-,-,-,-,-,-,-,-,-,-,,−,−,−,-,−,−,-,–,-,-,,−,−,−,-,−,−,-,–,-,-
,,-,-,-,-,-,-,-,-,-,-,,−,−,−,-,−,−,-,–,-,-,,−,−,−,-,−,−,-,–,-,-
,,-,-,-,-,-,-,-,-,-,-,,−,−,−,-,−,−,-,–,-,-,,−,−,−,-,−,−,-,–,-,-
,,-,-,-,-,-,-,-,-,-,-,,−,−,−,-,−,−,-,–,-,-,,−,−,−,-,−,−,-,–,-,-
,,-,-,-,-,-,-,-,-,-,-,,−,−,−,-,−,−,-,–,-,-,,−,−,−,-,−,−,-,–,-,-
,,-,-,-,-,-,-,-,-,-,-,,−,−,−,-,−,−,-,–,-,-,,−,−,−,-,−,−,-,–,-,-
,,-,-,-,-,-,-,-,-,-,-,,−,−,−,-,−,−,-,–,-,-,,−,−,−,-,−,−,-,–,-,-
,,-,-,-,-,-,-,-,-,-,-,,−,−,−,-,−,−,-,–,-,-,,−,−,−,-,−,−,-,–,-,-
,,-,-,-,-,-,-,-,-,-,-,,−,−,−,-,−,−,-,–,-,-,,−,−,−,-,−,−,-,–,-,-
,,-,-,-,-,-,-,-,-,-,-,,−,−,−,-,−,−,-,–,-,-,,−,−,−,-,−,−,-,–,-,-
,,-,-,-,-,-,-,-,-,-,-,,−,−,−,-,−,−,-,–,-,-,,−,−,−,-,−,−,-,–,-,-
,,-,-,-,-,-,-,-,-,-,-,,−,−,−,-,−,−,-,–,-,-,,−,−,−,-,−,−,-,–,-,-
,,-,-,-,-,-,-,-,-,-,-,,−,−,−,-,−,−,-,–,-,-,,−,−,−,-,−,−,-,–,-,-
,,-,-,-,-,-,-,-,-,-,-,,−,−,−,-,−,−,-,–,-,-,,−,−,−,-,−,−,-,–,-,-
,,-,-,-,-,-,-,-,-,-,-,,−,−,−,-,−,−,-,–,-,-,,−,−,−,-,−,−,-,–,-,-
,,-,-,-,-,-,-,-,-,-,-,,−,−,−,-,−,−,-,–,-,-,,−,−,−,-,−,−,-,–,-,-
,,-,-,-,-,-,-,-,-,-,-,,−,−,−,-,−,−,-,–,-,-,,−,−,−,-,−,−,-,–,-,-
,,-,-,-,-,-,-,-,-,-,-,,−,−,−,-,−,−,-,–,-,-,,−,−,−,-,−,−,-,–,-,-
,,-,-,-,-,-,-,-,-,-,-,,−,−,−,-,−,−,-,–,-,-,,−,−,−,-,−,−,-,–,-,-
,,-,-,-,-,-,-,-,-,-,-,,−,−,−,-,−,−,-,–,-,-,,−,−,−,-,−,−,-,–,-,-
,,-,-,-,-,-,-,-,-,-,-,,−,−,−,-,−,−,-,–,-,-,,−,−,−,-,−,−,-,–,-,-
,,-,-,-,-,-,-,-,-,-,-,,−,−,−,-,−,−,-,–,-,-,,−,−,−,-,−,−,-,–,-,-
,,-,-,-,-,-,-,-,-,-,-,,−,−,−,-,−,−,-,–,-,-,,−,−,−,-,−,−,-,–,-,-
,,-,-,-,-,-,-,-,-,-,-,,−,−,−,-,−,−,-,–,-,-,,−,−,−,-,−,−,-,–,-,-
,,-,-,-,-,-,-,-,-,-,-,,−,−,−,-,−,−,-,–,-,-,,−,−,−,-,−,−,-,–,-,-
,,-,-,-,-,-,-,-,-,-,-,,−,−,−,-,−,−,-,–,-,-,,−,−,−,-,−,−,-,–,-,-
,,-,-,-,-,-,-,-,-,-,-,,−,−,−,-,−,−,-,–,-,-,,−,−,−,-,−,−,-,–,-,-
,,-,-,-,-,-,-,-,-,-,-,,−,−,−,-,−,−,-,–,-,-,,−,−,−,-,−,−,-,–,-,-
,,-,-,-,-,-,-,-,-,-,-,,−,−,−,-,−,−,-,–,-,-,,−,−,−,-,−,−,-,–,-,-
,,-,-,-,-,-,-,-,-,-,-,,−,−,−,-,−,−,-,–,-,-,,−,−,−,-,−,−,-,–,-,-
,,-,-,-,-,-,-,-,-,-,-,,−,−,−,-,−,−,-,–,-,-,,−,−,−,-,−,−,-,–,-,-
,,-,-,-,-,-,-,-,-,-,-,,−,−,−,-,−,−,-,–,-,-,,−,−,−,-,−,−,-,–,-,-
,,-,-,-,-,-,-,-,-,-,-,,−,−,−,-,−,−,-,–,-,-,,−,−,−,-,−,−,-,–,-,-
,,-,-,-,-,-,-,-,-,-,-,,−,−,−,-,−,−,-,–,-,-,,−,−,−,-,−,−,-,–,-,-
,,-,-,-,-,-,-,-,-,-,-,,−,−,−,-,−,−,-,–,-,-,,−,−,−,-,−,−,-,–,-,-
,,-,-,-,-,-,-,-,-,-,-,,−,−,−,-,−,−,-,–,-,-,,−,−,−,-,−,−,-,–,-,-
,,-,-,-,-,-,-,-,-,-,-,,−,−,−,-,−,−,-,–,-,-,,−,−,−,-,−,−,-,–,-,-
,,-,-,-,-,-,-,-,-,-,-,,−,−,−,-,−,−,-,–,-,-,,−,−,−,-,−,−,-,–,-,-
,,-,-,-,-,-,-,-,-,-,-,,−,−,−,-,−,−,-,–,-,-,,−,−,−,-,−,−,-,–,-,-
,,-,-,-,-,-,-,-,-,-,-,,−,−,−,-,−,−,-,–,-,-,,−,−,−,-,−,−,-,–,-,-
,,-,-,-,-,-,-,-,-,-,-,,−,−,−,-,−,−,-,–,-,-,,−,−,−,-,−,−,-,–,-,-
,,-,-,-,-,-,-,-,-,-,-,,−,−,−,-,−,−,-,–,-,-,,−,−,−,-,−,−,-,–,-,-
,,-,-,-,-,-,-,-,-,-,-,,−,−,−,-,−,−,-,–,-,-,,−,−,−,-,−,−,-,–,-,-
,,-,-,-,-,-,-,-,-,-,-,,−,−,−,-,−,−,-,–,-,-,,−,−,−,-,−,−,-,–,-,-
,,-,-,-,-,-,-,-,-,-,-,,−,−,−,-,−,−,-,–,-,-,,−,−,−,-,−,−,-,–,-,-
,,-,-,-,-,-,-,-,-,-,-,,−,−,−,-,−,−,-,–,-,-,,−,−,−,-,−,−,-,–,-,-
,,-,-,-,-,-,-,-,-,-,-,,−,−,−,-,−,−,-,–,-,-,,−,−,−,-,−,−,-,–,-,-
,,-,-,-,-,-,-,-,-,-,-,,−,−,−,-,−,−,-,–,-,-,,−,−,−,-,−,−,-,–,-,-
,,-,-,-,-,-,-,-,-,-,-,,−,−,−,-,−,−,-,–,-,-,,−,−,−,-,−,−,-,–,-,-
,,-,-,-,-,-,-,-,-,-,-,,−,−,−,-,−,−,-,–,-,-,,−,−,−,-,−,−,-,–,-,-
,,-,-,-,-,-,-,-,-,-,-,,−,−,−,-,−,−,-,–,-,-,,−,−,−,-,−,−,-,–,-,-
,,-,-,-,-,-,-,-,-,-,-,,−,−,−,-,−,−,-,–,-,-,,−,−,−,-,−,−,-,–,-,-
,,-,-,-,-,-,-,-,-,-,-,,−,−,−,-,−,−,-,–,-,-,,−,−,−,-,−,−,-,–,-,-
,,-,-,-,-,-,-,-,-,-,-,,−,−,−,-,−,−,-,–,-,-,,−,−,−,-,−,−,-,–,-,-
,,-,-,-,-,-,-,-,-,-,-,,−,−,−,-,−,−,-,–,-,-,,−,−,−,-,−,−,-,–,-,-
,,-,-,-,-,-,-,-,-,-,-,,−,−,−,-,−,−,-,–,-,-,,−,−,−,-,−,−,-,–,-,-
,,-,-,-,-,-,-,-,-,-,-,,−,−,−,-,−,−,-,–,-,-,,−,−,−,-,−,−,-,–,-,-
,,-,-,-,-,-,-,-,-,-,-,,−,−,−,-,−,−,-,–,-,-,,−,−,−,-,−,−,-,–,-,-
,,-,-,-,-,-,-,-,-,-,-,,−,−,−,-,−,−,-,–,-,-,,−,−,−,-,−,−,-,–,-,-
,,-,-,-,-,-,-,-,-,-,-,,−,−,−,-,−,−,-,–,-,-,,−,−,−,-,−,−,-,–,-,-
,,-,-,-,-,-,-,-,-,-,-,,−,−,−,-,−,−,-,–,-,-,,−,−,−,-,−,−,-,–,-,-
,,-,-,-,-,-,-,-,-,-,-,,−,−,−,-,−,−,-,–,-,-,,−,−,−,-,−,−,-,–,-,-
,,-,-,-,-,-,-,-,-,-,-,,−,−,−,-,−,−,-,–,-,-,,−,−,−,-,−,−,-,–,-,-
,,-,-,-,-,-,-,-,-,-,-,,−,−,−,-,−,−,-,–,-,-,,−,−,−,-,−,−,-,–,-,-
,,-,-,-,-,-,-,-,-,-,-,,−,−,−,-,−,−,-,–,-,-,,−,−,−,-,−,−,-,–,-,-
,,-,-,-,-,-,-,-,-,-,-,,−,−,−,-,−,−,-,–,-,-,,−,−,−,-,−,−,-,–,-,-
,,-,-,-,-,-,-,-,-,-,-,,−,−,−,-,−,−,-,–,-,-,,−,−,−,-,−,−,-,–,-,-
,,-,-,-,-,-,-,-,-,-,-,,−,−,−,-,−,−,-,–,-,-,,−,−,−,-,−,−,-,–,-,-
,,-,-,-,-,-,-,-,-,-,-,,−,−,−,-,−,−,-,–,-,-,,−,−,−,-,−,−,-,–,-,-
,,-,-,-,-,-,-,-,-,-,-,,−,−,−,-,−,−,-,–,-,-,,−,−,−,-,−,−,-,–,-,-
,,-,-,-,-,-,-,-,-,-,-,,−,−,−,-,−,−,-,–,-,-,,−,−,−,-,−,−,-,–,-,-
,,-,-,-,-,-,-,-,-,-,-,,−,−,−,-,−,−,-,–,-,-,,−,−,−,-,−,−,-,–,-,-
,,-,-,-,-,-,-,-,-,-,-,,−,−,−,-,−,−,-,–,-,-,,−,−,−,-,−,−,-,–,-,-
,,-,-,-,-,-,-,-,-,-,-,,−,−,−,-,−,−,-,–,-,-,,−,−,−,-,−,−,-,–,-,-
,,-,-,-,-,-,-,-,-,-,-,,−,−,−,-,−,−,-,–,-,-,,−,−,−,-,−,−,-,–,-,-
,,-,-,-,-,-,-,-,-,-,-,,−,−,−,-,−,−,-,–,-,-,,−,−,−,-,−,−,-,–,-,-
,,-,-,-,-,-,-,-,-,-,-,,−,−,−,-,−,−,-,–,-,-,,−,−,−,-,−,−,-,–,-,-
,,-,-,-,-,-,-,-,-,-,-,,−,−,−,-,−,−,-,–,-,-,,−,−,−,-,−,−,-,–,-,-
,,-,-,-,-,-,-,-,-,-,-,,−,−,−,-,−,−,-,–,-,-,,−,−,−,-,−,−,-,–,-,-
,,-,-,-,-,-,-,-,-,-,-,,−,−,−,-,−,−,-,–,-,-,,−,−,−,-,−,−,-,–,-,-
,,-,-,-,-,-,-,-,-,-,-,,−,−,−,-,−,−,-,–,-,-,,−,−,−,-,−,−,-,–,-,-
,,-,-,-,-,-,-,-,-,-,-,,−,−,−,-,−,−,-,–,-,-,,−,−,−,-,−,−,-,–,-,-
,,-,-,-,-,-,-,-,-,-,-,,−,−,−,-,−,−,-,–,-,-,,−,−,−,-,−,−,-,–,-,-
,,-,-,-,-,-,-,-,-,-,-,,−,−,−,-,−,−,-,–,-,-,,−,−,−,-,−,−,-,–,-,-
,,-,-,-,-,-,-,-,-,-,-,,−,−,−,-,−,−,-,–,-,-,,−,−,−,-,−,−,-,–,-,-
,,-,-,-,-,-,-,-,-,-,-,,−,−,−,-,−,−,-,–,-,-,,−,−,−,-,−,−,-,–,-,-
,,-,-,-,-,-,-,-,-,-,-,,−,−,−,-,−,−,-,–,-,-,,−,−,−,-,−,−,-,–,-,-
,,-,-,-,-,-,-,-,-,-,-,,−,−,−,-,−,−,-,–,-,-,,−,−,−,-,−,−,-,–,-,-
,,-,-,-,-,-,-,-,-,-,-,,−,−,−,-,−,−,-,–,-,-,,−,−,−,-,−,−,-,–,-,-
,,-,-,-,-,-,-,-,-,-,-,,−,−,−,-,−,−,-,–,-,-,,−,−,−,-,−,−,-,–,-,-
,,-,-,-,-,-,-,-,-,-,-,,−,−,−,-,−,−,-,–,-,-,,−,−,−,-,−,−,-,–,-,-
,,-,-,-,-,-,-,-,-,-,-,,−,−,−,-,−,−,-,–,-,-,,−,−,−,-,−,−,-,–,-,-
,,-,-,-,-,-,-,-,-,-,-,,−,−,−,-,−,−,-,–,-,-,,−,−,−,-,−,−,-,–,-,-
,,-,-,-,-,-,-,-,-,-,-,,−,−,−,-,−,−,-,–,-,-,,−,−,−,-,−,−,-,–,-,-
,,-,-,-,-,-,-,-,-,-,-,,−,−,−,-,−,−,-,–,-,-,,−,−,−,-,−,−,-,–,-,-
,,-,-,-,-,-,-,-,-,-,-,,−,−,−,-,−,−,-,–,-,-,,−,−,−,-,−,−,-,–,-,-
,,-,-,-,-,-,-,-,-,-,-,,−,−,−,-,−,−,-,–,-,-,,−,−,−,-,−,−,-,–,-,-
,,-,-,-,-,-,-,-,-,-,-,,−,−,−,-,−,−,-,–,-,-,,−,−,−,-,−,−,-,–,-,-
,,-,-,-,-,-,-,-,-,-,-,,−,−,−,-,−,−,-,–,-,-,,−,−,−,-,−,−,-,–,-,-
,,-,-,-,-,-,-,-,-,-,-,,−,−,−,-,−,−,-,–,-,-,,−,−,−,-,−,−,-,–,-,-
,,-,-,-,-,-,-,-,-,-,-,,−,−,−,-,−,−,-,–,-,-,,−,−,−,-,−,−,-,–,-,-
,,-,-,-,-,-,-,-,-,-,-,,−,−,−,-,−,−,-,–,-,-,,−,−,−,-,−,−,-,–,-,-
,,-,-,-,-,-,-,-,-,-,-,,−,−,−,-,−,−,-,–,-,-,,−,−,−,-,−,−,-,–,-,-
,,-,-,-,-,-,-,-,-,-,-,,−,−,−,-,−,−,-,–,-,-,,−,−,−,-,−,−,-,–,-,-
,,-,-,-,-,-,-,-,-,-,-,,−,−,−,-,−,−,-,–,-,-,,−,−,−,-,−,−,-,–,-,-
,,-,-,-,-,-,-,-,-,-,-,,−,−,−,-,−,−,-,–,-,-,,−,−,−,-,−,−,-,–,-,-
,,-,-,-,-,-,-,-,-,-,-,,−,−,−,-,−,−,-,–,-,-,,−,−,−,-,−,−,-,–,-,-
,,-,-,-,-,-,-,-,-,-,-,,−,−,−,-,−,−,-,–,-,-,,−,−,−,-,−,−,-,–,-,-
,,-,-,-,-,-,-,-,-,-,-,,−,−,−,-,−,−,-,–,-,-,,−,−,−,-,−,−,-,–,-,-
,,-,-,-,-,-,-,-,-,-,-,,−,−,−,-,−,−,-,–,-,-,,−,−,−,-,−,−,-,–,-,-
,,-,-,-,-,-,-,-,-,-,-,,−,−,−,-,−,−,-,–,-,-,,−,−,−,-,−,−,-,–,-,-
,,-,-,-,-,-,-,-,-,-,-,,−,−,−,-,−,−,-,–,-,-,,−,−,−,-,−,−,-,–,-,-
,,-,-,-,-,-,-,-,-,-,-,,−,−,−,-,−,−,-,–,-,-,,−,−,−,-,−,−,-,–,-,-
,,-,-,-,-,-,-,-,-,-,-,,−,−,−,-,−,−,-,–,-,-,,−,−,−,-,−,−,-,–,-,-
,,-,-,-,-,-,-,-,-,-,-,,−,−,−,-,−,−,-,–,-,-,,−,−,−,-,−,−,-,–,-,-
,,-,-,-,-,-,-,-,-,-,-,,−,−,−,-,−,−,-,–,-,-,,−,−,−,-,−,−,-,–,-,-
,,-,-,-,-,-,-,-,-,-,-,,−,−,−,-,−,−,-,–,-,-,,−,−,−,-,−,−,-,–,-,-
,,-,-,-,-,-,-,-,-,-,-,,−,−,−,-,−,−,-,–,-,-,,−,−,−,-,−,−,-,–,-,-
,,-,-,-,-,-,-,-,-,-,-,,−,−,−,-,−,−,-,–,-,-,,−,−,−,-,−,−,-,–,-,-
,,-,-,-,-,-,-,-,-,-,-,,−,−,−,-,−,−,-,–,-,-,,−,−,−,-,−,−,-,–,-,-
,,-,-,-,-,-,-,-,-,-,-,,−,−,−,-,−,−,-,–,-,-,,−,−,−,-,−,−,-,–,-,-
,,-,-,-,-,-,-,-,-,-,-,,−,−,−,-,−,−,-,–,-,-,,−,−,−,-,−,−,-,–,-,-
,,-,-,-,-,-,-,-,-,-,-,,−,−,−,-,−,−,-,–,-,-,,−,−,−,-,−,−,-,–,-,-
,,-,-,-,-,-,-,-,-,-,-,,−,−,−,-,−,−,-,–,-,-,,−,−,−,-,−,−,-,–,-,-
,,-,-,-,-,-,-,-,-,-,-,,−,−,−,-,−,−,-,–,-,-,,−,−,−,-,−,−,-,–,-,-
,,-,-,-,-,-,-,-,-,-,-,,−,−,−,-,−,−,-,–,-,-,,−,−,−,-,−,−,-,–,-,-
,,-,-,-,-,-,-,-,-,-,-,,−,−,−,-,−,−,-,–,-,-,,−,−,−,-,−,−,-,–,-,-
,,-,-,-,-,-,-,-,-,-,-,,−,−,−,-,−,−,-,–,-,-,,−,−,−,-,−,−,-,–,-,-
,,-,-,-,-,-,-,-,-,-,-,,−,−,−,-,−,−,-,–,-,-,,−,−,−,-,−,−,-,–,-,-
,,-,-,-,-,-,-,-,-,-,-,,−,−,−,-,−,−,-,–,-,-,,−,−,−,-,−,−,-,–,-,-
,,-,-,-,-,-,-,-,-,-,-,,−,−,−,-,−,−,-,–,-,-,,−,−,−,-,−,−,-,–,-,-
,,-,-,-,-,-,-,-,-,-,-,,−,−,−,-,−,−,-,–,-,-,,−,−,−,-,−,−,-,–,-,-
,,-,-,-,-,-,-,-,-,-,-,,−,−,−,-,−,−,-,–,-,-,,−,−,−,-,−,−,-,–,-,-
,,-,-,-,-,-,-,-,-,-,-,,−,−,−,-,−,−,-,–,-,-,,−,−,−,-,−,−,-,–,-,-
,,-,-,-,-,-,-,-,-,-,-,,−,−,−,-,−,−,-,–,-,-,,−,−,−,-,−,−,-,–,-,-
,,-,-,-,-,-,-,-,-,-,-,,−,−,−,-,−,−,-,–,-,-,,−,−,−,-,−,−,-,–,-,-
,,-,-,-,-,-,-,-,-,-,-,,−,−,−,-,−,−,-,–,-,-,,−,−,−,-,−,−,-,–,-,-
,,-,-,-,-,-,-,-,-,-,-,,−,−,−,-,−,−,-,–,-,-,,−,−,−,-,−,−,-,–,-,-
,,-,-,-,-,-,-,-,-,-,-,,−,−,−,-,−,−,-,–,-,-,,−,−,−,-,−,−,-,–,-,-
,,-,-,-,-,-,-,-,-,-,-,,−,−,−,-,−,−,-,–,-,-,,−,−,−,-,−,−,-,–,-,-
,,-,-,-,-,-,-,-,-,-,-,,−,−,−,-,−,−,-,–,-,-,,−,−,−,-,−,−,-,–,-,-
,,-,-,-,-,-,-,-,-,-,-,,−,−,−,-,−,−,-,–,-,-,,−,−,−,-,−,−,-,–,-,-
,,-,-,-,-,-,-,-,-,-,-,,−,−,−,-,−,−,-,–,-,-,,−,−,−,-,−,−,-,–,-,-
,,-,-,-,-,-,-,-,-,-,-,,−,−,−,-,−,−,-,–,-,-,,−,−,−,-,−,−,-,–,-,-
,,-,-,-,-,-,-,-,-,-,-,,−,−,−,-,−,−,-,–,-,-,,−,−,−,-,−,−,-,–,-,-
,,-,-,-,-,-,-,-,-,-,-,,−,−,−,-,−,−,-,–,-,-,,−,−,−,-,−,−,-,–,-,-
,,-,-,-,-,-,-,-,-,-,-,,−,−,−,-,−,−,-,–,-,-,,−,−,−,-,−,−,-,–,-,-
,,-,-,-,-,-,-,-,-,-,-,,−,−,−,-,−,−,-,–,-,-,,−,−,−,-,−,−,-,–,-,-
,,-,-,-,-,-,-,-,-,-,-,,−,−,−,-,−,−,-,–,-,-,,−,−,−,-,−,−,-,–,-,-
,,-,-,-,-,-,-,-,-,-,-,,−,−,−,-,−,−,-,–,-,-,,−,−,−,-,−,−,-,–,-,-
,,-,-,-,-,-,-,-,-,-,-,,−,−,−,-,−,−,-,–,-,-,,−,−,−,-,−,−,-,–,-,-
,,-,-,-,-,-,-,-,-,-,-,,−,−,−,-,−,−,-,–,-,-,,−,−,−,-,−,−,-,–,-,-
,,-,-,-,-,-,-,-,-,-,-,,−,−,−,-,−,−,-,–,-,-,,−,−,−,-,−,−,-,–,-,-
,,-,-,-,-,-,-,-,-,-,-,,−,−,−,-,−,−,-,–,-,-,,−,−,−,-,−,−,-,–,-,-
,,-,-,-,-,-,-,-,-,-,-,,−,−,−,-,−,−,-,–,-,-,,−,−,−,-,−,−,-,–,-,-
,,-,-,-,-,-,-,-,-,-,-,,−,−,−,-,−,−,-,–,-,-,,−,−,−,-,−,−,-,–,-,-
,,-,-,-,-,-,-,-,-,-,-,,−,−,−,-,−,−,-,–,-,-,,−,−,−,-,−,−,-,–,-,-
,,-,-,-,-,-,-,-,-,-,-,,−,−,−,-,−,−,-,–,-,-,,−,−,−,-,−,−,-,–,-,-
,,-,-,-,-,-,-,-,-,-,-,,−,−,−,-,−,−,-,–,-,-,,−,−,−,-,−,−,-,–,-,-
,,-,-,-,-,-,-,-,-,-,-,,−,−,−,-,−,−,-,–,-,-,,−,−,−,-,−,−,-,–,-,-
,,-,-,-,-,-,-,-,-,-,-,,−,−,−,-,−,−,-,–,-,-,,−,−,−,-,−,−,-,–,-,-
,,-,-,-,-,-,-,-,-,-,-,,−,−,−,-,−,−,-,–,-,-,,−,−,−,-,−,−,-,–,-,-
,,-,-,-,-,-,-,-,-,-,-,,−,−,−,-,−,−,-,–,-,-,,−,−,−,-,−,−,-,–,-,-
,,-,-,-,-,-,-,-,-,-,-,,−,−,−,-,−,−,-,–,-,-,,−,−,−,-,−,−,-,–,-,-
,,-,-,-,-,-,-,-,-,-,-,,−,−,−,-,−,−,-,–,-,-,,−,−,−,-,−,−,-,–,-,-
,,-,-,-,-,-,-,-,-,-,-,,−,−,−,-,−,−,-,–,-,-,,−,−,−,-,−,−,-,–,-,-
,,-,-,-,-,-,-,-,-,-,-,,−,−,−,-,−,−,-,–,-,-,,−,−,−,-,−,−,-,–,-,-
,,-,-,-,-,-,-,-,-,-,-,,−,−,−,-,−,−,-,–,-,-,,−,−,−,-,−,−,-,–,-,-
,,-,-,-,-,-,-,-,-,-,-,,−,−,−,-,−,−,-,–,-,-,,−,−,−,-,−,−,-,–,-,-
,,-,-,-,-,-,-,-,-,-,-,,−,−,−,-,−,−,-,–,-,-,,−,−,−,-,−,−,-,–,-,-
,,-,-,-,-,-,-,-,-,-,-,,−,−,−,-,−,−,-,–,-,-,,−,−,−,-,−,−,-,–,-,-
,,-,-,-,-,-,-,-,-,-,-,,−,−,−,-,−,−,-,–,-,-,,−,−,−,-,−,−,-,–,-,-
,,-,-,-,-,-,-,-,-,-,-,,−,−,−,-,−,−,-,–,-,-,,−,−,−,-,−,−,-,–,-,-
,,-,-,-,-,-,-,-,-,-,-,,−,−,−,-,−,−,-,–,-,-,,−,−,−,-,−,−,-,–,-,-
,,-,-,-,-,-,-,-,-,-,-,,−,−,−,-,−,−,-,–,-,-,,−,−,−,-,−,−,-,–,-,-
,,-,-,-,-,-,-,-,-,-,-,,−,−,−,-,−,−,-,–,-,-,,−,−,−,-,−,−,-,–,-,-
,,-,-,-,-,-,-,-,-,-,-,,−,−,−,-,−,−,-,–,-,-,,−,−,−,-,−,−,-,–,-,-
,,-,-,-,-,-,-,-,-,-,-,,−,−,−,-,−,−,-,–,-,-,,−,−,−,-,−,−,-,–,-,-
,,-,-,-,-,-,-,-,-,-,-,,−,−,−,-,−,−,-,–,-,-,,−,−,−,-,−,−,-,–,-,-
,,-,-,-,-,-,-,-,-,-,-,,−,−,−,-,−,−,-,–,-,-,,−,−,−,-,−,−,-,–,-,-
,,-,-,-,-,-,-,-,-,-,-,,−,−,−,-,−,−,-,–,-,-,,−,−,−,-,−,−,-,–,-,-
,,-,-,-,-,-,-,-,-,-,-,,−,−,−,-,−,−,-,–,-,-,,−,−,−,-,−,−,-,–,-,-
,,-,-,-,-,-,-,-,-,-,-,,−,−,−,-,−,−,-,–,-,-,,−,−,−,-,−,−,-,–,-,-
,,-,-,-,-,-,-,-,-,-,-,,−,−,−,-,−,−,-,–,-,-,,−,−,−,-,−,−,-,–,-,-
,,-,-,-,-,-,-,-,-,-,-,,−,−,−,-,−,−,-,–,-,-,,−,−,−,-,−,−,-,–,-,-
,,-,-,-,-,-,-,-,-,-,-,,−,−,−,-,−,−,-,–,-,-,,−,−,−,-,−,−,-,–,-,-
,,-,-,-,-,-,-,-,-,-,-,,−,−,−,-,−,−,-,–,-,-,,−,−,−,-,−,−,-,–,-,-
,,-,-,-,-,-,-,-,-,-,-,,−,−,−,-,−,−,-,–,-,-,,−,−,−,-,−,−,-,–,-,-
,,-,-,-,-,-,-,-,-,-,-,,−,−,−,-,−,−,-,–,-,-,,−,−,−,-,−,−,-,–,-,-
,,-,-,-,-,-,-,-,-,-,-,,−,−,−,-,−,−,-,–,-,-,,−,−,−,-,−,−,-,–,-,-
,,-,-,-,-,-,-,-,-,-,-,,−,−,−,-,−,−,-,–,-,-,,−,−,−,-,−,−,-,–,-,-
,,-,-,-,-,-,-,-,-,-,-,,−,−,−,-,−,−,-,–,-,-,,−,−,−,-,−,−,-,–,-,-
,,-,-,-,-,-,-,-,-,-,-,,−,−,−,-,−,−,-,–,-,-,,−,−,−,-,−,−,-,–,-,-
,,-,-,-,-,-,-,-,-,-,-,,−,−,−,-,−,−,-,–,-,-,,−,−,−,-,−,−,-,–,-,-
,,-,-,-,-,-,-,-,-,-,-,,−,−,−,-,−,−,-,–,-,-,,−,−,−,-,−,−,-,–,-,-
,,-,-,-,-,-,-,-,-,-,-,,−,−,−,-,−,−,-,–,-,-,,−,−,−,-,−,−,-,–,-,-
,,-,-,-,-,-,-,-,-,-,-,,−,−,−,-,−,−,-,–,-,-,,−,−,−,-,−,−,-,–,-,-
,,-,-,-,-,-,-,-,-,-,-,,−,−,−,-,−,−,-,–,-,-,,−,−,−,-,−,−,-,–,-,-
,,-,-,-,-,-,-,-,-,-,-,,−,−,−,-,−,−,-,–,-,-,,−,−,−,-,−,−,-,–,-,-
,,-,-,-,-,-,-,-,-,-,-,,−,−,−,-,−,−,-,–,-,-,,−,−,−,-,−,−,-,–,-,-
,,-,-,-,-,-,-,-,-,-,-,,−,−,−,-,−,−,-,–,-,-,,−,−,−,-,−,−,-,–,-,-
,,-,-,-,-,-,-,-,-,-,-,,−,−,−,-,−,−,-,–,-,-,,−,−,−,-,−,−,-,–,-,-
,,-,-,-,-,-,-,-,-,-,-,,−,−,−,-,−,−,-,–,-,-,,−,−,−,-,−,−,-,–,-,-
,,-,-,-,-,-,-,-,-,-,-,,−,−,−,-,−,−,-,–,-,-,,−,−,−,-,−,−,-,–,-,-
,,-,-,-,-,-,-,-,-,-,-,,−,−,−,-,−,−,-,–,-,-,,−,−,−,-,−,−,-,–,-,-
,,-,-,-,-,-,-,-,-,-,-,,−,−,−,-,−,−,-,–,-,-,,−,−,−,-,−,−,-,–,-,-
,,-,-,-,-,-,-,-,-,-,-,,−,−,−,-,−,−,-,–,-,-,,−,−,−,-,−,−,-,–,-,-
,,-,-,-,-,-,-,-,-,-,-,,−,−,−,-,−,−,-,–,-,-,,−,−,−,-,−,−,-,–,-,-
,,-,-,-,-,-,-,-,-,-,-,,−,−,−,-,−,−,-,–,-,-,,−,−,−,-,−,−,-,–,-,-
,,-,-,-,-,-,-,-,-,-,-,,−,−,−,-,−,−,-,–,-,-,,−,−,−,-,−,−,-,–,-,-
,,-,-,-,-,-,-,-,-,-,-,,−,−,−,-,−,−,-,–,-,-,,−,−,−,-,−,−,-,–,-,-
,,-,-,-,-,-,-,-,-,-,-,,−,−,−,-,−,−,-,–,-,-,,−,−,−,-,−,−,-,–,-,-
,,-,-,-,-,-,-,-,-,-,-,,−,−,−,-,−,−,-,–,-,-,,−,−,−,-,−,−,-,–,-,-
,,-,-,-,-,-,-,-,-,-,-,,−,−,−,-,−,−,-,–,-,-,,−,−,−,-,−,−,-,–,-,-
,,-,-,-,-,-,-,-,-,-,-,,−,−,−,-,−,−,-,–,-,-,,−,−,−,-,−,−,-,–,-,-
,,-,-,-,-,-,-,-,-,-,-,,−,−,−,-,−,−,-,–,-,-,,−,−,−,-,−,−,-,–,-,-
,,-,-,-,-,-,-,-,-,-,-,,−,−,−,-,−,−,-,–,-,-,,−,−,−,-,−,−,-,–,-,-
,,-,-,-,-,-,-,-,-,-,-,,−,−,−,-,−,−,-,–,-,-,,−,−,−,-,−,−,-,–,-,-
,,-,-,-,-,-,-,-,-,-,-,,−,−,−,-,−,−,-,–,-,-,,−,−,−,-,−,−,-,–,-,-
,,-,-,-,-,-,-,-,-,-,-,,−,−,−,-,−,−,-,–,-,-,,−,−,−,-,−,−,-,–,-,-
,,-,-,-,-,-,-,-,-,-,-,,−,−,−,-,−,−,-,–,-,-,,−,−,−,-,−,−,-,–,-,-
,,-,-,-,-,-,-,-,-,-,-,,−,−,−,-,−,−,-,–,-,-,,−,−,−,-,−,−,-,–,-,-
,,-,-,-,-,-,-,-,-,-,-,,−,−,−,-,−,−,-,–,-,-,,−,−,−,-,−,−,-,–,-,-
,,-,-,-,-,-,-,-,-,-,-,,−,−,−,-,−,−,-,–,-,-,,−,−,−,-,−,−,-,–,-,-
,,-,-,-,-,-,-,-,-,-,-,,−,−,−,-,−,−,-,–,-,-,,−,−,−,-,−,−,-,–,-,-
,,-,-,-,-,-,-,-,-,-,-,,−,−,−,-,−,−,-,–,-,-,,−,−,−,-,−,−,-,–,-,-
,,-,-,-,-,-,-,-,-,-,-,,−,−,−,-,−,−,-,–,-,-,,−,−,−,-,−,−,-,–,-,-
,,-,-,-,-,-,-,-,-,-,-,,−,−,−,-,−,−,-,–,-,-,,−,−,−,-,−,−,-,–,-,-
,,-,-,-,-,-,-,-,-,-,-,,−,−,−,-,−,−,-,–,-,-,,−,−,−,-,−,−,-,–,-,-
,,-,-,-,-,-,-,-,-,-,-,,−,−,−,-,−,−,-,–,-,-,,−,−,−,-,−,−,-,–,-,-
,,-,-,-,-,-,-,-,-,-,-,,−,−,−,-,−,−,-,–,-,-,,−,−,−,-,−,−,-,–,-,-
,,-,-,-,-,-,-,-,-,-,-,,−,−,−,-,−,−,-,–,-,-,,−,−,−,-,−,−,-,–,-,-
,,-,-,-,-,-,-,-,-,-,-,,−,−,−,-,−,−,-,–,-,-,,−,−,−,-,−,−,-,–,-,-
,,-,-,-,-,-,-,-,-,-,-,,−,−,−,-,−,−,-,–,-,-,,−,−,−,-,−,−,-,–,-,-
,,-,-,-,-,-,-,-,-,-,-,,−,−,−,-,−,−,-,–,-,-,,−,−,−,-,−,−,-,–,-,-
,,-,-,-,-,-,-,-,-,-,-,,−,−,−,-,−,−,-,–,-,-,,−,−,−,-,−,−,-,–,-,-
,,-,-,-,-,-,-,-,-,-,-,,−,−,−,-,−,−,-,–,-,-,,−,−,−,-,−,−,-,–,-,-
,,-,-,-,-,-,-,-,-,-,-,,−,−,−,-,−,−,-,–,-,-,,−,−,−,-,−,−,-,–,-,-
,,-,-,-,-,-,-,-,-,-,-,,−,−,−,-,−,−,-,–,-,-,,−,−,−,-,−,−,-,–,-,-
,,-,-,-,-,-,-,-,-,-,-,,−,−,−,-,−,−,-,–,-,-,,−,−,−,-,−,−,-,–,-,-
,,-,-,-,-,-,-,-,-,-,-,,−,−,−,-,−,−,-,–,-,-,,−,−,−,-,−,−,-,–,-,-
,,-,-,-,-,-,-,-,-,-,-,,−,−,−,-,−,−,-,–,-,-,,−,−,−,-,−,−,-,–,-,-
,,-,-,-,-,-,-,-,-,-,-,,−,−,−,-,−,−,-,–,-,-,,−,−,−,-,−,−,-,–,-,-
,,-,-,-,-,-,-,-,-,-,-,,−,−,−,-,−,−,-,–,-,-,,−,−,−,-,−,−,-,–,-,-
,,-,-,-,-,-,-,-,-,-,-,,−,−,−,-,−,−,-,–,-,-,,−,−,−,-,−,−,-,–,-,-
,,-,-,-,-,-,-,-,-,-,-,,−,−,−,-,−,−,-,–,-,-,,−,−,−,-,−,−,-,–,-,-
,,-,-,-,-,-,-,-,-,-,-,,−,−,−,-,−,−,-,–,-,-,,−,−,−,-,−,−,-,–,-,-
,,-,-,-,-,-,-,-,-,-,-,,−,−,−,-,−,−,-,–,-,-,,−,−,−,-,−,−,-,–,-,-
,,-,-,-,-,-,-,-,-,-,-,,−,−,−,-,−,−,-,–,-,-,,−,−,−,-,−,−,-,–,-,-
,,-,-,-,-,-,-,-,-,-,-,,−,−,−,-,−,−,-,–,-,-,,−,−,−,-,−,−,-,–,-,-
,,-,-,-,-,-,-,-,-,-,-,,−,−,−,-,−,−,-,–,-,-,,−,−,−,-,−,−,-,–,-,-
,,-,-,-,-,-,-,-,-,-,-,,−,−,−,-,−,−,-,–,-,-,,−,−,−,-,−,−,-,–,-,-
,,-,-,-,-,-,-,-,-,-,-,,−,−,−,-,−,−,-,–,-,-,,−,−,−,-,−,−,-,–,-,-
,,-,-,-,-,-,-,-,-,-,-,,−,−,−,-,−,−,-,–,-,-,,−,−,−,-,−,−,-,–,-,-
,,-,-,-,-,-,-,-,-,-,-,,−,−,−,-,−,−,-,–,-,-,,−,−,−,-,−,−,-,–,-,-
,,-,-,-,-,-,-,-,-,-,-,,−,−,−,-,−,−,-,–,-,-,,−,−,−,-,−,−,-,–,-,-
,,-,-,-,-,-,-,-,-,-,-,,−,−,−,-,−,−,-,–,-,-,,−,−,−,-,−,−,-,–,-,-
,,-,-,-,-,-,-,-,-,-,-,,−,−,−,-,−,−,-,–,-,-,,−,−,−,-,−,−,-,–,-,-
,,-,-,-,-,-,-,-,-,-,-,,−,−,−,-,−,−,-,–,-,-,,−,−,−,-,−,−,-,–,-,-
,,-,-,-,-,-,-,-,-,-,-,,−,−,−,-,−,−,-,–,-,-,,−,−,−,-,−,−,-,–,-,-
,,-,-,-,-,-,-,-,-,-,-,,−,−,−,-,−,−,-,–,-,-,,−,−,−,-,−,−,-,–,-,-
,,-,-,-,-,-,-,-,-,-,-,,−,−,−,-,−,−,-,–,-,-,,−,−,−,-,−,−,-,–,-,-
,,-,-,-,-,-,-,-,-,-,-,,−,−,−,-,−,−,-,–,-,-,,−,−,−,-,−,−,-,–,-,-
,,-,-,-,-,-,-,-,-,-,-,,−,−,−,-,−,−,-,–,-,-,,−,−,−,-,−,−,-,–,-,-
,,-,-,-,-,-,-,-,-,-,-,,−,−,−,-,−,−,-,–,-,-,,−,−,−,-,−,−,-,–,-,-
,,-,-,-,-,-,-,-,-,-,-,,−,−,−,-,−,−,-,–,-,-,,−,−,−,-,−,−,-,–,-,-
,,-,-,-,-,-,-,-,-,-,-,,−,−,−,-,−,−,-,–,-,-,,−,−,−,-,−,−,-,–,-,-
,,-,-,-,-,-,-,-,-,-,-,,−,−,−,-,−,−,-,–,-,-,,−,−,−,-,−,−,-,–,-,-
,,-,-,-,-,-,-,-,-,-,-,,−,−,−,-,−,−,-,–,-,-,,−,−,−,-,−,−,-,–,-,-
,,-,-,-,-,-,-,-,-,-,-,,−,−,−,-,−,−,-,–,-,-,,−,−,−,-,−,−,-,–,-,-
,,-,-,-,-,-,-,-,-,-,-,,−,−,−,-,−,−,-,–,-,-,,−,−,−,-,−,−,-,–,-,-
,,-,-,-,-,-,-,-,-,-,-,,−,−,−,-,−,−,-,–,-,-,,−,−,−,-,−,−,-,–,-,-
,,-,-,-,-,-,-,-,-,-,-,,−,−,−,-,−,−,-,–,-,-,,−,−,−,-,−,−,-,–,-,-
,,-,-,-,-,-,-,-,-,-,-,,−,−,−,-,−,−,-,–,-,-,,−,−,−,-,−,−,-,–,-,-
,,-,-,-,-,-,-,-,-,-,-,,−,−,−,-,−,−,-,–,-,-,,−,−,−,-,−,−,-,–,-,-
,,-,-,-,-,-,-,-,-,-,-,,−,−,−,-,−,−,-,–,-,-,,−,−,−,-,−,−,-,–,-,-
,,-,-,-,-,-,-,-,-,-,-,,−,−,−,-,−,−,-,–,-,-,,−,−,−,-,−,−,-,–,-,-
,,-,-,-,-,-,-,-,-,-,-,,−,−,−,-,−,−,-,–,-,-,,−,−,−,-,−,−,-,–,-,-
,,-,-,-,-,-,-,-,-,-,-,,−,−,−,-,−,−,-,–,-,-,,−,−,−,-,−,−,-,–,-,-
,,-,-,-,-,-,-,-,-,-,-,,−,−,−,-,−,−,-,–,-,-,,−,−,−,-,−,−,-,–,-,-
,,-,-,-,-,-,-,-,-,-,-,,−,−,−,-,−,−,-,–,-,-,,−,−,−,-,−,−,-,–,-,-
,,-,-,-,-,-,-,-,-,-,-,,−,−,−,-,−,−,-,–,-,-,,−,−,−,-,−,−,-,–,-,-
,,-,-,-,-,-,-,-,-,-,-,,−,−,−,-,−,−,-,–,-,-,,−,−,−,-,−,−,-,–,-,-
,,-,-,-,-,-,-,-,-,-,-,,−,−,−,-,−,−,-,–,-,-,,−,−,−,-,−,−,-,–,-,-
,,-,-,-,-,-,-,-,-,-,-,,−,−,−,-,−,−,-,–,-,-,,−,−,−,-,−,−,-,–,-,-
,,-,-,-,-,-,-,-,-,-,-,,−,−,−,-,−,−,-,–,-,-,,−,−,−,-,−,−,-,–,-,-
,,-,-,-,-,-,-,-,-,-,-,,−,−,−,-,−,−,-,–,-,-,,−,−,−,-,−,−,-,–,-,-
,,-,-,-,-,-,-,-,-,-,-,,−,−,−,-,−,−,-,–,-,-,,−,−,−,-,−,−,-,–,-,-
,,-,-,-,-,-,-,-,-,-,-,,−,−,−,-,−,−,-,–,-,-,,−,−,−,-,−,−,-,–,-,-
,,-,-,-,-,-,-,-,-,-,-,,−,−,−,-,−,−,-,–,-,-,,−,−,−,-,−,−,-,–,-,-
,,-,-,-,-,-,-,-,-,-,-,,−,−,−,-,−,−,-,–,-,-,,−,−,−,-,−,−,-,–,-,-
,,-,-,-,-,-,-,-,-,-,-,,−,−,−,-,−,−,-,–,-,-,,−,−,−,-,−,−,-,–,-,-
,,-,-,-,-,-,-,-,-,-,-,,−,−,−,-,−,−,-,–,-,-,,−,−,−,-,−,−,-,–,-,-
,,-,-,-,-,-,-,-,-,-,-,,−,−,−,-,−,−,-,–,-,-,,−,−,−,-,−,−,-,–,-,-
,,-,-,-,-,-,-,-,-,-,-,,−,−,−,-,−,−,-,–,-,-,,−,−,−,-,−,−,-,–,-,-
,,-,-,-,-,-,-,-,-,-,-,,−,−,−,-,−,−,-,–,-,-,,−,−,−,-,−,−,-,–,-,-
,,-,-,-,-,-,-,-,-,-,-,,−,−,−,-,−,−,-,–,-,-,,−,−,−,-,−,−,-,–,-,-
,,-,-,-,-,-,-,-,-,-,-,,−,−,−,-,−,−,-,–,-,-,,−,−,−,-,−,−,-,–,-,-
,,-,-,-,-,-,-,-,-,-,-,,−,−,−,-,−,−,-,–,-,-,,−,−,−,-,−,−,-,–,-,-
,,-,-,-,-,-,-,-,-,-,-,,−,−,−,-,−,−,-,–,-,-,,−,−,−,-,−,−,-,–,-,-
,,-,-,-,-,-,-,-,-,-,-,,−,−,−,-,−,−,-,–,-,-,,−,−,−,-,−,−,-,–,-,-
,,-,-,-,-,-,-,-,-,-,-,,−,−,−,-,−,−,-,–,-,-,,−,−,−,-,−,−,-,–,-,-
,,-,-,-,-,-,-,-,-,-,-,,−,−,−,-,−,−,-,–,-,-,,−,−,−,-,−,−,-,–,-,-
,,-,-,-,-,-,-,-,-,-,-,,−,−,−,-,−,−,-,–,-,-,,−,−,−,-,−,−,-,–,-,-
,,-,-,-,-,-,-,-,-,-,-,,−,−,−,-,−,−,-,–,-,-,,−,−,−,-,−,−,-,–,-,-
,,-,-,-,-,-,-,-,-,-,-,,−,−,−,-,−,−,-,–,-,-,,−,−,−,-,−,−,-,–,-,-
,,-,-,-,-,-,-,-,-,-,-,,−,−,−,-,−,−,-,–,-,-,,−,−,−,-,−,−,-,–,-,-
,,-,-,-,-,-,-,-,-,-,-,,−,−,−,-,−,−,-,–,-,-,,−,−,−,-,−,−,-,–,-,-
,,-,-,-,-,-,-,-,-,-,-,,−,−,−,-,−,−,-,–,-,-,,−,−,−,-,−,−,-,–,-,-
,,-,-,-,-,-,-,-,-,-,-,,−,−,−,-,−,−,-,–,-,-,,−,−,−,-,−,−,-,–,-,-
,,-,-,-,-,-,-,-,-,-,-,,−,−,−,-,−,−,-,–,-,-,,−,−,−,-,−,−,-,–,-,-
,,-,-,-,-,-,-,-,-,-,-,,−,−,−,-,−,−,-,–,-,-,,−,−,−,-,−,−,-,–,-,-
,,-,-,-,-,-,-,-,-,-,-,,−,−,−,-,−,−,-,–,-,-,,−,−,−,-,−,−,-,–,-,-
,,-,-,-,-,-,-,-,-,-,-,,−,−,−,-,−,−,-,–,-,-,,−,−,−,-,−,−,-,–,-,-
,,-,-,-,-,-,-,-,-,-,-,,−,−,−,-,−,−,-,–,-,-,,−,−,−,-,−,−,-,–,-,-
,,-,-,-,-,-,-,-,-,-,-,,−,−,−,-,−,−,-,–,-,-,,−,−,−,-,−,−,-,–,-,-
,,-,-,-,-,-,-,-,-,-,-,,−,−,−,-,−,−,-,–,-,-,,−,−,−,-,−,−,-,–,-,-
,,-,-,-,-,-,-,-,-,-,-,,−,−,−,-,−,−,-,–,-,-,,−,−,−,-,−,−,-,–,-,-
,,-,-,-,-,-,-,-,-,-,-,,−,−,−,-,−,−,-,–,-,-,,−,−,−,-,−,−,-,–,-,-
,,-,-,-,-,-,-,-,-,-,-,,−,−,−,-,−,−,-,–,-,-,,−,−,−,-,−,−,-,–,-,-
,,-,-,-,-,-,-,-,-,-,-,,−,−,−,-,−,−,-,–,-,-,,−,−,−,-,−,−,-,–,-,-
,,-,-,-,-,-,-,-,-,-,-,,−,−,−,-,−,−,-,–,-,-,,−,−,−,-,−,−,-,–,-,-
,,-,-,-,-,-,-,-,-,-,-,,−,−,−,-,−,−,-,–,-,-,,−,−,−,-,−,−,-,–,-,-
,,-,-,-,-,-,-,-,-,-,-,,−,−,−,-,−,−,-,–,-,-,,−,−,−,-,−,−,-,–,-,-
,,-,-,-,-,-,-,-,-,-,-,,−,−,−,-,−,−,-,–,-,-,,−,−,−,-,−,−,-,–,-,-
,,-,-,-,-,-,-,-,-,-,-,,−,−,−,-,−,−,-,–,-,-,,−,−,−,-,−,−,-,–,-,-
,,-,-,-,-,-,-,-,-,-,-,,−,−,−,-,−,−,-,–,-,-,,−,−,−,-,−,−,-,–,-,-
,,-,-,-,-,-,-,-,-,-,-,,−,−,−,-,−,−,-,–,-,-,,−,−,−,-,−,−,-,–,-,-
,,-,-,-,-,-,-,-,-,-,-,,−,−,−,-,−,−,-,–,-,-,,−,−,−,-,−,−,-,–,-,-
,,-,-,-,-,-,-,-,-,-,-,,−,−,−,-,−,−,-,–,-,-,,−,−,−,-,−,−,-,–,-,-
,,-,-,-,-,-,-,-,-,-,-,,−,−,−,-,−,−,-,–,-,-,,−,−,−,-,−,−,-,–,-,-
,,-,-,-,-,-,-,-,-,-,-,,−,−,−,-,−,−,-,–,-,-,,−,−,−,-,−,−,-,–,-,-
,,-,-,-,-,-,-,-,-,-,-,,−,−,−,-,−,−,-,–,-,-,,−,−,−,-,−,−,-,–,-,-
,,-,-,-,-,-,-,-,-,-,-,,−,−,−,-,−,−,-,–,-,-,,−,−,−,-,−,−,-,–,-,-
,,-,-,-,-,-,-,-,-,-,-,,−,−,−,-,−,−,-,–,-,-,,−,−,−,-,−,−,-,–,-,-
,,-,-,-,-,-,-,-,-,-,-,,−,−,−,-,−,−,-,–,-,-,,−,−,−,-,−,−,-,–,-,-
,,-,-,-,-,-,-,-,-,-,-,,−,−,−,-,−,−,-,–,-,-,,−,−,−,-,−,−,-,–,-,-
,,-,-,-,-,-,-,-,-,-,-,,−,−,−,-,−,−,-,–,-,-,,−,−,−,-,−,−,-,–,-,-
,,-,-,-,-,-,-,-,-,-,-,,−,−,−,-,−,−,-,–,-,-,,−,−,−,-,−,−,-,–,-,-
,,-,-,-,-,-,-,-,-,-,-,,−,−,−,-,−,−,-,–,-,-,,−,−,−,-,−,−,-,–,-,-
,,-,-,-,-,-,-,-,-,-,-,,−,−,−,-,−,−,-,–,-,-,,−,−,−,-,−,−,-,–,-,-
,,-,-,-,-,-,-,-,-,-,-,,−,−,−,-,−,−,-,–,-,-,,−,−,−,-,−,−,-,–,-,-
,,-,-,-,-,-,-,-,-,-,-,,−,−,−,-,−,−,-,–,-,-,,−,−,−,-,−,−,-,–,-,-
,,-,-,-,-,-,-,-,-,-,-,,−,−,−,-,−,−,-,–,-,-,,−,−,−,-,−,−,-,–,-,-
,,-,-,-,-,-,-,-,-,-,-,,−,−,−,-,−,−,-,–,-,-,,−,−,−,-,−,−,-,–,-,-
,,-,-,-,-,-,-,-,-,-,-,,−,−,−,-,−,−,-,–,-,-,,−,−,−,-,−,−,-,–,-,-
,,-,-,-,-,-,-,-,-,-,-,,−,−,−,-,−,−,-,–,-,-,,−,−,−,-,−,−,-,–,-,-
,,-,-,-,-,-,-,-,-,-,-,,−,−,−,-,−,−,-,–,-,-,,−,−,−,-,−,−,-,–,-,-
,,-,-,-,-,-,-,-,-,-,-,,−,−,−,-,−,−,-,–,-,-,,−,−,−,-,−,−,-,–,-,-
,,-,-,-,-,-,-,-,-,-,-,,−,−,−,-,−,−,-,–,-,-,,−,−,−,-,−,−,-,–,-,-
,,-,-,-,-,-,-,-,-,-,-,,−,−,−,-,−,−,-,–,-,-,,−,−,−,-,−,−,-,–,-,-
,,-,-,-,-,-,-,-,-,-,-,,−,−,−,-,−,−,-,–,-,-,,−,−,−,-,−,−,-,–,-,-
,,-,-,-,-,-,-,-,-,-,-,,−,−,−,-,−,−,-,–,-,-,,−,−,−,-,−,−,-,–,-,-
,,-,-,-,-,-,-,-,-,-,-,,−,−,−,-,−,−,-,–,-,-,,−,−,−,-,−,−,-,–,-,-
,,-,-,-,-,-,-,-,-,-,-,,−,−,−,-,−,−,-,–,-,-,,−,−,−,-,−,−,-,–,-,-
,,-,-,-,-,-,-,-,-,-,-,,−,−,−,-,−,−,-,–,-,-,,−,−,−,-,−,−,-,–,-,-
,,-,-,-,-,-,-,-,-,-,-,,−,−,−,-,−,−,-,–,-,-,,−,−,−,-,−,−,-,–,-,-
,,-,-,-,-,-,-,-,-,-,-,,−,−,−,-,−,−,-,–,-,-,,−,−,−,-,−,−,-,–,-,-
,,-,-,-,-,-,-,-,-,-,-,,−,−,−,-,−,−,-,–,-,-,,−,−,−,-,−,−,-,–,-,-
,,-,-,-,-,-,-,-,-,-,-,,−,−,−,-,−,−,-,–,-,-,,−,−,−,-,−,−,-,–,-,-
,,-,-,-,-,-,-,-,-,-,-,,−,−,−,-,−,−,-,–,-,-,,−,−,−,-,−,−,-,–,-,-
,,-,-,-,-,-,-,-,-,-,-,,−,−,−,-,−,−,-,–,-,-,,−,−,−,-,−,−,-,–,-,-
,,-,-,-,-,-,-,-,-,-,-,,−,−,−,-,−,−,-,–,-,-,,−,−,−,-,−,−,-,–,-,-
,,-,-,-,-,-,-,-,-,-,-,,−,−,−,-,−,−,-,–,-,-,,−,−,−,-,−,−,-,–,-,-
,,-,-,-,-,-,-,-,-,-,-,,−,−,−,-,−,−,-,–,-,-,,−,−,−,-,−,−,-,–,-,-
,,-,-,-,-,-,-,-,-,-,-,,−,−,−,-,−,−,-,–,-,-,,−,−,−,-,−,−,-,–,-,-
,,-,-,-,-,-,-,-,-,-,-,,−,−,−,-,−,−,-,–,-,-,,−,−,−,-,−,−,-,–,-,-
,,-,-,-,-,-,-,-,-,-,-,,−,−,−,-,−,−,-,–,-,-,,−,−,−,-,−,−,-,–,-,-
,,-,-,-,-,-,-,-,-,-,-,,−,−,−,-,−,−,-,–,-,-,,−,−,−,-,−,−,-,–,-,-
,,-,-,-,-,-,-,-,-,-,-,,−,−,−,-,−,−,-,–,-,-,,−,−,−,-,−,−,-,–,-,-
,,-,-,-,-,-,-,-,-,-,-,,−,−,−,-,−,−,-,–,-,-,,−,−,−,-,−,−,-,–,-,-
,,-,-,-,-,-,-,-,-,-,-,,−,−,−,-,−,−,-,–,-,-,,−,−,−,-,−,−,-,–,-,-
,,-,-,-,-,-,-,-,-,-,-,,−,−,−,-,−,−,-,–,-,-,,−,−,−,-,−,−,-,–,-,-
,,-,-,-,-,-,-,-,-,-,-,,−,−,−,-,−,−,-,–,-,-,,−,−,−,-,−,−,-,–,-,-
,,-,-,-,-,-,-,-,-,-,-,,−,−,−,-,−,−,-,–,-,-,,−,−,−,-,−,−,-,–,-,-
,,-,-,-,-,-,-,-,-,-,-,,−,−,−,-,−,−,-,–,-,-,,−,−,−,-,−,−,-,–,-,-
,,-,-,-,-,-,-,-,-,-,-,,−,−,−,-,−,−,-,–,-,-,,−,−,−,-,−,−,-,–,-,-
,,-,-,-,-,-,-,-,-,-,-,,−,−,−,-,−,−,-,–,-,-,,−,−,−,-,−,−,-,–,-,-
,,-,-,-,-,-,-,-,-,-,-,,−,−,−,-,−,−,-,–,-,-,,−,−,−,-,−,−,-,–,-,-
,,-,-,-,-,-,-,-,-,-,-,,−,−,−,-,−,−,-,–,-,-,,−,−,−,-,−,−,-,–,-,-
,,-,-,-,-,-,-,-,-,-,-,,−,−,−,-,−,−,-,–,-,-,,−,−,−,-,−,−,-,–,-,-
,,-,-,-,-,-,-,-,-,-,-,,−,−,−,-,−,−,-,–,-,-,,−,−,−,-,−,−,-,–,-,-
,,-,-,-,-,-,-,-,-,-,-,,−,−,−,-,−,−,-,–,-,-,,−,−,−,-,−,−,-,–,-,-
,,-,-,-,-,-,-,-,-,-,-,,−,−,−,-,−,−,-,–,-,-,,−,−,−,-,−,−,-,–,-,-
,,-,-,-,-,-,-,-,-,-,-,,−,−,−,-,−,−,-,–,-,-,,−,−,−,-,−,−,-,–,-,-
,,-,-,-,-,-,-,-,-,-,-,,−,−,−,-,−,−,-,–,-,-,,−,−,−,-,−,−,-,–,-,-
,,-,-,-,-,-,-,-,-,-,-,,−,−,−,-,−,−,-,–,-,-,,−,−,−,-,−,−,-,–,-,-
,,-,-,-,-,-,-,-,-,-,-,,−,−,−,-,−,−,-,–,-,-,,−,−,−,-,−,−,-,–,-,-
,,-,-,-,-,-,-,-,-,-,-,,−,−,−,-,−,−,-,–,-,-,,−,−,−,-,−,−,-,–,-,-
,,-,-,-,-,-,-,-,-,-,-,,−,−,−,-,−,−,-,–,-,-,,−,−,−,-,−,−,-,–,-,-
,,-,-,-,-,-,-,-,-,-,-,,−,−,−,-,−,−,-,–,-,-,,−,−,−,-,−,−,-,–,-,-
,,-,-,-,-,-,-,-,-,-,-,,−,−,−,-,−,−,-,–,-,-,,−,−,−,-,−,−,-,–,-,-
,,-,-,-,-,-,-,-,-,-,-,,−,−,−,-,−,−,-,–,-,-,,−,−,−,-,−,−,-,–,-,-
,,-,-,-,-,-,-,-,-,-,-,,−,−,−,-,−,−,-,–,-,-,,−,−,−,-,−,−,-,–,-,-
,,-,-,-,-,-,-,-,-,-,-,,−,−,−,-,−,−,-,–,-,-,,−,−,−,-,−,−,-,–,-,-
,,-,-,-,-,-,-,-,-,-,-,,−,−,−,-,−,−,-,–,-,-,,−,−,−,-,−,−,-,–,-,-
,,-,-,-,-,-,-,-,-,-,-,,−,−,−,-,−,−,-,–,-,-,,−,−,−,-,−,−,-,–,-,-
,,-,-,-,-,-,-,-,-,-,-,,−,−,−,-,−,−,-,–,-,-,,−,−,−,-,−,−,-,–,-,-
,,-,-,-,-,-,-,-,-,-,-,,−,−,−,-,−,−,-,–,-,-,,−,−,−,-,−,−,-,–,-,-
,,-,-,-,-,-,-,-,-,-,-,,−,−,−,-,−,−,-,–,-,-,,−,−,−,-,−,−,-,–,-,-
,,-,-,-,-,-,-,-,-,-,-,,−,−,−,-,−,−,-,–,-,-,,−,−,−,-,−,−,-,–,-,-
,,-,-,-,-,-,-,-,-,-,-,,−,−,−,-,−,−,-,–,-,-,,−,−,−,-,−,−,-,–,-,-
,,-,-,-,-,-,-,-,-,-,-,,−,−,−,-,−,−,-,–,-,-,,−,−,−,-,−,−,-,–,-,-
,,-,-,-,-,-,-,-,-,-,-,,−,−,−,-,−,−,-,–,-,-,,−,−,−,-,−,−,-,–,-,-
,,-,-,-,-,-,-,-,-,-,-,,−,−,−,-,−,−,-,–,-,-,,−,−,−,-,−,−,-,–,-,-
,,-,-,-,-,-,-,-,-,-,-,,−,−,−,-,−,−,-,–,-,-,,−,−,−,-,−,−,-,–,-,-
,,-,-,-,-,-,-,-,-,-,-,,−,−,−,-,−,−,-,–,-,-,,−,−,−,-,−,−,-,–,-,-
,,-,-,-,-,-,-,-,-,-,-,,−,−,−,-,−,−,-,–,-,-,,−,−,−,-,−,−,-,–,-,-
,,-,-,-,-,-,-,-,-,-,-,,−,−,−,-,−,−,-,–,-,-,,−,−,−,-,−,−,-,–,-,-
,,-,-,-,-,-,-,-,-,-,-,,−,−,−,-,−,−,-,–,-,-,,−,−,−,-,−,−,-,–,-,-
,,-,-,-,-,-,-,-,-,-,-,,−,−,−,-,−,−,-,–,-,-,,−,−,−,-,−,−,-,–,-,-
,,-,-,-,-,-,-,-,-,-,-,,−,−,−,-,−,−,-,–,-,-,,−,−,−,-,−,−,-,–,-,-
,,-,-,-,-,-,-,-,-,-,-,,−,−,−,-,−,−,-,–,-,-,,−,−,−,-,−,−,-,–,-,-
,,-,-,-,-,-,-,-,-,-,-,,−,−,−,-,−,−,-,–,-,-,,−,−,−,-,−,−,-,–,-,-
,,-,-,-,-,-,-,-,-,-,-,,−,−,−,-,−,−,-,–,-,-,,−,−,−,-,−,−,-,–,-,-
,,-,-,-,-,-,-,-,-,-,-,,−,−,−,-,−,−,-,–,-,-,,−,−,−,-,−,−,-,–,-,-
,,-,-,-,-,-,-,-,-,-,-,,−,−,−,-,−,−,-,–,-,-,,−,−,−,-,−,−,-,–,-,-
,,-,-,-,-,-,-,-,-,-,-,,−,−,−,-,−,−,-,–,-,-,,−,−,−,-,−,−,-,–,-,-
,,-,-,-,-,-,-,-,-,-,-,,−,−,−,-,−,−,-,–,-,-,,−,−,−,-,−,−,-,–,-,-
,,-,-,-,-,-,-,-,-,-,-,,−,−,−,-,−,−,-,–,-,-,,−,−,−,-,−,−,-,–,-,-
,,-,-,-,-,-,-,-,-,-,-,,−,−,−,-,−,−,-,–,-,-,,−,−,−,-,−,−,-,–,-,-
,,-,-,-,-,-,-,-,-,-,-,,−,−,−,-,−,−,-,–,-,-,,−,−,−,-,−,−,-,–,-,-
,,-,-,-,-,-,-,-,-,-,-,,−,−,−,-,−,−,-,–,-,-,,−,−,−,-,−,−,-,–,-,-
,,-,-,-,-,-,-,-,-,-,-,,−,−,−,-,−,−,-,–,-,-,,−,−,−,-,−,−,-,–,-,-
,,-,-,-,-,-,-,-,-,-,-,,−,−,−,-,−,−,-,–,-,-,,−,−,−,-,−,−,-,–,-,-
,,-,-,-,-,-,-,-,-,-,-,,−,−,−,-,−,−,-,–,-,-,,−,−,−,-,−,−,-,–,-,-
,,-,-,-,-,-,-,-,-,-,-,,−,−,−,-,−,−,-,–,-,-,,−,−,−,-,−,−,-,–,-,-
,,-,-,-,-,-,-,-,-,-,-,,−,−,−,-,−,−,-,–,-,-,,−,−,−,-,−,−,-,–,-,-
,,-,-,-,-,-,-,-,-,-,-,,−,−,−,-,−,−,-,–,-,-,,−,−,−,-,−,−,-,–,-,-
,,-,-,-,-,-,-,-,-,-,-,,−,−,−,-,−,−,-,–,-,-,,−,−,−,-,−,−,-,–,-,-
,,-,-,-,-,-,-,-,-,-,-,,−,−,−,-,−,−,-,–,-,-,,−,−,−,-,−,−,-,–,-,-
,,-,-,-,-,-,-,-,-,-,-,,−,−,−,-,−,−,-,–,-,-,,−,−,−,-,−,−,-,–,-,-
,,-,-,-,-,-,-,-,-,-,-,,−,−,−,-,−,−,-,–,-,-,,−,−,−,-,−,−,-,–,-,-
,,-,-,-,-,-,-,-,-,-,-,,−,−,−,-,−,−,-,–,-,-,,−,−,−,-,−,−,-,–,-,-
,,-,-,-,-,-,-,-,-,-,-,,−,−,−,-,−,−,-,–,-,-,,−,−,−,-,−,−,-,–,-,-
,,-,-,-,-,-,-,-,-,-,-,,−,−,−,-,−,−,-,–,-,-,,−,−,−,-,−,−,-,–,-,-
,,-,-,-,-,-,-,-,-,-,-,,−,−,−,-,−,−,-,–,-,-,,−,−,−,-,−,−,-,–,-,-
,,-,-,-,-,-,-,-,-,-,-,,−,−,−,-,−,−,-,–,-,-,,−,−,−,-,−,−,-,–,-,-
,,-,-,-,-,-,-,-,-,-,-,,−,−,−,-,−,−,-,–,-,-,,−,−,−,-,−,−,-,–,-,-
,,-,-,-,-,-,-,-,-,-,-,,−,−,−,-,−,−,-,–,-,-,,−,−,−,-,−,−,-,–,-,-
,,-,-,-,-,-,-,-,-,-,-,,−,−,−,-,−,−,-,–,-,-,,−,−,−,-,−,−,-,–,-,-
,,-,-,-,-,-,-,-,-,-,-,,−,−,−,-,−,−,-,–,-,-,,−,−,−,-,−,−,-,–,-,-
,,-,-,-,-,-,-,-,-,-,-,,−,−,−,-,−,−,-,–,-,-,,−,−,−,-,−,−,-,–,-,-
,,-,-,-,-,-,-,-,-,-,-,,−,−,−,-,−,−,-,–,-,-,,−,−,−,-,−,−,-,–,-,-
,,-,-,-,-,-,-,-,-,-,-,,−,−,−,-,−,−,-,–,-,-,,−,−,−,-,−,−,-,–,-,-
,,-,-,-,-,-,-,-,-,-,-,,−,−,−,-,−,−,-,–,-,-,,−,−,−,-,−,−,-,–,-,-
,,-,-,-,-,-,-,-,-,-,-,,−,−,−,-,−,−,-,–,-,-,,−,−,−,-,−,−,-,–,-,-
,,-,-,-,-,-,-,-,-,-,-,,−,−,−,-,−,−,-,–,-,-,,−,−,−,-,−,−,-,–,-,-
,,-,-,-,-,-,-,-,-,-,-,,−,−,−,-,−,−,-,–,-,-,,−,−,−,-,−,−,-,–,-,-
,,-,-,-,-,-,-,-,-,-,-,,−,−,−,-,−,−,-,–,-,-,,−,−,−,-,−,−,-,–,-,-
,,-,-,-,-,-,-,-,-,-,-,,−,−,−,-,−,−,-,–,-,-,,−,−,−,-,−,−,-,–,-,-
,,-,-,-,-,-,-,-,-,-,-,,−,−,−,-,−,−,-,–,-,-,,−,−,−,-,−,−,-,–,-,-
,,-,-,-,-,-,-,-,-,-,-,,−,−,−,-,−,−,-,–,-,-,,−,−,−,-,−,−,-,–,-,-
,,-,-,-,-,-,-,-,-,-,-,,−,−,−,-,−,−,-,–,-,-,,−,−,−,-,−,−,-,–,-,-
,,-,-,-,-,-,-,-,-,-,-,,−,−,−,-,−,−,-,–,-,-,,−,−,−,-,−,−,-,–,-,-
,,-,-,-,-,-,-,-,-,-,-,,−,−,−,-,−,−,-,–,-,-,,−,−,−,-,−,−,-,–,-,-
,,-,-,-,-,-,-,-,-,-,-,,−,−,−,-,−,−,-,–,-,-,,−,−,−,-,−,−,-,–,-,-
,,-,-,-,-,-,-,-,-,-,-,,−,−,−,-,−,−,-,–,-,-,,−,−,−,-,−,−,-,–,-,-
,,-,-,-,-,-,-,-,-,-,-,,−,−,−,-,−,−,-,–,-,-,,−,−,−,-,−,−,-,–,-,-
,,-,-,-,-,-,-,-,-,-,-,,−,−,−,-,−,−,-,–,-,-,,−,−,−,-,−,−,-,–,-,-
,,-,-,-,-,-,-,-,-,-,-,,−,−,−,-,−,−,-,–,-,-,,−,−,−,-,−,−,-,–,-,-
,,-,-,-,-,-,-,-,-,-,-,,−,−,−,-,−,−,-,–,-,-,,−,−,−,-,−,−,-,–,-,-
,,-,-,-,-,-,-,-,-,-,-,,−,−,−,-,−,−,-,–,-,-,,−,−,−,-,−,−,-,–,-,-
,,-,-,-,-,-,-,-,-,-,-,,−,−,−,-,−,−,-,–,-,-,,−,−,−,-,−,−,-,–,-,-
,,-,-,-,-,-,-,-,-,-,-,,−,−,−,-,−,−,-,–,-,-,,−,−,−,-,−,−,-,–,-,-
,,-,-,-,-,-,-,-,-,-,-,,−,−,−,-,−,−,-,–,-,-,,−,−,−,-,−,−,-,–,-,-
,,-,-,-,-,-,-,-,-,-,-,,−,−,−,-,−,−,-,–,-,-,,−,−,−,-,−,−,-,–,-,-
,,-,-,-,-,-,-,-,-,-,-,,−,−,−,-,−,−,-,–,-,-,,−,−,−,-,−,−,-,–,-,-
,,-,-,-,-,-,-,-,-,-,-,,−,−,−,-,−,−,-,–,-,-,,−,−,−,-,−,−,-,–,-,-
,,-,-,-,-,-,-,-,-,-,-,,−,−,−,-,−,−,-,–,-,-,,−,−,−,-,−,−,-,–,-,-
,,-,-,-,-,-,-,-,-,-,-,,−,−,−,-,−,−,-,–,-,-,,−,−,−,-,−,−,-,–,-,-
,,-,-,-,-,-,-,-,-,-,-,,−,−,−,-,−,−,-,–,-,-,,−,−,−,-,−,−,-,–,-,-
,,-,-,-,-,-,-,-,-,-,-,,−,−,−,-,−,−,-,–,-,-,,−,−,−,-,−,−,-,–,-,-
,,-,-,-,-,-,-,-,-,-,-,,−,−,−,-,−,−,-,–,-,-,,−,−,−,-,−,−,-,–,-,-
,,-,-,-,-,-,-,-,-,-,-,,−,−,−,-,−,−,-,–,-,-,,−,−,−,-,−,−,-,–,-,-
,,-,-,-,-,-,-,-,-,-,-,,−,−,−,-,−,−,-,–,-,-,,−,−,−,-,−,−,-,–,-,-
,,-,-,-,-,-,-,-,-,-,-,,−,−,−,-,−,−,-,–,-,-,,−,−,−,-,−,−,-,–,-,-
,,-,-,-,-,-,-,-,-,-,-,,−,−,−,-,−,−,-,–,-,-,,−,−,−,-,−,−,-,–,-,-
,,-,-,-,-,-,-,-,-,-,-,,−,−,−,-,−,−,-,–,-,-,,−,−,−,-,−,−,-,–,-,-
,,-,-,-,-,-,-,-,-,-,-,,−,−,−,-,−,−,-,–,-,-,,−,−,−,-,−,−,-,–,-,-
,,-,-,-,-,-,-,-,-,-,-,,−,−,−,-,−,−,-,–,-,-,,−,−,−,-,−,−,-,–,-,-
,,-,-,-,-,-,-,-,-,-,-,,−,−,−,-,−,−,-,–,-,-,,−,−,−,-,−,−,-,–,-,-
,,-,-,-,-,-,-,-,-,-,-,,−,−,−,-,−,−,-,–,-,-,,−,−,−,-,−,−,-,–,-,-
,,-,-,-,-,-,-,-,-,-,-,,−,−,−,-,−,−,-,–,-,-,,−,−,−,-,−,−,-,–,-,-
,,-,-,-,-,-,-,-,-,-,-,,−,−,−,-,−,−,-,–,-,-,,−,−,−,-,−,−,-,–,-,-
,,-,-,-,-,-,-,-,-,-,-,,−,−,−,-,−,−,-,–,-,-,,−,−,−,-,−,−,-,–,-,-
,,-,-,-,-,-,-,-,-,-,-,,−,−,−,-,−,−,-,–,-,-,,−,−,−,-,−,−,-,–,-,-
,,-,-,-,-,-,-,-,-,-,-,,−,−,−,-,−,−,-,–,-,-,,−,−,−,-,−,−,-,–,-,-
,,-,-,-,-,-,-,-,-,-,-,,−,−,−,-,−,−,-,–,-,-,,−,−,−,-,−,−,-,–,-,-
,,-,-,-,-,-,-,-,-,-,-,,−,−,−,-,−,−,-,–,-,-,,−,−,−,-,−,−,-,–,-,-
,,-,-,-,-,-,-,-,-,-,-,,−,−,−,-,−,−,-,–,-,-,,−,−,−,-,−,−,-,–,-,-
,,-,-,-,-,-,-,-,-,-,-,,−,−,−,-,−,−,-,–,-,-,,−,−,−,-,−,−,-,–,-,-
,,-,-,-,-,-,-,-,-,-,-,,−,−,−,-,−,−,-,–,-,-,,−,−,−,-,−,−,-,–,-,-
,,-,-,-,-,-,-,-,-,-,-,,−,−,−,-,−,−,-,–,-,-,,−,−,−,-,−,−,-,–,-,-
,,-,-,-,-,-,-,-,-,-,-,,−,−,−,-,−,−,-,–,-,-,,−,−,−,-,−,−,-,–,-,-
,,-,-,-,-,-,-,-,-,-,-,,−,−,−,-,−,−,-,–,-,-,,−,−,−,-,−,−,-,–,-,-
,,-,-,-,-,-,-,-,-,-,-,,−,−,−,-,−,−,-,–,-,-,,−,−,−,-,−,−,-,–,-,-
,,-,-,-,-,-,-,-,-,-,-,,−,−,−,-,−,−,-,–,-,-,,−,−,−,-,−,−,-,–,-,-
,,-,-,-,-,-,-,-,-,-,-,,−,−,−,-,−,−,-,–,-,-,,−,−,−,-,−,−,-,–,-,-
,,-,-,-,-,-,-,-,-,-,-,,−,−,−,-,−,−,-,–,-,-,,−,−,−,-,−,−,-,–,-,-
,,-,-,-,-,-,-,-,-,-,-,,−,−,−,-,−,−,-,–,-,-,,−,−,−,-,−,−,-,–,-,-
,,-,-,-,-,-,-,-,-,-,-,,−,−,−,-,−,−,-,–,-,-,,−,−,−,-,−,−,-,–,-,-
,,-,-,-,-,-,-,-,-,-,-,,−,−,−,-,−,−,-,–,-,-,,−,−,−,-,−,−,-,–,-,-
,,-,-,-,-,-,-,-,-,-,-,,−,−,−,-,−,−,-,–,-,-,,−,−,−,-,−,−,-,–,-,-
,,-,-,-,-,-,-,-,-,-,-,,−,−,−,-,−,−,-,–,-,-,,−,−,−,-,−,−,-,–,-,-
,,-,-,-,-,-,-,-,-,-,-,,−,−,−,-,−,−,-,–,-,-,,−,−,−,-,−,−,-,–,-,-
,,-,-,-,-,-,-,-,-,-,-,,−,−,−,-,−,−,-,–,-,-,,−,−,−,-,−,−,-,–,-,-
,,-,-,-,-,-,-,-,-,-,-,,−,−,−,-,−,−,-,–,-,-,,−,−,−,-,−,−,-,–,-,-
,,-,-,-,-,-,-,-,-,-,-,,−,−,−,-,−,−,-,–,-,-,,−,−,−,-,−,−,-,–,-,-
,,-,-,-,-,-,-,-,-,-,-,,−,−,−,-,−,−,-,–,-,-,,−,−,−,-,−,−,-,–,-,-
,,-,-,-,-,-,-,-,-,-,-,,−,−,−,-,−,−,-,–,-,-,,−,−,−,-,−,−,-,–,-,-
,,-,-,-,-,-,-,-,-,-,-,,−,−,−,-,−,−,-,–,-,-,,−,−,−,-,−,−,-,–,-,-
,,-,-,-,-,-,-,-,-,-,-,,−,−,−,-,−,−,-,–,-,-,,−,−,−,-,−,−,-,–,-,-
,,-,-,-,-,-,-,-,-,-,-,,−,−,−,-,−,−,-,–,-,-,,−,−,−,-,−,−,-,–,-,-
,,-,-,-,-,-,-,-,-,-,-,,−,−,−,-,−,−,-,–,-,-,,−,−,−,-,−,−,-,–,-,-
,,-,-,-,-,-,-,-,-,-,-,,−,−,−,-,−,−,-,–,-,-,,−,−,−,-,−,−,-,–,-,-
,,-,-,-,-,-,-,-,-,-,-,,−,−,−,-,−,−,-,–,-,-,,−,−,−,-,−,−,-,–,-,-
,,-,-,-,-,-,-,-,-,-,-,,−,−,−,-,−,−,-,–,-,-,,−,−,−,-,−,−,-,–,-,-
,,-,-,-,-,-,-,-,-,-,-,,−,−,−,-,−,−,-,–,-,-,,−,−,−,-,−,−,-,–,-,-
,,-,-,-,-,-,-,-,-,-,-,,−,−,−,-,−,−,-,–,-,-,,−,−,−,-,−,−,-,–,-,-
,,-,-,-,-,-,-,-,-,-,-,,−,−,−,-,−,−,-,–,-,-,,−,−,−,-,−,−,-,–,-,-
,,-,-,-,-,-,-,-,-,-,-,,−,−,−,-,−,−,-,–,-,-,,−,−,−,-,−,−,-,–,-,-
,,-,-,-,-,-,-,-,-,-,-,,−,−,−,-,−,−,-,–,-,-,,−,−,−,-,−,−,-,–,-,-
,,-,-,-,-,-,-,-,-,-,-,,−,−,−,-,−,−,-,–,-,-,,−,−,−,-,−,−,-,–,-,-
,,-,-,-,-,-,-,-,-,-,-,,−,−,−,-,−,−,-,–,-,-,,−,−,−,-,−,−,-,–,-,-
,,-,-,-,-,-,-,-,-,-,-,,−,−,−,-,−,−,-,–,-,-,,−,−,−,-,−,−,-,–,-,-
,,-,-,-,-,-,-,-,-,-,-,,−,−,−,-,−,−,-,–,-,-,,−,−,−,-,−,−,-,–,-,-
,,-,-,-,-,-,-,-,-,-,-,,−,−,−,-,−,−,-,–,-,-,,−,−,−,-,−,−,-,–,-,-
,,-,-,-,-,-,-,-,-,-,-,,−,−,−,-,−,−,-,–,-,-,,−,−,−,-,−,−,-,–,-,-
,,-,-,-,-,-,-,-,-,-,-,,−,−,−,-,−,−,-,–,-,-,,−,−,−,-,−,−,-,–,-,-
,,-,-,-,-,-,-,-,-,-,-,,−,−,−,-,−,−,-,–,-,-,,−,−,−,-,−,−,-,–,-,-
,,-,-,-,-,-,-,-,-,-,-,,−,−,−,-,−,−,-,–,-,-,,−,−,−,-,−,−,-,–,-,-
,,-,-,-,-,-,-,-,-,-,-,,−,−,−,-,−,−,-,–,-,-,,−,−,−,-,−,−,-,–,-,-
,,-,-,-,-,-,-,-,-,-,-,,−,−,−,-,−,−,-,–,-,-,,−,−,−,-,−,−,-,–,-,-
,,-,-,-,-,-,-,-,-,-,-,,−,−,−,-,−,−,-,–,-,-,,−,−,−,-,−,−,-,–,-,-
,,-,-,-,-,-,-,-,-,-,-,,−,−,−,-,−,−,-,–,-,-,,−,−,−,-,−,−,-,–,-,-
,,-,-,-,-,-,-,-,-,-,-,,−,−,−,-,−,−,-,–,-,-,,−,−,−,-,−,−,-,–,-,-
,,-,-,-,-,-,-,-,-,-,-,,−,−,−,-,−,−,-,–,-,-,,−,−,−,-,−,−,-,–,-,-
,,-,-,-,-,-,-,-,-,-,-,,−,−,−,-,−,−,-,–,-,-,,−,−,−,-,−,−,-,–,-,-
,,-,-,-,-,-,-,-,-,-,-,,−,−,−,-,−,−,-,–,-,-,,−,−,−,-,−,−,-,–,-,-
,,-,-,-,-,-,-,-,-,-,-,,−,−,−,-,−,−,-,–,-,-,,−,−,−,-,−,−,-,–,-,-
,,-,-,-,-,-,-,-,-,-,-,,−,−,−,-,−,−,-,–,-,-,,−,−,−,-,−,−,-,–,-,-
,,-,-,-,-,-,-,-,-,-,-,,−,−,−,-,−,−,-,–,-,-,,−,−,−,-,−,−,-,–,-,-
,,-,-,-,-,-,-,-,-,-,-,,−,−,−,-,−,−,-,–,-,-,,−,−,−,-,−,−,-,–,-,-
,,-,-,-,-,-,-,-,-,-,-,,−,−,−,-,−,−,-,–,-,-,,−,−,−,-,−,−,-,–,-,-
,,-,-,-,-,-,-,-,-,-,-,,−,−,−,-,−,−,-,–,-,-,,−,−,−,-,−,−,-,–,-,-
,,-,-,-,-,-,-,-,-,-,-,,−,−,−,-,−,−,-,–,-,-,,−,−,−,-,−,−,-,–,-,-
,,-,-,-,-,-,-,-,-,-,-,,−,−,−,-,−,−,-,–,-,-,,−,−,−,-,−,−,-,–,-,-
,,-,-,-,-,-,-,-,-,-,-,,−,−,−,-,−,−,-,–,-,-,,−,−,−,-,−,−,-,–,-,-
,,-,-,-,-,-,-,-,-,-,-,,−,−,−,-,−,−,-,–,-,-,,−,−,−,-,−,−,-,–,-,-
,,-,-,-,-,-,-,-,-,-,-,,−,−,−,-,−,−,-,–,-,-,,−,−,−,-,−,−,-,–,-,-
,,-,-,-,-,-,-,-,-,-,-,,−,−,−,-,−,−,-,–,-,-,,−,−,−,-,−,−,-,–,-,-
,,-,-,-,-,-,-,-,-,-,-,,−,−,−,-,−,−,-,–,-,-,,−,−,−,-,−,−,-,–,-,-
,,-,-,-,-,-,-,-,-,-,-,,−,−,−,-,−,−,-,–,-,-,,−,−,−,-,−,−,-,–,-,-
,,-,-,-,-,-,-,-,-,-,-,,−,−,−,-,−,−,-,–,-,-,,−,−,−,-,−,−,-,–,-,-
,,-,-,-,-,-,-,-,-,-,-,,−,−,−,-,−,−,-,–,-,-,,−,−,−,-,−,−,-,–,-,-
,,-,-,-,-,-,-,-,-,-,-,,−,−,−,-,−,−,-,–,-,-,,−,−,−,-,−,−,-,–,-,-
,,-,-,-,-,-,-,-,-,-,-,,−,−,−,-,−,−,-,–,-,-,,−,−,−,-,−,−,-,–,-,-
,,-,-,-,-,-,-,-,-,-,-,,−,−,−,-,−,−,-,–,-,-,,−,−,−,-,−,−,-,–,-,-
,,-,-,-,-,-,-,-,-,-,-,,−,−,−,-,−,−,-,–,-,-,,−,−,−,-,−,−,-,–,-,-
,,-,-,-,-,-,-,-,-,-,-,,−,−,−,-,−,−,-,–,-,-,,−,−,−,-,−,−,-,–,-,-
,,-,-,-,-,-,-,-,-,-,-,,−,−,−,-,−,−,-,–,-,-,,−,−,−,-,−,−,-,–,-,-
,,-,-,-,-,-,-,-,-,-,-,,−,−,−,-,−,−,-,–,-,-,,−,−,−,-,−,−,-,–,-,-
,,-,-,-,-,-,-,-,-,-,-,,−,−,−,-,−,−,-,–,-,-,,−,−,−,-,−,−,-,–,-,-
,,-,-,-,-,-,-,-,-,-,-,,−,−,−,-,−,−,-,–,-,-,,−,−,−,-,−,−,-,–,-,-
,,-,-,-,-,-,-,-,-,-,-,,−,−,−,-,−,−,-,–,-,-,,−,−,−,-,−,−,-,–,-,-
,,-,-,-,-,-,-,-,-,-,-,,−,−,−,-,−,−,-,–,-,-,,−,−,−,-,−,−,-,–,-,-
,,-,-,-,-,-,-,-,-,-,-,,−,−,−,-,−,−,-,–,-,-,,−,−,−,-,−,−,-,–,-,-
,,-,-,-,-,-,-,-,-,-,-,,−,−,−,-,−,−,-,–,-,-,,−,−,−,-,−,−,-,–,-,-
,,-,-,-,-,-,-,-,-,-,-,,−,−,−,-,−,−,-,–,-,-,,−,−,−,-,−,−,-,–,-,-
,,-,-,-,-,-,-,-,-,-,-,,−,−,−,-,−,−,-,–,-,-,,−,−,−,-,−,−,-,–,-,-
,,-,-,-,-,-,-,-,-,-,-,,−,−,−,-,−,−,-,–,-,-,,−,−,−,-,−,−,-,–,-,-
,,-,-,-,-,-,-,-,-,-,-,,−,−,−,-,−,−,-,–,-,-,,−,−,−,-,−,−,-,–,-,-
,,-,-,-,-,-,-,-,-,-,-,,−,−,−,-,−,−,-,–,-,-,,−,−,−,-,−,−,-,–,-,-
,,-,-,-,-,-,-,-,-,-,-,,−,−,−,-,−,−,-,–,-,-,,−,−,−,-,−,−,-,–,-,-
,,-,-,-,-,-,-,-,-,-,-,,−,−,−,-,−,−,-,–,-,-,,−,−,−,-,−,−,-,–,-,-
,,-,-,-,-,-,-,-,-,-,-,,−,−,−,-,−,−,-,–,-,-,,−,−,−,-,−,−,-,–,-,-
,,-,-,-,-,-,-,-,-,-,-,,−,−,−,-,−,−,-,–,-,-,,−,−,−,-,−,−,-,–,-,-
,,-,-,-,-,-,-,-,-,-,-,,−,−,−,-,−,−,-,–,-,-,,−,−,−,-,−,−,-,–,-,-
,,-,-,-,-,-,-,-,-,-,-,,−,−,−,-,−,−,-,–,-,-,,−,−,−,-,−,−,-,–,-,-
,,-,-,-,-,-,-,-,-,-,-,,−,−,−,-,−,−,-,–,-,-,,−,−,−,-,−,−,-,–,-,-
,,-,-,-,-,-,-,-,-,-,-,,−,−,−,-,−,−,-,–,-,-,,−,−,−,-,−,−,-,–,-,-
,,-,-,-,-,-,-,-,-,-,-,,−,−,−,-,−,−,-,–,-,-,,−,−,−,-,−,−,-,–,-,-
,,-,-,-,-,-,-,-,-,-,-,,−,−,−,-,−,−,-,–,-,-,,−,−,−,-,−,−,-,–,-,-
,,-,-,-,-,-,-,-,-,-,-,,−,−,−,-,−,−,-,–,-,-,,−,−,−,-,−,−,-,–,-,-
,,-,-,-,-,-,-,-,-,-,-,,−,−,−,-,−,−,-,–,-,-,,−,−,−,-,−,−,-,–,-,-
,,-,-,-,-,-,-,-,-,-,-,,−,−,−,-,−,−,-,–,-,-,,−,−,−,-,−,−,-,–,-,-
,,-,-,-,-,-,-,-,-,-,-,,−,−,−,-,−,−,-,–,-,-,,−,−,−,-,−,−,-,–,-,-
,,-,-,-,-,-,-,-,-,-,-,,−,−,−,-,−,−,-,–,-,-,,−,−,−,-,−,−,-,–,-,-
,,-,-,-,-,-,-,-,-,-,-,,−,−,−,-,−,−,-,–,-,-,,−,−,−,-,−,−,-,–,-,-
,,-,-,-,-,-,-,-,-,-,-,,−,−,−,-,−,−,-,–,-,-,,−,−,−,-,−,−,-,–,-,-
,,-,-,-,-,-,-,-,-,-,-,,−,−,−,-,−,−,-,–,-,-,,−,−,−,-,−,−,-,–,-,-
,,-,-,-,-,-,-,-,-,-,-,,−,−,−,-,−,−,-,–,-,-,,−,−,−,-,−,−,-,–,-,-
,,-,-,-,-,-,-,-,-,-,-,,−,−,−,-,−,−,-,–,-,-,,−,−,−,-,−,−,-,–,-,-
,,-,-,-,-,-,-,-,-,-,-,,−,−,−,-,−,−,-,–,-,-,,−,−,−,-,−,−,-,–,-,-
,,-,-,-,-,-,-,-,-,-,-,,−,−,−,-,−,−,-,–,-,-,,−,−,−,-,−,−,-,–,-,-
,,-,-,-,-,-,-,-,-,-,-,,−,−,−,-,−,−,-,–,-,-,,−,−,−,-,−,−,-,–,-,-
,,-,-,-,-,-,-,-,-,-,-,,−,−,−,-,−,−,-,–,-,-,,−,−,−,-,−,−,-,–,-,-
,,-,-,-,-,-,-,-,-,-,-,,−,−,−,-,−,−,-,–,-,-,,−,−,−,-,−,−,-,–,-,-
,,-,-,-,-,-,-,-,-,-,-,,−,−,−,-,−,−,-,–,-,-,,−,−,−,-,−,−,-,–,-,-
,,-,-,-,-,-,-,-,-,-,-,,−,−,−,-,−,−,-,–,-,-,,−,−,−,-,−,−,-,–,-,-
,,-,-,-,-,-,-,-,-,-,-,,−,−,−,-,−,−,-,–,-,-,,−,−,−,-,−,−,-,–,-,-
,,-,-,-,-,-,-,-,-,-,-,,−,−,−,-,−,−,-,–,-,-,,−,−,−,-,−,−,-,–,-,-
,,-,-,-,-,-,-,-,-,-,-,,−,−,−,-,−,−,-,–,-,-,,−,−,−,-,−,−,-,–,-,-
,,-,-,-,-,-,-,-,-,-,-,,−,−,−,-,−,−,-,–,-,-,,−,−,−,-,−,−,-,–,-,-
,,-,-,-,-,-,-,-,-,-,-,,−,−,−,-,−,−,-,–,-,-,,−,−,−,-,−,−,-,–,-,-
,,-,-,-,-,-,-,-,-,-,-,,−,−,−,-,−,−,-,–,-,-,,−,−,−,-,−,−,-,–,-,-
,,-,-,-,-,-,-,-,-,-,-,,−,−,−,-,−,−,-,–,-,-,,−,−,−,-,−,−,-,–,-,-
,,-,-,-,-,-,-,-,-,-,-,,−,−,−,-,−,−,-,–,-,-,,−,−,−,-,−,−,-,–,-,-
,,-,-,-,-,-,-,-,-,-,-,,−,−,−,-,−,−,-,–,-,-,,−,−,−,-,−,−,-,–,-,-
,,-,-,-,-,-,-,-,-,-,-,,−,−,−,-,−,−,-,–,-,-,,−,−,−,-,−,−,-,–,-,-
,,-,-,-,-,-,-,-,-,-,-,,−,−,−,-,−,−,-,–,-,-,,−,−,−,-,−,−,-,–,-,-
,,-,-,-,-,-,-,-,-,-,-,,−,−,−,-,−,−,-,–,-,-,,−,−,−,-,−,−,-,–,-,-
,,-,-,-,-,-,-,-,-,-,-,,−,−,−,-,−,−,-,–,-,-,,−,−,−,-,−,−,-,–,-,-
,,-,-,-,-,-,-,-,-,-,-,,−,−,−,-,−,−,-,–,-,-,,−,−,−,-,−,−,-,–,-,-
,,-,-,-,-,-,-,-,-,-,-,,−,−,−,-,−,−,-,–,-,-,,−,−,−,-,−,−,-,–,-,-
,,-,-,-,-,-,-,-,-,-,-,,−,−,−,-,−,−,-,–,-,-,,−,−,−,-,−,−,-,–,-,-
,,-,-,-,-,-,-,-,-,-,-,,−,−,−,-,−,−,-,–,-,-,,−,−,−,-,−,−,-,–,-,-
,,-,-,-,-,-,-,-,-,-,-,,−,−,−,-,−,−,-,–,-,-,,−,−,−,-,−,−,-,–,-,-
,,-,-,-,-,-,-,-,-,-,-,,−,−,−,-,−,−,-,–,-,-,,−,−,−,-,−,−,-,–,-,-
,,-,-,-,-,-,-,-,-,-,-,,−,−,−,-,−,−,-,–,-,-,,−,−,−,-,−,−,-,–,-,-
,,-,-,-,-,-,-,-,-,-,-,,−,−,−,-,−,−,-,–,-,-,,−,−,−,-,−,−,-,–,-,-
,,-,-,-,-,-,-,-,-,-,-,,−,−,−,-,−,−,-,–,-,-,,−,−,−,-,−,−,-,–,-,-
,,-,-,-,-,-,-,-,-,-,-,,−,−,−,-,−,−,-,–,-,-,,−,−,−,-,−,−,-,–,-,-
,,-,-,-,-,-,-,-,-,-,-,,−,−,−,-,−,−,-,–,-,-,,−,−,−,-,−,−,-,–,-,-
,,-,-,-,-,-,-,-,-,-,-,,−,−,−,-,−,−,-,–,-,-,,−,−,−,-,−,−,-,–,-,-
,,-,-,-,-,-,-,-,-,-,-,,−,−,−,-,−,−,-,–,-,-,,−,−,−,-,−,−,-,–,-,-
,,-,-,-,-,-,-,-,-,-,-,,−,−,−,-,−,−,-,–,-,-,,−,−,−,-,−,−,-,–,-,-
,,-,-,-,-,-,-,-,-,-,-,,−,−,−,-,−,−,-,–,-,-,,−,−,−,-,−,−,-,–,-,-
,,-,-,-,-,-,-,-,-,-,-,,−,−,−,-,−,−,-,–,-,-,,−,−,−,-,−,−,-,–,-,-
,,-,-,-,-,-,-,-,-,-,-,,−,−,−,-,−,−,-,–,-,-,,−,−,−,-,−,−,-,–,-,-
,,-,-,-,-,-,-,-,-,-,-,,−,−,−,-,−,−,-,–,-,-,,−,−,−,-,−,−,-,–,-,-
,,-,-,-,-,-,-,-,-,-,-,,−,−,−,-,−,−,-,–,-,-,,−,−,−,-,−,−,-,–,-,-
,,-,-,-,-,-,-,-,-,-,-,,−,−,−,-,−,−,-,–,-,-,,−,−,−,-,−,−,-,–,-,-
,,-,-,-,-,-,-,-,-,-,-,,−,−,−,-,−,−,-,–,-,-,,−,−,−,-,−,−,-,–,-,-
,,-,-,-,-,-,-,-,-,-,-,,−,−,−,-,−,−,-,–,-,-,,−,−,−,-,−,−,-,–,-,-
,,-,-,-,-,-,-,-,-,-,-,,−,−,−,-,−,−,-,–,-,-,,−,−,−,-,−,−,-,–,-,-
,,-,-,-,-,-,-,-,-,-,-,,−,−,−,-,−,−,-,–,-,-,,−,−,−,-,−,−,-,–,-,-
,,-,-,-,-,-,-,-,-,-,-,,−,−,−,-,−,−,-,–,-,-,,−,−,−,-,−,−,-,–,-,-
,,-,-,-,-,-,-,-,-,-,-,,−,−,−,-,−,−,-,–,-,-,,−,−,−,-,−,−,-,–,-,-
,,-,-,-,-,-,-,-,-,-,-,,−,−,−,-,−,−,-,–,-,-,,−,−,−,-,−,−,-,–,-,-
,,-,-,-,-,-,-,-,-,-,-,,−,−,−,-,−,−,-,–,-,-,,−,−,−,-,−,−,-,–,-,-
,,-,-,-,-,-,-,-,-,-,-,,−,−,−,-,−,−,-,–,-,-,,−,−,−,-,−,−,-,–,-,-
,,-,-,-,-,-,-,-,-,-,-,,−,−,−,-,−,−,-,–,-,-,,−,−,−,-,−,−,-,–,-,-
,,-,-,-,-,-,-,-,-,-,-,,−,−,−,-,−,−,-,–,-,-,,−,−,−,-,−,−,-,–,-,-
,,-,-,-,-,-,-,-,-,-,-,,−,−,−,-,−,−,-,–,-,-,,−,−,−,-,−,−,-,–,-,-
,,-,-,-,-,-,-,-,-,-,-,,−,−,−,-,−,−,-,–,-,-,,−,−,−,-,−,−,-,–,-,-
,,-,-,-,-,-,-,-,-,-,-,,−,−,−,-,−,−,-,–,-,-,,−,−,−,-,−,−,-,–,-,-
,,-,-,-,-,-,-,-,-,-,-,,−,−,−,-,−,−,-,–,-,-,,−,−,−,-,−,−,-,–,-,-
,,-,-,-,-,-,-,-,-,-,-,,−,−,−,-,−,−,-,–,-,-,,−,−,−,-,−,−,-,–,-,-
,,-,-,-,-,-,-,-,-,-,-,,−,−,−,-,−,−,-,–,-,-,,−,−,−,-,−,−,-,–,-,-
,,-,-,-,-,-,-,-,-,-,-,,−,−,−,-,−,−,-,–,-,-,,−,−,−,-,−,−,-,–,-,-
,,-,-,-,-,-,-,-,-,-,-,,−,−,−,-,−,−,-,–,-,-,,−,−,−,-,−,−,-,–,-,-
,,-,-,-,-,-,-,-,-,-,-,,−,−,−,-,−,−,-,–,-,-,,−,−,−,-,−,−,-,–,-,-
,,-,-,-,-,-,-,-,-,-,-,,−,−,−,-,−,−,-,–,-,-,,−,−,−,-,−,−,-,–,-,-
,,-,-,-,-,-,-,-,-,-,-,,−,−,−,-,−,−,-,–,-,-,,−,−,−,-,−,−,-,–,-,-
,,-,-,-,-,-,-,-,-,-,-,,−,−,−,-,−,−,-,–,-,-,,−,−,−,-,−,−,-,–,-,-
,,-,-,-,-,-,-,-,-,-,-,,−,−,−,-,−,−,-,–,-,-,,−,−,−,-,−,−,-,–,-,-
,,-,-,-,-,-,-,-,-,-,-,,−,−,−,-,−,−,-,–,-,-,,−,−,−,-,−,−,-,–,-,-
,,-,-,-,-,-,-,-,-,-,-,,−,−,−,-,−,−,-,–,-,-,,−,−,−,-,−,−,-,–,-,-
,,-,-,-,-,-,-,-,-,-,-,,−,−,−,-,−,−,-,–,-,-,,−,−,−,-,−,−,-,–,-,-
,,-,-,-,-,-,-,-,-,-,-,,−,−,−,-,−,−,-,–,-,-,,−,−,−,-,−,−,-,–,-,-
,,-,-,-,-,-,-,-,-,-,-,,−,−,−,-,−,−,-,–,-,-,,−,−,−,-,−,−,-,–,-,-
,,-,-,-,-,-,-,-,-,-,-,,−,−,−,-,−,−,-,–,-,-,,−,−,−,-,−,−,-,–,-,-
,,-,-,-,-,-,-,-,-,-,-,,−,−,−,-,−,−,-,–,-,-,,−,−,−,-,−,−,-,–,-,-
,,-,-,-,-,-,-,-,-,-,-,,−,−,−,-,−,−,-,–,-,-,,−,−,−,-,−,−,-,–,-,-
,,-,-,-,-,-,-,-,-,-,-,,−,−,−,-,−,−,-,–,-,-,,−,−,−,-,−,−,-,–,-,-
,,-,-,-,-,-,-,-,-,-,-,,−,−,−,-,−,−,-,–,-,-,,−,−,−,-,−,−,-,–,-,-
,,-,-,-,-,-,-,-,-,-,-,,−,−,−,-,−,−,-,–,-,-,,−,−,−,-,−,−,-,–,-,-
,,-,-,-,-,-,-,-,-,-,-,,−,−,−,-,−,−,-,–,-,-,,−,−,−,-,−,−,-,–,-,-
,,-,-,-,-,-,-,-,-,-,-,,−,−,−,-,−,−,-,–,-,-,,−,−,−,-,−,−,-,–,-,-
,,-,-,-,-,-,-,-,-,-,-,,−,−,−,-,−,−,-,–,-,-,,−,−,−,-,−,−,-,–,-,-
,,-,-,-,-,-,-,-,-,-,-,,−,−,−,-,−,−,-,–,-,-,,−,−,−,-,−,−,-,–,-,-
,,-,-,-,-,-,-,-,-,-,-,,−,−,−,-,−,−,-,–,-,-,,−,−,−,-,−,−,-,–,-,-
,,-,-,-,-,-,-,-,-,-,-,,−,−,−,-,−,−,-,–,-,-,,−,−,−,-,−,−,-,–,-,-
,,-,-,-,-,-,-,-,-,-,-,,−,−,−,-,−,−,-,–,-,-,,−,−,−,-,−,−,-,–,-,-
,,-,-,-,-,-,-,-,-,-,-,,−,−,−,-,−,−,-,–,-,-,,−,−,−,-,−,−,-,–,-,-
,,-,-,-,-,-,-,-,-,-,-,,−,−,−,-,−,−,-,–,-,-,,−,−,−,-,−,−,-,–,-,-
,,-,-,-,-,-,-,-,-,-,-,,−,−,−,-,−,−,-,–,-,-,,−,−,−,-,−,−,-,–,-,-
,,-,-,-,-,-,-,-,-,-,-,,−,−,−,-,−,−,-,–,-,-,,−,−,−,-,−,−,-,–,-,-
,,-,-,-,-,-,-,-,-,-,-,,−,−,−,-,−,−,-,–,-,-,,−,−,−,-,−,−,-,–,-,-
,,-,-,-,-,-,-,-,-,-,-,,−,−,−,-,−,−,-,–,-,-,,−,−,−,-,−,−,-,–,-,-
,,-,-,-,-,-,-,-,-,-,-,,−,−,−,-,−,−,-,–,-,-,,−,−,−,-,−,−,-,–,-,-
,,-,-,-,-,-,-,-,-,-,-,,−,−,−,-,−,−,-,–,-,-,,−,−,−,-,−,−,-,–,-,-
,,-,-,-,-,-,-,-,-,-,-,,−,−,−,-,−,−,-,–,-,-,,−,−,−,-,−,−,-,–,-,-
,,-,-,-,-,-,-,-,-,-,-,,−,−,−,-,−,−,-,–,-,-,,−,−,−,-,−,−,-,–,-,-
,,-,-,-,-,-,-,-,-,-,-,,−,−,−,-,−,−,-,–,-,-,,−,−,−,-,−,−,-,–,-,-
,,-,-,-,-,-,-,-,-,-,-,,−,−,−,-,−,−,-,–,-,-,,−,−,−,-,−,−,-,–,-,-
,,-,-,-,-,-,-,-,-,-,-,,−,−,−,-,−,−,-,–,-,-,,−,−,−,-,−,−,-,–,-,-
,,-,-,-,-,-,-,-,-,-,-,,−,−,−,-,−,−,-,–,-,-,,−,−,−,-,−,−,-,–,-,-
,,-,-,-,-,-,-,-,-,-,-,,−,−,−,-,−,−,-,–,-,-,,−,−,−,-,−,−,-,–,-,-
,,-,-,-,-,-,-,-,-,-,-,,−,−,−,-,−,−,-,–,-,-,,−,−,−,-,−,−,-,–,-,-
,,-,-,-,-,-,-,-,-,-,-,,−,−,−,-,−,−,-,–,-,-,,−,−,−,-,−,−,-,–,-,-
,,-,-,-,-,-,-,-,-,-,-,,−,−,−,-,−,−,-,–,-,-,,−,−,−,-,−,−,-,–,-,-
,,-,-,-,-,-,-,-,-,-,-,,−,−,−,-,−,−,-,–,-,-,,−,−,−,-,−,−,-,–,-,-
,,-,-,-,-,-,-,-,-,-,-,,−,−,−,-,−,−,-,–,-,-,,−,−,−,-,−,−,-,–,-,-
,,-,-,-,-,-,-,-,-,-,-,,−,−,−,-,−,−,-,–,-,-,,−,−,−,-,−,−,-,–,-,-
,,-,-,-,-,-,-,-,-,-,-,,−,−,−,-,−,−,-,–,-,-,,−,−,−,-,−,−,-,–,-,-
,,-,-,-,-,-,-,-,-,-,-,,−,−,−,-,−,−,-,–,-,-,,−,−,−,-,−,−,-,–,-,-
,,-,-,-,-,-,-,-,-,-,-,,−,−,−,-,−,−,-,–,-,-,,−,−,−,-,−,−,-,–,-,-
,,-,-,-,-,-,-,-,-,-,-,,−,−,−,-,−,−,-,–,-,-,,−,−,−,-,−,−,-,–,-,-
,,-,-,-,-,-,-,-,-,-,-,,−,−,−,-,−,−,-,–,-,-,,−,−,−,-,−,−,-,–,-,-
,,-,-,-,-,-,-,-,-,-,-,,−,−,−,-,−,−,-,–,-,-,,−,−,−,-,−,−,-,–,-,-
,,-,-,-,-,-,-,-,-,-,-,,−,−,−,-,−,−,-,–,-,-,,−,−,−,-,−,−,-,–,-,-
,,-,-,-,-,-,-,-,-,-,-,,−,−,−,-,−,−,-,–,-,-,,−,−,−,-,−,−,-,–,-,-
,,-,-,-,-,-,-,-,-,-,-,,−,−,−,-,−,−,-,–,-,-,,−,−,−,-,−,−,-,–,-,-
,,-,-,-,-,-,-,-,-,-,-,,−,−,−,-,−,−,-,–,-,-,,−,−,−,-,−,−,-,–,-,-
,,-,-,-,-,-,-,-,-,-,-,,−,−,−,-,−,−,-,–,-,-,,−,−,−,-,−,−,-,–,-,-
,,-,-,-,-,-,-,-,-,-,-,,−,−,−,-,−,−,-,–,-,-,,−,−,−,-,−,−,-,–,-,-
,,-,-,-,-,-,-,-,-,-,-,,−,−,−,-,−,−,-,–,-,-,,−,−,−,-,−,−,-,–,-,-
,,-,-,-,-,-,-,-,-,-,-,,−,−,−,-,−,−,-,–,-,-,,−,−,−,-,−,−,-,–,-,-
,,-,-,-,-,-,-,-,-,-,-,,−,−,−,-,−,−,-,–,-,-,,−,−,−,-,−,−,-,–,-,-
,,-,-,-,-,-,-,-,-,-,-,,−,−,−,-,−,−,-,–,-,-,,−,−,−,-,−,−,-,–,-,-
,,-,-,-,-,-,-,-,-,-,-,,−,−,−,-,−,−,-,–,-,-,,−,−,−,-,−,−,-,–,-,-
,,-,-,-,-,-,-,-,-,-,-,,−,−,−,-,−,−,-,–,-,-,,−,−,−,-,−,−,-,–,-,-
,,-,-,-,-,-,-,-,-,-,-,,−,−,−,-,−,−,-,–,-,-,,−,−,−,-,−,−,-,–,-,-
,,-,-,-,-,-,-,-,-,-,-,,−,−,−,-,−,−,-,–,-,-,,−,−,−,-,−,−,-,–,-,-
,,-,-,-,-,-,-,-,-,-,-,,−,−,−,-,−,−,-,–,-,-,,−,−,−,-,−,−,-,–,-,-
,,-,-,-,-,-,-,-,-,-,-,,−,−,−,-,−,−,-,–,-,-,,−,−,−,-,−,−,-,–,-,-
,,-,-,-,-,-,-,-,-,-,-,,−,−,−,-,−,−,-,–,-,-,,−,−,−,-,−,−,-,–,-,-
,,-,-,-,-,-,-,-,-,-,-,,−,−,−,-,−,−,-,–,-,-,,−,−,−,-,−,−,-,–,-,-
,,-,-,-,-,-,-,-,-,-,-,,−,−,−,-,−,−,-,–,-,-,,−,−,−,-,−,−,-,–,-,-
,,-,-,-,-,-,-,-,-,-,-,,−,−,−,-,−,−,-,–,-,-,,−,−,−,-,−,−,-,–,-,-
,,-,-,-,-,-,-,-,-,-,-,,−,−,−,-,−,−,-,–,-,-,,−,−,−,-,−,−,-,–,-,-
,,-,-,-,-,-,-,-,-,-,-,,−,−,−,-,−,−,-,–,-,-,,−,−,−,-,−,−,-,–,-,-
,,-,-,-,-,-,-,-,-,-,-,,−,−,−,-,−,−,-,–,-,-,,−,−,−,-,−,−,-,–,-,-
,,-,-,-,-,-,-,-,-,-,-,,−,−,−,-,−,−,-,–,-,-,,−,−,−,-,−,−,-,–,-,-
,,-,-,-,-,-,-,-,-,-,-,,−,−,−,-,−,−,-,–,-,-,,−,−,−,-,−,−,-,–,-,-
,,-,-,-,-,-,-,-,-,-,-,,−,−,−,-,−,−,-,–,-,-,,−,−,−,-,−,−,-,–,-,-
,,-,-,-,-,-,-,-,-,-,-,,−,−,−,-,−,−,-,–,-,-,,−,−,−,-,−,−,-,–,-,-
,,-,-,-,-,-,-,-,-,-,-,,−,−,−,-,−,−,-,–,-,-,,−,−,−,-,−,−,-,–,-,-
,,-,-,-,-,-,-,-,-,-,-,,−,−,−,-,−,−,-,–,-,-,,−,−,−,-,−,−,-,–,-,-
,,-,-,-,-,-,-,-,-,-,-,,−,−,−,-,−,−,-,–,-,-,,−,−,−,-,−,−,-,–,-,-
,,-,-,-,-,-,-,-,-,-,-,,−,−,−,-,−,−,-,–,-,-,,−,−,−,-,−,−,-,–,-,-
,,-,-,-,-,-,-,-,-,-,-,,−,−,−,-,−,−,-,–,-,-,,−,−,−,-,−,−,-,–,-,-
,,-,-,-,-,-,-,-,-,-,-,,−,−,−,-,−,−,-,–,-,-,,−,−,−,-,−,−,-,–,-,-
,,-,-,-,-,-,-,-,-,-,-,,−,−,−,-,−,−,-,–,-,-,,−,−,−,-,−,−,-,–,-,-
,,-,-,-,-,-,-,-,-,-,-,,−,−,−,-,−,−,-,–,-,-,,−,−,−,-,−,−,-,–,-,-
,,-,-,-,-,-,-,-,-,-,-,,−,−,−,-,−,−,-,–,-,-,,−,−,−,-,−,−,-,–,-,-
,,-,-,-,-,-,-,-,-,-,-,,−,−,−,-,−,−,-,–,-,-,,−,−,−,-,−,−,-,–,-,-
,,-,-,-,-,-,-,-,-,-,-,,−,−,−,-,−,−,-,–,-,-,,−,−,−,-,−,−,-,–,-,-
,,-,-,-,-,-,-,-,-,-,-,,−,−,−,-,−,−,-,–,-,-,,−,−,−,-,−,−,-,–,-,-
,,-,-,-,-,-,-,-,-,-,-,,−,−,−,-,−,−,-,–,-,-,,−,−,−,-,−,−,-,–,-,-
,,-,-,-,-,-,-,-,-,-,-,,−,−,−,-,−,−,-,–,-,-,,−,−,−,-,−,−,-,–,-,-
,,-,-,-,-,-,-,-,-,-,-,,−,−,−,-,−,−,-,–,-,-,,−,−,−,-,−,−,-,–,-,-
,,-,-,-,-,-,-,-,-,-,-,,−,−,−,-,−,−,-,–,-,-,,−,−,−,-,−,−,-,–,-,-
,,-,-,-,-,-,-,-,-,-,-,,−,−,−,-,−,−,-,–,-,-,,−,−,−,-,−,−,-,–,-,-
,,-,-,-,-,-,-,-,-,-,-,,−,−,−,-,−,−,-,–,-,-,,−,−,−,-,−,−,-,–,-,-
,,-,-,-,-,-,-,-,-,-,-,,−,−,−,-,−,−,-,–,-,-,,−,−,−,-,−,−,-,–,-,-
,,-,-,-,-,-,-,-,-,-,-,,−,−,−,-,−,−,-,–,-,-,,−,−,−,-,−,−,-,–,-,-
,,-,-,-,-,-,-,-,-,-,-,,−,−,−,-,−,−,-,–,-,-,,−,−,−,-,−,−,-,–,-,-
,,-,-,-,-,-,-,-,-,-,-,,−,−,−,-,−,−,-,–,-,-,,−,−,−,-,−,−,-,–,-,-
,,-,-,-,-,-,-,-,-,-,-,,−,−,−,-,−,−,-,–,-,-,,−,−,−,-,−,−,-,–,-,-
,,-,-,-,-,-,-,-,-,-,-,,−,−,−,-,−,−,-,–,-,-,,−,−,−,-,−,−,-,–,-,-
,,-,-,-,-,-,-,-,-,-,-,,−,−,−,-,−,−,-,–,-,-,,−,−,−,-,−,−,-,–,-,-
,,-,-,-,-,-,-,-,-,-,-,,−,−,−,-,−,−,-,–,-,-,,−,−,−,-,−,−,-,–,-,-
,,-,-,-,-,-,-,-,-,-,-,,−,−,−,-,−,−,-,–,-,-,,−,−,−,-,−,−,-,–,-,-
,,-,-,-,-,-,-,-,-,-,-,,−,−,−,-,−,−,-,–,-,-,,−,−,−,-,−,−,-,–,-,-
,,-,-,-,-,-,-,-,-,-,-,,−,−,−,-,−,−,-,–,-,-,,−,−,−,-,−,−,-,–,-,-
,,-,-,-,-,-,-,-,-,-,-,,−,−,−,-,−,−,-,–,-,-,,−,−,−,-,−,−,-,–,-,-
,,-,-,-,-,-,-,-,-,-,-,,−,−,−,-,−,−,-,–,-,-,,−,−,−,-,−,−,-,–,-,-
,,-,-,-,-,-,-,-,-,-,-,,−,−,−,-,−,−,-,–,-,-,,−,−,−,-,−,−,-,–,-,-
,,-,-,-,-,-,-,-,-,-,-,,−,−,−,-,−,−,-,–,-,-,,−,−,−,-,−,−,-,–,-,-
,,-,-,-,-,-,-,-,-,-,-,,−,−,−,-,−,−,-,–,-,-,,−,−,−,-,−,−,-,–,-,-
,,-,-,-,-,-,-,-,-,-,-,,−,−,−,-,−,−,-,–,-,-,,−,−,−,-,−,−,-,–,-,-
,,-,-,-,-,-,-,-,-,-,-,,−,−,−,-,−,−,-,–,-,-,,−,−,−,-,−,−,-,–,-,-
,,-,-,-,-,-,-,-,-,-,-,,−,−,−,-,−,−,-,–,-,-,,−,−,−,-,−,−,-,–,-,-
,,-,-,-,-,-,-,-,-,-,-,,−,−,−,-,−,−,-,–,-,-,,−,−,−,-,−,−,-,–,-,-
,,-,-,-,-,-,-,-,-,-,-,,−,−,−,-,−,−,-,–,-,-,,−,−,−,-,−,−,-,–,-,-
,,-,-,-,-,-,-,-,-,-,-,,−,−,−,-,−,−,-,–,-,-,,−,−,−,-,−,−,-,–,-,-
,,-,-,-,-,-,-,-,-,-,-,,−,−,−,-,−,−,-,–,-,-,,−,−,−,-,−,−,-,–,-,-
,,-,-,-,-,-,-,-,-,-,-,,−,−,−,-,−,−,-,–,-,-,,−,−,−,-,−,−,-,–,-,-
,,-,-,-,-,-,-,-,-,-,-,,−,−,−,-,−,−,-,–,-,-,,−,−,−,-,−,−,-,–,-,-
,,-,-,-,-,-,-,-,-,-,-,,−,−,−,-,−,−,-,–,-,-,,−,−,−,-,−,−,-,–,-,-
,,-,-,-,-,-,-,-,-,-,-,,−,−,−,-,−,−,-,–,-,-,,−,−,−,-,−,−,-,–,-,-
,,-,-,-,-,-,-,-,-,-,-,,−,−,−,-,−,−,-,–,-,-,,−,−,−,-,−,−,-,–,-,-
,,-,-,-,-,-,-,-,-,-,-,,−,−,−,-,−,−,-,–,-,-,,−,−,−,-,−,−,-,–,-,-
,,-,-,-,-,-,-,-,-,-,-,,−,−,−,-,−,−,-,–,-,-,,−,−,−,-,−,−,-,–,-,-
,,-,-,-,-,-,-,-,-,-,-,,−,−,−,-,−,−,-,–,-,-,,−,−,−,-,−,−,-,–,-,-
,,-,-,-,-,-,-,-,-,-,-,,−,−,−,-,−,−,-,–,-,-,,−,−,−,-,−,−,-,–,-,-
,,-,-,-,-,-,-,-,-,-,-,,−,−,−,-,−,−,-,–,-,-,,−,−,−,-,−,−,-,–,-,-
,,-,-,-,-,-,-,-,-,-,-,,−,−,−,-,−,−,-,–,-,-,,−,−,−,-,−,−,-,–,-,-
,,-,-,-,-,-,-,-,-,-,-,,−,−,−,-,−,−,-,–,-,-,,−,−,−,-,−,−,-,–,-,-
,,-,-,-,-,-,-,-,-,-,-,,−,−,−,-,−,−,-,–,-,-,,−,−,−,-,−,−,-,–,-,-
,,-,-,-,-,-,-,-,-,-,-,,−,−,−,-,−,−,-,–,-,-,,−,−,−,-,−,−,-,–,-,-
,,-,-,-,-,-,-,-,-,-,-,,−,−,−,-,−,−,-,–,-,-,,−,−,−,-,−,−,-,–,-,-
,,-,-,-,-,-,-,-,-,-,-,,−,−,−,-,−,−,-,–,-,-,,−,−,−,-,−,−,-,–,-,-
,,-,-,-,-,-,-,-,-,-,-,,−,−,−,-,−,−,-,–,-,-,,−,−,−,-,−,−,-,–,-,-
,,-,-,-,-,-,-,-,-,-,-,,−,−,−,-,−,−,-,–,-,-,,−,−,−,-,−,−,-,–,-,-
,,-,-,-,-,-,-,-,-,-,-,,−,−,−,-,−,−,-,–,-,-,,−,−,−,-,−,−,-,–,-,-
,,-,-,-,-,-,-,-,-,-,-,,−,−,−,-,−,−,-,–,-,-,,−,−,−,-,−,−,-,–,-,-
,,-,-,-,-,-,-,-,-,-,-,,−,−,−,-,−,−,-,–,-,-,,−,−,−,-,−,−,-,–,-,-
,,-,-,-,-,-,-,-,-,-,-,,−,−,−,-,−,−,-,–,-,-,,−,−,−,-,−,−,-,–,-,-
,,-,-,-,-,-,-,-,-,-,-,,−,−,−,-,−,−,-,–,-,-,,−,−,−,-,−,−,-,–,-,-
,,-,-,-,-,-,-,-,-,-,-,,−,−,−,-,−,−,-,–,-,-,,−,−,−,-,−,−,-,–,-,-
,,-,-,-,-,-,-,-,-,-,-,,−,−,−,-,−,−,-,–,-,-,,−,−,−,-,−,−,-,–,-,-
,,-,-,-,-,-,-,-,-,-,-,,−,−,−,-,−,−,-,–,-,-,,−,−,−,-,−,−,-,–,-,-
,,-,-,-,-,-,-,-,-,-,-,,−,−,−,-,−,−,-,–,-,-,,−,−,−,-,−,−,-,–,-,-
,,-,-,-,-,-,-,-,-,-,-,,−,−,−,-,−,−,-,–,-,-,,−,−,−,-,−,−,-,–,-,-
,,-,-,-,-,-,-,-,-,-,-,,−,−,−,-,−,−,-,–,-,-,,−,−,−,-,−,−,-,–,-,-
,,-,-,-,-,-,-,-,-,-,-,,−,−,−,-,−,−,-,–,-,-,,−,−,−,-,−,−,-,–,-,-
,,-,-,-,-,-,-,-,-,-,-,,−,−,−,-,−,−,-,–,-,-,,−,−,−,-,−,−,-,–,-,-
,,-,-,-,-,-,-,-,-,-,-,,−,−,−,-,−,−,-,–,-,-,,−,−,−,-,−,−,-,–,-,-
,,-,-,-,-,-,-,-,-,-,-,,−,−,−,-,−,−,-,–,-,-,,−,−,−,-,−,−,-,–,-,-
,,-,-,-,-,-,-,-,-,-,-,,−,−,−,-,−,−,-,–,-,-,,−,−,−,-,−,−,-,–,-,-
,,-,-,-,-,-,-,-,-,-,-,,−,−,−,-,−,−,-,–,-,-,,−,−,−,-,−,−,-,–,-,-
,,-,-,-,-,-,-,-,-,-,-,,−,−,−,-,−,−,-,–,-,-,,−,−,−,-,−,−,-,–,-,-
,,-,-,-,-,-,-,-,-,-,-,,−,−,−,-,−,−,-,–,-,-,,−,−,−,-,−,−,-,–,-,-
,,-,-,-,-,-,-,-,-,-,-,,−,−,−,-,−,−,-,–,-,-,,−,−,−,-,−,−,-,–,-,-
,,-,-,-,-,-,-,-,-,-,-,,−,−,−,-,−,−,-,–,-,-,,−,−,−,-,−,−,-,–,-,-
,,-,-,-,-,-,-,-,-,-,-,,−,−,−,-,−,−,-,–,-,-,,−,−,−,-,−,−,-,–,-,-
,,-,-,-,-,-,-,-,-,-,-,,−,−,−,-,−,−,-,–,-,-,,−,−,−,-,−,−,-,–,-,-
,,-,-,-,-,-,-,-,-,-,-,,−,−,−,-,−,−,-,–,-,-,,−,−,−,-,−,−,-,–,-,-
,,-,-,-,-,-,-,-,-,-,-,,−,−,−,-,−,−,-,–,-,-,,−,−,−,-,−,−,-,–,-,-
,,-,-,-,-,-,-,-,-,-,-,,−,−,−,-,−,−,-,–,-,-,,−,−,−,-,−,−,-,–,-,-
,,-,-,-,-,-,-,-,-,-,-,,−,−,−,-,−,−,-,–,-,-,,−,−,−,-,−,−,-,–,-,-
,,-,-,-,-,-,-,-,-,-,-,,−,−,−,-,−,−,-,–,-,-,,−,−,−,-,−,−,-,–,-,-
,,-,-,-,-,-,-,-,-,-,-,,−,−,−,-,−,−,-,–,-,-,,−,−,−,-,−,−,-,–,-,-
,,-,-,-,-,-,-,-,-,-,-,,−,−,−,-,−,−,-,–,-,-,,−,−,−,-,−,−,-,–,-,-
,,-,-,-,-,-,-,-,-,-,-,,−,−,−,-,−,−,-,–,-,-,,−,−,−,-,−,−,-,–,-,-
,,-,-,-,-,-,-,-,-,-,-,,−,−,−,-,−,−,-,–,-,-,,−,−,−,-,−,−,-,–,-,-
,,-,-,-,-,-,-,-,-,-,-,,−,−,−,-,−,−,-,–,-,-,,−,−,−,-,−,−,-,–,-,-
,,-,-,-,-,-,-,-,-,-,-,,−,−,−,-,−,−,-,–,-,-,,−,−,−,-,−,−,-,–,-,-
,,-,-,-,-,-,-,-,-,-,-,,−,−,−,-,−,−,-,–,-,-,,−,−,−,-,−,−,-,–,-,-
,,-,-,-,-,-,-,-,-,-,-,,−,−,−,-,−,−,-,–,-,-,,−,−,−,-,−,−,-,–,-,-
,,-,-,-,-,-,-,-,-,-,-,,−,−,−,-,−,−,-,–,-,-,,−,−,−,-,−,−,-,–,-,-
,,-,-,-,-,-,-,-,-,-,-,,−,−,−,-,−,−,-,–,-,-,,−,−,−,-,−,−,-,–,-,-
,,-,-,-,-,-,-,-,-,-,-,,−,−,−,-,−,−,-,–,-,-,,−,−,−,-,−,−,-,–,-,-
,,-,-,-,-,-,-,-,-,-,-,,−,−,−,-,−,−,-,–,-,-,,−,−,−,-,−,−,-,–,-,-
,,-,-,-,-,-,-,-,-,-,-,,−,−,−,-,−,−,-,–,-,-,,−,−,−,-,−,−,-,–,-,-
,,-,-,-,-,-,-,-,-,-,-,,−,−,−,-,−,−,-,–,-,-,,−,−,−,-,−,−,-,–,-,-
,,-,-,-,-,-,-,-,-,-,-,,−,−,−,-,−,−,-,–,-,-,,−,−,−,-,−,−,-,–,-,-
,,-,-,-,-,-,-,-,-,-,-,,−,−,−,-,−,−,-,–,-,-,,−,−,−,-,−,−,-,–,-,-
,,-,-,-,-,-,-,-,-,-,-,,−,−,−,-,−,−,-,–,-,-,,−,−,−,-,−,−,-,–,-,-
,,-,-,-,-,-,-,-,-,-,-,,−,−,−,-,−,−,-,–,-,-,,−,−,−,-,−,−,-,–,-,-
,,-,-,-,-,-,-,-,-,-,-,,−,−,−,-,−,−,-,–,-,-,,−,−,−,-,−,−,-,–,-,-
,,-,-,-,-,-,-,-,-,-,-,,−,−,−,-,−,−,-,–,-,-,,−,−,−,-,−,−,-,–,-,-
,,-,-,-,-,-,-,-,-,-,-,,−,−,−,-,−,−,-,–,-,-,,−,−,−,-,−,−,-,–,-,-
,,-,-,-,-,-,-,-,-,-,-,,−,−,−,-,−,−,-,–,-,-,,−,−,−,-,−,−,-,–,-,-
,,-,-,-,-,-,-,-,-,-,-,,−,−,−,-,−,−,-,–,-,-,,−,−,−,-,−,−,-,–,-,-
,,-,-,-,-,-,-,-,-,-,-,,−,−,−,-,−,−,-,–,-,-,,−,−,−,-,−,−,-,–,-,-
,,-,-,-,-,-,-,-,-,-,-,,−,−,−,-,−,−,-,–,-,-,,−,−,−,-,−,−,-,–,-,-
,,-,-,-,-,-,-,-,-,-,-,,−,−,−,-,−,−,-,–,-,-,,−,−,−,-,−,−,-,–,-,-
,,-,-,-,-,-,-,-,-,-,-,,−,−,−,-,−,−,-,–,-,-,,−,−,−,-,−,−,-,–,-,-
,,-,-,-,-,-,-,-,-,-,-,,−,−,−,-,−,−,-,–,-,-,,−,−,−,-,−,−,-,–,-,-
,,-,-,-,-,-,-,-,-,-,-,,−,−,−,-,−,−,-,–,-,-,,−,−,−,-,−,−,-,–,-,-
,,-,-,-,-,-,-,-,-,-,-,,−,−,−,-,−,−,-,–,-,-,,−,−,−,-,−,−,-,–,-,-
,,-,-,-,-,-,-,-,-,-,-,,−,−,−,-,−,−,-,–,-,-,,−,−,−,-,−,−,-,–,-,-
,,-,-,-,-,-,-,-,-,-,-,,−,−,−,-,−,−,-,–,-,-,,−,−,−,-,−,−,-,–,-,-
,,-,-,-,-,-,-,-,-,-,-,,−,−,−,-,−,−,-,–,-,-,,−,−,−,-,−,−,-,–,-,-
,,-,-,-,-,-,-,-,-,-,-,,−,−,−,-,−,−,-,–,-,-,,−,−,−,-,−,−,-,–,-,-
,,-,-,-,-,-,-,-,-,-,-,,−,−,−,-,−,−,-,–,-,-,,−,−,−,-,−,−,-,–,-,-
,,-,-,-,-,-,-,-,-,-,-,,−,−,−,-,−,−,-,–,-,-,,−,−,−,-,−,−,-,–,-,-
,,-,-,-,-,-,-,-,-,-,-,,−,−,−,-,−,−,-,–,-,-,,−,−,−,-,−,−,-,–,-,-
,,-,-,-,-,-,-,-,-,-,-,,−,−,−,-,−,−,-,–,-,-,,−,−,−,-,−,−,-,–,-,-
,,-,-,-,-,-,-,-,-,-,-,,−,−,−,-,−,−,-,–,-,-,,−,−,−,-,−,−,-,–,-,-
,,-,-,-,-,-,-,-,-,-,-,,−,−,−,-,−,−,-,–,-,-,,−,−,−,-,−,−,-,–,-,-
,,-,-,-,-,-,-,-,-,-,-,,−,−,−,-,−,−,-,–,-,-,,−,−,−,-,−,−,-,–,-,-
,,-,-,-,-,-,-,-,-,-,-,,−,−,−,-,−,−,-,–,-,-,,−,−,−,-,−,−,-,–,-,-
,,-,-,-,-,-,-,-,-,-,-,,−,−,−,-,−,−,-,–,-,-,,−,−,−,-,−,−,-,–,-,-
,,-,-,-,-,-,-,-,-,-,-,,−,−,−,-,−,−,-,–,-,-,,−,−,−,-,−,−,-,–,-,-
,,-,-,-,-,-,-,-,-,-,-,,−,−,−,-,−,−,-,–,-,-,,−,−,−,-,−,−,-,–,-,-
,,-,-,-,-,-,-,-,-,-,-,,−,−,−,-,−,−,-,–,-,-,,−,−,−,-,−,−,-,–,-,-
,,-,-,-,-,-,-,-,-,-,-,,−,−,−,-,−,−,-,–,-,-,,−,−,−,-,−,−,-,–,-,-
,,-,-,-,-,-,-,-,-,-,-,,−,−,−,-,−,−,-,–,-,-,,−,−,−,-,−,−,-,–,-,-
,,-,-,-,-,-,-,-,-,-,-,,−,−,−,-,−,−,-,–,-,-,,−,−,−,-,−,−,-,–,-,-
,,-,-,-,-,-,-,-,-,-,-,,−,−,−,-,−,−,-,–,-,-,,−,−,−,-,−,−,-,–,-,-
,,-,-,-,-,-,-,-,-,-,-,,−,−,−,-,−,−,-,–,-,-,,−,−,−,-,−,−,-,–,-,-
,,-,-,-,-,-,-,-,-,-,-,,−,−,−,-,−,−,-,–,-,-,,−,−,−,-,−,−,-,–,-,-
,,-,-,-,-,-,-,-,-,-,-,,−,−,−,-,−,−,-,–,-,-,,−,−,−,-,−,−,-,–,-,-
,,-,-,-,-,-,-,-,-,-,-,,−,−,−,-,−,−,-,–,-,-,,−,−,−,-,−,−,-,–,-,-
,,-,-,-,-,-,-,-,-,-,-,,−,−,−,-,−,−,-,–,-,-,,−,−,−,-,−,−,-,–,-,-
,,-,-,-,-,-,-,-,-,-,-,,−,−,−,-,−,−,-,–,-,-,,−,−,−,-,−,−,-,–,-,-
,,-,-,-,-,-,-,-,-,-,-,,−,−,−,-,−,−,-,–,-,-,,−,−,−,-,−,−,-,–,-,-
,,-,-,-,-,-,-,-,-,-,-,,−,−,−,-,−,−,-,–,-,-,,−,−,−,-,−,−,-,–,-,-
,,-,-,-,-,-,-,-,-,-,-,,−,−,−,-,−,−,-,–,-,-,,−,−,−,-,−,−,-,–,-,-
,,-,-,-,-,-,-,-,-,-,-,,−,−,−,-,−,−,-,–,-,-,,−,−,−,-,−,−,-,–,-,-
,,-,-,-,-,-,-,-,-,-,-,,−,−,−,-,−,−,-,–,-,-,,−,−,−,-,−,−,-,–,-,-
,,-,-,-,-,-,-,-,-,-,-,,−,−,−,-,−,−,-,–,-,-,,−,−,−,-,−,−,-,–,-,-
,,-,-,-,-,-,-,-,-,-,-,,−,−,−,-,−,−,-,–,-,-,,−,−,−,-,−,−,-,–,-,-
,,-,-,-,-,-,-,-,-,-,-,,−,−,−,-,−,−,-,–,-,-,,−,−,−,-,−,−,-,–,-,-
,,-,-,-,-,-,-,-,-,-,-,,−,−,−,-,−,−,-,–,-,-,,−,−,−,-,−,−,-,–,-,-
,,-,-,-,-,-,-,-,-,-,-,,−,−,−,-,−,−,-,–,-,-,,−,−,−,-,−,−,-,–,-,-
,,-,-,-,-,-,-,-,-,-,-,,−,−,−,-,−,−,-,–,-,-,,−,−,−,-,−,−,-,–,-,-
,,-,-,-,-,-,-,-,-,-,-,,−,−,−,-,−,−,-,–,-,-,,−,−,−,-,−,−,-,–,-,-
,,-,-,-,-,-,-,-,-,-,-,,−,−,−,-,−,−,-,–,-,-,,−,−,−,-,−,−,-,–,-,-
,,-,-,-,-,-,-,-,-,-,-,,−,−,−,-,−,−,-,–,-,-,,−,−,−,-,−,−,-,–,-,-
,,-,-,-,-,-,-,-,-,-,-,,−,−,−,-,−,−,-,–,-,-,,−,−,−,-,−,−,-,–,-,-
,,-,-,-,-,-,-,-,-,-,-,,−,−,−,-,−,−,-,–,-,-,,−,−,−,-,−,−,-,–,-,-
,,-,-,-,-,-,-,-,-,-,-,,−,−,−,-,−,−,-,–,-,-,,−,−,−,-,−,−,-,–,-,-
,,-,-,-,-,-,-,-,-,-,-,,−,−,−,-,−,−,-,–,-,-,,−,−,−,-,−,−,-,–,-,-
,,-,-,-,-,-,-,-,-,-,-,,−,−,−,-,−,−,-,–,-,-,,−,−,−,-,−,−,-,–,-,-
,,-,-,-,-,-,-,-,-,-,-,,−,−,−,-,−,−,-,–,-,-,,−,−,−,-,−,−,-,–,-,-
,,-,-,-,-,-,-,-,-,-,-,,−,−,−,-,−,−,-,–,-,-,,−,−,−,-,−,−,-,–,-,-
,,-,-,-,-,-,-,-,-,-,-,,−,−,−,-,−,−,-,–,-,-,,−,−,−,-,−,−,-,–,-,-
,,-,-,-,-,-,-,-,-,-,-,,−,−,−,-,−,−,-,–,-,-,,−,−,−,-,−,−,-,–,-,-
,,-,-,-,-,-,-,-,-,-,-,,−,−,−,-,−,−,-,–,-,-,,−,−,−,-,−,−,-,–,-,-
,,-,-,-,-,-,-,-,-,-,-,,−,−,−,-,−,−,-,–,-,-,,−,−,−,-,−,−,-,–,-,-
,,-,-,-,-,-,-,-,-,-,-,,−,−,−,-,−,−,-,–,-,-,,−,−,−,-,−,−,-,–,-,-
,,-,-,-,-,-,-,-,-,-,-,,−,−,−,-,−,−,-,–,-,-,,−,−,−,-,−,−,-,–,-,-
,,-,-,-,-,-,-,-,-,-,-,,−,−,−,-,−,−,-,–,-,-,,−,−,−,-,−,−,-,–,-,-
,,-,-,-,-,-,-,-,-,-,-,,−,−,−,-,−,−,-,–,-,-,,−,−,−,-,−,−,-,–,-,-
,,-,-,-,-,-,-,-,-,-,-,,−,−,−,-,−,−,-,–,-,-,,−,−,−,-,−,−,-,–,-,-
,,-,-,-,-,-,-,-,-,-,-,,−,−,−,-,−,−,-,–,-,-,,−,−,−,-,−,−,-,–,-,-
,,-,-,-,-,-,-,-,-,-,-,,−,−,−,-,−,−,-,–,-,-,,−,−,−,-,−,−,-,–,-,-
,,-,-,-,-,-,-,-,-,-,-,,−,−,−,-,−,−,-,–,-,-,,−,−,−,-,−,−,-,–,-,-
,,-,-,-,-,-,-,-,-,-,-,,−,−,−,-,−,−,-,–,-,-,,−,−,−,-,−,−,-,–,-,-
,,-,-,-,-,-,-,-,-,-,-,,−,−,−,-,−,−,-,–,-,-,,−,−,−,-,−,−,-,–,-,-
,,-,-,-,-,-,-,-,-,-,-,,−,−,−,-,−,−,-,–,-,-,,−,−,−,-,−,−,-,–,-,-
,,-,-,-,-,-,-,-,-,-,-,,−,−,−,-,−,−,-,–,-,-,,−,−,−,-,−,−,-,–,-,-
,,-,-,-,-,-,-,-,-,-,-,,−,−,−,-,−,−,-,–,-,-,,−,−,−,-,−,−,-,–,-,-
,,-,-,-,-,-,-,-,-,-,-,,−,−,−,-,−,−,-,–,-,-,,−,−,−,-,−,−,-,–,-,-
,,-,-,-,-,-,-,-,-,-,-,,−,−,−,-,−,−,-,–,-,-,,−,−,−,-,−,−,-,–,-,-
,,-,-,-,-,-,-,-,-,-,-,,−,−,−,-,−,−,-,–,-,-,,−,−,−,-,−,−,-,–,-,-
,,-,-,-,-,-,-,-,-,-,-,,−,−,−,-,−,−,-,–,-,-,,−,−,−,-,−,−,-,–,-,-
,,-,-,-,-,-,-,-,-,-,-,,−,−,−,-,−,−,-,–,-,-,,−,−,−,-,−,−,-,–,-,-
,,-,-,-,-,-,-,-,-,-,-,,−,−,−,-,−,−,-,–,-,-,,−,−,−,-,−,−,-,–,-,-
,,-,-,-,-,-,-,-,-,-,-,,−,−,−,-,−,−,-,–,-,-,,−,−,−,-,−,−,-,–,-,-
,,-,-,-,-,-,-,-,-,-,-,,−,−,−,-,−,−,-,–,-,-,,−,−,−,-,−,−,-,–,-,-
,,-,-,-,-,-,-,-,-,-,-,,−,−,−,-,−,−,-,–,-,-,,−,−,−,-,−,−,-,–,-,-
,,-,-,-,-,-,-,-,-,-,-,,−,−,−,-,−,−,-,–,-,-,,−,−,−,-,−,−,-,–,-,-
,,-,-,-,-,-,-,-,-,-,-,,−,−,−,-,−,−,-,–,-,-,,−,−,−,-,−,−,-,–,-,-
,,-,-,-,-,-,-,-,-,-,-,,−,−,−,-,−,−,-,–,-,-,,−,−,−,-,−,−,-,–,-,-
,,-,-,-,-,-,-,-,-,-,-,,−,−,−,-,−,−,-,–,-,-,,−,−,−,-,−,−,-,–,-,-
,,-,-,-,-,-,-,-,-,-,-,,−,−,−,-,−,−,-,–,-,-,,−,−,−,-,−,−,-,–,-,-
,,-,-,-,-,-,-,-,-,-,-,,−,−,−,-,−,−,-,–,-,-,,−,−,−,-,−,−,-,–,-,-
,,-,-,-,-,-,-,-,-,-,-,,−,−,−,-,−,−,-,–,-,-,,−,−,−,-,−,−,-,–,-,-
,,-,-,-,-,-,-,-,-,-,-,,−,−,−,-,−,−,-,–,-,-,,−,−,−,-,−,−,-,–,-,-
,,-,-,-,-,-,-,-,-,-,-,,−,−,−,-,−,−,-,–,-,-,,−,−,−,-,−,−,-,–,-,-
,,-,-,-,-,-,-,-,-,-,-,,−,−,−,-,−,−,-,–,-,-,,−,−,−,-,−,−,-,–,-,-
,,-,-,-,-,-,-,-,-,-,-,,−,−,−,-,−,−,-,–,-,-,,−,−,−,-,−,−,-,–,-,-
,,-,-,-,-,-,-,-,-,-,-,,−,−,−,-,−,−,-,–,-,-,,−,−,−,-,−,−,-,–,-,-
,,-,-,-,-,-,-,-,-,-,-,,−,−,−,-,−,−,-,–,-,-,,−,−,−,-,−,−,-,–,-,-
,,-,-,-,-,-,-,-,-,-,-,,−,−,−,-,−,−,-,–,-,-,,−,−,−,-,−,−,-,–,-,-
,,-,-,-,-,-,-,-,-,-,-,,−,−,−,-,−,−,-,–,-,-,,−,−,−,-,−,−,-,–,-,-
,,-,-,-,-,-,-,-,-,-,-,,−,−,−,-,−,−,-,–,-,-,,−,−,−,-,−,−,-,–,-,-
,,-,-,-,-,-,-,-,-,-,-,,−,−,−,-,−,−,-,–,-,-,,−,−,−,-,−,−,-,–,-,-
,,-,-,-,-,-,-,-,-,-,-,,−,−,−,-,−,−,-,–,-,-,,−,−,−,-,−,−,-,–,-,-
,,-,-,-,-,-,-,-,-,-,-,,−,−,−,-,−,−,-,–,-,-,,−,−,−,-,−,−,-,–,-,-
,,-,-,-,-,-,-,-,-,-,-,,−,−,−,-,−,−,-,–,-,-,,−,−,−,-,−,−,-,–,-,-
,,-,-,-,-,-,-,-,-,-,-,,−,−,−,-,−,−,-,–,-,-,,−,−,−,-,−,−,-,–,-,-
,,-,-,-,-,-,-,-,-,-,-,,−,−,−,-,−,−,-,–,-,-,,−,−,−,-,−,−,-,–,-,-
,,-,-,-,-,-,-,-,-,-,-,,−,−,−,-,−,−,-,–,-,-,,−,−,−,-,−,−,-,–,-,-
,,-,-,-,-,-,-,-,-,-,-,,−,−,−,-,−,−,-,–,-,-,,−,−,−,-,−,−,-,–,-,-
,,-,-,-,-,-,-,-,-,-,-,,−,−,−,-,−,−,-,–,-,-,,−,−,−,-,−,−,-,–,-,-
,,-,-,-,-,-,-,-,-,-,-,,−,−,−,-,−,−,-,–,-,-,,−,−,−,-,−,−,-,–,-,-
,,-,-,-,-,-,-,-,-,-,-,,−,−,−,-,−,−,-,–,-,-,,−,−,−,-,−,−,-,–,-,-
,,-,-,-,-,-,-,-,-,-,-,,−,−,−,-,−,−,-,–,-,-,,−,−,−,-,−,−,-,–,-,-
,,-,-,-,-,-,-,-,-,-,-,,−,−,−,-,−,−,-,–,-,-,,−,−,−,-,−,−,-,–,-,-
,,-,-,-,-,-,-,-,-,-,-,,−,−,−,-,−,−,-,–,-,-,,−,−,−,-,−,−,-,–,-,-
,,-,-,-,-,-,-,-,-,-,-,,−,−,−,-,−,−,-,–,-,-,,−,−,−,-,−,−,-,–,-,-
,,-,-,-,-,-,-,-,-,-,-,,−,−,−,-,−,−,-,–,-,-,,−,−,−,-,−,−,-,–,-,-
,,-,-,-,-,-,-,-,-,-,-,,−,−,−,-,−,−,-,–,-,-,,−,−,−,-,−,−,-,–,-,-
,,-,-,-,-,-,-,-,-,-,-,,−,−,−,-,−,−,-,–,-,-,,−,−,−,-,−,−,-,–,-,-
,,-,-,-,-,-,-,-,-,-,-,,−,−,−,-,−,−,-,–,-,-,,−,−,−,-,−,−,-,–,-,-
,,-,-,-,-,-,-,-,-,-,-,,−,−,−,-,−,−,-,–,-,-,,−,−,−,-,−,−,-,–,-,-
,,-,-,-,-,-,-,-,-,-,-,,−,−,−,-,−,−,-,–,-,-,,−,−,−,-,−,−,-,–,-,-
,,-,-,-,-,-,-,-,-,-,-,,−,−,−,-,−,−,-,–,-,-,,−,−,−,-,−,−,-,–,-,-
,,-,-,-,-,-,-,-,-,-,-,,−,−,−,-,−,−,-,–,-,-,,−,−,−,-,−,−,-,–,-,-
,,-,-,-,-,-,-,-,-,-,-,,−,−,−,-,−,−,-,–,-,-,,−,−,−,-,−,−,-,–,-,-
,,-,-,-,-,-,-,-,-,-,-,,−,−,−,-,−,−,-,–,-,-,,−,−,−,-,−,−,-,–,-,-
,,-,-,-,-,-,-,-,-,-,-,,−,−,−,-,−,−,-,–,-,-,,−,−,−,-,−,−,-,–,-,-
,,-,-,-,-,-,-,-,-,-,-,,−,−,−,-,−,−,-,–,-,-,,−,−,−,-,−,−,-,–,-,-
,,-,-,-,-,-,-,-,-,-,-,,−,−,−,-,−,−,-,–,-,-,,−,−,−,-,−,−,-,–,-,-
,,-,-,-,-,-,-,-,-,-,-,,−,−,−,-,−,−,-,–,-,-,,−,−,−,-,−,−,-,–,-,-
,,-,-,-,-,-,-,-,-,-,-,,−,−,−,-,−,−,-,–,-,-,,−,−,−,-,−,−,-,–,-,-
,,-,-,-,-,-,-,-,-,-,-,,−,−,−,-,−,−,-,–,-,-,,−,−,−,-,−,−,-,–,-,-
,,-,-,-,-,-,-,-,-,-,-,,−,−,−,-,−,−,-,–,-,-,,−,−,−,-,−,−,-,–,-,-
,,-,-,-,-,-,-,-,-,-,-,,−,−,−,-,−,−,-,–,-,-,,−,−,−,-,−,−,-,–,-,-
,,-,-,-,-,-,-,-,-,-,-,,−,−,−,-,−,−,-,–,-,-,,−,−,−,-,−,−,-,–,-,-
,,-,-,-,-,-,-,-,-,-,-,,−,−,−,-,−,−,-,–,-,-,,−,−,−,-,−,−,-,–,-,-
,,-,-,-,-,-,-,-,-,-,-,,−,−,−,-,−,−,-,–,-,-,,−,−,−,-,−,−,-,–,-,-
,,-,-,-,-,-,-,-,-,-,-,,−,−,−,-,−,−,-,–,-,-,,−,−,−,-,−,−,-,–,-,-
,,-,-,-,-,-,-,-,-,-,-,,−,−,−,-,−,−,-,–,-,-,,−,−,−,-,−,−,-,–,-,-
,,-,-,-,-,-,-,-,-,-,-,,−,−,−,-,−,−,-,–,-,-,,−,−,−,-,−,−,-,–,-,-
,,-,-,-,-,-,-,-,-,-,-,,−,−,−,-,−,−,-,–,-,-,,−,−,−,-,−,−,-,–,-,-
,,-,-,-,-,-,-,-,-,-,-,,−,−,−,-,−,−,-,–,-,-,,−,−,−,-,−,−,-,–,-,-
,,-,-,-,-,-,-,-,-,-,-,,−,−,−,-,−,−,-,–,-,-,,−,−,−,-,−,−,-,–,-,-
,,-,-,-,-,-,-,-,-,-,-,,−,−,−,-,−,−,-,–,-,-,,−,−,−,-,−,−,-,–,-,-
,,-,-,-,-,-,-,-,-,-,-,,−,−,−,-,−,−,-,–,-,-,,−,−,−,-,−,−,-,–,-,-
,,-,-,-,-,-,-,-,-,-,-,,−,−,−,-,−,−,-,–,-,-,,−,−,−,-,−,−,-,–,-,-
,,-,-,-,-,-,-,-,-,-,-,,−,−,−,-,−,−,-,–,-,-,,−,−,−,-,−,−,-,–,-,-
,,-,-,-,-,-,-,-,-,-,-,,−,−,−,-,−,−,-,–,-,-,,−,−,−,-,−,−,-,–,-,-
,,-,-,-,-,-,-,-,-,-,-,,−,−,−,-,−,−,-,–,-,-,,−,−,−,-,−,−,-,–,-,-
,,-,-,-,-,-,-,-,-,-,-,,−,−,−,-,−,−,-,–,-,-,,−,−,−,-,−,−,-,–,-,-
,,-,-,-,-,-,-,-,-,-,-,,−,−,−,-,−,−,-,–,-,-,,−,−,−,-,−,−,-,–,-,-
,,-,-,-,-,-,-,-,-,-,-,,−,−,−,-,−,−,-,–,-,-,,−,−,−,-,−,−,-,–,-,-
,,-,-,-,-,-,-,-,-,-,-,,−,−,−,-,−,−,-,–,-,-,,−,−,−,-,−,−,-,–,-,-
,,-,-,-,-,-,-,-,-,-,-,,−,−,−,-,−,−,-,–,-,-,,−,−,−,-,−,−,-,–,-,-
,,-,-,-,-,-,-,-,-,-,-,,−,−,−,-,−,−,-,–,-,-,,−,−,−,-,−,−,-,–,-,-
,,-,-,-,-,-,-,-,-,-,-,,−,−,−,-,−,−,-,–,-,-,,−,−,−,-,−,−,-,–,-,-
,,-,-,-,-,-,-,-,-,-,-,,−,−,−,-,−,−,-,–,-,-,,−,−,−,-,−,−,-,–,-,-
,,-,-,-,-,-,-,-,-,-,-,,−,−,−,-,−,−,-,–,-,-,,−,−,−,-,−,−,-,–,-,-
,,-,-,-,-,-,-,-,-,-,-,,−,−,−,-,−,−,-,–,-,-,,−,−,−,-,−,−,-,–,-,-
,,-,-,-,-,-,-,-,-,-,-,,−,−,−,-,−,−,-,–,-,-,,−,−,−,-,−,−,-,–,-,-
,,-,-,-,-,-,-,-,-,-,-,,−,−,−,-,−,−,-,–,-,-,,−,−,−,-,−,−,-,–,-,-
,,-,-,-,-,-,-,-,-,-,-,,−,−,−,-,−,−,-,–,-,-,,−,−,−,-,−,−,-,–,-,-
,,-,-,-,-,-,-,-,-,-,-,,−,−,−,-,−,−,-,–,-,-,,−,−,−,-,−,−,-,–,-,-
,,-,-,-,-,-,-,-,-,-,-,,−,−,−,-,−,−,-,–,-,-,,−,−,−,-,−,−,-,–,-,-
,,-,-,-,-,-,-,-,-,-,-,,−,−,−,-,−,−,-,–,-,-,,−,−,−,-,−,−,-,–,-,-
,,-,-,-,-,-,-,-,-,-,-,,−,−,−,-,−,−,-,–,-,-,,−,−,−,-,−,−,-,–,-,-
,,-,-,-,-,-,-,-,-,-,-,,−,−,−,-,−,−,-,–,-,-,,−,−,−,-,−,−,-,–,-,-
,,-,-,-,-,-,-,-,-,-,-,,−,−,−,-,−,−,-,–,-,-,,−,−,−,-,−,−,-,–,-,-
,,-,-,-,-,-,-,-,-,-,-,,−,−,−,-,−,−,-,–,-,-,,−,−,−,-,−,−,-,–,-,-
,,-,-,-,-,-,-,-,-,-,-,,−,−,−,-,−,−,-,–,-,-,,−,−,−,-,−,−,-,–,-,-
,,-,-,-,-,-,-,-,-,-,-,,−,−,−,-,−,−,-,–,-,-,,−,−,−,-,−,−,-,–,-,-
,,-,-,-,-,-,-,-,-,-,-,,−,−,−,-,−,−,-,–,-,-,,−,−,−,-,−,−,-,–,-,-
,,-,-,-,-,-,-,-,-,-,-,,−,−,−,-,−,−,-,–,-,-,,−,−,−,-,−,−,-,–,-,-
,,-,-,-,-,-,-,-,-,-,-,,−,−,−,-,−,−,-,–,-,-,,−,−,−,-,−,−,-,–,-,-
,,-,-,-,-,-,-,-,-,-,-,,−,−,−,-,−,−,-,–,-,-,,−,−,−,-,−,−,-,–,-,-
,,-,-,-,-,-,-,-,-,-,-,,−,−,−,-,−,−,-,–,-,-,,−,−,−,-,−,−,-,–,-,-
,,-,-,-,-,-,-,-,-,-,-,,−,−,−,-,−,−,-,–,-,-,,−,−,−,-,−,−,-,–,-,-
,,-,-,-,-,-,-,-,-,-,-,,−,−,−,-,−,−,-,–,-,-,,−,−,−,-,−,−,-,–,-,-
,,-,-,-,-,-,-,-,-,-,-,,−,−,−,-,−,−,-,–,-,-,,−,−,−,-,−,−,-,–,-,-
,,-,-,-,-,-,-,-,-,-,-,,−,−,−,-,−,−,-,–,-,-,,−,−,−,-,−,−,-,–,-,-
,,-,-,-,-,-,-,-,-,-,-,,−,−,−,-,−,−,-,–,-,-,,−,−,−,-,−,−,-,–,-,-
,,-,-,-,-,-,-,-,-,-,-,,−,−,−,-,−,−,-,–,-,-,,−,−,−,-,−,−,-,–,-,-
,,-,-,-,-,-,-,-,-,-,-,,−,−,−,-,−,−,-,–,-,-,,−,−,−,-,−,−,-,–,-,-
,,-,-,-,-,-,-,-,-,-,-,,−,−,−,-,−,−,-,–,-,-,,−,−,−,-,−,−,-,–,-,-
,,-,-,-,-,-,-,-,-,-,-,,−,−,−,-,−,−,-,–,-,-,,−,−,−,-,−,−,-,–,-,-
,,-,-,-,-,-,-,-,-,-,-,,−,−,−,-,−,−,-,–,-,-,,−,−,−,-,−,−,-,–,-,-
,,-,-,-,-,-,-,-,-,-,-,,−,−,−,-,−,−,-,–,-,-,,−,−,−,-,−,−,-,–,-,-
,,-,-,-,-,-,-,-,-,-,-,,−,−,−,-,−,−,-,–,-,-,,−,−,−,-,−,−,-,–,-,-
,,-,-,-,-,-,-,-,-,-,-,,−,−,−,-,−,−,-,–,-,-,,−,−,−,-,−,−,-,–,-,-
,,-,-,-,-,-,-,-,-,-,-,,−,−,−,-,−,−,-,–,-,-,,−,−,−,-,−,−,-,–,-,-
,,-,-,-,-,-,-,-,-,-,-,,−,−,−,-,−,−,-,–,-,-,,−,−,−,-,−,−,-,–,-,-
,,-,-,-,-,-,-,-,-,-,-,,−,−,−,-,−,−,-,–,-,-,,−,−,−,-,−,−,-,–,-,-
,,-,-,-,-,-,-,-,-,-,-,,−,−,−,-,−,−,-,–,-,-,,−,−,−,-,−,−,-,–,-,-
,,-,-,-,-,-,-,-,-,-,-,,−,−,−,-,−,−,-,–,-,-,,−,−,−,-,−,−,-,–,-,-
,,-,-,-,-,-,-,-,-,-,-,,−,−,−,-,−,−,-,–,-,-,,−,−,−,-,−,−,-,–,-,-
,,-,-,-,-,-,-,-,-,-,-,,−,−,−,-,−,−,-,–,-,-,,−,−,−,-,−,−,-,–,-,-
,,-,-,-,-,-,-,-,-,-,-,,−,−,−,-,−,−,-,–,-,-,,−,−,−,-,−,−,-,–,-,-
,,-,-,-,-,-,-,-,-,-,-,,−,−,−,-,−,−,-,–,-,-,,−,−,−,-,−,−,-,–,-,-
,,-,-,-,-,-,-,-,-,-,-,,−,−,−,-,−,−,-,–,-,-,,−,−,−,-,−,−,-,–,-,-
,,-,-,-,-,-,-,-,-,-,-,,−,−,−,-,−,−,-,–,-,-,,−,−,−,-,−,−,-,–,-,-
,,-,-,-,-,-,-,-,-,-,-,,−,−,−,-,−,−,-,–,-,-,,−,−,−,-,−,−,-,–,-,-
,,-,-,-,-,-,-,-,-,-,-,,−,−,−,-,−,−,-,–,-,-,,−,−,−,-,−,−,-,–,-,-
,,-,-,-,-,-,-,-,-,-,-,,−,−,−,-,−,−,-,–,-,-,,−,−,−,-,−,−,-,–,-,-
,,-,-,-,-,-,-,-,-,-,-,,−,−,−,-,−,−,-,–,-,-,,−,−,−,-,−,−,-,–,-,-
,,-,-,-,-,-,-,-,-,-,-,,−,−,−,-,−,−,-,–,-,-,,−,−,−,-,−,−,-,–,-,-
,,-,-,-,-,-,-,-,-,-,-,,−,−,−,-,−,−,-,–,-,-,,−,−,−,-,−,−,-,–,-,-
,,-,-,-,-,-,-,-,-,-,-,,−,−,−,-,−,−,-,–,-,-,,−,−,−,-,−,−,-,–,-,-
,,-,-,-,-,-,-,-,-,-,-,,−,−,−,-,−,−,-,–,-,-,,−,−,−,-,−,−,-,–,-,-
,,-,-,-,-,-,-,-,-,-,-,,−,−,−,-,−,−,-,–,-,-,,−,−,−,-,−,−,-,–,-,-
,,-,-,-,-,-,-,-,-,-,-,,−,−,−,-,−,−,-,–,-,-,,−,−,−,-,−,−,-,–,-,-
,,-,-,-,-,-,-,-,-,-,-,,−,−,−,-,−,−,-,–,-,-,,−,−,−,-,−,−,-,–,-,-
,,-,-,-,-,-,-,-,-,-,-,,−,−,−,-,−,−,-,–,-,-,,−,−,−,-,−,−,-,–,-,-
,,-,-,-,-,-,-,-,-,-,-,,−,−,−,-,−,−,-,–,-,-,,−,−,−,-,−,−,-,–,-,-
,,-,-,-,-,-,-,-,-,-,-,,−,−,−,-,−,−,-,–,-,-,,−,−,−,-,−,−,-,–,-,-
,,-,-,-,-,-,-,-,-,-,-,,−,−,−,-,−,−,-,–,-,-,,−,−,−,-,−,−,-,–,-,-
,,-,-,-,-,-,-,-,-,-,-,,−,−,−,-,−,−,-,–,-,-,,−,−,−,-,−,−,-,–,-,-
,,-,-,-,-,-,-,-,-,-,-,,−,−,−,-,−,−,-,–,-,-,,−,−,−,-,−,−,-,–,-,-
,,-,-,-,-,-,-,-,-,-,-,,−,−,−,-,−,−,-,–,-,-,,−,−,−,-,−,−,-,–,-,-
,,-,-,-,-,-,-,-,-,-,-,,−,−,−,-,−,−,-,–,-,-,,−,−,−,-,−,−,-,–,-,-
,,-,-,-,-,-,-,-,-,-,-,,−,−,−,-,−,−,-,–,-,-,,−,−,−,-,−,−,-,–,-,-
,,-,-,-,-,-,-,-,-,-,-,,−,−,−,-,−,−,-,–,-,-,,−,−,−,-,−,−,-,–,-,-
,,-,-,-,-,-,-,-,-,-,-,,−,−,−,-,−,−,-,–,-,-,,−,−,−,-,−,−,-,–,-,-
,,-,-,-,-,-,-,-,-,-,-,,−,−,−,-,−,−,-,–,-,-,,−,−,−,-,−,−,-,–,-,-
,,-,-,-,-,-,-,-,-,-,-,,−,−,−,-,−,−,-,–,-,-,,−,−,−,-,−,−,-,–,-,-
,,-,-,-,-,-,-,-,-,-,-,,−,−,−,-,−,−,-,–,-,-,,−,−,−,-,−,−,-,–,-,-
,,-,-,-,-,-,-,-,-,-,-,,−,−,−,-,−,−,-,–,-,-,,−,−,−,-,−,−,-,–,-,-
,,-,-,-,-,-,-,-,-,-,-,,−,−,−,-,−,−,-,–,-,-,,−,−,−,-,−,−,-,–,-,-
,,-,-,-,-,-,-,-,-,-,-,,−,−,−,-,−,−,-,–,-,-,,−,−,−,-,−,−,-,–,-,-
,,-,-,-,-,-,-,-,-,-,-,,−,−,−,-,−,−,-,–,-,-,,−,−,−,-,−,−,-,–,-,-
,,-,-,-,-,-,-,-,-,-,-,,−,−,−,-,−,−,-,–,-,-,,−,−,−,-,−,−,-,–,-,-
,,-,-,-,-,-,-,-,-,-,-,,−,−,−,-,−,−,-,–,-,-,,−,−,−,-,−,−,-,–,-,-
,,-,-,-,-,-,-,-,-,-,-,,−,−,−,-,−,−,-,–,-,-,,−,−,−,-,−,−,-,–,-,-
,,-,-,-,-,-,-,-,-,-,-,,−,−,−,-,−,−,-,–,-,-,,−,−,−,-,−,−,-,–,-,-
,,-,-,-,-,-,-,-,-,-,-,,−,−,−,-,−,−,-,–,-,-,,−,−,−,-,−,−,-,–,-,-
,,-,-,-,-,-,-,-,-,-,-,,−,−,−,-,−,−,-,–,-,-,,−,−,−,-,−,−,-,–,-,-
,,-,-,-,-,-,-,-,-,-,-,,−,−,−,-,−,−,-,–,-,-,,−,−,−,-,−,−,-,–,-,-
,,-,-,-,-,-,-,-,-,-,-,,−,−,−,-,−,−,-,–,-,-,,−,−,−,-,−,−,-,–,-,-
,,-,-,-,-,-,-,-,-,-,-,,−,−,−,-,−,−,-,–,-,-,,−,−,−,-,−,−,-,–,-,-
,,-,-,-,-,-,-,-,-,-,-,,−,−,−,-,−,−,-,–,-,-,,−,−,−,-,−,−,-,–,-,-
,,-,-,-,-,-,-,-,-,-,-,,−,−,−,-,−,−,-,–,-,-,,−,−,−,-,−,−,-,–,-,-
,,-,-,-,-,-,-,-,-,-,-,,−,−,−,-,−,−,-,–,-,-,,−,−,−,-,−,−,-,–,-,-
,,-,-,-,-,-,-,-,-,-,-,,−,−,−,-,−,−,-,–,-,-,,−,−,−,-,−,−,-,–,-,-
,,-,-,-,-,-,-,-,-,-,-,,−,−,−,-,−,−,-,–,-,-,,−,−,−,-,−,−,-,–,-,-
,,-,-,-,-,-,-,-,-,-,-,,−,−,−,-,−,−,-,–,-,-,,−,−,−,-,−,−,-,–,-,-
,,-,-,-,-,-,-,-,-,-,-,,−,−,−,-,−,−,-,–,-,-,,−,−,−,-,−,−,-,–,-,-
,,-,-,-,-,-,-,-,-,-,-,,−,−,−,-,−,−,-,–,-,-,,−,−,−,-,−,−,-,–,-,-
,,-,-,-,-,-,-,-,-,-,-,,−,−,−,-,−,−,-,–,-,-,,−,−,−,-,−,−,-,–,-,-
,,-,-,-,-,-,-,-,-,-,-,,−,−,−,-,−,−,-,–,-,-,,−,−,−,-,−,−,-,–,-,-
,,-,-,-,-,-,-,-,-,-,-,,−,−,−,-,−,−,-,–,-,-,,−,−,−,-,−,−,-,–,-,-
,,-,-,-,-,-,-,-,-,-,-,,−,−,−,-,−,−,-,–,-,-,,−,−,−,-,−,−,-,–,-,-
,,-,-,-,-,-,-,-,-,-,-,,−,−,−,-,−,−,-,–,-,-,,−,−,−,-,−,−,-,–,-,-
,,-,-,-,-,-,-,-,-,-,-,,−,−,−,-,−,−,-,–,-,-,,−,−,−,-,−,−,-,–,-,-
,,-,-,-,-,-,-,-,-,-,-,,−,−,−,-,−,−,-,–,-,-,,−,−,−,-,−,−,-,–,-,-
,,-,-,-,-,-,-,-,-,-,-,,−,−,−,-,−,−,-,–,-,-,,−,−,−,-,−,−,-,–,-,-
,,-,-,-,-,-,-,-,-,-,-,,−,−,−,-,−,−,-,–,-,-,,−,−,−,-,−,−,-,–,-,-
,,-,-,-,-,-,-,-,-,-,-,,−,−,−,-,−,−,-,–,-,-,,−,−,−,-,−,−,-,–,-,-
,,-,-,-,-,-,-,-,-,-,-,,−,−,−,-,−,−,-,–,-,-,,−,−,−,-,−,−,-,–,-,-
,,-,-,-,-,-,-,-,-,-,-,,−,−,−,-,−,−,-,–,-,-,,−,−,−,-,−,−,-,–,-,-
,,-,-,-,-,-,-,-,-,-,-,,−,−,−,-,−,−,-,–,-,-,,−,−,−,-,−,−,-,–,-,-
,,-,-,-,-,-,-,-,-,-,-,,−,−,−,-,−,−,-,–,-,-,,−,−,−,-,−,−,-,–,-,-
,,-,-,-,-,-,-,-,-,-,-,,−,−,−,-,−,−,-,–,-,-,,−,−,−,-,−,−,-,–,-,-
,,-,-,-,-,-,-,-,-,-,-,,−,−,−,-,−,−,-,–,-,-,,−,−,−,-,−,−,-,–,-,-
,,-,-,-,-,-,-,-,-,-,-,,−,−,−,-,−,−,-,–,-,-,,−,−,−,-,−,−,-,–,-,-
,,-,-,-,-,-,-,-,-,-,-,,−,−,−,-,−,−,-,–,-,-,,−,−,−,-,−,−,-,–,-,-
,,-,-,-,-,-,-,-,-,-,-,,−,−,−,-,−,−,-,–,-,-,,−,−,−,-,−,−,-,–,-,-
,,-,-,-,-,-,-,-,-,-,-,,−,−,−,-,−,−,-,–,-,-,,−,−,−,-,−,−,-,–,-,-
,,-,-,-,-,-,-,-,-,-,-,,−,−,−,-,−,−,-,–,-,-,,−,−,−,-,−,−,-,–,-,-
,,-,-,-,-,-,-,-,-,-,-,,−,−,−,-,−,−,-,–,-,-,,−,−,−,-,−,−,-,–,-,-
,,-,-,-,-,-,-,-,-,-,-,,−,−,−,-,−,−,-,–,-,-,,−,−,−,-,−,−,-,–,-,-
,,-,-,-,-,-,-,-,-,-,-,,−,−,−,-,−,−,-,–,-,-,,−,−,−,-,−,−,-,–,-,-
,,-,-,-,-,-,-,-,-,-,-,,−,−,−,-,−,−,-,–,-,-,,−,−,−,-,−,−,-,–,-,-
,,-,-,-,-,-,-,-,-,-,-,,−,−,−,-,−,−,-,–,-,-,,−,−,−,-,−,−,-,–,-,-
,,-,-,-,-,-,-,-,-,-,-,,−,−,−,-,−,−,-,–,-,-,,−,−,−,-,−,−,-,–,-,-
,,-,-,-,-,-,-,-,-,-,-,,−,−,−,-,−,−,-,–,-,-,,−,−,−,-,−,−,-,–,-,-
,,-,-,-,-,-,-,-,-,-,-,,−,−,−,-,−,−,-,–,-,-,,−,−,−,-,−,−,-,–,-,-
,,-,-,-,-,-,-,-,-,-,-,,−,−,−,-,−,−,-,–,-,-,,−,−,−,-,−,−,-,–,-,-
,,-,-,-,-,-,-,-,-,-,-,,−,−,−,-,−,−,-,–,-,-,,−,−,−,-,−,−,-,–,-,-
,,-,-,-,-,-,-,-,-,-,-,,−,−,−,-,−,−,-,–,-,-,,−,−,−,-,−,−,-,–,-,-
,,-,-,-,-,-,-,-,-,-,-,,−,−,−,-,−,−,-,–,-,-,,−,−,−,-,−,−,-,–,-,-
,,-,-,-,-,-,-,-,-,-,-,,−,−,−,-,−,−,-,–,-,-,,−,−,−,-,−,−,-,–,-,-
,,-,-,-,-,-,-,-,-,-,-,,−,−,−,-,−,−,-,–,-,-,,−,−,−,-,−,−,-,–,-,-
,,-,-,-,-,-,-,-,-,-,-,,−,−,−,-,−,−,-,–,-,-,,−,−,−,-,−,−,-,–,-,-
,,-,-,-,-,-,-,-,-,-,-,,−,−,−,-,−,−,-,–,-,-,,−,−,−,-,−,−,-,–,-,-
,,-,-,-,-,-,-,-,-,-,-,,−,−,−,-,−,−,-,–,-,-,,−,−,−,-,−,−,-,–,-,-
,,-,-,-,-,-,-,-,-,-,-,,−,−,−,-,−,−,-,–,-,-,,−,−,−,-,−,−,-,–,-,-
,,-,-,-,-,-,-,-,-,-,-,,−,−,−,-,−,−,-,–,-,-,,−,−,−,-,−,−,-,–,-,-
,,-,-,-,-,-,-,-,-,-,-,,−,−,−,-,−,−,-,–,-,-,,−,−,−,-,−,−,-,–,-,-
,,-,-,-,-,-,-,-,-,-,-,,−,−,−,-,−,−,-,–,-,-,,−,−,−,-,−,−,-,–,-,-
,,-,-,-,-,-,-,-,-,-,-,,−,−,−,-,−,−,-,–,-,-,,−,−,−,-,−,−,-,–,-,-
,,-,-,-,-,-,-,-,-,-,-,,−,−,−,-,−,−,-,–,-,-,,−,−,−,-,−,−,-,–,-,-
,,-,-,-,-,-,-,-,-,-,-,,−,−,−,-,−,−,-,–,-,-,,−,−,−,-,−,−,-,–,-,-
,,-,-,-,-,-,-,-,-,-,-,,−,−,−,-,−,−,-,–,-,-,,−,−,−,-,−,−,-,–,-,-
,,-,-,-,-,-,-,-,-,-,-,,−,−,−,-,−,−,-,–,-,-,,−,−,−,-,−,−,-,–,-,-
,,-,-,-,-,-,-,-,-,-,-,,−,−,−,-,−,−,-,–,-,-,,−,−,−,-,−,−,-,–,-,-
,,-,-,-,-,-,-,-,-,-,-,,−,−,−,-,−,−,-,–,-,-,,−,−,−,-,−,−,-,–,-,-
,,-,-,-,-,-,-,-,-,-,-,,−,−,−,-,−,−,-,–,-,-,,−,−,−,-,−,−,-,–,-,-
,,-,-,-,-,-,-,-,-,-,-,,−,−,−,-,−,−,-,–,-,-,,−,−,−,-,−,−,-,–,-,-
,,-,-,-,-,-,-,-,-,-,-,,−,−,−,-,−,−,-,–,-,-,,−,−,−,-,−,−,-,–,-,-
,,-,-,-,-,-,-,-,-,-,-,,−,−,−,-,−,−,-,–,-,-,,−,−,−,-,−,−,-,–,-,-
,,-,-,-,-,-,-,-,-,-,-,,−,−,−,-,−,−,-,–,-,-,,−,−,−,-,−,−,-,–,-,-
,,-,-,-,-,-,-,-,-,-,-,,−,−,−,-,−,−,-,–,-,-,,−,−,−,-,−,−,-,–,-,-
,,-,-,-,-,-,-,-,-,-,-,,−,−,−,-,−,−,-,–,-,-,,−,−,−,-,−,−,-,–,-,-
,,-,-,-,-,-,-,-,-,-,-,,−,−,−,-,−,−,-,–,-,-,,−,−,−,-,−,−,-,–,-,-
,,-,-,-,-,-,-,-,-,-,-,,−,−,−,-,−,−,-,–,-,-,,−,−,−,-,−,−,-,–,-,-
,,-,-,-,-,-,-,-,-,-,-,,−,−,−,-,−,−,-,–,-,-,,−,−,−,-,−,−,-,–,-,-
,,-,-,-,-,-,-,-,-,-,-,,−,−,−,-,−,−,-,–,-,-,,−,−,−,-,−,−,-,–,-,-
,,-,-,-,-,-,-,-,-,-,-,,−,−,−,-,−,−,-,–,-,-,,−,−,−,-,−,−,-,–,-,-
,,-,-,-,-,-,-,-,-,-,-,,−,−,−,-,−,−,-,–,-,-,,−,−,−,-,−,−,-,–,-,-
,,-,-,-,-,-,-,-,-,-,-,,−,−,−,-,−,−,-,–,-,-,,−,−,−,-,−,−,-,–,-,-
,,-,-,-,-,-,-,-,-,-,-,,−,−,−,-,−,−,-,–,-,-,,−,−,−,-,−,−,-,–,-,-
,,-,-,-,-,-,-,-,-,-,-,,−,−,−,-,−,−,-,–,-,-,,−,−,−,-,−,−,-,–,-,-
,,-,-,-,-,-,-,-,-,-,-,,−,−,−,-,−,−,-,–,-,-,,−,−,−,-,−,−,-,–,-,-
,,-,-,-,-,-,-,-,-,-,-,,−,−,−,-,−,−,-,–,-,-,,−,−,−,-,−,−,-,–,-,-
,,-,-,-,-,-,-,-,-,-,-,,−,−,−,-,−,−,-,–,-,-,,−,−,−,-,−,−,-,–,-,-
,,-,-,-,-,-,-,-,-,-,-,,−,−,−,-,−,−,-,–,-,-,,−,−,−,-,−,−,-,–,-,-
,,-,-,-,-,-,-,-,-,-,-,,−,−,−,-,−,−,-,–,-,-,,−,−,−,-,−,−,-,–,-,-
,,-,-,-,-,-,-,-,-,-,-,,−,−,−,-,−,−,-,–,-,-,,−,−,−,-,−,−,-,–,-,-
,,-,-,-,-,-,-,-,-,-,-,,−,−,−,-,−,−,-,–,-,-,,−,−,−,-,−,−,-,–,-,-
,,-,-,-,-,-,-,-,-,-,-,,−,−,−,-,−,−,-,–,-,-,,−,−,−,-,−,−,-,–,-,-
,,-,-,-,-,-,-,-,-,-,-,,−,−,−,-,−,−,-,–,-,-,,−,−,−,-,−,−,-,–,-,-
,,-,-,-,-,-,-,-,-,-,-,,−,−,−,-,−,−,-,–,-,-,,−,−,−,-,−,−,-,–,-,-
,,-,-,-,-,-,-,-,-,-,-,,−,−,−,-,−,−,-,–,-,-,,−,−,−,-,−,−,-,–,-,-
,,-,-,-,-,-,-,-,-,-,-,,−,−,−,-,−,−,-,–,-,-,,−,−,−,-,−,−,-,–,-,-
,,-,-,-,-,-,-,-,-,-,-,,−,−,−,-,−,−,-,–,-,-,,−,−,−,-,−,−,-,–,-,-
,,-,-,-,-,-,-,-,-,-,-,,−,−,−,-,−,−,-,–,-,-,,−,−,−,-,−,−,-,–,-,-
,,-,-,-,-,-,-,-,-,-,-,,−,−,−,-,−,−,-,–,-,-,,−,−,−,-,−,−,-,–,-,-
,,-,-,-,-,-,-,-,-,-,-,,−,−,−,-,−,−,-,–,-,-,,−,−,−,-,−,−,-,–,-,-
,,-,-,-,-,-,-,-,-,-,-,,−,−,−,-,−,−,-,–,-,-,,−,−,−,-,−,−,-,–,-,-
,,-,-,-,-,-,-,-,-,-,-,,−,−,−,-,−,−,-,–,-,-,,−,−,−,-,−,−,-,–,-,-
,,-,-,-,-,-,-,-,-,-,-,,−,−,−,-,−,−,-,–,-,-,,−,−,−,-,−,−,-,–,-,-
,,-,-,-,-,-,-,-,-,-,-,,−,−,−,-,−,−,-,–,-,-,,−,−,−,-,−,−,-,–,-,-
,,-,-,-,-,-,-,-,-,-,-,,−,−,−,-,−,−,-,–,-,-,,−,−,−,-,−,−,-,–,-,-
,,-,-,-,-,-,-,-,-,-,-,,−,−,−,-,−,−,-,–,-,-,,−,−,−,-,−,−,-,–,-,-
,,-,-,-,-,-,-,-,-,-,-,,−,−,−,-,−,−,-,–,-,-,,−,−,−,-,−,−,-,–,-,-
,,-,-,-,-,-,-,-,-,-,-,,−,−,−,-,−,−,-,–,-,-,,−,−,−,-,−,−,-,–,-,-
,,-,-,-,-,-,-,-,-,-,-,,−,−,−,-,−,−,-,–,-,-,,−,−,−,-,−,−,-,–,-,-
,,-,-,-,-,-,-,-,-,-,-,,−,−,−,-,−,−,-,–,-,-,,−,−,−,-,−,−,-,–,-,-
,,-,-,-,-,-,-,-,-,-,-,,−,−,−,-,−,−,-,–,-,-,,−,−,−,-,−,−,-,–,-,-
,,-,-,-,-,-,-,-,-,-,-,,−,−,−,-,−,−,-,–,-,-,,−,−,−,-,−,−,-,–,-,-
,,-,-,-,-,-,-,-,-,-,-,,−,−,−,-,−,−,-,–,-,-,,−,−,−,-,−,−,-,–,-,-
,,-,-,-,-,-,-,-,-,-,-,,−,−,−,-,−,−,-,–,-,-,,−,−,−,-,−,−,-,–,-,-
,,-,-,-,-,-,-,-,-,-,-,,−,−,−,-,−,−,-,–,-,-,,−,−,−,-,−,−,-,–,-,-
,,-,-,-,-,-,-,-,-,-,-,,−,−,−,-,−,−,-,–,-,-,,−,−,−,-,−,−,-,–,-,-
,,-,-,-,-,-,-,-,-,-,-,,−,−,−,-,−,−,-,–,-,-,,−,−,−,-,−,−,-,–,-,-
,,-,-,-,-,-,-,-,-,-,-,,−,−,−,-,−,−,-,–,-,-,,−,−,−,-,−,−,-,–,-,-
,,-,-,-,-,-,-,-,-,-,-,,−,−,−,-,−,−,-,–,-,-,,−,−,−,-,−,−,-,–,-,-
,,-,-,-,-,-,-,-,-,-,-,,−,−,−,-,−,−,-,–,-,-,,−,−,−,-,−,−,-,–,-,-
,,-,-,-,-,-,-,-,-,-,-,,−,−,−,-,−,−,-,–,-,-,,−,−,−,-,−,−,-,–,-,-
,,-,-,-,-,-,-,-,-,-,-,,−,−,−,-,−,−,-,–,-,-,,−,−,−,-,−,−,-,–,-,-
,,-,-,-,-,-,-,-,-,-,-,,−,−,−,-,−,−,-,–,-,-,,−,−,−,-,−,−,-,–,-,-
,,-,-,-,-,-,-,-,-,-,-,,−,−,−,-,−,−,-,–,-,-,,−,−,−,-,−,−,-,–,-,-
,,-,-,-,-,-,-,-,-,-,-,,−,−,−,-,−,−,-,–,-,-,,−,−,−,-,−,−,-,–,-,-
,,-,-,-,-,-,-,-,-,-,-,,−,−,−,-,−,−,-,–,-,-,,−,−,−,-,−,−,-,–,-,-
,,-,-,-,-,-,-,-,-,-,-,,−,−,−,-,−,−,-,–,-,-,,−,−,−,-,−,−,-,–,-,-
,,-,-,-,-,-,-,-,-,-,-,,−,−,−,-,−,−,-,–,-,-,,−,−,−,-,−,−,-,–,-,-
,,-,-,-,-,-,-,-,-,-,-,,−,−,−,-,−,−,-,–,-,-,,−,−,−,-,−,−,-,–,-,-
,,-,-,-,-,-,-,-,-,-,-,,−,−,−,-,−,−,-,–,-,-,,−,−,−,-,−,−,-,–,-,-
,,-,-,-,-,-,-,-,-,-,-,,−,−,−,-,−,−,-,–,-,-,,−,−,−,-,−,−,-,–,-,-
,,-,-,-,-,-,-,-,-,-,-,,−,−,−,-,−,−,-,–,-,-,,−,−,−,-,−,−,-,–,-,-
,,-,-,-,-,-,-,-,-,-,-,,−,−,−,-,−,−,-,–,-,-,,−,−,−,-,−,−,-,–,-,-
,,-,-,-,-,-,-,-,-,-,-,,−,−,−,-,−,−,-,–,-,-,,−,−,−,-,−,−,-,–,-,-
,,-,-,-,-,-,-,-,-,-,-,,−,−,−,-,−,−,-,–,-,-,,−,−,−,-,−,−,-,–,-,-
,,-,-,-,-,-,-,-,-,-,-,,−,−,−,-,−,−,-,–,-,-,,−,−,−,-,−,−,-,–,-,-
,,-,-,-,-,-,-,-,-,-,-,,−,−,−,-,−,−,-,–,-,-,,−,−,−,-,−,−,-,–,-,-
,,-,-,-,-,-,-,-,-,-,-,,−,−,−,-,−,−,-,–,-,-,,−,−,−,-,−,−,-,–,-,-
,,-,-,-,-,-,-,-,-,-,-,,−,−,−,-,−,−,-,–,-,-,,−,−,−,-,−,−,-,–,-,-
,,-,-,-,-,-,-,-,-,-,-,,−,−,−,-,−,−,-,–,-,-,,−,−,−,-,−,−,-,–,-,-
,,-,-,-,-,-,-,-,-,-,-,,−,−,−,-,−,−,-,–,-,-,,−,−,−,-,−,−,-,–,-,-
,,-,-,-,-,-,-,-,-,-,-,,−,−,−,-,−,−,-,–,-,-,,−,−,−,-,−,−,-,–,-,-
,,-,-,-,-,-,-,-,-,-,-,,−,−,−,-,−,−,-,–,-,-,,−,−,−,-,−,−,-,–,-,-
,,-,-,-,-,-,-,-,-,-,-,,−,−,−,-,−,−,-,–,-,-,,−,−,−,-,−,−,-,–,-,-
,,-,-,-,-,-,-,-,-,-,-,,−,−,−,-,−,−,-,–,-,-,,−,−,−,-,−,−,-,–,-,-
,,-,-,-,-,-,-,-,-,-,-,,−,−,−,-,−,−,-,–,-,-,,−,−,−,-,−,−,-,–,-,-
,,-,-,-,-,-,-,-,-,-,-,,−,−,−,-,−,−,-,–,-,-,,−,−,−,-,−,−,-,–,-,-
,,-,-,-,-,-,-,-,-,-,-,,−,−,−,-,−,−,-,–,-,-,,−,−,−,-,−,−,-,–,-,-
,,-,-,-,-,-,-,-,-,-,-,,−,−,−,-,−,−,-,–,-,-,,−,−,−,-,−,−,-,–,-,-
,,-,-,-,-,-,-,-,-,-,-,,−,−,−,-,−,−,-,–,-,-,,−,−,−,-,−,−,-,–,-,-
,,-,-,-,-,-,-,-,-,-,-,,−,−,−,-,−,−,-,–,-,-,,−,−,−,-,−,−,-,–,-,-
,,-,-,-,-,-,-,-,-,-,-,,−,−,−,-,−,−,-,–,-,-,,−,−,−,-,−,−,-,–,-,-
,,-,-,-,-,-,-,-,-,-,-,,−,−,−,-,−,−,-,–,-,-,,−,−,−,-,−,−,-,–,-,-
,,-,-,-,-,-,-,-,-,-,-,,−,−,−,-,−,−,-,–,-,-,,−,−,−,-,−,−,-,–,-,-
,,-,-,-,-,-,-,-,-,-,-,,−,−,−,-,−,−,-,–,-,-,,−,−,−,-,−,−,-,–,-,-
,,-,-,-,-,-,-,-,-,-,-,,−,−,−,-,−,−,-,–,-,-,,−,−,−,-,−,−,-,–,-,-
,,-,-,-,-,-,-,-,-,-,-,,−,−,−,-,−,−,-,–,-,-,,−,−,−,-,−,−,-,–,-,-
,,-,-,-,-,-,-,-,-,-,-,,−,−,−,-,−,−,-,–,-,-,,−,−,−,-,−,−,-,–,-,-
,,-,-,-,-,-,-,-,-,-,-,,−,−,−,-,−,−,-,–,-,-,,−,−,−,-,−,−,-,–,-,-
,,-,-,-,-,-,-,-,-,-,-,,−,−,−,-,−,−,-,–,-,-,,−,−,−,-,−,−,-,–,-,-
,,-,-,-,-,-,-,-,-,-,-,,−,−,−,-,−,−,-,–,-,-,,−,−,−,-,−,−,-,–,-,-
,,-,-,-,-,-,-,-,-,-,-,,−,−,−,-,−,−,-,–,-,-,,−,−,−,-,−,−,-,–,-,-
,,-,-,-,-,-,-,-,-,-,-,,−,−,−,-,−,−,-,–,-,-,,−,−,−,-,−,−,-,–,-,-
,,-,-,-,-,-,-,-,-,-,-,,−,−,−,-,−,−,-,–,-,-,,−,−,−,-,−,−,-,–,-,-
,,-,-,-,-,-,-,-,-,-,-,,−,−,−,-,−,−,-,–,-,-,,−,−,−,-,−,−,-,–,-,-
,,-,-,-,-,-,-,-,-,-,-,,−,−,−,-,−,−,-,–,-,-,,−,−,−,-,−,−,-,–,-,-
,,-,-,-,-,-,-,-,-,-,-,,−,−,−,-,−,−,-,–,-,-,,−,−,−,-,−,−,-,–,-,-
,,-,-,-,-,-,-,-,-,-,-,,−,−,−,-,−,−,-,–,-,-,,−,−,−,-,−,−,-,–,-,-
,,-,-,-,-,-,-,-,-,-,-,,−,−,−,-,−,−,-,–,-,-,,−,−,−,-,−,−,-,–,-,-
,,-,-,-,-,-,-,-,-,-,-,,−,−,−,-,−,−,-,–,-,-,,−,−,−,-,−,−,-,–,-,-
,,-,-,-,-,-,-,-,-,-,-,,−,−,−,-,−,−,-,–,-,-,,−,−,−,-,−,−,-,–,-,-
,,-,-,-,-,-,-,-,-,-,-,,−,−,−,-,−,−,-,–,-,-,,−,−,−,-,−,−,-,–,-,-
,,-,-,-,-,-,-,-,-,-,-,,−,−,−,-,−,−,-,–,-,-,,−,−,−,-,−,−,-,–,-,-
,,-,-,-,-,-,-,-,-,-,-,,−,−,−,-,−,−,-,–,-,-,,−,−,−,-,−,−,-,–,-,-
,,-,-,-,-,-,-,-,-,-,-,,−,−,−,-,−,−,-,–,-,-,,−,−,−,-,−,−,-,–,-,-
,,-,-,-,-,-,-,-,-,-,-,,−,−,−,-,−,−,-,–,-,-,,−,−,−,-,−,−,-,–,-,-
,,-,-,-,-,-,-,-,-,-,-,,−,−,−,-,−,−,-,–,-,-,,−,−,−,-,−,−,-,–,-,-
,,-,-,-,-,-,-,-,-,-,-,,−,−,−,-,−,−,-,–,-,-,,−,−,−,-,−,−,-,–,-,-
,,-,-,-,-,-,-,-,-,-,-,,−,−,−,-,−,−,-,–,-,-,,−,−,−,-,−,−,-,–,-,-
,,-,-,-,-,-,-,-,-,-,-,,−,−,−,-,−,−,-,–,-,-,,−,−,−,-,−,−,-,–,-,-
,,-,-,-,-,-,-,-,-,-,-,,−,−,−,-,−,−,-,–,-,-,,−,−,−,-,−,−,-,–,-,-
,,-,-,-,-,-,-,-,-,-,-,,−,−,−,-,−,−,-,–,-,-,,−,−,−,-,−,−,-,–,-,-
,,-,-,-,-,-,-,-,-,-,-,,−,−,−,-,−,−,-,–,-,-,,−,−,−,-,−,−,-,–,-,-
,,-,-,-,-,-,-,-,-,-,-,,−,−,−,-,−,−,-,–,-,-,,−,−,−,-,−,−,-,–,-,-
,,-,-,-,-,-,-,-,-,-,-,,−,−,−,-,−,−,-,–,-,-,,−,−,−,-,−,−,-,–,-,-
,,-,-,-,-,-,-,-,-,-,-,,−,−,−,-,−,−,-,–,-,-,,−,−,−,-,−,−,-,–,-,-
,,-,-,-,-,-,-,-,-,-,-,,−,−,−,-,−,−,-,–,-,-,,−,−,−,-,−,−,-,–,-,-
,,-,-,-,-,-,-,-,-,-,-,,−,−,−,-,−,−,-,–,-,-,,−,−,−,-,−,−,-,–,-,-
,,-,-,-,-,-,-,-,-,-,-,,−,−,−,-,−,−,-,–,-,-,,−,−,−,-,−,−,-,–,-,-
,,-,-,-,-,-,-,-,-,-,-,,−,−,−,-,−,−,-,–,-,-,,−,−,−,-,−,−,-,–,-,-
,,-,-,-,-,-,-,-,-,-,-,,−,−,−,-,−,−,-,–,-,-,,−,−,−,-,−,−,-,–,-,-
,,-,-,-,-,-,-,-,-,-,-,,−,−,−,-,−,−,-,–,-,-,,−,−,−,-,−,−,-,–,-,-
,,-,-,-,-,-,-,-,-,-,-,,−,−,−,-,−,−,-,–,-,-,,−,−,−,-,−,−,-,–,-,-
,,-,-,-,-,-,-,-,-,-,-,,−,−,−,-,−,−,-,–,-,-,,−,−,−,-,−,−,-,–,-,-
,,-,-,-,-,-,-,-,-,-,-,,−,−,−,-,−,−,-,–,-,-,,−,−,−,-,−,−,-,–,-,-
,,-,-,-,-,-,-,-,-,-,-,,−,−,−,-,−,−,-,–,-,-,,−,−,−,-,−,−,-,–,-,-
,,-,-,-,-,-,-,-,-,-,-,,−,−,−,-,−,−,-,–,-,-,,−,−,−,-,−,−,-,–,-,-
,,-,-,-,-,-,-,-,-,-,-,,−,−,−,-,−,−,-,–,-,-,,−,−,−,-,−,−,-,–,-,-
,,-,-,-,-,-,-,-,-,-,-,,−,−,−,-,−,−,-,–,-,-,,−,−,−,-,−,−,-,–,-,-
,,-,-,-,-,-,-,-,-,-,-,,−,−,−,-,−,−,-,–,-,-,,−,−,−,-,−,−,-,–,-,-
,,-,-,-,-,-,-,-,-,-,-,,−,−,−,-,−,−,-,–,-,-,,−,−,−,-,−,−,-,–,-,-
,,-,-,-,-,-,-,-,-,-,-,,−,−,−,-,−,−,-,–,-,-,,−,−,−,-,−,−,-,–,-,-
,,-,-,-,-,-,-,-,-,-,-,,−,−,−,-,−,−,-,–,-,-,,−,−,−,-,−,−,-,–,-,-
,,-,-,-,-,-,-,-,-,-,-,,−,−,−,-,−,−,-,–,-,-,,−,−,−,-,−,−,-,–,-,-
,,-,-,-,-,-,-,-,-,-,-,,−,−,−,-,−,−,-,–,-,-,,−,−,−,-,−,−,-,–,-,-
,,-,-,-,-,-,-,-,-,-,-,,−,−,−,-,−,−,-,–,-,-,,−,−,−,-,−,−,-,–,-,-
,,-,-,-,-,-,-,-,-,-,-,,−,−,−,-,−,−,-,–,-,-,,−,−,−,-,−,−,-,–,-,-
,,-,-,-,-,-,-,-,-,-,-,,−,−,−,-,−,−,-,–,-,-,,−,−,−,-,−,−,-,–,-,-
,,-,-,-,-,-,-,-,-,-,-,,−,−,−,-,−,−,-,–,-,-,,−,−,−,-,−,−,-,–,-,-
,,-,-,-,-,-,-,-,-,-,-,,−,−,−,-,−,−,-,–,-,-,,−,−,−,-,−,−,-,–,-,-
,,-,-,-,-,-,-,-,-,-,-,,−,−,−,-,−,−,-,–,-,-,,−,−,−,-,−,−,-,–,-,-
,,-,-,-,-,-,-,-,-,-,-,,−,−,−,-,−,−,-,–,-,-,,−,−,−,-,−,−,-,–,-,-
,,-,-,-,-,-,-,-,-,-,-,,−,−,−,-,−,−,-,–,-,-,,−,−,−,-,−,−,-,–,-,-
,,-,-,-,-,-,-,-,-,-,-,,−,−,−,-,−,−,-,–,-,-,,−,−,−,-,−,−,-,–,-,-
,,-,-,-,-,-,-,-,-,-,-,,−,−,−,-,−,−,-,–,-,-,,−,−,−,-,−,−,-,–,-,-
,,-,-,-,-,-,-,-,-,-,-,,−,−,−,-,−,−,-,–,-,-,,−,−,−,-,−,−,-,–,-,-
,,-,-,-,-,-,-,-,-,-,-,,−,−,−,-,−,−,-,–,-,-,,−,−,−,-,−,−,-,–,-,-
,,-,-,-,-,-,-,-,-,-,-,,−,−,−,-,−,−,-,–,-,-,,−,−,−,-,−,−,-,–,-,-
,,-,-,-,-,-,-,-,-,-,-,,−,−,−,-,−,−,-,–,-,-,,−,−,−,-,−,−,-,–,-,-
,,-,-,-,-,-,-,-,-,-,-,,−,−,−,-,−,−,-,–,-,-,,−,−,−,-,−,−,-,–,-,-
,,-,-,-,-,-,-,-,-,-,-,,−,−,−,-,−,−,-,–,-,-,,−,−,−,-,−,−,-,–,-,-
,,-,-,-,-,-,-,-,-,-,-,,−,−,−,-,−,−,-,–,-,-,,−,−,−,-,−,−,-,–,-,-
,,-,-,-,-,-,-,-,-,-,-,,−,−,−,-,−,−,-,–,-,-,,−,−,−,-,−,−,-,–,-,-
,,-,-,-,-,-,-,-,-,-,-,,−,−,−,-,−,−,-,–,-,-,,−,−,−,-,−,−,-,–,-,-
,,-,-,-,-,-,-,-,-,-,-,,−,−,−,-,−,−,-,–,-,-,,−,−,−,-,−,−,-,–,-,-
,,-,-,-,-,-,-,-,-,-,-,,−,−,−,-,−,−,-,–,-,-,,−,−,−,-,−,−,-,–,-,-
,,-,-,-,-,-,-,-,-,-,-,,−,−,−,-,−,−,-,–,-,-,,−,−,−,-,−,−,-,–,-,-
,,-,-,-,-,-,-,-,-,-,-,,−,−,−,-,−,−,-,–,-,-,,−,−,−,-,−,−,-,–,-,-
,,-,-,-,-,-,-,-,-,-,-,,−,−,−,-,−,−,-,–,-,-,,−,−,−,-,−,−,-,–,-,-
,,-,-,-,-,-,-,-,-,-,-,,−,−,−,-,−,−,-,–,-,-,,−,−,−,-,−,−,-,–,-,-
,,-,-,-,-,-,-,-,-,-,-,,−,−,−,-,−,−,-,–,-,-,,−,−,−,-,−,−,-,–,-,-
,,-,-,-,-,-,-,-,-,-,-,,−,−,−,-,−,−,-,–,-,-,,−,−,−,-,−,−,-,–,-,-
,,-,-,-,-,-,-,-,-,-,-,,−,−,−,-,−,−,-,–,-,-,,−,−,−,-,−,−,-,–,-,-
,,-,-,-,-,-,-,-,-,-,-,,−,−,−,-,−,−,-,–,-,-,,−,−,−,-,−,−,-,–,-,-
,,-,-,-,-,-,-,-,-,-,-,,−,−,−,-,−,−,-,–,-,-,,−,−,−,-,−,−,-,–,-,-
,,-,-,-,-,-,-,-,-,-,-,,−,−,−,-,−,−,-,–,-,-,,−,−,−,-,−,−,-,–,-,-
,,-,-,-,-,-,-,-,-,-,-,,−,−,−,-,−,−,-,–,-,-,,−,−,−,-,−,−,-,–,-,-
,,-,-,-,-,-,-,-,-,-,-,,−,−,−,-,−,−,-,–,-,-,,−,−,−,-,−,−,-,–,-,-
,,-,-,-,-,-,-,-,-,-,-,,−,−,−,-,−,−,-,–,-,-,,−,−,−,-,−,−,-,–,-,-
,,-,-,-,-,-,-,-,-,-,-,,−,−,−,-,−,−,-,–,-,-,,−,−,−,-,−,−,-,–,-,-
,,-,-,-,-,-,-,-,-,-,-,,−,−,−,-,−,−,-,–,-,-,,−,−,−,-,−,−,-,–,-,-
,,-,-,-,-,-,-,-,-,-,-,,−,−,−,-,−,−,-,–,-,-,,−,−,−,-,−,−,-,–,-,-
,,-,-,-,-,-,-,-,-,-,-,,−,−,−,-,−,−,-,–,-,-,,−,−,−,-,−,−,-,–,-,-
,,-,-,-,-,-,-,-,-,-,-,,−,−,−,-,−,−,-,–,-,-,,−,−,−,-,−,−,-,–,-,-
,,-,-,-,-,-,-,-,-,-,-,,−,−,−,-,−,−,-,–,-,-,,−,−,−,-,−,−,-,–,-,-
,,-,-,-,-,-,-,-,-,-,-,,−,−,−,-,−,−,-,–,-,-,,−,−,−,-,−,−,-,–,-,-
,,-,-,-,-,-,-,-,-,-,-,,−,−,−,-,−,−,-,–,-,-,,−,−,−,-,−,−,-,–,-,-
,,-,-,-,-,-,-,-,-,-,-,,−,−,−,-,−,−,-,–,-,-,,−,−,−,-,−,−,-,–,-,-
,,-,-,-,-,-,-,-,-,-,-,,−,−,−,-,−,−,-,–,-,-,,−,−,−,-,−,−,-,–,-,-
,,-,-,-,-,-,-,-,-,-,-,,−,−,−,-,−,−,-,–,-,-,,−,−,−,-,−,−,-,–,-,-
,,-,-,-,-,-,-,-,-,-,-,,−,−,−,-,−,−,-,–,-,-,,−,−,−,-,−,−,-,–,-,-
,,-,-,-,-,-,-,-,-,-,-,,−,−,−,-,−,−,-,–,-,-,,−,−,−,-,−,−,-,–,-,-
,,-,-,-,-,-,-,-,-,-,-,,−,−,−,-,−,−,-,–,-,-,,−,−,−,-,−,−,-,–,-,-
,,-,-,-,-,-,-,-,-,-,-,,−,−,−,-,−,−,-,–,-,-,,−,−,−,-,−,−,-,–,-,-
,,-,-,-,-,-,-,-,-,-,-,,−,−,−,-,−,−,-,–,-,-,,−,−,−,-,−,−,-,–,-,-
,,-,-,-,-,-,-,-,-,-,-,,−,−,−,-,−,−,-,–,-,-,,−,−,−,-,−,−,-,–,-,-
,,-,-,-,-,-,-,-,-,-,-,,−,−,−,-,−,−,-,–,-,-,,−,−,−,-,−,−,-,–,-,-
,,-,-,-,-,-,-,-,-,-,-,,−,−,−,-,−,−,-,–,-,-,,−,−,−,-,−,−,-,–,-,-
,,-,-,-,-,-,-,-,-,-,-,,−,−,−,-,−,−,-,–,-,-,,−,−,−,-,−,−,-,–,-,-
,,-,-,-,-,-,-,-,-,-,-,,−,−,−,-,−,−,-,–,-,-,,−,−,−,-,−,−,-,–,-,-
,,-,-,-,-,-,-,-,-,-,-,,−,−,−,-,−,−,-,–,-,-,,−,−,−,-,−,−,-,–,-,-
,,-,-,-,-,-,-,-,-,-,-,,−,−,−,-,−,−,-,–,-,-,,−,−,−,-,−,−,-,–,-,-
,,-,-,-,-,-,-,-,-,-,-,,−,−,−,-,−,−,-,–,-,-,,−,−,−,-,−,−,-,–,-,-
,,-,-,-,-,-,-,-,-,-,-,,−,−,−,-,−,−,-,–,-,-,,−,−,−,-,−,−,-,–,-,-
,,-,-,-,-,-,-,-,-,-,-,,−,−,−,-,−,−,-,–,-,-,,−,−,−,-,−,−,-,–,-,-
,,-,-,-,-,-,-,-,-,-,-,,−,−,−,-,−,−,-,–,-,-,,−,−,−,-,−,−,-,–,-,-
,,-,-,-,-,-,-,-,-,-,-,,−,−,−,-,−,−,-,–,-,-,,−,−,−,-,−,−,-,–,-,-
,,-,-,-,-,-,-,-,-,-,-,,−,−,−,-,−,−,-,–,-,-,,−,−,−,-,−,−,-,–,-,-
,,-,-,-,-,-,-,-,-,-,-,,−,−,−,-,−,−,-,–,-,-,,−,−,−,-,−,−,-,–,-,-
,,-,-,-,-,-,-,-,-,-,-,,−,−,−,-,−,−,-,–,-,-,,−,−,−,-,−,−,-,–,-,-
,,-,-,-,-,-,-,-,-,-,-,,−,−,−,-,−,−,-,–,-,-,,−,−,−,-,−,−,-,–,-,-
,,-,-,-,-,-,-,-,-,-,-,,−,−,−,-,−,−,-,–,-,-,,−,−,−,-,−,−,-,–,-,-
,,-,-,-,-,-,-,-,-,-,-,,−,−,−,-,−,−,-,–,-,-,,−,−,−,-,−,−,-,–,-,-
,,-,-,-,-,-,-,-,-,-,-,,−,−,−,-,−,−,-,–,-,-,,−,−,−,-,−,−,-,–,-,-
,,-,-,-,-,-,-,-,-,-,-,,−,−,−,-,−,−,-,–,-,-,,−,−,−,-,−,−,-,–,-,-
,,-,-,-,-,-,-,-,-,-,-,,−,−,−,-,−,−,-,–,-,-,,−,−,−,-,−,−,-,–,-,-
,,-,-,-,-,-,-,-,-,-,-,,−,−,−,-,−,−,-,–,-,-,,−,−,−,-,−,−,-,–,-,-
,,-,-,-,-,-,-,-,-,-,-,,−,−,−,-,−,−,-,–,-,-,,−,−,−,-,−,−,-,–,-,-
,,-,-,-,-,-,-,-,-,-,-,,−,−,−,-,−,−,-,–,-,-,,−,−,−,-,−,−,-,–,-,-
,,-,-,-,-,-,-,-,-,-,-,,−,−,−,-,−,−,-,–,-,-,,−,−,−,-,−,−,-,–,-,-
,,-,-,-,-,-,-,-,-,-,-,,−,−,−,-,−,−,-,–,-,-,,−,−,−,-,−,−,-,–,-,-
,,-,-,-,-,-,-,-,-,-,-,,−,−,−,-,−,−,-,–,-,-,,−,−,−,-,−,−,-,–,-,-
,,-,-,-,-,-,-,-,-,-,-,,−,−,−,-,−,−,-,–,-,-,,−,−,−,-,−,−,-,–,-,-
,,-,-,-,-,-,-,-,-,-,-,,−,−,−,-,−,−,-,–,-,-,,−,−,−,-,−,−,-,–,-,-
,,-,-,-,-,-,-,-,-,-,-,,−,−,−,-,−,−,-,–,-,-,,−,−,−,-,−,−,-,–,-,-
,,-,-,-,-,-,-,-,-,-,-,,−,−,−,-,−,−,-,–,-,-,,−,−,−,-,−,−,-,–,-,-
,,-,-,-,-,-,-,-,-,-,-,,−,−,−,-,−,−,-,–,-,-,,−,−,−,-,−,−,-,–,-,-
,,-,-,-,-,-,-,-,-,-,-,,−,−,−,-,−,−,-,–,-,-,,−,−,−,-,−,−,-,–,-,-
,,-,-,-,-,-,-,-,-,-,-,,−,−,−,-,−,−,-,–,-,-,,−,−,−,-,−,−,-,–,-,-
,,-,-,-,-,-,-,-,-,-,-,,−,−,−,-,−,−,-,–,-,-,,−,−,−,-,−,−,-,–,-,-
,,-,-,-,-,-,-,-,-,-,-,,−,−,−,-,−,−,-,–,-,-,,−,−,−,-,−,−,-,–,-,-
,,-,-,-,-,-,-,-,-,-,-,,−,−,−,-,−,−,-,–,-,-,,−,−,−,-,−,−,-,–,-,-
,,-,-,-,-,-,-,-,-,-,-,,−,−,−,-,−,−,-,–,-,-,,−,−,−,-,−,−,-,–,-,-
,,-,-,-,-,-,-,-,-,-,-,,−,−,−,-,−,−,-,–,-,-,,−,−,−,-,−,−,-,–,-,-
,,-,-,-,-,-,-,-,-,-,-,,−,−,−,-,−,−,-,–,-,-,,−,−,−,-,−,−,-,–,-,-
,,-,-,-,-,-,-,-,-,-,-,,−,−,−,-,−,−,-,–,-,-,,−,−,−,-,−,−,-,–,-,-
,,-,-,-,-,-,-,-,-,-,-,,−,−,−,-,−,−,-,–,-,-,,−,−,−,-,−,−,-,–,-,-
,,-,-,-,-,-,-,-,-,-,-,,−,−,−,-,−,−,-,–,-,-,,−,−,−,-,−,−,-,–,-,-
,,-,-,-,-,-,-,-,-,-,-,,−,−,−,-,−,−,-,–,-,-,,−,−,−,-,−,−,-,–,-,-
,,-,-,-,-,-,-,-,-,-,-,,−,−,−,-,−,−,-,–,-,-,,−,−,−,-,−,−,-,–,-,-
,,-,-,-,-,-,-,-,-,-,-,,−,−,−,-,−,−,-,–,-,-,,−,−,−,-,−,−,-,–,-,-
,,-,-,-,-,-,-,-,-,-,-,,−,−,−,-,−,−,-,–,-,-,,−,−,−,-,−,−,-,–,-,-
,,-,-,-,-,-,-,-,-,-,-,,−,−,−,-,−,−,-,–,-,-,,−,−,−,-,−,−,-,–,-,-
,,-,-,-,-,-,-,-,-,-,-,,−,−,−,-,−,−,-,–,-,-,,−,−,−,-,−,−,-,–,-,-
,,-,-,-,-,-,-,-,-,-,-,,−,−,−,-,−,−,-,–,-,-,,−,−,−,-,−,−,-,–,-,-
,,-,-,-,-,-,-,-,-,-,-,,−,−,−,-,−,−,-,–,-,-,,−,−,−,-,−,−,-,–,-,-
,,-,-,-,-,-,-,-,-,-,-,,−,−,−,-,−,−,-,–,-,-,,−,−,−,-,−,−,-,–,-,-
,,-,-,-,-,-,-,-,-,-,-,,−,−,−,-,−,−,-,–,-,-,,−,−,−,-,−,−,-,–,-,-
,,-,-,-,-,-,-,-,-,-,-,,−,−,−,-,−,−,-,–,-,-,,−,−,−,-,−,−,-,–,-,-
,,-,-,-,-,-,-,-,-,-,-,,−,−,−,-,−,−,-,–,-,-,,−,−,−,-,−,−,-,–,-,-
,,-,-,-,-,-,-,-,-,-,-,,−,−,−,-,−,−,-,–,-,-,,−,−,−,-,−,−,-,–,-,-
,,-,-,-,-,-,-,-,-,-,-,,−,−,−,-,−,−,-,–,-,-,,−,−,−,-,−,−,-,–,-,-
,,-,-,-,-,-,-,-,-,-,-,,−,−,−,-,−,−,-,–,-,-,,−,−,−,-,−,−,-,–,-,-
,,-,-,-,-,-,-,-,-,-,-,,−,−,−,-,−,−,-,–,-,-,,−,−,−,-,−,−,-,–,-,-
,,-,-,-,-,-,-,-,-,-,-,,−,−,−,-,−,−,-,–,-,-,,−,−,−,-,−,−,-,–,-,-
,,-,-,-,-,-,-,-,-,-,-,,−,−,−,-,−,−,-,–,-,-,,−,−,−,-,−,−,-,–,-,-
,,-,-,-,-,-,-,-,-,-,-,,−,−,−,-,−,−,-,–,-,-,,−,−,−,-,−,−,-,–,-,-
,,-,-,-,-,-,-,-,-,-,-,,−,−,−,-,−,−,-,–,-,-,,−,−,−,-,−,−,-,–,-,-
,,-,-,-,-,-,-,-,-,-,-,,−,−,−,-,−,−,-,–,-,-,,−,−,−,-,−,−,-,–,-,-
,,-,-,-,-,-,-,-,-,-,-,,−,−,−,-,−,−,-,–,-,-,,−,−,−,-,−,−,-,–,-,-
,,-,-,-,-,-,-,-,-,-,-,,−,−,−,-,−,−,-,–,-,-,,−,−,−,-,−,−,-,–,-,-
,,-,-,-,-,-,-,-,-,-,-,,−,−,−,-,−,−,-,–,-,-,,−,−,−,-,−,−,-,–,-,-
,,-,-,-,-,-,-,-,-,-,-,,−,−,−,-,−,−,-,–,-,-,,−,−,−,-,−,−,-,–,-,-
,,-,-,-,-,-,-,-,-,-,-,,−,−,−,-,−,−,-,–,-,-,,−,−,−,-,−,−,-,–,-,-
,,-,-,-,-,-,-,-,-,-,-,,−,−,−,-,−,−,-,–,-,-,,−,−,−,-,−,−,-,–,-,-
,,-,-,-,-,-,-,-,-,-,-,,−,−,−,-,−,−,-,–,-,-,,−,−,−,-,−,−,-,–,-,-
,,-,-,-,-,-,-,-,-,-,-,,−,−,−,-,−,−,-,–,-,-,,−,−,−,-,−,−,-,–,-,-
,,-,-,-,-,-,-,-,-,-,-,,−,−,−,-,−,−,-,–,-,-,,−,−,−,-,−,−,-,–,-,-
,,-,-,-,-,-,-,-,-,-,-,,−,−,−,-,−,−,-,–,-,-,,−,−,−,-,−,−,-,–,-,-
,,-,-,-,-,-,-,-,-,-,-,,−,−,−,-,−,−,-,–,-,-,,−,−,−,-,−,−,-,–,-,-
,,-,-,-,-,-,-,-,-,-,-,,−,−,−,-,−,−,-,–,-,-,,−,−,−,-,−,−,-,–,-,-
,,-,-,-,-,-,-,-,-,-,-,,−,−,−,-,−,−,-,–,-,-,,−,−,−,-,−,−,-,–,-,-
,,-,-,-,-,-,-,-,-,-,-,,−,−,−,-,−,−,-,–,-,-,,−,−,−,-,−,−,-,–,-,-
,,-,-,-,-,-,-,-,-,-,-,,−,−,−,-,−,−,-,–,-,-,,−,−,−,-,−,−,-,–,-,-
,,-,-,-,-,-,-,-,-,-,-,,−,−,−,-,−,−,-,–,-,-,,−,−,−,-,−,−,-,–,-,-
,,-,-,-,-,-,-,-,-,-,-,,−,−,−,-,−,−,-,–,-,-,,−,−,−,-,−,−,-,–,-,-
,,-,-,-,-,-,-,-,-,-,-,,−,−,−,-,−,−,-,–,-,-,,−,−,−,-,−,−,-,–,-,-
,,-,-,-,-,-,-,-,-,-,-,,−,−,−,-,−,−,-,–,-,-,,−,−,−,-,−,−,-,–,-,-
,,-,-,-,-,-,-,-,-,-,-,,−,−,−,-,−,−,-,–,-,-,,−,−,−,-,−,−,-,–,-,-
,,-,-,-,-,-,-,-,-,-,-,,−,−,−,-,−,−,-,–,-,-,,−,−,−,-,−,−,-,–,-,-
,,-,-,-,-,-,-,-,-,-,-,,−,−,−,-,−,−,-,–,-,-,,−,−,−,-,−,−,-,–,-,-
,,-,-,-,-,-,-,-,-,-,-,,−,−,−,-,−,−,-,–,-,-,,−,−,−,-,−,−,-,–,-,-
,,-,-,-,-,-,-,-,-,-,-,,−,−,−,-,−,−,-,–,-,-,,−,−,−,-,−,−,-,–,-,-
,,-,-,-,-,-,-,-,-,-,-,,−,−,−,-,−,−,-,–,-,-,,−,−,−,-,−,−,-,–,-,-
,,-,-,-,-,-,-,-,-,-,-,,−,−,−,-,−,−,-,–,-,-,,−,−,−,-,−,−,-,–,-,-
,,-,-,-,-,-,-,-,-,-,-,,−,−,−,-,−,−,-,–,-,-,,−,−,−,-,−,−,-,–,-,-
,,-,-,-,-,-,-,-,-,-,-,,−,−,−,-,−,−,-,–,-,-,,−,−,−,-,−,−,-,–,-,-
,,-,-,-,-,-,-,-,-,-,-,,−,−,−,-,−,−,-,–,-,-,,−,−,−,-,−,−,-,–,-,-
,,-,-,-,-,-,-,-,-,-,-,,−,−,−,-,−,−,-,–,-,-,,−,−,−,-,−,−,-,–,-,-
,,-,-,-,-,-,-,-,-,-,-,,−,−,−,-,−,−,-,–,-,-,,−,−,−,-,−,−,-,–,-,-
,,-,-,-,-,-,-,-,-,-,-,,−,−,−,-,−,−,-,–,-,-,,−,−,−,-,−,−,-,–,-,-
,,-,-,-,-,-,-,-,-,-,-,,−,−,−,-,−,−,-,–,-,-,,−,−,−,-,−,−,-,–,-,-
,,-,-,-,-,-,-,-,-,-,-,,−,−,−,-,−,−,-,–,-,-,,−,−,−,-,−,−,-,–,-,-
,,-,-,-,-,-,-,-,-,-,-,,−,−,−,-,−,−,-,–,-,-,,−,−,−,-,−,−,-,–,-,-
,,-,-,-,-,-,-,-,-,-,-,,−,−,−,-,−,−,-,–,-,-,,−,−,−,-,−,−,-,–,-,-
,,-,-,-,-,-,-,-,-,-,-,,−,−,−,-,−,−,-,–,-,-,,−,−,−,-,−,−,-,–,-,-
,,-,-,-,-,-,-,-,-,-,-,,−,−,−,-,−,−,-,–,-,-,,−,−,−,-,−,−,-,–,-,-
,,-,-,-,-,-,-,-,-,-,-,,−,−,−,-,−,−,-,–,-,-,,−,−,−,-,−,−,-,–,-,-
,,-,-,-,-,-,-,-,-,-,-,,−,−,−,-,−,−,-,–,-,-,,−,−,−,-,−,−,-,–,-,-
,,-,-,-,-,-,-,-,-,-,-,,−,−,−,-,−,−,-,–,-,-,,−,−,−,-,−,−,-,–,-,-
,,-,-,-,-,-,-,-,-,-,-,,−,−,−,-,−,−,-,–,-,-,,−,−,−,-,−,−,-,–,-,-
,,-,-,-,-,-,-,-,-,-,-,,−,−,−,-,−,−,-,–,-,-,,−,−,−,-,−,−,-,–,-,-
,,-,-,-,-,-,-,-,-,-,-,,−,−,−,-,−,−,-,–,-,-,,−,−,−,-,−,−,-,–,-,-
,,-,-,-,-,-,-,-,-,-,-,,−,−,−,-,−,−,-,–,-,-,,−,−,−,-,−,−,-,–,-,-
,,-,-,-,-,-,-,-,-,-,-,,−,−,−,-,−,−,-,–,-,-,,−,−,−,-,−,−,-,–,-,-
,,-,-,-,-,-,-,-,-,-,-,,−,−,−,-,−,−,-,–,-,-,,−,−,−,-,−,−,-,–,-,-
,,-,-,-,-,-,-,-,-,-,-,,−,−,−,-,−,−,-,–,-,-,,−,−,−,-,−,−,-,–,-,-
,,-,-,-,-,-,-,-,-,-,-,,−,−,−,-,−,−,-,–,-,-,,−,−,−,-,−,−,-,–,-,-
,,-,-,-,-,-,-,-,-,-,-,,−,−,−,-,−,−,-,–,-,-,,−,−,−,-,−,−,-,–,-,-
,,-,-,-,-,-,-,-,-,-,-,,−,−,−,-,−,−,-,–,-,-,,−,−,−,-,−,−,-,–,-,-
,,-,-,-,-,-,-,-,-,-,-,,−,−,−,-,−,−,-,–,-,-,,−,−,−,-,−,−,-,–,-,-
,,-,-,-,-,-,-,-,-,-,-,,−,−,−,-,−,−,-,–,-,-,,−,−,−,-,−,−,-,–,-,-
,,-,-,-,-,-,-,-,-,-,-,,−,−,−,-,−,−,-,–,-,-,,−,−,−,-,−,−,-,–,-,-
,,-,-,-,-,-,-,-,-,-,-,,−,−,−,-,−,−,-,–,-,-,,−,−,−,-,−,−,-,–,-,-
,,-,-,-,-,-,-,-,-,-,-,,−,−,−,-,−,−,-,–,-,-,,−,−,−,-,−,−,-,–,-,-
,,-,-,-,-,-,-,-,-,-,-,,−,−,−,-,−,−,-,–,-,-,,−,−,−,-,−,−,-,–,-,-
,,-,-,-,-,-,-,-,-,-,-,,−,−,−,-,−,−,-,–,-,-,,−,−,−,-,−,−,-,–,-,-
,,-,-,-,-,-,-,-,-,-,-,,−,−,−,-,−,−,-,–,-,-,,−,−,−,-,−,−,-,–,-,-
,,-,-,-,-,-,-,-,-,-,-,,−,−,−,-,−,−,-,–,-,-,,−,−,−,-,−,−,-,–,-,-
,,-,-,-,-,-,-,-,-,-,-,,−,−,−,-,−,−,-,–,-,-,,−,−,−,-,−,−,-,–,-,-
,,-,-,-,-,-,-,-,-,-,-,,−,−,−,-,−,−,-,–,-,-,,−,−,−,-,−,−,-,–,-,-
,,-,-,-,-,-,-,-,-,-,-,,−,−,−,-,−,−,-,–,-,-,,−,−,−,-,−,−,-,–,-,-
,,-,-,-,-,-,-,-,-,-,-,,−,−,−,-,−,−,-,–,-,-,,−,−,−,-,−,−,-,–,-,-
,,-,-,-,-,-,-,-,-,-,-,,−,−,−,-,−,−,-,–,-,-,,−,−,−,-,−,−,-,–,-,-
,,-,-,-,-,-,-,-,-,-,-,,−,−,−,-,−,−,-,–,-,-,,−,−,−,-,−,−,-,–,-,-
,,-,-,-,-,-,-,-,-,-,-,,−,−,−,-,−,−,-,–,-,-,,−,−,−,-,−,−,-,–,-,-
,,-,-,-,-,-,-,-,-,-,-,,−,−,−,-,−,−,-,–,-,-,,−,−,−,-,−,−,-,–,-,-
,,-,-,-,-,-,-,-,-,-,-,,−,−,−,-,−,−,-,–,-,-,,−,−,−,-,−,−,-,–,-,-
,,-,-,-,-,-,-,-,-,-,-,,−,−,−,-,−,−,-,–,-,-,,−,−,−,-,−,−,-,–,-,-
,,-,-,-,-,-,-,-,-,-,-,,−,−,−,-,−,−,-,–,-,-,,−,−,−,-,−,−,-,–,-,-
,,-,-,-,-,-,-,-,-,-,-,,−,−,−,-,−,−,-,–,-,-,,−,−,−,-,−,−,-,–,-,-
,,-,-,-,-,-,-,-,-,-,-,,−,−,−,-,−,−,-,–,-,-,,−,−,−,-,−,−,-,–,-,-
,,-,-,-,-,-,-,-,-,-,-,,−,−,−,-,−,−,-,–,-,-,,−,−,−,-,−,−,-,–,-,-
,,-,-,-,-,-,-,-,-,-,-,,−,−,−,-,−,−,-,–,-,-,,−,−,−,-,−,−,-,–,-,-
,,-,-,-,-,-,-,-,-,-,-,,−,−,−,-,−,−,-,–,-,-,,−,−,−,-,−,−,-,–,-,-
,,-,-,-,-,-,-,-,-,-,-,,−,−,−,-,−,−,-,–,-,-,,−,−,−,-,−,−,-,–,-,-
,,-,-,-,-,-,-,-,-,-,-,,−,−,−,-,−,−,-,–,-,-,,−,−,−,-,−,−,-,–,-,-
,,-,-,-,-,-,-,-,-,-,-,,−,−,−,-,−,−,-,–,-,-,,−,−,−,-,−,−,-,–,-,-
,,-,-,-,-,-,-,-,-,-,-,,−,−,−,-,−,−,-,–,-,-,,−,−,−,-,−,−,-,–,-,-
,,-,-,-,-,-,-,-,-,-,-,,−,−,−,-,−,−,-,–,-,-,,−,−,−,-,−,−,-,–,-,-
,,-,-,-,-,-,-,-,-,-,-,,−,−,−,-,−,−,-,–,-,-,,−,−,−,-,−,−,-,–,-,-
,,-,-,-,-,-,-,-,-,-,-,,−,−,−,-,−,−,-,–,-,-,,−,−,−,-,−,−,-,–,-,-
,,-,-,-,-,-,-,-,-,-,-,,−,−,−,-,−,−,-,–,-,-,,−,−,−,-,−,−,-,–,-,-
,,-,-,-,-,-,-,-,-,-,-,,−,−,−,-,−,−,-,–,-,-,,−,−,−,-,−,−,-,–,-,-
,,-,-,-,-,-,-,-,-,-,-,,−,−,−,-,−,−,-,–,-,-,,−,−,−,-,−,−,-,–,-,-
,,-,-,-,-,-,-,-,-,-,-,,−,−,−,-,−,−,-,–,-,-,,−,−,−,-,−,−,-,–,-,-
,,-,-,-,-,-,-,-,-,-,-,,−,−,−,-,−,−,-,–,-,-,,−,−,−,-,−,−,-,–,-,-
,,-,-,-,-,-,-,-,-,-,-,,−,−,−,-,−,−,-,–,-,-,,−,−,−,-,−,−,-,–,-,-
,,-,-,-,-,-,-,-,-,-,-,,−,−,−,-,−,−,-,–,-,-,,−,−,−,-,−,−,-,–,-,-
,,-,-,-,-,-,-,-,-,-,-,,−,−,−,-,−,−,-,–,-,-,,−,−,−,-,−,−,-,–,-,-
,,-,-,-,-,-,-,-,-,-,-,,−,−,−,-,−,−,-,–,-,-,,−,−,−,-,−,−,-,–,-,-
,,-,-,-,-,-,-,-,-,-,-,,−,−,−,-,−,−,-,–,-,-,,−,−,−,-,−,−,-,–,-,-
,,-,-,-,-,-,-,-,-,-,-,,−,−,−,-,−,−,-,–,-,-,,−,−,−,-,−,−,-,–,-,-
,,-,-,-,-,-,-,-,-,-,-,,−,−,−,-,−,−,-,–,-,-,,−,−,−,-,−,−,-,–,-,-
,,-,-,-,-,-,-,-,-,-,-,,−,−,−,-,−,−,-,–,-,-,,−,−,−,-,−,−,-,–,-,-
,,-,-,-,-,-,-,-,-,-,-,,−,−,−,-,−,−,-,–,-,-,,−,−,−,-,−,−,-,–,-,-
,,-,-,-,-,-,-,-,-,-,-,,−,−,−,-,−,−,-,–,-,-,,−,−,−,-,−,−,-,–,-,-
,,-,-,-,-,-,-,-,-,-,-,,−,−,−,-,−,−,-,–,-,-,,−,−,−,-,−,−,-,–,-,-
,,-,-,-,-,-,-,-,-,-,-,,−,−,−,-,−,−,-,–,-,-,,−,−,−,-,−,−,-,–,-,-
,,-,-,-,-,-,-,-,-,-,-,,−,−,−,-,−,−,-,–,-,-,,−,−,−,-,−,−,-,–,-,-
,,-,-,-,-,-,-,-,-,-,-,,−,−,−,-,−,−,-,–,-,-,,−,−,−,-,−,−,-,–,-,-
,,-,-,-,-,-,-,-,-,-,-,,−,−,−,-,−,−,-,–,-,-,,−,−,−,-,−,−,-,–,-,-
,,-,-,-,-,-,-,-,-,-,-,,−,−,−,-,−,−,-,–,-,-,,−,−,−,-,−,−,-,–,-,-
,,-,-,-,-,-,-,-,-,-,-,,−,−,−,-,−,−,-,–,-,-,,−,−,−,-,−,−,-,–,-,-
,,-,-,-,-,-,-,-,-,-,-,,−,−,−,-,−,−,-,–,-,-,,−,−,−,-,−,−,-,–,-,-
,,-,-,-,-,-,-,-,-,-,-,,−,−,−,-,−,−,-,–,-,-,,−,−,−,-,−,−,-,–,-,-
,,-,-,-,-,-,-,-,-,-,-,,−,−,−,-,−,−,-,–,-,-,,−,−,−,-,−,−,-,–,-,-
,,-,-,-,-,-,-,-,-,-,-,,−,−,−,-,−,−,-,–,-,-,,−,−,−,-,−,−,-,–,-,-
,,-,-,-,-,-,-,-,-,-,-,,−,−,−,-,−,−,-,–,-,-,,−,−,−,-,−,−,-,–,-,-
,,-,-,-,-,-,-,-,-,-,-,,−,−,−,-,−,−,-,–,-,-,,−,−,−,-,−,−,-,–,-,-
,,-,-,-,-,-,-,-,-,-,-,,−,−,−,-,−,−,-,–,-,-,,−,−,−,-,−,−,-,–,-,-
,,-,-,-,-,-,-,-,-,-,-,,−,−,−,-,−,−,-,–,-,-,,−,−,−,-,−,−,-,–,-,-
,,-,-,-,-,-,-,-,-,-,-,,−,−,−,-,−,−,-,–,-,-,,−,−,−,-,−,−,-,–,-,-
,,-,-,-,-,-,-,-,-,-,-,,−,−,−,-,−,−,-,–,-,-,,−,−,−,-,−,−,-,–,-,-
,,-,-,-,-,-,-,-,-,-,-,,−,−,−,-,−,−,-,–,-,-,,−,−,−,-,−,−,-,–,-,-
,,-,-,-,-,-,-,-,-,-,-,,−,−,−,-,−,−,-,–,-,-,,−,−,−,-,−,−,-,–,-,-
,,-,-,-,-,-,-,-,-,-,-,,−,−,−,-,−,−,-,–,-,-,,−,−,−,-,−,−,-,–,-,-
,,-,-,-,-,-,-,-,-,-,-,,−,−,−,-,−,−,-,–,-,-,,−,−,−,-,−,−,-,–,-,-
,,-,-,-,-,-,-,-,-,-,-,,−,−,−,-,−,−,-,–,-,-,,−,−,−,-,−,−,-,–,-,-
,,-,-,-,-,-,-,-,-,-,-,,−,−,−,-,−,−,-,–,-,-,,−,−,−,-,−,−,-,–,-,-
,,-,-,-,-,-,-,-,-,-,-,,−,−,−,-,−,−,-,–,-,-,,−,−,−,-,−,−,-,–,-,-
,,-,-,-,-,-,-,-,-,-,-,,−,−,−,-,−,−,-,–,-,-,,−,−,−,-,−,−,-,–,-,-
,,-,-,-,-,-,-,-,-,-,-,,−,−,−,-,−,−,-,–,-,-,,−,−,−,-,−,−,-,–,-,-
,,-,-,-,-,-,-,-,-,-,-,,−,−,−,-,−,−,-,–,-,-,,−,−,−,-,−,−,-,–,-,-
,,-,-,-,-,-,-,-,-,-,-,,−,−,−,-,−,−,-,–,-,-,,−,−,−,-,−,−,-,–,-,-
,,-,-,-,-,-,-,-,-,-,-,,−,−,−,-,−,−,-,–,-,-,,−,−,−,-,−,−,-,–,-,-
,,-,-,-,-,-,-,-,-,-,-,,−,−,−,-,−,−,-,–,-,-,,−,−,−,-,−,−,-,–,-,-
,,-,-,-,-,-,-,-,-,-,-,,−,−,−,-,−,−,-,–,-,-,,−,−,−,-,−,−,-,–,-,-
,,-,-,-,-,-,-,-,-,-,-,,−,−,−,-,−,−,-,–,-,-,,−,−,−,-,−,−,-,–,-,-
,,-,-,-,-,-,-,-,-,-,-,,−,−,−,-,−,−,-,–,-,-,,−,−,−,-,−,−,-,–,-,-
,,-,-,-,-,-,-,-,-,-,-,,−,−,−,-,−,−,-,–,-,-,,−,−,−,-,−,−,-,–,-,-
,,-,-,-,-,-,-,-,-,-,-,,−,−,−,-,−,−,-,–,-,-,,−,−,−,-,−,−,-,–,-,-
,,-,-,-,-,-,-,-,-,-,-,,−,−,−,-,−,−,-,–,-,-,,−,−,−,-,−,−,-,–,-,-
,,-,-,-,-,-,-,-,-,-,-,,−,−,−,-,−,−,-,–,-,-,,−,−,−,-,−,−,-,–,-,-
,,-,-,-,-,-,-,-,-,-,-,,−,−,−,-,−,−,-,–,-,-,,−,−,−,-,−,−,-,–,-,-
,,-,-,-,-,-,-,-,-,-,-,,−,−,−,-,−,−,-,–,-,-,,−,−,−,-,−,−,-,–,-,-
,,-,-,-,-,-,-,-,-,-,-,,−,−,−,-,−,−,-,–,-,-,,−,−,−,-,−,−,-,–,-,-
,,-,-,-,-,-,-,-,-,-,-,,−,−,−,-,−,−,-,–,-,-,,−,−,−,-,−,−,-,–,-,-
,,-,-,-,-,-,-,-,-,-,-,,−,−,−,-,−,−,-,–,-,-,,−,−,−,-,−,−,-,–,-,-
,,-,-,-,-,-,-,-,-,-,-,,−,−,−,-,−,−,-,–,-,-,,−,−,−,-,−,−,-,–,-,-
,,-,-,-,-,-,-,-,-,-,-,,−,−,−,-,−,−,-,–,-,-,,−,−,−,-,−,−,-,–,-,-
,,-,-,-,-,-,-,-,-,-,-,,−,−,−,-,−,−,-,–,-,-,,−,−,−,-,−,−,-,–,-,-
,,-,-,-,-,-,-,-,-,-,-,,−,−,−,-,−,−,-,–,-,-,,−,−,−,-,−,−,-,–,-,-
,,-,-,-,-,-,-,-,-,-,-,,−,−,−,-,−,−,-,–,-,-,,−,−,−,-,−,−,-,–,-,-
,,-,-,-,-,-,-,-,-,-,-,,−,−,−,-,−,−,-,–,-,-,,−,−,−,-,−,−,-,–,-,-
,,-,-,-,-,-,-,-,-,-,-,,−,−,−,-,−,−,-,–,-,-,,−,−,−,-,−,−,-,–,-,-
,,-,-,-,-,-,-,-,-,-,-,,−,−,−,-,−,−,-,–,-,-,,−,−,−,-,−,−,-,–,-,-
,,-,-,-,-,-,-,-,-,-,-,,−,−,−,-,−,−,-,–,-,-,,−,−,−,-,−,−,-,–,-,-
,,-,-,-,-,-,-,-,-,-,-,,−,−,−,-,−,−,-,–,-,-,,−,−,−,-,−,−,-,–,-,-
,,-,-,-,-,-,-,-,-,-,-,,−,−,−,-,−,−,-,–,-,-,,−,−,−,-,−,−,-,–,-,-
,,-,-,-,-,-,-,-,-,-,-,,−,−,−,-,−,−,-,–,-,-,,−,−,−,-,−,−,-,–,-,-
,,-,-,-,-,-,-,-,-,-,-,,−,−,−,-,−,−,-,–,-,-,,−,−,−,-,−,−,-,–,-,-
,,-,-,-,-,-,-,-,-,-,-,,−,−,−,-,−,−,-,–,-,-,,−,−,−,-,−,−,-,–,-,-
,,-,-,-,-,-,-,-,-,-,-,,−,−,−,-,−,−,-,–,-,-,,−,−,−,-,−,−,-,–,-,-
,,-,-,-,-,-,-,-,-,-,-,,−,−,−,-,−,−,-,–,-,-,,−,−,−,-,−,−,-,–,-,-
,,-,-,-,-,-,-,-,-,-,-,,−,−,−,-,−,−,-,–,-,-,,−,−,−,-,−,−,-,–,-,-
,,-,-,-,-,-,-,-,-,-,-,,−,−,−,-,−,−,-,–,-,-,,−,−,−,-,−,−,-,–,-,-
,,-,-,-,-,-,-,-,-,-,-,,−,−,−,-,−,−,-,–,-,-,,−,−,−,-,−,−,-,–,-,-
,,-,-,-,-,-,-,-,-,-,-,,−,−,−,-,−,−,-,–,-,-,,−,−,−,-,−,−,-,–,-,-
,,-,-,-,-,-,-,-,-,-,-,,−,−,−,-,−,−,-,–,-,-,,−,−,−,-,−,−,-,–,-,-
,,-,-,-,-,-,-,-,-,-,-,,−,−,−,-,−,−,-,–,-,-,,−,−,−,-,−,−,-,–,-,-
,,-,-,-,-,-,-,-,-,-,-,,−,−,−,-,−,−,-,–,-,-,,−,−,−,-,−,−,-,–,-,-
,,-,-,-,-,-,-,-,-,-,-,,−,−,−,-,−,−,-,–,-,-,,−,−,−,-,−,−,-,–,-,-
,,-,-,-,-,-,-,-,-,-,-,,−,−,−,-,−,−,-,–,-,-,,−,−,−,-,−,−,-,–,-,-
,,-,-,-,-,-,-,-,-,-,-,,−,−,−,-,−,−,-,–,-,-,,−,−,−,-,−,−,-,–,-,-
,,-,-,-,-,-,-,-,-,-,-,,−,−,−,-,−,−,-,–,-,-,,−,−,−,-,−,−,-,–,-,-
,,-,-,-,-,-,-,-,-,-,-,,−,−,−,-,−,−,-,–,-,-,,−,−,−,-,−,−,-,–,-,-
,,-,-,-,-,-,-,-,-,-,-,,−,−,−,-,−,−,-,–,-,-,,−,−,−,-,−,−,-,–,-,-
,,-,-,-,-,-,-,-,-,-,-,,−,−,−,-,−,−,-,–,-,-,,−,−,−,-,−,−,-,–,-,-
,,-,-,-,-,-,-,-,-,-,-,,−,−,−,-,−,−,-,–,-,-,,−,−,−,-,−,−,-,–,-,-
,,-,-,-,-,-,-,-,-,-,-,,−,−,−,-,−,−,-,–,-,-,,−,−,−,-,−,−,-,–,-,-
,,-,-,-,-,-,-,-,-,-,-,,−,−,−,-,−,−,-,–,-,-,,−,−,−,-,−,−,-,–,-,-
,,-,-,-,-,-,-,-,-,-,-,,−,−,−,-,−,−,-,–,-,-,,−,−,−,-,−,−,-,–,-,-
,,-,-,-,-,-,-,-,-,-,-,,−,−,−,-,−,−,-,–,-,-,,−,−,−,-,−,−,-,–,-,-
,,-,-,-,-,-,-,-,-,-,-,,−,−,−,-,−,−,-,–,-,-,,−,−,−,-,−,−,-,–,-,-
,,-,-,-,-,-,-,-,-,-,-,,−,−,−,-,−,−,-,–,-,-,,−,−,−,-,−,−,-,–,-,-
,,-,-,-,-,-,-,-,-,-,-,,−,−,−,-,−,−,-,–,-,-,,−,−,−,-,−,−,-,–,-,-
,,-,-,-,-,-,-,-,-,-,-,,−,−,−,-,−,−,-,–,-,-,,−,−,−,-,−,−,-,–,-,-
,,-,-,-,-,-,-,-,-,-,-,,−,−,−,-,−,−,-,–,-,-,,−,−,−,-,−,−,-,–,-,-
,,-,-,-,-,-,-,-,-,-,-,,−,−,−,-,−,−,-,–,-,-,,−,−,−,-,−,−,-,–,-,-
,,-,-,-,-,-,-,-,-,-,-,,−,−,−,-,−,−,-,–,-,-,,−,−,−,-,−,−,-,–,-,-
,,-,-,-,-,-,-,-,-,-,-,,−,−,−,-,−,−,-,–,-,-,,−,−,−,-,−,−,-,–,-,-
,,-,-,-,-,-,-,-,-,-,-,,−,−,−,-,−,−,-,–,-,-,,−,−,−,-,−,−,-,–,-,-
,,-,-,-,-,-,-,-,-,-,-,,−,−,−,-,−,−,-,–,-,-,,−,−,−,-,−,−,-,–,-,-
,,-,-,-,-,-,-,-,-,-,-,,−,−,−,-,−,−,-,–,-,-,,−,−,−,-,−,−,-,–,-,-
,,-,-,-,-,-,-,-,-,-,-,,−,−,−,-,−,−,-,–,-,-,,−,−,−,-,−,−,-,–,-,-
,,-,-,-,-,-,-,-,-,-,-,,−,−,−,-,−,−,-,–,-,-,,−,−,−,-,−,−,-,–,-,-
,,-,-,-,-,-,-,-,-,-,-,,−,−,−,-,−,−,-,–,-,-,,−,−,−,-,−,−,-,–,-,-
,,-,-,-,-,-,-,-,-,-,-,,−,−,−,-,−,−,-,–,-,-,,−,−,−,-,−,−,-,–,-,-
,,-,-,-,-,-,-,-,-,-,-,,−,−,−,-,−,−,-,–,-,-,,−,−,−,-,−,−,-,–,-,-
,,-,-,-,-,-,-,-,-,-,-,,−,−,−,-,−,−,-,–,-,-,,−,−,−,-,−,−,-,–,-,-
,,-,-,-,-,-,-,-,-,-,-,,−,−,−,-,−,−,-,–,-,-,,−,−,−,-,−,−,-,–,-,-
,,-,-,-,-,-,-,-,-,-,-,,−,−,−,-,−,−,-,–,-,-,,−,−,−,-,−,−,-,–,-,-
,,-,-,-,-,-,-,-,-,-,-,,−,−,−,-,−,−,-,–,-,-,,−,−,−,-,−,−,-,–,-,-
,,-,-,-,-,-,-,-,-,-,-,,−,−,−,-,−,−,-,–,-,-,,−,−,−,-,−,−,-,–,-,-
,,-,-,-,-,-,-,-,-,-,-,,−,−,−,-,−,−,-,–,-,-,,−,−,−,-,−,−,-,–,-,-
,,-,-,-,-,-,-,-,-,-,-,,−,−,−,-,−,−,-,–,-,-,,−,−,−,-,−,−,-,–,-,-
,,-,-,-,-,-,-,-,-,-,-,,−,−,−,-,−,−,-,–,-,-,,−,−,−,-,−,−,-,–,-,-
,,-,-,-,-,-,-,-,-,-,-,,−,−,−,-,−,−,-,–,-,-,,−,−,−,-,−,−,-,–,-,-
,,-,-,-,-,-,-,-,-,-,-,,−,−,−,-,−,−,-,–,-,-,,−,−,−,-,−,−,-,–,-,-
,,-,-,-,-,-,-,-,-,-,-,,−,−,−,-,−,−,-,–,-,-,,−,−,−,-,−,−,-,–,-,-
,,-,-,-,-,-,-,-,-,-,-,,−,−,−,-,−,−,-,–,-,-,,−,−,−,-,−,−,-,–,-,-
,,-,-,-,-,-,-,-,-,-,-,,−,−,−,-,−,−,-,–,-,-,,−,−,−,-,−,−,-,–,-,-
,,-,-,-,-,-,-,-,-,-,-,,−,−,−,-,−,−,-,–,-,-,,−,−,−,-,−,−,-,–,-,-
,,-,-,-,-,-,-,-,-,-,-,,−,−,−,-,−,−,-,–,-,-,,−,−,−,-,−,−,-,–,-,-
,,-,-,-,-,-,-,-,-,-,-,,−,−,−,-,−,−,-,–,-,-,,−,−,−,-,−,−,-,–,-,-
,,-,-,-,-,-,-,-,-,-,-,,−,−,−,-,−,−,-,–,-,-,,−,−,−,-,−,−,-,–,-,-
,,-,-,-,-,-,-,-,-,-,-,,−,−,−,-,−,−,-,–,-,-,,−,−,−,-,−,−,-,–,-,-
,,-,-,-,-,-,-,-,-,-,-,,−,−,−,-,−,−,-,–,-,-,,−,−,−,-,−,−,-,–,-,-
,,-,-,-,-,-,-,-,-,-,-,,−,−,−,-,−,−,-,–,-,-,,−,−,−,-,−,−,-,–,-,-
,,-,-,-,-,-,-,-,-,-,-,,−,−,−,-,−,−,-,–,-,-,,−,−,−,-,−,−,-,–,-,-
,,-,-,-,-,-,-,-,-,-,-,,−,−,−,-,−,−,-,–,-,-,,−,−,−,-,−,−,-,–,-,-
,,-,-,-,-,-,-,-,-,-,-,,−,−,−,-,−,−,-,–,-,-,,−,−,−,-,−,−,-,–,-,-
,,-,-,-,-,-,-,-,-,-,-,,−,−,−,-,−,−,-,–,-,-,,−,−,−,-,−,−,-,–,-,-
,,-,-,-,-,-,-,-,-,-,-,,−,−,−,-,−,−,-,–,-,-,,−,−,−,-,−,−,-,–,-,-
,,-,-,-,-,-,-,-,-,-,-,,−,−,−,-,−,−,-,–,-,-,,−,−,−,-,−,−,-,–,-,-
,,-,-,-,-,-,-,-,-,-,-,,−,−,−,-,−,−,-,–,-,-,,−,−,−,-,−,−,-,–,-,-
,,-,-,-,-,-,-,-,-,-,-,,−,−,−,-,−,−,-,–,-,-,,−,−,−,-,−,−,-,–,-,-
,,-,-,-,-,-,-,-,-,-,-,,−,−,−,-,−,−,-,–,-,-,,−,−,−,-,−,−,-,–,-,-
,,-,-,-,-,-,-,-,-,-,-,,−,−,−,-,−,−,-,–,-,-,,−,−,−,-,−,−,-,–,-,-
,,-,-,-,-,-,-,-,-,-,-,,−,−,−,-,−,−,-,–,-,-,,−,−,−,-,−,−,-,–,-,-
,,-,-,-,-,-,-,-,-,-,-,,−,−,−,-,−,−,-,–,-,-,,−,−,−,-,−,−,-,–,-,-
,,-,-,-,-,-,-,-,-,-,-,,−,−,−,-,−,−,-,–,-,-,,−,−,−,-,−,−,-,–,-,-
,,-,-,-,-,-,-,-,-,-,-,,−,−,−,-,−,−,-,–,-,-,,−,−,−,-,−,−,-,–,-,-
,,-,-,-,-,-,-,-,-,-,-,,−,−,−,-,−,−,-,–,-,-,,−,−,−,-,−,−,-,–,-,-
,,-,-,-,-,-,-,-,-,-,-,,−,−,−,-,−,−,-,–,-,-,,−,−,−,-,−,−,-,–,-,-
,,-,-,-,-,-,-,-,-,-,-,,−,−,−,-,−,−,-,–,-,-,,−,−,−,-,−,−,-,–,-,-
,,-,-,-,-,-,-,-,-,-,-,,−,−,−,-,−,−,-,–,-,-,,−,−,−,-,−,−,-,–,-,-
,,-,-,-,-,-,-,-,-,-,-,,−,−,−,-,−,−,-,–,-,-,,−,−,−,-,−,−,-,–,-,-
,,-,-,-,-,-,-,-,-,-,-,,−,−,−,-,−,−,-,–,-,-,,−,−,−,-,−,−,-,–,-,-
,,-,-,-,-,-,-,-,-,-,-,,−,−,−,-,−,−,-,–,-,-,,−,−,−,-,−,−,-,–,-,-
,,-,-,-,-,-,-,-,-,-,-,,−,−,−,-,−,−,-,–,-,-,,−,−,−,-,−,−,-,–,-,-
,,-,-,-,-,-,-,-,-,-,-,,−,−,−,-,−,−,-,–,-,-,,−,−,−,-,−,−,-,–,-,-
,,-,-,-,-,-,-,-,-,-,-,,−,−,−,-,−,−,-,–,-,-,,−,−,−,-,−,−,-,–,-,-
,,-,-,-,-,-,-,-,-,-,-,,−,−,−,-,−,−,-,–,-,-,,−,−,−,-,−,−,-,–,-,-
,,-,-,-,-,-,-,-,-,-,-,,−,−,−,-,−,−,-,–,-,-,,−,−,−,-,−,−,-,–,-,-
,,-,-,-,-,-,-,-,-,-,-,,−,−,−,-,−,−,-,–,-,-,,−,−,−,-,−,−,-,–,-,-
,,-,-,-,-,-,-,-,-,-,-,,−,−,−,-,−,−,-,–,-,-,,−,−,−,-,−,−,-,–,-,-
,,-,-,-,-,-,-,-,-,-,-,,−,−,−,-,−,−,-,–,-,-,,−,−,−,-,−,−,-,–,-,-
,,-,-,-,-,-,-,-,-,-,-,,−,−,−,-,−,−,-,–,-,-,,−,−,−,-,−,−,-,–,-,-
,,-,-,-,-,-,-,-,-,-,-,,−,−,−,-,−,−,-,–,-,-,,−,−,−,-,−,−,-,–,-,-
,,-,-,-,-,-,-,-,-,-,-,,−,−,−,-,−,−,-,–,-,-,,−,−,−,-,−,−,-,–,-,-
,,-,-,-,-,-,-,-,-,-,-,,−,−,−,-,−,−,-,–,-,-,,−,−,−,-,−,−,-,–,-,-
,,-,-,-,-,-,-,-,-,-,-,,−,−,−,-,−,−,-,–,-,-,,−,−,−,-,−,−,-,–,-,-
,,-,-,-,-,-,-,-,-,-,-,,−,−,−,-,−,−,-,–,-,-,,−,−,−,-,−,−,-,–,-,-
,,-,-,-,-,-,-,-,-,-,-,,−,−,−,-,−,−,-,–,-,-,,−,−,−,-,−,−,-,–,-,-
,,-,-,-,-,-,-,-,-,-,-,,−,−,−,-,−,−,-,–,-,-,,−,−,−,-,−,−,-,–,-,-
,,-,-,-,-,-,-,-,-,-,-,,−,−,−,-,−,−,-,–,-,-,,−,−,−,-,−,−,-,–,-,-
,,-,-,-,-,-,-,-,-,-,-,,−,−,−,-,−,−,-,–,-,-,,−,−,−,-,−,−,-,–,-,-
,,-,-,-,-,-,-,-,-,-,-,,−,−,−,-,−,−,-,–,-,-,,−,−,−,-,−,−,-,–,-,-
,,-,-,-,-,-,-,-,-,-,-,,−,−,−,-,−,−,-,–,-,-,,−,−,−,-,−,−,-,–,-,-
,,-,-,-,-,-,-,-,-,-,-,,−,−,−,-,−,−,-,–,-,-,,−,−,−,-,−,−,-,–,-,-
,,-,-,-,-,-,-,-,-,-,-,,−,−,−,-,−,−,-,–,-,-,,−,−,−,-,−,−,-,–,-,-
,,-,-,-,-,-,-,-,-,-,-,,−,−,−,-,−,−,-,–,-,-,,−,−,−,-,−,−,-,–,-,-
,,-,-,-,-,-,-,-,-,-,-,,−,−,−,-,−,−,-,–,-,-,,−,−,−,-,−,−,-,–,-,-
,,-,-,-,-,-,-,-,-,-,-,,−,−,−,-,−,−,-,–,-,-,,−,−,−,-,−,−,-,–,-,-
,,-,-,-,-,-,-,-,-,-,-,,−,−,−,-,−,−,-,–,-,-,,−,−,−,-,−,−,-,–,-,-
,,-,-,-,-,-,-,-,-,-,-,,−,−,−,-,−,−,-,–,-,-,,−,−,−,-,−,−,-,–,-,-
,,-,-,-,-,-,-,-,-,-,-,,−,−,−,-,−,−,-,–,-,-,,−,−,−,-,−,−,-,–,-,-
,,-,-,-,-,-,-,-,-,-,-,,−,−,−,-,−,−,-,–,-,-,,−,−,−,-,−,−,-,–,-,-
,,-,-,-,-,-,-,-,-,-,-,,−,−,−,-,−,−,-,–,-,-,,−,−,−,-,−,−,-,–,-,-
,,-,-,-,-,-,-,-,-,-,-,,−,−,−,-,−,−,-,–,-,-,,−,−,−,-,−,−,-,–,-,-
,,-,-,-,-,-,-,-,-,-,-,,−,−,−,-,−,−,-,–,-,-,,−,−,−,-,−,−,-,–,-,-
,,-,-,-,-,-,-,-,-,-,-,,−,−,−,-,−,−,-,–,-,-,,−,−,−,-,−,−,-,–,-,-
,,-,-,-,-,-,-,-,-,-,-,,−,−,−,-,−,−,-,–,-,-,,−,−,−,-,−,−,-,–,-,-
,,-,-,-,-,-,-,-,-,-,-,,−,−,−,-,−,−,-,–,-,-,,−,−,−,-,−,−,-,–,-,-
,,-,-,-,-,-,-,-,-,-,-,,−,−,−,-,−,−,-,–,-,-,,−,−,−,-,−,−,-,–,-,-
,,-,-,-,-,-,-,-,-,-,-,,−,−,−,-,−,−,-,–,-,-,,−,−,−,-,−,−,-,–,-,-
,,-,-,-,-,-,-,-,-,-,-,,−,−,−,-,−,−,-,–,-,-,,−,−,−,-,−,−,-,–,-,-
,,-,-,-,-,-,-,-,-,-,-,,−,−,−,-,−,−,-,–,-,-,,−,−,−,-,−,−,-,–,-,-
,,-,-,-,-,-,-,-,-,-,-,,−,−,−,-,−,−,-,–,-,-,,−,−,−,-,−,−,-,–,-,-
,,-,-,-,-,-,-,-,-,-,-,,−,−,−,-,−,−,-,–,-,-,,−,−,−,-,−,−,-,–,-,-
,,-,-,-,-,-,-,-,-,-,-,,−,−,−,-,−,−,-,–,-,-,,−,−,−,-,−,−,-,–,-,-
,,-,-,-,-,-,-,-,-,-,-,,−,−,−,-,−,−,-,–,-,-,,−,−,−,-,−,−,-,–,-,-
,,-,-,-,-,-,-,-,-,-,-,,−,−,−,-,−,−,-,–,-,-,,−,−,−,-,−,−,-,–,-,-
,,-,-,-,-,-,-,-,-,-,-,,−,−,−,-,−,−,-,–,-,-,,−,−,−,-,−,−,-,–,-,-
,,-,-,-,-,-,-,-,-,-,-,,−,−,−,-,−,−,-,–,-,-,,−,−,−,-,−,−,-,–,-,-
,,-,-,-,-,-,-,-,-,-,-,,−,−,−,-,−,−,-,–,-,-,,−,−,−,-,−,−,-,–,-,-
,,-,-,-,-,-,-,-,-,-,-,,−,−,−,-,−,−,-,–,-,-,,−,−,−,-,−,−,-,–,-,-
,,-,-,-,-,-,-,-,-,-,-,,−,−,−,-,−,−,-,–,-,-,,−,−,−,-,−,−,-,–,-,-
,,-,-,-,-,-,-,-,-,-,-,,−,−,−,-,−,−,-,–,-,-,,−,−,−,-,−,−,-,–,-,-
,,-,-,-,-,-,-,-,-,-,-,,−,−,−,-,−,−,-,–,-,-,,−,−,−,-,−,−,-,–,-,-
,,-,-,-,-,-,-,-,-,-,-,,−,−,−,-,−,−,-,–,-,-,,−,−,−,-,−,−,-,–,-,-
,,-,-,-,-,-,-,-,-,-,-,,−,−,−,-,−,−,-,–,-,-,,−,−,−,-,−,−,-,–,-,-
,,-,-,-,-,-,-,-,-,-,-,,−,−,−,-,−,−,-,–,-,-,,−,−,−,-,−,−,-,–,-,-
,,-,-,-,-,-,-,-,-,-,-,,−,−,−,-,−,−,-,–,-,-,,−,−,−,-,−,−,-,–,-,-
,,-,-,-,-,-,-,-,-,-,-,,−,−,−,-,−,−,-,–,-,-,,−,−,−,-,−,−,-,–,-,-
,,-,-,-,-,-,-,-,-,-,-,,−,−,−,-,−,−,-,–,-,-,,−,−,−,-,−,−,-,–,-,-
,,-,-,-,-,-,-,-,-,-,-,,−,−,−,-,−,−,-,–,-,-,,−,−,−,-,−,−,-,–,-,-
,,-,-,-,-,-,-,-,-,-,-,,−,−,−,-,−,−,-,–,-,-,,−,−,−,-,−,−,-,–,-,-
,,-,-,-,-,-,-,-,-,-,-,,−,−,−,-,−,−,-,–,-,-,,−,−,−,-,−,−,-,–,-,-
,,-,-,-,-,-,-,-,-,-,-,,−,−,−,-,−,−,-,–,-,-,,−,−,−,-,−,−,-,–,-,-
,,-,-,-,-,-,-,-,-,-,-,,−,−,−,-,−,−,-,–,-,-,,−,−,−,-,−,−,-,–,-,-
,,-,-,-,-,-,-,-,-,-,-,,−,−,−,-,−,−,-,–,-,-,,−,−,−,-,−,−,-,–,-,-
,,-,-,-,-,-,-,-,-,-,-,,−,−,−,-,−,−,-,–,-,-,,−,−,−,-,−,−,-,–,-,-
,,-,-,-,-,-,-,-,-,-,-,,−,−,−,-,−,−,-,–,-,-,,−,−,−,-,−,−,-,–,-,-
,,-,-,-,-,-,-,-,-,-,-,,−,−,−,-,−,−,-,–,-,-,,−,−,−,-,−,−,-,–,-,-
,,-,-,-,-,-,-,-,-,-,-,,−,−,−,-,−,−,-,–,-,-,,−,−,−,-,−,−,-,–,-,-
,,-,-,-,-,-,-,-,-,-,-,,−,−,−,-,−,−,-,–,-,-,,−,−,−,-,−,−,-,–,-,-
,,-,-,-,-,-,-,-,-,-,-,,−,−,−,-,−,−,-,–,-,-,,−,−,−,-,−,−,-,–,-,-
,,-,-,-,-,-,-,-,-,-,-,,−,−,−,-,−,−,-,–,-,-,,−,−,−,-,−,−,-,–,-,-
,,-,-,-,-,-,-,-,-,-,-,,−,−,−,-,−,−,-,–,-,-,,−,−,−,-,−,−,-,–,-,-
,,-,-,-,-,-,-,-,-,-,-,,−,−,−,-,−,−,-,–,-,-,,−,−,−,-,−,−,-,–,-,-
,,-,-,-,-,-,-,-,-,-,-,,−,−,−,-,−,−,-,–,-,-,,−,−,−,-,−,−,-,–,-,-
,,-,-,-,-,-,-,-,-,-,-,,−,−,−,-,−,−,-,–,-,-,,−,−,−,-,−,−,-,–,-,-
,,-,-,-,-,-,-,-,-,-,-,,−,−,−,-,−,−,-,–,-,-,,−,−,−,-,−,−,-,–,-,-
,,-,-,-,-,-,-,-,-,-,-,,−,−,−,-,−,−,-,–,-,-,,−,−,−,-,−,−,-,–,-,-
,,-,-,-,-,-,-,-,-,-,-,,−,−,−,-,−,−,-,–,-,-,,−,−,−,-,−,−,-,–,-,-
,,-,-,-,-,-,-,-,-,-,-,,−,−,−,-,−,−,-,–,-,-,,−,−,−,-,−,−,-,–,-,-
,,-,-,-,-,-,-,-,-,-,-,,−,−,−,-,−,−,-,–,-,-,,−,−,−,-,−,−,-,–,-,-
,,-,-,-,-,-,-,-,-,-,-,,−,−,−,-,−,−,-,–,-,-,,−,−,−,-,−,−,-,–,-,-
,,-,-,-,-,-,-,-,-,-,-,,−,−,−,-,−,−,-,–,-,-,,−,−,−,-,−,−,-,–,-,-
,,-,-,-,-,-,-,-,-,-,-,,−,−,−,-,−,−,-,–,-,-,,−,−,−,-,−,−,-,–,-,-
,,-,-,-,-,-,-,-,-,-,-,,−,−,−,-,−,−,-,–,-,-,,−,−,−,-,−,−,-,–,-,-
,,-,-,-,-,-,-,-,-,-,-,,−,−,−,-,−,−,-,–,-,-,,−,−,−,-,−,−,-,–,-,-
,,-,-,-,-,-,-,-,-,-,-,,−,−,−,-,−,−,-,–,-,-,,−,−,−,-,−,−,-,–,-,-
,,-,-,-,-,-,-,-,-,-,-,,−,−,−,-,−,−,-,–,-,-,,−,−,−,-,−,−,-,–,-,-
,,-,-,-,-,-,-,-,-,-,-,,−,−,−,-,−,−,-,–,-,-,,−,−,−,-,−,−,-,–,-,-
,,-,-,-,-,-,-,-,-,-,-,,−,−,−,-,−,−,-,–,-,-,,−,−,−,-,−,−,-,–,-,-
,,-,-,-,-,-,-,-,-,-,-,,−,−,−,-,−,−,-,–,-,-,,−,−,−,-,−,−,-,–,-,-
,,-,-,-,-,-,-,-,-,-,-,,−,−,−,-,−,−,-,–,-,-,,−,−,−,-,−,−,-,–,-,-
,,-,-,-,-,-,-,-,-,-,-,,−,−,−,-,−,−,-,–,-,-,,−,−,−,-,−,−,-,–,-,-
,,-,-,-,-,-,-,-,-,-,-,,−,−,−,-,−,−,-,–,-,-,,−,−,−,-,−,−,-,–,-,-
,,-,-,-,-,-,-,-,-,-,-,,−,−,−,-,−,−,-,–,-,-,,−,−,−,-,−,−,-,–,-,-
,,-,-,-,-,-,-,-,-,-,-,,−,−,−,-,−,−,-,–,-,-,,−,−,−,-,−,−,-,–,-,-
,,-,-,-,-,-,-,-,-,-,-,,−,−,−,-,−,−,-,–,-,-,,−,−,−,-,−,−,-,–,-,-
,,-,-,-,-,-,-,-,-,-,-,,−,−,−,-,−,−,-,–,-,-,,−,−,−,-,−,−,-,–,-,-
,,-,-,-,-,-,-,-,-,-,-,,−,−,−,-,−,−,-,–,-,-,,−,−,−,-,−,−,-,–,-,-
,,-,-,-,-,-,-,-,-,-,-,,−,−,−,-,−,−,-,–,-,-,,−,−,−,-,−,−,-,–,-,-
,,-,-,-,-,-,-,-,-,-,-,,−,−,−,-,−,−,-,–,-,-,,−,−,−,-,−,−,-,–,-,-
,,-,-,-,-,-,-,-,-,-,-,,−,−,−,-,−,−,-,–,-,-,,−,−,−,-,−,−,-,–,-,-
,,-,-,-,-,-,-,-,-,-,-,,−,−,−,-,−,−,-,–,-,-,,−,−,−,-,−,−,-,–,-,-
,,-,-,-,-,-,-,-,-,-,-,,−,−,−,-,−,−,-,–,-,-,,−,−,−,-,−,−,-,–,-,-
,,-,-,-,-,-,-,-,-,-,-,,−,−,−,-,−,−,-,–,-,-,,−,−,−,-,−,−,-,–,-,-
,,-,-,-,-,-,-,-,-,-,-,,−,−,−,-,−,−,-,–,-,-,,−,−,−,-,−,−,-,–,-,-
,,-,-,-,-,-,-,-,-,-,-,,−,−,−,-,−,−,-,–,-,-,,−,−,−,-,−,−,-,–,-,-
,,-,-,-,-,-,-,-,-,-,-,,−,−,−,-,−,−,-,–,-,-,,−,−,−,-,−,−,-,–,-,-
,,-,-,-,-,-,-,-,-,-,-,,−,−,−,-,−,−,-,–,-,-,,−,−,−,-,−,−,-,–,-,-
,,-,-,-,-,-,-,-,-,-,-,,−,−,−,-,−,−,-,–,-,-,,−,−,−,-,−,−,-,–,-,-
,,-,-,-,-,-,-,-,-,-,-,,−,−,−,-,−,−,-,–,-,-,,−,−,−,-,−,−,-,–,-,-
,,-,-,-,-,-,-,-,-,-,-,,−,−,−,-,−,−,-,–,-,-,,−,−,−,-,−,−,-,–,-,-
,,-,-,-,-,-,-,-,-,-,-,,−,−,−,-,−,−,-,–,-,-,,−,−,−,-,−,−,-,–,-,-
,,-,-,-,-,-,-,-,-,-,-,,−,−,−,-,−,−,-,–,-,-,,−,−,−,-,−,−,-,–,-,-
,,-,-,-,-,-,-,-,-,-,-,,−,−,−,-,−,−,-,–,-,-,,−,−,−,-,−,−,-,–,-,-
,,-,-,-,-,-,-,-,-,-,-,,−,−,−,-,−,−,-,–,-,-,,−,−,−,-,−,−,-,–,-,-
,,-,-,-,-,-,-,-,-,-,-,,−,−,−,-,−,−,-,–,-,-,,−,−,−,-,−,−,-,–,-,-
,,-,-,-,-,-,-,-,-,-,-,,−,−,−,-,−,−,-,–,-,-,,−,−,−,-,−,−,-,–,-,-
,,-,-,-,-,-,-,-,-,-,-,,−,−,−,-,−,−,-,–,-,-,,−,−,−,-,−,−,-,–,-,-
,,-,-,-,-,-,-,-,-,-,-,,−,−,−,-,−,−,-,–,-,-,,−,−,−,-,−,−,-,–,-,-
,,-,-,-,-,-,-,-,-,-,-,,−,−,−,-,−,−,-,–,-,-,,−,−,−,-,−,−,-,–,-,-
,,-,-,-,-,-,-,-,-,-,-,,−,−,−,-,−,−,-,–,-,-,,−,−,−,-,−,−,-,–,-,-
,,-,-,-,-,-,-,-,-,-,-,,−,−,−,-,−,−,-,–,-,-,,−,−,−,-,−,−,-,–,-,-
,,-,-,-,-,-,-,-,-,-,-,,−,−,−,-,−,−,-,–,-,-,,−,−,−,-,−,−,-,–,-,-
,,-,-,-,-,-,-,-,-,-,-,,−,−,−,-,−,−,-,–,-,-,,−,−,−,-,−,−,-,–,-,-
,,-,-,-,-,-,-,-,-,-,-,,−,−,−,-,−,−,-,–,-,-,,−,−,−,-,−,−,-,–,-,-
,,-,-,-,-,-,-,-,-,-,-,,−,−,−,-,−,−,-,–,-,-,,−,−,−,-,−,−,-,–,-,-
,,-,-,-,-,-,-,-,-,-,-,,−,−,−,-,−,−,-,–,-,-,,−,−,−,-,−,−,-,–,-,-
,,-,-,-,-,-,-,-,-,-,-,,−,−,−,-,−,−,-,–,-,-,,−,−,−,-,−,−,-,–,-,-
,,-,-,-,-,-,-,-,-,-,-,,−,−,−,-,−,−,-,–,-,-,,−,−,−,-,−,−,-,–,-,-
,,-,-,-,-,-,-,-,-,-,-,,−,−,−,-,−,−,-,–,-,-,,−,−,−,-,−,−,-,–,-,-
,,-,-,-,-,-,-,-,-,-,-,,−,−,−,-,−,−,-,–,-,-,,−,−,−,-,−,−,-,–,-,-
,,-,-,-,-,-,-,-,-,-,-,,−,−,−,-,−,−,-,–,-,-,,−,−,−,-,−,−,-,–,-,-
,,-,-,-,-,-,-,-,-,-,-,,−,−,−,-,−,−,-,–,-,-,,−,−,−,-,−,−,-,–,-,-
,,-,-,-,-,-,-,-,-,-,-,,−,−,−,-,−,−,-,–,-,-,,−,−,−,-,−,−,-,–,-,-
,,-,-,-,-,-,-,-,-,-,-,,−,−,−,-,−,−,-,–,-,-,,−,−,−,-,−,−,-,–,-,-
,,-,-,-,-,-,-,-,-,-,-,,−,−,−,-,−,−,-,–,-,-,,−,−,−,-,−,−,-,–,-,-
,,-,-,-,-,-,-,-,-,-,-,,−,−,−,-,−,−,-,–,-,-,,−,−,−,-,−,−,-,–,-,-
,,-,-,-,-,-,-,-,-,-,-,,−,−,−,-,−,−,-,–,-,-,,−,−,−,-,−,−,-,–,-,-
,,-,-,-,-,-,-,-,-,-,-,,−,−,−,-,−,−,-,–,-,-,,−,−,−,-,−,−,-,–,-,-
,,-,-,-,-,-,-,-,-,-,-,,−,−,−,-,−,−,-,–,-,-,,−,−,−,-,−,−,-,–,-,-
,,-,-,-,-,-,-,-,-,-,-,,−,−,−,-,−,−,-,–,-,-,,−,−,−,-,−,−,-,–,-,-
,,-,-,-,-,-,-,-,-,-,-,,−,−,−,-,−,−,-,–,-,-,,−,−,−,-,−,−,-,–,-,-
,,-,-,-,-,-,-,-,-,-,-,,−,−,−,-,−,−,-,–,-,-,,−,−,−,-,−,−,-,–,-,-
,,-,-,-,-,-,-,-,-,-,-,,−,−,−,-,−,−,-,–,-,-,,−,−,−,-,−,−,-,–,-,-
,,-,-,-,-,-,-,-,-,-,-,,−,−,−,-,−,−,-,–,-,-,,−,−,−,-,−,−,-,–,-,-
,,-,-,-,-,-,-,-,-,-,-,,−,−,−,-,−,−,-,–,-,-,,−,−,−,-,−,−,-,–,-,-
,,-,-,-,-,-,-,-,-,-,-,,−,−,−,-,−,−,-,–,-,-,,−,−,−,-,−,−,-,–,-,-
,,-,-,-,-,-,-,-,-,-,-,,−,−,−,-,−,−,-,–,-,-,,−,−,−,-,−,−,-,–,-,-
,,-,-,-,-,-,-,-,-,-,-,,−,−,−,-,−,−,-,–,-,-,,−,−,−,-,−,−,-,–,-,-
,,-,-,-,-,-,-,-,-,-,-,,−,−,−,-,−,−,-,–,-,-,,−,−,−,-,−,−,-,–,-,-
,,-,-,-,-,-,-,-,-,-,-,,−,−,−,-,−,−,-,–,-,-,,−,−,−,-,−,−,-,–,-,-
,,-,-,-,-,-,-,-,-,-,-,,−,−,−,-,−,−,-,–,-,-,,−,−,−,-,−,−,-,–,-,-
,,-,-,-,-,-,-,-,-,-,-,,−,−,−,-,−,−,-,–,-,-,,−,−,−,-,−,−,-,–,-,-
,,-,-,-,-,-,-,-,-,-,-,,−,−,−,-,−,−,-,–,-,-,,−,−,−,-,−,−,-,–,-,-
,,-,-,-,-,-,-,-,-,-,-,,−,−,−,-,−,−,-,–,-,-,,−,−,−,-,−,−,-,–,-,-
,,-,-,-,-,-,-,-,-,-,-,,−,−,−,-,−,−,-,–,-,-,,−,−,−,-,−,−,-,–,-,-
,,-,-,-,-,-,-,-,-,-,-,,−,−,−,-,−,−,-,–,-,-,,−,−,−,-,−,−,-,–,-,-
,,-,-,-,-,-,-,-,-,-,-,,−,−,−,-,−,−,-,–,-,-,,−,−,−,-,−,−,-,–,-,-
,,-,-,-,-,-,-,-,-,-,-,,−,−,−,-,−,−,-,–,-,-,,−,−,−,-,−,−,-,–,-,-
,,-,-,-,-,-,-,-,-,-,-,,−,−,−,-,−,−,-,–,-,-,,−,−,−,-,−,−,-,–,-,-
,,-,-,-,-,-,-,-,-,-,-,,−,−,−,-,−,−,-,–,-,-,,−,−,−,-,−,−,-,–,-,-
,,-,-,-,-,-,-,-,-,-,-,,−,−,−,-,−,−,-,–,-,-,,−,−,−,-,−,−,-,–,-,-
,,-,-,-,-,-,-,-,-,-,-,,−,−,−,-,−,−,-,–,-,-,,−,−,−,-,−,−,-,–,-,-
,,-,-,-,-,-,-,-,-,-,-,,−,−,−,-,−,−,-,–,-,-,,−,−,−,-,−,−,-,–,-,-
,,-,-,-,-,-,-,-,-,-,-,,−,−,−,-,−,−,-,–,-,-,,−,−,−,-,−,−,-,–,-,-
,,-,-,-,-,-,-,-,-,-,-,,−,−,−,-,−,−,-,–,-,-,,−,−,−,-,−,−,-,–,-,-
,,-,-,-,-,-,-,-,-,-,-,,−,−,−,-,−,−,-,–,-,-,,−,−,−,-,−,−,-,–,-,-
,,-,-,-,-,-,-,-,-,-,-,,−,−,−,-,−,−,-,–,-,-,,−,−,−,-,−,−,-,–,-,-
,,-,-,-,-,-,-,-,-,-,-,,−,−,−,-,−,−,-,–,-,-,,−,−,−,-,−,−,-,–,-,-
,,-,-,-,-,-,-,-,-,-,-,,−,−,−,-,−,−,-,–,-,-,,−,−,−,-,−,−,-,–,-,-
,,-,-,-,-,-,-,-,-,-,-,,−,−,−,-,−,−,-,–,-,-,,−,−,−,-,−,−,-,–,-,-
,,-,-,-,-,-,-,-,-,-,-,,−,−,−,-,−,−,-,–,-,-,,−,−,−,-,−,−,-,–,-,-
,,-,-,-,-,-,-,-,-,-,-,,−,−,−,-,−,−,-,–,-,-,,−,−,−,-,−,−,-,–,-,-
,,-,-,-,-,-,-,-,-,-,-,,−,−,−,-,−,−,-,–,-,-,,−,−,−,-,−,−,-,–,-,-
,,-,-,-,-,-,-,-,-,-,-,,−,−,−,-,−,−,-,–,-,-,,−,−,−,-,−,−,-,–,-,-
,,-,-,-,-,-,-,-,-,-,-,,−,−,−,-,−,−,-,–,-,-,,−,−,−,-,−,−,-,–,-,-
,,-,-,-,-,-,-,-,-,-,-,,−,−,−,-,−,−,-,–,-,-,,−,−,−,-,−,−,-,–,-,-
,,-,-,-,-,-,-,-,-,-,-,,−,−,−,-,−,−,-,–,-,-,,−,−,−,-,−,−,-,–,-,-
,,-,-,-,-,-,-,-,-,-,-,,−,−,−,-,−,−,-,–,-,-,,−,−,−,-,−,−,-,–,-,-
,,-,-,-,-,-,-,-,-,-,-,,−,−,−,-,−,−,-,–,-,-,,−,−,−,-,−,−,-,–,-,-
,,-,-,-,-,-,-,-,-,-,-,,−,−,−,-,−,−,-,–,-,-,,−,−,−,-,−,−,-,–,-,-
,,-,-,-,-,-,-,-,-,-,-,,−,−,−,-,−,−,-,–,-,-,,−,−,−,-,−,−,-,–,-,-
,,-,-,-,-,-,-,-,-,-,-,,−,−,−,-,−,−,-,–,-,-,,−,−,−,-,−,−,-,–,-,-
,,-,-,-,-,-,-,-,-,-,-,,−,−,−,-,−,−,-,–,-,-,,−,−,−,-,−,−,-,–,-,-
,,-,-,-,-,-,-,-,-,-,-,,−,−,−,-,−,−,-,–,-,-,,−,−,−,-,−,−,-,–,-,-
,,-,-,-,-,-,-,-,-,-,-,,−,−,−,-,−,−,-,–,-,-,,−,−,−,-,−,−,-,–,-,-
,,-,-,-,-,-,-,-,-,-,-,,−,−,−,-,−,−,-,–,-,-,,−,−,−,-,−,−,-,–,-,-
,,-,-,-,-,-,-,-,-,-,-,,−,−,−,-,−,−,-,–,-,-,,−,−,−,-,−,−,-,–,-,-
,,-,-,-,-,-,-,-,-,-,-,,−,−,−,-,−,−,-,–,-,-,,−,−,−,-,−,−,-,–,-,-
,,-,-,-,-,-,-,-,-,-,-,,−,−,−,-,−,−,-,–,-,-,,−,−,−,-,−,−,-,–,-,-
,,-,-,-,-,-,-,-,-,-,-,,−,−,−,-,−,−,-,–,-,-,,−,−,−,-,−,−,-,–,-,-
,,-,-,-,-,-,-,-,-,-,-,,−,−,−,-,−,−,-,–,-,-,,−,−,−,-,−,−,-,–,-,-
,,-,-,-,-,-,-,-,-,-,-,,−,−,−,-,−,−,-,–,-,-,,−,−,−,-,−,−,-,–,-,-
,,-,-,-,-,-,-,-,-,-,-,,−,−,−,-,−,−,-,–,-,-,,−,−,−,-,−,−,-,–,-,-
,,-,-,-,-,-,-,-,-,-,-,,−,−,−,-,−,−,-,–,-,-,,−,−,−,-,−,−,-,–,-,-
,,-,-,-,-,-,-,-,-,-,-,,−,−,−,-,−,−,-,–,-,-,,−,−,−,-,−,−,-,–,-,-
,,-,-,-,-,-,-,-,-,-,-,,−,−,−,-,−,−,-,–,-,-,,−,−,−,-,−,−,-,–,-,-
,,-,-,-,-,-,-,-,-,-,-,,−,−,−,-,−,−,-,–,-,-,,−,−,−,-,−,−,-,–,-,-
,,-,-,-,-,-,-,-,-,-,-,,−,−,−,-,−,−,-,–,-,-,,−,−,−,-,−,−,-,–,-,-
,,-,-,-,-,-,-,-,-,-,-,,−,−,−,-,−,−,-,–,-,-,,−,−,−,-,−,−,-,–,-,-
,,-,-,-,-,-,-,-,-,-,-,,−,−,−,-,−,−,-,–,-,-,,−,−,−,-,−,−,-,–,-,-
,,-,-,-,-,-,-,-,-,-,-,,−,−,−,-,−,−,-,–,-,-,,−,−,−,-,−,−,-,–,-,-
,,-,-,-,-,-,-,-,-,-,-,,−,−,−,-,−,−,-,–,-,-,,−,−,−,-,−,−,-,–,-,-
,,-,-,-,-,-,-,-,-,-,-,,−,−,−,-,−,−,-,–,-,-,,−,−,−,-,−,−,-,–,-,-
,,-,-,-,-,-,-,-,-,-,-,,−,−,−,-,−,−,-,–,-,-,,−,−,−,-,−,−,-,–,-,-
,,-,-,-,-,-,-,-,-,-,-,,−,−,−,-,−,−,-,–,-,-,,−,−,−,-,−,−,-,–,-,-
,,-,-,-,-,-,-,-,-,-,-,,−,−,−,-,−,−,-,–,-,-,,−,−,−,-,−,−,-,–,-,-
,,-,-,-,-,-,-,-,-,-,-,,−,−,−,-,−,−,-,–,-,-,,−,−,−,-,−,−,-,–,-,-
,,-,-,-,-,-,-,-,-,-,-,,−,−,−,-,−,−,-,–,-,-,,−,−,−,-,−,−,-,–,-,-
,,-,-,-,-,-,-,-,-,-,-,,−,−,−,-,−,−,-,–,-,-,,−,−,−,-,−,−,-,–,-,-
,,-,-,-,-,-,-,-,-,-,-,,−,−,−,-,−,−,-,–,-,-,,−,−,−,-,−,−,-,–,-,-
,,-,-,-,-,-,-,-,-,-,-,,−,−,−,-,−,−,-,–,-,-,,−,−,−,-,−,−,-,–,-,-
,,-,-,-,-,-,-,-,-,-,-,,−,−,−,-,−,−,-,–,-,-,,−,−,−,-,−,−,-,–,-,-
,,-,-,-,-,-,-,-,-,-,-,,−,−,−,-,−,−,-,–,-,-,,−,−,−,-,−,−,-,–,-,-
,,-,-,-,-,-,-,-,-,-,-,,−,−,−,-,−,−,-,–,-,-,,−,−,−,-,−,−,-,–,-,-
,,-,-,-,-,-,-,-,-,-,-,,−,−,−,-,−,−,-,–,-,-,,−,−,−,-,−,−,-,–,-,-
,,-,-,-,-,-,-,-,-,-,-,,−,−,−,-,−,−,-,–,-,-,,−,−,−,-,−,−,-,–,-,-
,,-,-,-,-,-,-,-,-,-,-,,−,−,−,-,−,−,-,–,-,-,,−,−,−,-,−,−,-,–,-,-
,,-,-,-,-,-,-,-,-,-,-,,−,−,−,-,−,−,-,–,-,-,,−,−,−,-,−,−,-,–,-,-
,,-,-,-,-,-,-,-,-,-,-,,−,−,−,-,−,−,-,–,-,-,,−,−,−,-,−,−,-,–,-,-
,,-,-,-,-,-,-,-,-,-,-,,−,−,−,-,−,−,-,–,-,-,,−,−,−,-,−,−,-,–,-,-
,,-,-,-,-,-,-,-,-,-,-,,−,−,−,-,−,−,-,–,-,-,,−,−,−,-,−,−,-,–,-,-
,,-,-,-,-,-,-,-,-,-,-,,−,−,−,-,−,−,-,–,-,-,,−,−,−,-,−,−,-,–,-,-
,,-,-,-,-,-,-,-,-,-,-,,−,−,−,-,−,−,-,–,-,-,,−,−,−,-,−,−,-,–,-,-
,,-,-,-,-,-,-,-,-,-,-,,−,−,−,-,−,−,-,–,-,-,,−,−,−,-,−,−,-,–,-,-
,,-,-,-,-,-,-,-,-,-,-,,−,−,−,-,−,−,-,–,-,-,,−,−,−,-,−,−,-,–,-,-
,,-,-,-,-,-,-,-,-,-,-,,−,−,−,-,−,−,-,–,-,-,,−,−,−,-,−,−,-,–,-,-
,,-,-,-,-,-,-,-,-,-,-,,−,−,−,-,−,−,-,–,-,-,,−,−,−,-,−,−,-,–,-,-
,,-,-,-,-,-,-,-,-,-,-,,−,−,−,-,−,−,-,–,-,-,,−,−,−,-,−,−,-,–,-,-
,,-,-,-,-,-,-,-,-,-,-,,−,−,−,-,−,−,-,–,-,-,,−,−,−,-,−,−,-,–,-,-
,,-,-,-,-,-,-,-,-,-,-,,−,−,−,-,−,−,-,–,-,-,,−,−,−,-,−,−,-,–,-,-
,,-,-,-,-,-,-,-,-,-,-,,−,−,−,-,−,−,-,–,-,-,,−,−,−,-,−,−,-,–,-,-
,,-,-,-,-,-,-,-,-,-,-,,−,−,−,-,−,−,-,–,-,-,,−,−,−,-,−,−,-,–,-,-
,,-,-,-,-,-,-,-,-,-,-,,−,−,−,-,−,−,-,–,-,-,,−,−,−,-,−,−,-,–,-,-
,,-,-,-,-,-,-,-,-,-,-,,−,−,−,-,−,−,-,–,-,-,,−,−,−,-,−,−,-,–,-,-
,,-,-,-,-,-,-,-,-,-,-,,−,−,−,-,−,−,-,–,-,-,,−,−,−,-,−,−,-,–,-,-
,,-,-,-,-,-,-,-,-,-,-,,−,−,−,-,−,−,-,–,-,-,,−,−,−,-,−,−,-,–,-,-
,,-,-,-,-,-,-,-,-,-,-,,−,−,−,-,−,−,-,–,-,-,,−,−,−,-,−,−,-,–,-,-
,,-,-,-,-,-,-,-,-,-,-,,−,−,−,-,−,−,-,–,-,-,,−,−,−,-,−,−,-,–,-,-
,,-,-,-,-,-,-,-,-,-,-,,−,−,−,-,−,−,-,–,-,-,,−,−,−,-,−,−,-,–,-,-
,,-,-,-,-,-,-,-,-,-,-,,−,−,−,-,−,−,-,–,-,-,,−,−,−,-,−,−,-,–,-,-
,,-,-,-,-,-,-,-,-,-,-,,−,−,−,-,−,−,-,–,-,-,,−,−,−,-,−,−,-,–,-,-
,,-,-,-,-,-,-,-,-,-,-,,−,−,−,-,−,−,-,–,-,-,,−,−,−,-,−,−,-,–,-,-
,,-,-,-,-,-,-,-,-,-,-,,−,−,−,-,−,−,-,–,-,-,,−,−,−,-,−,−,-,–,-,-
,,-,-,-,-,-,-,-,-,-,-,,−,−,−,-,−,−,-,–,-,-,,−,−,−,-,−,−,-,–,-,-
,,-,-,-,-,-,-,-,-,-,-,,−,−,−,-,−,−,-,–,-,-,,−,−,−,-,−,−,-,–,-,-
,,-,-,-,-,-,-,-,-,-,-,,−,−,−,-,−,−,-,–,-,-,,−,−,−,-,−,−,-,–,-,-
,,-,-,-,-,-,-,-,-,-,-,,−,−,−,-,−,−,-,–,-,-,,−,−,−,-,−,−,-,–,-,-
,,-,-,-,-,-,-,-,-,-,-,,−,−,−,-,−,−,-,–,-,-,,−,−,−,-,−,−,-,–,-,-
,,-,-,-,-,-,-,-,-,-,-,,−,−,−,-,−,−,-,–,-,-,,−,−,−,-,−,−,-,–,-,-
,,-,-,-,-,-,-,-,-,-,-,,−,−,−,-,−,−,-,–,-,-,,−,−,−,-,−,−,-,–,-,-
,,-,-,-,-,-,-,-,-,-,-,,−,−,−,-,−,−,-,–,-,-,,−,−,−,-,−,−,-,–,-,-
,,-,-,-,-,-,-,-,-,-,-,,−,−,−,-,−,−,-,–,-,-,,−,−,−,-,−,−,-,–,-,-
,,-,-,-,-,-,-,-,-,-,-,,−,−,−,-,−,−,-,–,-,-,,−,−,−,-,−,−,-,–,-,-
,,-,-,-,-,-,-,-,-,-,-,,−,−,−,-,−,−,-,–,-,-,,−,−,−,-,−,−,-,–,-,-
,,-,-,-,-,-,-,-,-,-,-,,−,−,−,-,−,−,-,–,-,-,,−,−,−,-,−,−,-,–,-,-
,,-,-,-,-,-,-,-,-,-,-,,−,−,−,-,−,−,-,–,-,-,,−,−,−,-,−,−,-,–,-,-
,,-,-,-,-,-,-,-,-,-,-,,−,−,−,-,−,−,-,–,-,-,,−,−,−,-,−,−,-,–,-,-
,,-,-,-,-,-,-,-,-,-,-,,−,−,−,-,−,−,-,–,-,-,,−,−,−,-,−,−,-,–,-,-
,,-,-,-,-,-,-,-,-,-,-,,−,−,−,-,−,−,-,–,-,-,,−,−,−,-,−,−,-,–,-,-
,,-,-,-,-,-,-,-,-,-,-,,−,−,−,-,−,−,-,–,-,-,,−,−,−,-,−,−,-,–,-,-
,,-,-,-,-,-,-,-,-,-,-,,−,−,−,-,−,−,-,–,-,-,,−,−,−,-,−,−,-,–,-,-
,,-,-,-,-,-,-,-,-,-,-,,−,−,−,-,−,−,-,–,-,-,,−,−,−,-,−,−,-,–,-,-
,,-,-,-,-,-,-,-,-,-,-,,−,−,−,-,−,−,-,–,-,-,,−,−,−,-,−,−,-,–,-,-
,,-,-,-,-,-,-,-,-,-,-,,−,−,−,-,−,−,-,–,-,-,,−,−,−,-,−,−,-,–,-,-
,,-,-,-,-,-,-,-,-,-,-,,−,−,−,-,−,−,-,–,-,-,,−,−,−,-,−,−,-,–,-,-
,,-,-,-,-,-,-,-,-,-,-,,−,−,−,-,−,−,-,–,-,-,,−,−,−,-,−,−,-,–,-,-
,,-,-,-,-,-,-,-,-,-,-,,−,−,−,-,−,−,-,–,-,-,,−,−,−,-,−,−,-,–,-,-
,,-,-,-,-,-,-,-,-,-,-,,−,−,−,-,−,−,-,–,-,-,,−,−,−,-,−,−,-,–,-,-
,,-,-,-,-,-,-,-,-,-,-,,−,−,−,-,−,−,-,–,-,-,,−,−,−,-,−,−,-,–,-,-
,,-,-,-,-,-,-,-,-,-,-,,−,−,−,-,−,−,-,–,-,-,,−,−,−,-,−,−,-,–,-,-
,,-,-,-,-,-,-,-,-,-,-,,−,−,−,-,−,−,-,–,-,-,,−,−,−,-,−,−,-,–,-,-
,,-,-,-,-,-,-,-,-,-,-,,−,−,−,-,−,−,-,–,-,-,,−,−,−,-,−,−,-,–,-,-
,,-,-,-,-,-,-,-,-,-,-,,−,−,−,-,−,−,-,–,-,-,,−,−,−,-,−,−,-,–,-,-
,,-,-,-,-,-,-,-,-,-,-,,−,−,−,-,−,−,-,–,-,-,,−,−,−,-,−,−,-,–,-,-
,,-,-,-,-,-,-,-,-,-,-,,−,−,−,-,−,−,-,–,-,-,,−,−,−,-,−,−,-,–,-,-
,,-,-,-,-,-,-,-,-,-,-,,−,−,−,-,−,−,-,–,-,-,,−,−,−,-,−,−,-,–,-,-
,,-,-,-,-,-,-,-,-,-,-,,−,−,−,-,−,−,-,–,-,-,,−,−,−,-,−,−,-,–,-,-
,,-,-,-,-,-,-,-,-,-,-,,−,−,−,-,−,−,-,–,-,-,,−,−,−,-,−,−,-,–,-,-
,,-,-,-,-,-,-,-,-,-,-,,−,−,−,-,−,−,-,–,-,-,,−,−,−,-,−,−,-,–,-,-
,,-,-,-,-,-,-,-,-,-,-,,−,−,−,-,−,−,-,–,-,-,,−,−,−,-,−,−,-,–,-,-
,,-,-,-,-,-,-,-,-,-,-,,−,−,−,-,−,−,-,–,-,-,,−,−,−,-,−,−,-,–,-,-
,,-,-,-,-,-,-,-,-,-,-,,−,−,−,-,−,−,-,–,-,-,,−,−,−,-,−,−,-,–,-,-
,,-,-,-,-,-,-,-,-,-,-,,−,−,−,-,−,−,-,–,-,-,,−,−,−,-,−,−,-,–,-,-
,,-,-,-,-,-,-,-,-,-,-,,−,−,−,-,−,−,-,–,-,-,,−,−,−,-,−,−,-,–,-,-
,,-,-,-,-,-,-,-,-,-,-,,−,−,−,-,−,−,-,–,-,-,,−,−,−,-,−,−,-,–,-,-
,,-,-,-,-,-,-,-,-,-,-,,−,−,−,-,−,−,-,–,-,-,,−,−,−,-,−,−,-,–,-,-
,,-,-,-,-,-,-,-,-,-,-,,−,−,−,-,−,−,-,–,-,-,,−,−,−,-,−,−,-,–,-,-
,,-,-,-,-,-,-,-,-,-,-,,−,−,−,-,−,−,-,–,-,-,,−,−,−,-,−,−,-,–,-,-
,,-,-,-,-,-,-,-,-,-,-,,−,−,−,-,−,−,-,–,-,-,,−,−,−,-,−,−,-,–,-,-
,,-,-,-,-,-,-,-,-,-,-,,−,−,−,-,−,−,-,–,-,-,,−,−,−,-,−,−,-,–,-,-
,,-,-,-,-,-,-,-,-,-,-,,−,−,−,-,−,−,-,–,-,-,,−,−,−,-,−,−,-,–,-,-
,,-,-,-,-,-,-,-,-,-,-,,−,−,−,-,−,−,-,–,-,-,,−,−,−,-,−,−,-,–,-,-
,,-,-,-,-,-,-,-,-,-,-,,−,−,−,-,−,−,-,–,-,-,,−,−,−,-,−,−,-,–,-,-
,,-,-,-,-,-,-,-,-,-,-,,−,−,−,-,−,−,-,–,-,-,,−,−,−,-,−,−,-,–,-,-
,,-,-,-,-,-,-,-,-,-,-,,−,−,−,-,−,−,-,–,-,-,,−,−,−,-,−,−,-,–,-,-
,,-,-,-,-,-,-,-,-,-,-,,−,−,−,-,−,−,-,–,-,-,,−,−,−,-,−,−,-,–,-,-
,,-,-,-,-,-,-,-,-,-,-,,−,−,−,-,−,−,-,–,-,-,,−,−,−,-,−,−,-,–,-,-
,,-,-,-,-,-,-,-,-,-,-,,−,−,−,-,−,−,-,–,-,-,,−,−,−,-,−,−,-,–,-,-
,,-,-,-,-,-,-,-,-,-,-,,−,−,−,-,−,−,-,–,-,-,,−,−,−,-,−,−,-,–,-,-
,,-,-,-,-,-,-,-,-,-,-,,−,−,−,-,−,−,-,–,-,-,,−,−,−,-,−,−,-,–,-,-
,,-,-,-,-,-,-,-,-,-,-,,−,−,−,-,−,−,-,–,-,-,,−,−,−,-,−,−,-,–,-,-
,,-,-,-,-,-,-,-,-,-,-,,−,−,−,-,−,−,-,–,-,-,,−,−,−,-,−,−,-,–,-,-
,,-,-,-,-,-,-,-,-,-,-,,−,−,−,-,−,−,-,–,-,-,,−,−,−,-,−,−,-,–,-,-
,,-,-,-,-,-,-,-,-,-,-,,−,−,−,-,−,−,-,–,-,-,,−,−,−,-,−,−,-,–,-,-
,,-,-,-,-,-,-,-,-,-,-,,−,−,−,-,−,−,-,–,-,-,,−,−,−,-,−,−,-,–,-,-
,,-,-,-,-,-,-,-,-,-,-,,−,−,−,-,−,−,-,–,-,-,,−,−,−,-,−,−,-,–,-,-
,,-,-,-,-,-,-,-,-,-,-,,−,−,−,-,−,−,-,–,-,-,,−,−,−,-,−,−,-,–,-,-
,,-,-,-,-,-,-,-,-,-,-,,−,−,−,-,−,−,-,–,-,-,,−,−,−,-,−,−,-,–,-,-
,,-,-,-,-,-,-,-,-,-,-,,−,−,−,-,−,−,-,–,-,-,,−,−,−,-,−,−,-,–,-,-
,,-,-,-,-,-,-,-,-,-,-,,−,−,−,-,−,−,-,–,-,-,,−,−,−,-,−,−,-,–,-,-
,,-,-,-,-,-,-,-,-,-,-,,−,−,−,-,−,−,-,–,-,-,,−,−,−,-,−,−,-,–,-,-
,,-,-,-,-,-,-,-,-,-,-,,−,−,−,-,−,−,-,–,-,-,,−,−,−,-,−,−,-,–,-,-
,,-,-,-,-,-,-,-,-,-,-,,−,−,−,-,−,−,-,–,-,-,,−,−,−,-,−,−,-,–,-,-
,,-,-,-,-,-,-,-,-,-,-,,−,−,−,-,−,−,-,–,-,-,,−,−,−,-,−,−,-,–,-,-
,,-,-,-,-,-,-,-,-,-,-,,−,−,−,-,−,−,-,–,-,-,,−,−,−,-,−,−,-,–,-,-
,,-,-,-,-,-,-,-,-,-,-,,−,−,−,-,−,−,-,–,-,-,,−,−,−,-,−,−,-,–,-,-
,,-,-,-,-,-,-,-,-,-,-,,−,−,−,-,−,−,-,–,-,-,,−,−,−,-,−,−,-,–,-,-
,,-,-,-,-,-,-,-,-,-,-,,−,−,−,-,−,−,-,–,-,-,,−,−,−,-,−,−,-,–,-,-
,,-,-,-,-,-,-,-,-,-,-,,−,−,−,-,−,−,-,–,-,-,,−,−,−,-,−,−,-,–,-,-
,,-,-,-,-,-,-,-,-,-,-,,−,−,−,-,−,−,-,–,-,-,,−,−,−,-,−,−,-,–,-,-
,,-,-,-,-,-,-,-,-,-,-,,−,−,−,-,−,−,-,–,-,-,,−,−,−,-,−,−,-,–,-,-
,,-,-,-,-,-,-,-,-,-,-,,−,−,−,-,−,−,-,–,-,-,,−,−,−,-,−,−,-,–,-,-
,,-,-,-,-,-,-,-,-,-,-,,−,−,−,-,−,−,-,–,-,-,,−,−,−,-,−,−,-,–,-,-
,,-,-,-,-,-,-,-,-,-,-,,−,−,−,-,−,−,-,–,-,-,,−,−,−,-,−,−,-,–,-,-
,,-,-,-,-,-,-,-,-,-,-,,−,−,−,-,−,−,-,–,-,-,,−,−,−,-,−,−,-,–,-,-
,,-,-,-,-,-,-,-,-,-,-,,−,−,−,-,−,−,-,–,-,-,,−,−,−,-,−,−,-,–,-,-
,,-,-,-,-,-,-,-,-,-,-,,−,−,−,-,−,−,-,–,-,-,,−,−,−,-,−,−,-,–,-,-
,,-,-,-,-,-,-,-,-,-,-,,−,−,−,-,−,−,-,–,-,-,,−,−,−,-,−,−,-,–,-,-
,,-,-,-,-,-,-,-,-,-,-,,−,−,−,-,−,−,-,–,-,-,,−,−,−,-,−,−,-,–,-,-
,,-,-,-,-,-,-,-,-,-,-,,−,−,−,-,−,−,-,–,-,-,,−,−,−,-,−,−,-,–,-,-
,,-,-,-,-,-,-,-,-,-,-,,−,−,−,-,−,−,-,–,-,-,,−,−,−,-,−,−,-,–,-,-
,,-,-,-,-,-,-,-,-,-,-,,−,−,−,-,−,−,-,–,-,-,,−,−,−,-,−,−,-,–,-,-
,,-,-,-,-,-,-,-,-,-,-,,−,−,−,-,−,−,-,–,-,-,,−,−,−,-,−,−,-,–,-,-
,,-,-,-,-,-,-,-,-,-,-,,−,−,−,-,−,−,-,–,-,-,,−,−,−,-,−,−,-,–,-,-
,,-,-,-,-,-,-,-,-,-,-,,−,−,−,-,−,−,-,–,-,-,,−,−,−,-,−,−,-,–,-,-
,,-,-,-,-,-,-,-,-,-,-,,−,−,−,-,−,−,-,–,-,-,,−,−,−,-,−,−,-,–,-,-
,,-,-,-,-,-,-,-,-,-,-,,−,−,−,-,−,−,-,–,-,-,,−,−,−,-,−,−,-,–,-,-
,,-,-,-,-,-,-,-,-,-,-,,−,−,−,-,−,−,-,–,-,-,,−,−,−,-,−,−,-,–,-,-
,,-,-,-,-,-,-,-,-,-,-,,−,−,−,-,−,−,-,–,-,-,,−,−,−,-,−,−,-,–,-,-
,,-,-,-,-,-,-,-,-,-,-,,−,−,−,-,−,−,-,–,-,-,,−,−,−,-,−,−,-,–,-,-
,,-,-,-,-,-,-,-,-,-,-,,−,−,−,-,−,−,-,–,-,-,,−,−,−,-,−,−,-,–,-,-
,,-,-,-,-,-,-,-,-,-,-,,−,−,−,-,−,−,-,–,-,-,,−,−,−,-,−,−,-,–,-,-
,,-,-,-,-,-,-,-,-,-,-,,−,−,−,-,−,−,-,–,-,-,,−,−,−,-,−,−,-,–,-,-
,,-,-,-,-,-,-,-,-,-,-,,−,−,−,-,−,−,-,–,-,-,,−,−,−,-,−,−,-,–,-,-
,,-,-,-,-,-,-,-,-,-,-,,−,−,−,-,−,−,-,–,-,-,,−,−,−,-,−,−,-,–,-,-
,,-,-,-,-,-,-,-,-,-,-,,−,−,−,-,−,−,-,–,-,-,,−,−,−,-,−,−,-,–,-,-
,,-,-,-,-,-,-,-,-,-,-,,−,−,−,-,−,−,-,–,-,-,,−,−,−,-,−,−,-,–,-,-
,,-,-,-,-,-,-,-,-,-,-,,−,−,−,-,−,−,-,–,-,-,,−,−,−,-,−,−,-,–,-,-
,,-,-,-,-,-,-,-,-,-,-,,−,−,−,-,−,−,-,–,-,-,,−,−,−,-,−,−,-,–,-,-
,,-,-,-,-,-,-,-,-,-,-,,−,−,−,-,−,−,-,–,-,-,,−,−,−,-,−,−,-,–,-,-
,,-,-,-,-,-,-,-,-,-,-,,−,−,−,-,−,−,-,–,-,-,,−,−,−,-,−,−,-,–,-,-
,,-,-,-,-,-,-,-,-,-,-,,−,−,−,-,−,−,-,–,-,-,,−,−,−,-,−,−,-,–,-,-
,,-,-,-,-,-,-,-,-,-,-,,−,−,−,-,−,−,-,–,-,-,,−,−,−,-,−,−,-,–,-,-
,,-,-,-,-,-,-,-,-,-,-,,−,−,−,-,−,−,-,–,-,-,,−,−,−,-,−,−,-,–,-,-
,,-,-,-,-,-,-,-,-,-,-,,−,−,−,-,−,−,-,–,-,-,,−,−,−,-,−,−,-,–,-,-
,,-,-,-,-,-,-,-,-,-,-,,−,−,−,-,−,−,-,–,-,-,,−,−,−,-,−,−,-,–,-,-
,,-,-,-,-,-,-,-,-,-,-,,−,−,−,-,−,−,-,–,-,-,,−,−,−,-,−,−,-,–,-,-
,,-,-,-,-,-,-,-,-,-,-,,−,−,−,-,−,−,-,–,-,-,,−,−,−,-,−,−,-,–,-,-
,,-,-,-,-,-,-,-,-,-,-,,−,−,−,-,−,−,-,–,-,-,,−,−,−,-,−,−,-,–,-,-
,,-,-,-,-,-,-,-,-,-,-,,−,−,−,-,−,−,-,–,-,-,,−,−,−,-,−,−,-,–,-,-
,,-,-,-,-,-,-,-,-,-,-,,−,−,−,-,−,−,-,–,-,-,,−,−,−,-,−,−,-,–,-,-
,,-,-,-,-,-,-,-,-,-,-,,−,−,−,-,−,−,-,–,-,-,,−,−,−,-,−,−,-,–,-,-
,,-,-,-,-,-,-,-,-,-,-,,−,−,−,-,−,−,-,–,-,-,,−,−,−,-,−,−,-,–,-,-
,,-,-,-,-,-,-,-,-,-,-,,−,−,−,-,−,−,-,–,-,-,,−,−,−,-,−,−,-,–,-,-
,,-,-,-,-,-,-,-,-,-,-,,−,−,−,-,−,−,-,–,-,-,,−,−,−,-,−,−,-,–,-,-
,,-,-,-,-,-,-,-,-,-,-,,−,−,−,-,−,−,-,–,-,-,,−,−,−,-,−,−,-,–,-,-
,,-,-,-,-,-,-,-,-,-,-,,−,−,−,-,−,−,-,–,-,-,,−,−,−,-,−,−,-,–,-,-
,,-,-,-,-,-,-,-,-,-,-,,−,−,−,-,−,−,-,–,-,-,,−,−,−,-,−,−,-,–,-,-
,,-,-,-,-,-,-,-,-,-,-,,−,−,−,-,−,−,-,–,-,-,,−,−,−,-,−,−,-,–,-,-
,,-,-,-,-,-,-,-,-,-,-,,−,−,−,-,−,−,-,–,-,-,,−,−,−,-,−,−,-,–,-,-
,,-,-,-,-,-,-,-,-,-,-,,−,−,−,-,−,−,-,–,-,-,,−,−,−,-,−,−,-,–,-,-
,,-,-,-,-,-,-,-,-,-,-,,−,−,−,-,−,−,-,–,-,-,,−,−,−,-,−,−,-,–,-,-
,,-,-,-,-,-,-,-,-,-,-,,−,−,−,-,−,−,-,–,-,-,,−,−,−,-,−,−,-,–,-,-
,,-,-,-,-,-,-,-,-,-,-,,−,−,−,-,−,−,-,–,-,-,,−,−,−,-,−,−,-,–,-,-
,,-,-,-,-,-,-,-,-,-,-,,−,−,−,-,−,−,-,–,-,-,,−,−,−,-,−,−,-,–,-,-
,,-,-,-,-,-,-,-,-,-,-,,−,−,−,-,−,−,-,–,-,-,,−,−,−,-,−,−,-,–,-,-
,,-,-,-,-,-,-,-,-,-,-,,−,−,−,-,−,−,-,–,-,-,,−,−,−,-,−,−,-,–,-,-
,,-,-,-,-,-,-,-,-,-,-,,−,−,−,-,−,−,-,–,-,-,,−,−,−,-,−,−,-,–,-,-
,,-,-,-,-,-,-,-,-,-,-,,−,−,−,-,−,−,-,–,-,-,,−,−,−,-,−,−,-,–,-,-
,,-,-,-,-,-,-,-,-,-,-,,−,−,−,-,−,−,-,–,-,-,,−,−,−,-,−,−,-,–,-,-
,,-,-,-,-,-,-,-,-,-,-,,−,−,−,-,−,−,-,–,-,-,,−,−,−,-,−,−,-,–,-,-
,,-,-,-,-,-,-,-,-,-,-,,−,−,−,-,−,−,-,–,-,-,,−,−,−,-,−,−,-,–,-,-
,,-,-,-,-,-,-,-,-,-,-,,−,−,−,-,−,−,-,–,-,-,,−,−,−,-,−,−,-,–,-,-
,,-,-,-,-,-,-,-,-,-,-,,−,−,−,-,−,−,-,–,-,-,,−,−,−,-,−,−,-,–,-,-
,,-,-,-,-,-,-,-,-,-,-,,−,−,−,-,−,−,-,–,-,-,,−,−,−,-,−,−,-,–,-,-
,,-,-,-,-,-,-,-,-,-,-,,−,−,−,-,−,−,-,–,-,-,,−,−,−,-,−,−,-,–,-,-
,,-,-,-,-,-,-,-,-,-,-,,−,−,−,-,−,−,-,–,-,-,,−,−,−,-,−,−,-,–,-,-
,,-,-,-,-,-,-,-,-,-,-,,−,−,−,-,−,−,-,–,-,-,,−,−,−,-,−,−,-,–,-,-
,,-,-,-,-,-,-,-,-,-,-,,−,−,−,-,−,−,-,–,-,-,,−,−,−,-,−,−,-,–,-,-
,,-,-,-,-,-,-,-,-,-,-,,−,−,−,-,−,−,-,–,-,-,,−,−,−,-,−,−,-,–,-,-
,,-,-,-,-,-,-,-,-,-,-,,−,−,−,-,−,−,-,–,-,-,,−,−,−,-,−,−,-,–,-,-
,,-,-,-,-,-,-,-,-,-,-,,−,−,−,-,−,−,-,–,-,-,,−,−,−,-,−,−,-,–,-,-
,,-,-,-,-,-,-,-,-,-,-,,−,−,−,-,−,−,-,–,-,-,,−,−,−,-,−,−,-,–,-,-
,,-,-,-,-,-,-,-,-,-,-,,−,−,−,-,−,−,-,–,-,-,,−,−,−,-,−,−,-,–,-,-
,,-,-,-,-,-,-,-,-,-,-,,−,−,−,-,−,−,-,–,-,-,,−,−,−,-,−,−,-,–,-,-
,,-,-,-,-,-,-,-,-,-,-,,−,−,−,-,−,−,-,–,-,-,,−,−,−,-,−,−,-,–,-,-
,,-,-,-,-,-,-,-,-,-,-,,−,−,−,-,−,−,-,–,-,-,,−,−,−,-,−,−,-,–,-,-
,,-,-,-,-,-,-,-,-,-,-,,−,−,−,-,−,−,-,–,-,-,,−,−,−,-,−,−,-,–,-,-
,,-,-,-,-,-,-,-,-,-,-,,−,−,−,-,−,−,-,–,-,-,,−,−,−,-,−,−,-,–,-,-
,,-,-,-,-,-,-,-,-,-,-,,−,−,−,-,−,−,-,–,-,-,,−,−,−,-,−,−,-,–,-,-
,,-,-,-,-,-,-,-,-,-,-,,−,−,−,-,−,−,-,–,-,-,,−,−,−,-,−,−,-,–,-,-
,,-,-,-,-,-,-,-,-,-,-,,−,−,−,-,−,−,-,–,-,-,,−,−,−,-,−,−,-,–,-,-
,,-,-,-,-,-,-,-,-,-,-,,−,−,−,-,−,−,-,–,-,-,,−,−,−,-,−,−,-,–,-,-
,,-,-,-,-,-,-,-,-,-,-,,−,−,−,-,−,−,-,–,-,-,,−,−,−,-,−,−,-,–,-,-
,,-,-,-,-,-,-,-,-,-,-,,−,−,−,-,−,−,-,–,-,-,,−,−,−,-,−,−,-,–,-,-
,,-,-,-,-,-,-,-,-,-,-,,−,−,−,-,−,−,-,–,-,-,,−,−,−,-,−,−,-,–,-,-
,,-,-,-,-,-,-,-,-,-,-,,−,−,−,-,−,−,-,–,-,-,,−,−,−,-,−,−,-,–,-,-
,,-,-,-,-,-,-,-,-,-,-,,−,−,−,-,−,−,-,–,-,-,,−,−,−,-,−,−,-,–,-,-
,,-,-,-,-,-,-,-,-,-,-,,−,−,−,-,−,−,-,–,-,-,,−,−,−,-,−,−,-,–,-,-
,,-,-,-,-,-,-,-,-,-,-,,−,−,−,-,−,−,-,–,-,-,,−,−,−,-,−,−,-,–,-,-
,,-,-,-,-,-,-,-,-,-,-,,−,−,−,-,−,−,-,–,-,-,,−,−,−,-,−,−,-,–,-,-
,,-,-,-,-,-,-,-,-,-,-,,−,−,−,-,−,−,-,–,-,-,,−,−,−,-,−,−,-,–,-,-
,,-,-,-,-,-,-,-,-,-,-,,−,−,−,-,−,−,-,–,-,-,,−,−,−,-,−,−,-,–,-,-
,,-,-,-,-,-,-,-,-,-,-,,−,−,−,-,−,−,-,–,-,-,,−,−,−,-,−,−,-,–,-,-
,,-,-,-,-,-,-,-,-,-,-,,−,−,−,-,−,−,-,–,-,-,,−,−,−,-,−,−,-,–,-,-
,,-,-,-,-,-,-,-,-,-,-,,−,−,−,-,−,−,-,–,-,-,,−,−,−,-,−,−,-,–,-,-
,,-,-,-,-,-,-,-,-,-,-,,−,−,−,-,−,−,-,–,-,-,,−,−,−,-,−,−,-,–,-,-
,,-,-,-,-,-,-,-,-,-,-,,−,−,−,-,−,−,-,–,-,-,,−,−,−,-,−,−,-,–,-,-
,,-,-,-,-,-,-,-,-,-,-,,−,−,−,-,−,−,-,–,-,-,,−,−,−,-,−,−,-,–,-,-
,,-,-,-,-,-,-,-,-,-,-,,−,−,−,-,−,−,-,–,-,-,,−,−,−,-,−,−,-,–,-,-
,,-,-,-,-,-,-,-,-,-,-,,−,−,−,-,−,−,-,–,-,-,,−,−,−,-,−,−,-,–,-,-
,,-,-,-,-,-,-,-,-,-,-,,−,−,−,-,−,−,-,–,-,-,,−,−,−,-,−,−,-,–,-,-
,,-,-,-,-,-,-,-,-,-,-,,−,−,−,-,−,−,-,–,-,-,,−,−,−,-,−,−,-,–,-,-
,,-,-,-,-,-,-,-,-,-,-,,−,−,−,-,−,−,-,–,-,-,,−,−,−,-,−,−,-,–,-,-
,,-,-,-,-,-,-,-,-,-,-,,−,−,−,-,−,−,-,–,-,-,,−,−,−,-,−,−,-,–,-,-
,,-,-,-,-,-,-,-,-,-,-,,−,−,−,-,−,−,-,–,-,-,,−,−,−,-,−,−,-,–,-,-
,,-,-,-,-,-,-,-,-,-,-,,−,−,−,-,−,−,-,–,-,-,,−,−,−,-,−,−,-,–,-,-
,,-,-,-,-,-,-,-,-,-,-,,−,−,−,-,−,−,-,–,-,-,,−,−,−,-,−,−,-,–,-,-
,,-,-,-,-,-,-,-,-,-,-,,−,−,−,-,−,−,-,–,-,-,,−,−,−,-,−,−,-,–,-,-
,,-,-,-,-,-,-,-,-,-,-,,−,−,−,-,−,−,-,–,-,-,,−,−,−,-,−,−,-,–,-,-
,,-,-,-,-,-,-,-,-,-,-,,−,−,−,-,−,−,-,–,-,-,,−,−,−,-,−,−,-,–,-,-
,,-,-,-,-,-,-,-,-,-,-,,−,−,−,-,−,−,-,–,-,-,,−,−,−,-,−,−,-,–,-,-
,,-,-,-,-,-,-,-,-,-,-,,−,−,−,-,−,−,-,–,-,-,,−,−,−,-,−,−,-,–,-,-
,,-,-,-,-,-,-,-,-,-,-,,−,−,−,-,−,−,-,–,-,-,,−,−,−,-,−,−,-,–,-,-
,,-,-,-,-,-,-,-,-,-,-,,−,−,−,-,−,−,-,–,-,-,,−,−,−,-,−,−,-,–,-,-
,,-,-,-,-,-,-,-,-,-,-,,−,−,−,-,−,−,-,–,-,-,,−,−,−,-,−,−,-,–,-,-
,,-,-,-,-,-,-,-,-,-,-,,−,−,−,-,−,−,-,–,-,-,,−,−,−,-,−,−,-,–,-,-
,,-,-,-,-,-,-,-,-,-,-,,−,−,−,-,−,−,-,–,-,-,,−,−,−,-,−,−,-,–,-,-
,,-,-,-,-,-,-,-,-,-,-,,−,−,−,-,−,−,-,–,-,-,,−,−,−,-,−,−,-,–,-,-
,,-,-,-,-,-,-,-,-,-,-,,−,−,−,-,−,−,-,–,-,-,,−,−,−,-,−,−,-,–,-,-
,,-,-,-,-,-,-,-,-,-,-,,−,−,−,-,−,−,-,–,-,-,,−,−,−,-,−,−,-,–,-,-
,,-,-,-,-,-,-,-,-,-,-,,−,−,−,-,−,−,-,–,-,-,,−,−,−,-,−,−,-,–,-,-
,,-,-,-,-,-,-,-,-,-,-,,−,−,−,-,−,−,-,–,-,-,,−,−,−,-,−,−,-,–,-,-
,,-,-,-,-,-,-,-,-,-,-,,−,−,−,-,−,−,-,–,-,-,,−,−,−,-,−,−,-,–,-,-
,,-,-,-,-,-,-,-,-,-,-,,−,−,−,-,−,−,-,–,-,-,,−,−,−,-,−,−,-,–,-,-
,,-,-,-,-,-,-,-,-,-,-,,−,−,−,-,−,−,-,–,-,-,,−,−,−,-,−,−,-,–,-,-
,,-,-,-,-,-,-,-,-,-,-,,−,−,−,-,−,−,-,–,-,-,,−,−,−,-,−,−,-,–,-,-
,,-,-,-,-,-,-,-,-,-,-,,−,−,−,-,−,−,-,–,-,-,,−,−,−,-,−,−,-,–,-,-
,,-,-,-,-,-,-,-,-,-,-,,−,−,−,-,−,−,-,–,-,-,,−,−,−,-,−,−,-,–,-,-
,,-,-,-,-,-,-,-,-,-,-,,−,−,−,-,−,−,-,–,-,-,,−,−,−,-,−,−,-,–,-,-
,,-,-,-,-,-,-,-,-,-,-,,−,−,−,-,−,−,-,–,-,-,,−,−,−,-,−,−,-,–,-,-
,,-,-,-,-,-,-,-,-,-,-,,−,−,−,-,−,−,-,–,-,-,,−,−,−,-,−,−,-,–,-,-
,,-,-,-,-,-,-,-,-,-,-,,−,−,−,-,−,−,-,–,-,-,,−,−,−,-,−,−,-,–,-,-
,,-,-,-,-,-,-,-,-,-,-,,−,−,−,-,−,−,-,–,-,-,,−,−,−,-,−,−,-,–,-,-
,,-,-,-,-,-,-,-,-,-,-,,−,−,−,-,−,−,-,–,-,-,,−,−,−,-,−,−,-,–,-,-
,,-,-,-,-,-,-,-,-,-,-,,−,−,−,-,−,−,-,–,-,-,,−,−,−,-,−,−,-,–,-,-
,,-,-,-,-,-,-,-,-,-,-,,−,−,−,-,−,−,-,–,-,-,,−,−,−,-,−,−,-,–,-,-
,,-,-,-,-,-,-,-,-,-,-,,−,−,−,-,−,−,-,–,-,-,,−,−,−,-,−,−,-,–,-,-
,,-,-,-,-,-,-,-,-,-,-,,−,−,−,-,−,−,-,–,-,-,,−,−,−,-,−,−,-,–,-,-
,,-,-,-,-,-,-,-,-,-,-,,−,−,−,-,−,−,-,–,-,-,,−,−,−,-,−,−,-,–,-,-
,,-,-,-,-,-,-,-,-,-,-,,−,−,−,-,−,−,-,–,-,-,,−,−,−,-,−,−,-,–,-,-
,,-,-,-,-,-,-,-,-,-,-,,−,−,−,-,−,−,-,–,-,-,,−,−,−,-,−,−,-,–,-,-
,,-,-,-,-,-,-,-,-,-,-,,−,−,−,-,−,−,-,–,-,-,,−,−,−,-,−,−,-,–,-,-
,,-,-,-,-,-,-,-,-,-,-,,−,−,−,-,−,−,-,–,-,-,,−,−,−,-,−,−,-,–,-,-
,,-,-,-,-,-,-,-,-,-,-,,−,−,−,-,−,−,-,–,-,-,,−,−,−,-,−,−,-,–,-,-
,,-,-,-,-,-,-,-,-,-,-,,−,−,−,-,−,−,-,–,-,-,,−,−,−,-,−,−,-,–,-,-
,,-,-,-,-,-,-,-,-,-,-,,−,−,−,-,−,−,-,–,-,-,,−,−,−,-,−,−,-,–,-,-
,,-,-,-,-,-,-,-,-,-,-,,−,−,−,-,−,−,-,–,-,-,,−,−,−,-,−,−,-,–,-,-
,,-,-,-,-,-,-,-,-,-,-,,−,−,−,-,−,−,-,–,-,-,,−,−,−,-,−,−,-,–,-,-
,,-,-,-,-,-,-,-,-,-,-,,−,−,−,-,−,−,-,–,-,-,,−,−,−,-,−,−,-,–,-,-
,,-,-,-,-,-,-,-,-,-,-,,−,−,−,-,−,−,-,–,-,-,,−,−,−,-,−,−,-,–,-,-
,,-,-,-,-,-,-,-,-,-,-,,−,−,−,-,−,−,-,–,-,-,,−,−,−,-,−,−,-,–,-,-
,,-,-,-,-,-,-,-,-,-,-,,−,−,−,-,−,−,-,–,-,-,,−,−,−,-,−,−,-,–,-,-
,,-,-,-,-,-,-,-,-,-,-,,−,−,−,-,−,−,-,–,-,-,,−,−,−,-,−,−,-,–,-,-
,,-,-,-,-,-,-,-,-,-,-,,−,−,−,-,−,−,-,–,-,-,,−,−,−,-,−,−,-,–,-,-
,,-,-,-,-,-,-,-,-,-,-,,−,−,−,-,−,−,-,–,-,-,,−,−,−,-,−,−,-,–,-,-
,,-,-,-,-,-,-,-,-,-,-,,−,−,−,-,−,−,-,–,-,-,,−,−,−,-,−,−,-,–,-,-
,,-,-,-,-,-,-,-,-,-,-,,−,−,−,-,−,−,-,–,-,-,,−,−,−,-,−,−,-,–,-,-
,,-,-,-,-,-,-,-,-,-,-,,−,−,−,-,−,−,-,–,-,-,,−,−,−,-,−,−,-,–,-,-
,,-,-,-,-,-,-,-,-,-,-,,−,−,−,-,−,−,-,–,-,-,,−,−,−,-,−,−,-,–,-,-
,,-,-,-,-,-,-,-,-,-,-,,−,−,−,-,−,−,-,–,-,-,,−,−,−,-,−,−,-,–,-,-
,,-,-,-,-,-,-,-,-,-,-,,−,−,−,-,−,−,-,–,-,-,,−,−,−,-,−,−,-,–,-,-
,,-,-,-,-,-,-,-,-,-,-,,−,−,−,-,−,−,-,–,-,-,,−,−,−,-,−,−,-,–,-,-
,,-,-,-,-,-,-,-,-,-,-,,−,−,−,-,−,−,-,–,-,-,,−,−,−,-,−,−,-,–,-,-
,,-,-,-,-,-,-,-,-,-,-,,−,−,−,-,−,−,-,–,-,-,,−,−,−,-,−,−,-,–,-,-
,,-,-,-,-,-,-,-,-,-,-,,−,−,−,-,−,−,-,–,-,-,,−,−,−,-,−,−,-,–,-,-
,,-,-,-,-,-,-,-,-,-,-,,−,−,−,-,−,−,-,–,-,-,,−,−,−,-,−,−,-,–,-,-
,,-,-,-,-,-,-,-,-,-,-,,−,−,−,-,−,−,-,–,-,-,,−,−,−,-,−,−,-,–,-,-
,,-,-,-,-,-,-,-,-,-,-,,−,−,−,-,−,−,-,–,-,-,,−,−,−,-,−,−,-,–,-,-
,,-,-,-,-,-,-,-,-,-,-,,−,−,−,-,−,−,-,–,-,-,,−,−,−,-,−,−,-,–,-,-
,,-,-,-,-,-,-,-,-,-,-,,−,−,−,-,−,−,-,–,-,-,,−,−,−,-,−,−,-,–,-,-
,,-,-,-,-,-,-,-,-,-,-,,−,−,−,-,−,−,-,–,-,-,,−,−,−,-,−,−,-,–,-,-
,,-,-,-,-,-,-,-,-,-,-,,−,−,−,-,−,−,-,–,-,-,,−,−,−,-,−,−,-,–,-,-
,,-,-,-,-,-,-,-,-,-,-,,−,−,−,-,−,−,-,–,-,-,,−,−,−,-,−,−,-,–,-,-
,,-,-,-,-,-,-,-,-,-,-,,−,−,−,-,−,−,-,–,-,-,,−,−,−,-,−,−,-,–,-,-
,,-,-,-,-,-,-,-,-,-,-,,−,−,−,-,−,−,-,–,-,-,,−,−,−,-,−,−,-,–,-,-
,,-,-,-,-,-,-,-,-,-,-,,−,−,−,-,−,−,-,–,-,-,,−,−,−,-,−,−,-,–,-,-
,,-,-,-,-,-,-,-,-,-,-,,−,−,−,-,−,−,-,–,-,-,,−,−,−,-,−,−,-,–,-,-
,,-,-,-,-,-,-,-,-,-,-,,−,−,−,-,−,−,-,–,-,-,,−,−,−,-,−,−,-,–,-,-
,,-,-,-,-,-,-,-,-,-,-,,−,−,−,-,−,−,-,–,-,-,,−,−,−,-,−,−,-,–,-,-
,,-,-,-,-,-,-,-,-,-,-,,−,−,−,-,−,−,-,–,-,-,,−,−,−,-,−,−,-,–,-,-
,,-,-,-,-,-,-,-,-,-,-,,−,−,−,-,−,−,-,–,-,-,,−,−,−,-,−,−,-,–,-,-
,,-,-,-,-,-,-,-,-,-,-,,−,−,−,-,−,−,-,–,-,-,,−,−,−,-,−,−,-,–,-,-
,,-,-,-,-,-,-,-,-,-,-,,−,−,−,-,−,−,-,–,-,-,,−,−,−,-,−,−,-,–,-,-
,,-,-,-,-,-,-,-,-,-,-,,−,−,−,-,−,−,-,–,-,-,,−,−,−,-,−,−,-,–,-,-
,,-,-,-,-,-,-,-,-,-,-,,−,−,−,-,−,−,-,–,-,-,,−,−,−,-,−,−,-,–,-,-
,,-,-,-,-,-,-,-,-,-,-,,−,−,−,-,−,−,-,–,-,-,,−,−,−,-,−,−,-,–,-,-
,,-,-,-,-,-,-,-,-,-,-,,−,−,−,-,−,−,-,–,-,-,,−,−,−,-,−,−,-,–,-,-
,,-,-,-,-,-,-,-,-,-,-,,−,−,−,-,−,−,-,–,-,-,,−,−,−,-,−,−,-,–,-,-
,,-,-,-,-,-,-,-,-,-,-,,−,−,−,-,−,−,-,–,-,-,,−,−,−,-,−,−,-,–,-,-
,,-,-,-,-,-,-,-,-,-,-,,−,−,−,-,−,−,-,–,-,-,,−,−,−,-,−,−,-,–,-,-
,,-,-,-,-,-,-,-,-,-,-,,−,−,−,-,−,−,-,–,-,-,,−,−,−,-,−,−,-,–,-,-
,,-,-,-,-,-,-,-,-,-,-,,−,−,−,-,−,−,-,–,-,-,,−,−,−,-,−,−,-,–,-,-
,,-,-,-,-,-,-,-,-,-,-,,−,−,−,-,−,−,-,–,-,-,,−,−,−,-,−,−,-,–,-,-
,,-,-,-,-,-,-,-,-,-,-,,−,−,−,-,−,−,-,–,-,-,,−,−,−,-,−,−,-,–,-,-
,,-,-,-,-,-,-,-,-,-,-,,−,−,−,-,−,−,-,–,-,-,,−,−,−,-,−,−,-,–,-,-
,,-,-,-,-,-,-,-,-,-,-,,−,−,−,-,−,−,-,–,-,-,,−,−,−,-,−,−,-,–,-,-
,,-,-,-,-,-,-,-,-,-,-,,−,−,−,-,−,−,-,–,-,-,,−,−,−,-,−,−,-,–,-,-
,,-,-,-,-,-,-,-,-,-,-,,−,−,−,-,−,−,-,–,-,-,,−,−,−,-,−,−,-,–,-,-
,,-,-,-,-,-,-,-,-,-,-,,−,−,−,-,−,−,-,–,-,-,,−,−,−,-,−,−,-,–,-,-
,,-,-,-,-,-,-,-,-,-,-,,−,−,−,-,−,−,-,–,-,-,,−,−,−,-,−,−,-,–,-,-
,,-,-,-,-,-,-,-,-,-,-,,−,−,−,-,−,−,-,–,-,-,,−,−,−,-,−,−,-,–,-,-
,,-,-,-,-,-,-,-,-,-,-,,−,−,−,-,−,−,-,–,-,-,,−,−,−,-,−,−,-,–,-,-
,,-,-,-,-,-,-,-,-,-,-,,−,−,−,-,−,−,-,–,-,-,,−,−,−,-,−,−,-,–,-,-
,,-,-,-,-,-,-,-,-,-,-,,−,−,−,-,−,−,-,–,-,-,,−,−,−,-,−,−,-,–,-,-
,,-,-,-,-,-,-,-,-,-,-,,−,−,−,-,−,−,-,–,-,-,,−,−,−,-,−,−,-,–,-,-
,,-,-,-,-,-,-,-,-,-,-,,−,−,−,-,−,−,-,–,-,-,,−,−,−,-,−,−,-,–,-,-
,,-,-,-,-,-,-,-,-,-,-,,−,−,−,-,−,−,-,–,-,-,,−,−,−,-,−,−,-,–,-,-
,,-,-,-,-,-,-,-,-,-,-,,−,−,−,-,−,−,-,–,-,-,,−,−,−,-,−,−,-,–,-,-
,,-,-,-,-,-,-,-,-,-,-,,−,−,−,-,−,−,-,–,-,-,,−,−,−,-,−,−,-,–,-,-
,,-,-,-,-,-,-,-,-,-,-,,−,−,−,-,−,−,-,–,-,-,,−,−,−,-,−,−,-,–,-,-
,,-,-,-,-,-,-,-,-,-,-,,−,−,−,-,−,−,-,–,-,-,,−,−,−,-,−,−,-,–,-,-
,,-,-,-,-,-,-,-,-,-,-,,−,−,−,-,−,−,-,–,-,-,,−,−,−,-,−,−,-,–,-,-
,,-,-,-,-,-,-,-,-,-,-,,−,−,−,-,−,−,-,–,-,-,,−,−,−,-,−,−,-,–,-,-
,,-,-,-,-,-,-,-,-,-,-,,−,−,−,-,−,−,-,–,-,-,,−,−,−,-,−,−,-,–,-,-
,,-,-,-,-,-,-,-,-,-,-,,−,−,−,-,−,−,-,–,-,-,,−,−,−,-,−,−,-,–,-,-
,,-,-,-,-,-,-,-,-,-,-,,−,−,−,-,−,−,-,–,-,-,,−,−,−,-,−,−,-,–,-,-
,,-,-,-,-,-,-,-,-,-,-,,−,−,−,-,−,−,-,–,-,-,,−,−,−,-,−,−,-,–,-,-
,,-,-,-,-,-,-,-,-,-,-,,−,−,−,-,−,−,-,–,-,-,,−,−,−,-,−,−,-,–,-,-
,,-,-,-,-,-,-,-,-,-,-,,−,−,−,-,−,−,-,–,-,-,,−,−,−,-,−,−,-,–,-,-
,,-,-,-,-,-,-,-,-,-,-,,−,−,−,-,−,−,-,–,-,-,,−,−,−,-,−,−,-,–,-,-
,,-,-,-,-,-,-,-,-,-,-,,−,−,−,-,−,−,-,–,-,-,,−,−,−,-,−,−,-,–,-,-
,,-,-,-,-,-,-,-,-,-,-,,−,−,−,-,−,−,-,–,-,-,,−,−,−,-,−,−,-,–,-,-
,,-,-,-,-,-,-,-,-,-,-,,−,−,−,-,−,−,-,–,-,-,,−,−,−,-,−,−,-,–,-,-
,,-,-,-,-,-,-,-,-,-,-,,−,−,−,-,−,−,-,–,-,-,,−,−,−,-,−,−,-,–,-,-
,,-,-,-,-,-,-,-,-,-,-,,−,−,−,-,−,−,-,–,-,-,,−,−,−,-,−,−,-,–,-,-
,,-,-,-,-,-,-,-,-,-,-,,−,−,−,-,−,−,-,–,-,-,,−,−,−,-,−,−,-,–,-,-
,,-,-,-,-,-,-,-,-,-,-,,−,−,−,-,−,−,-,–,-,-,,−,−,−,-,−,−,-,–,-,-
,,-,-,-,-,-,-,-,-,-,-,,−,−,−,-,−,−,-,–,-,-,,−,−,−,-,−,−,-,–,-,-
,,-,-,-,-,-,-,-,-,-,-,,−,−,−,-,−,−,-,–,-,-,,−,−,−,-,−,−,-,–,-,-
,,-,-,-,-,-,-,-,-,-,-,,−,−,−,-,−,−,-,–,-,-,,−,−,−,-,−,−,-,–,-,-
,,-,-,-,-,-,-,-,-,-,-,,−,−,−,-,−,−,-,–,-,-,,−,−,−,-,−,−,-,–,-,-
,,-,-,-,-,-,-,-,-,-,-,,−,−,−,-,−,−,-,–,-,-,,−,−,−,-,−,−,-,–,-,-
,,-,-,-,-,-,-,-,-,-,-,,−,−,−,-,−,−,-,–,-,-,,−,−,−,-,−,−,-,–,-,-
,,-,-,-,-,-,-,-,-,-,-,,−,−,−,-,−,−,-,–,-,-,,−,−,−,-,−,−,-,–,-,-
,,-,-,-,-,-,-,-,-,-,-,,−,−,−,-,−,−,-,–,-,-,,−,−,−,-,−,−,-,–,-,-
,,-,-,-,-,-,-,-,-,-,-,,−,−,−,-,−,−,-,–,-,-,,−,−,−,-,−,−,-,–,-,-
,,-,-,-,-,-,-,-,-,-,-,,−,−,−,-,−,−,-,–,-,-,,−,−,−,-,−,−,-,–,-,-
,,-,-,-,-,-,-,-,-,-,-,,−,−,−,-,−,−,-,–,-,-,,−,−,−,-,−,−,-,–,-,-
,,-,-,-,-,-,-,-,-,-,-,,−,−,−,-,−,−,-,–,-,-,,−,−,−,-,−,−,-,–,-,-
,,-,-,-,-,-,-,-,-,-,-,,−,−,−,-,−,−,-,–,-,-,,−,−,−,-,−,−,-,–,-,-
,,-,-,-,-,-,-,-,-,-,-,,−,−,−,-,−,−,-,–,-,-,,−,−,−,-,−,−,-,–,-,-
,,-,-,-,-,-,-,-,-,-,-,,−,−,−,-,−,−,-,–,-,-,,−,−,−,-,−,−,-,–,-,-
,,-,-,-,-,-,-,-,-,-,-,,−,−,−,-,−,−,-,–,-,-,,−,−,−,-,−,−,-,–,-,-
,,-,-,-,-,-,-,-,-,-,-,,−,−,−,-,−,−,-,–,-,-,,−,−,−,-,−,−,-,–,-,-
,,-,-,-,-,-,-,-,-,-,-,,−,−,−,-,−,−,-,–,-,-,,−,−,−,-,−,−,-,–,-,-
,,-,-,-,-,-,-,-,-,-,-,,−,−,−,-,−,−,-,–,-,-,,−,−,−,-,−,−,-,–,-,-
,,-,-,-,-,-,-,-,-,-,-,,−,−,−,-,−,−,-,–,-,-,,−,−,−,-,−,−,-,–,-,-
,,-,-,-,-,-,-,-,-,-,-,,−,−,−,-,−,−,-,–,-,-,,−,−,−,-,−,−,-,–,-,-
,,-,-,-,-,-,-,-,-,-,-,,−,−,−,-,−,−,-,–,-,-,,−,−,−,-,−,−,-,–,-,-
,,-,-,-,-,-,-,-,-,-,-,,−,−,−,-,−,−,-,–,-,-,,−,−,−,-,−,−,-,–,-,-
,,-,-,-,-,-,-,-,-,-,-,,−,−,−,-,−,−,-,–,-,-,,−,−,−,-,−,−,-,–,-,-
,,-,-,-,-,-,-,-,-,-,-,,−,−,−,-,−,−,-,–,-,-,,−,−,−,-,−,−,-,–,-,-
,,-,-,-,-,-,-,-,-,-,-,,−,−,−,-,−,−,-,–,-,-,,−,−,−,-,−,−,-,–,-,-
,,-,-,-,-,-,-,-,-,-,-,,−,−,−,-,−,−,-,–,-,-,,−,−,−,-,−,−,-,–,-,-
,,-,-,-,-,-,-,-,-,-,-,,−,−,−,-,−,−,-,–,-,-,,−,−,−,-,−,−,-,–,-,-
,,-,-,-,-,-,-,-,-,-,-,,−,−,−,-,−,−,-,–,-,-,,−,−,−,-,−,−,-,–,-,-
,,-,-,-,-,-,-,-,-,-,-,,−,−,−,-,−,−,-,–,-,-,,−,−,−,-,−,−,-,–,-,-
,,-,-,-,-,-,-,-,-,-,-,,−,−,−,-,−,−,-,–,-,-,,−,−,−,-,−,−,-,–,-,-
,,-,-,-,-,-,-,-,-,-,-,,−,−,−,-,−,−,-,–,-,-,,−,−,−,-,−,−,-,–,-,-
,,-,-,-,-,-,-,-,-,-,-,,−,−,−,-,−,−,-,–,-,-,,−,−,−,-,−,−,-,–,-,-
,,-,-,-,-,-,-,-,-,-,-,,−,−,−,-,−,−,-,–,-,-,,−,−,−,-,−,−,-,–,-,-
,,-,-,-,-,-,-,-,-,-,-,,−,−,−,-,−,−,-,–,-,-,,−,−,−,-,−,−,-,–,-,-
,,-,-,-,-,-,-,-,-,-,-,,−,−,−,-,−,−,-,–,-,-,,−,−,−,-,−,−,-,–,-,-
,,-,-,-,-,-,-,-,-,-,-,,−,−,−,-,−,−,-,–,-,-,,−,−,−,-,−,−,-,–,-,-
,,-,-,-,-,-,-,-,-,-,-,,−,−,−,-,−,−,-,–,-,-,,−,−,−,-,−,−,-,–,-,-
,,-,-,-,-,-,-,-,-,-,-,,−,−,−,-,−,−,-,–,-,-,,−,−,−,-,−,−,-,–,-,-
,,-,-,-,-,-,-,-,-,-,-,,−,−,−,-,−,−,-,–,-,-,,−,−,−,-,−,−,-,–,-,-
,,-,-,-,-,-,-,-,-,-,-,,−,−,−,-,−,−,-,–,-,-,,−,−,−,-,−,−,-,–,-,-
,,-,-,-,-,-,-,-,-,-,-,,−,−,−,-,−,−,-,–,-,-,,−,−,−,-,−,−,-,–,-,-
,,-,-,-,-,-,-,-,-,-,-,,−,−,−,-,−,−,-,–,-,-,,−,−,−,-,−,−,-,–,-,-
,,-,-,-,-,-,-,-,-,-,-,,−,−,−,-,−,−,-,–,-,-,,−,−,−,-,−,−,-,–,-,-
,,-,-,-,-,-,-,-,-,-,-,,−,−,−,-,−,−,-,–,-,-,,−,−,−,-,−,−,-,–,-,-
,,-,-,-,-,-,-,-,-,-,-,,−,−,−,-,−,−,-,–,-,-,,−,−,−,-,−,−,-,–,-,-
,,-,-,-,-,-,-,-,-,-,-,,−,−,−,-,−,−,-,–,-,-,,−,−,−,-,−,−,-,–,-,-
,,-,-,-,-,-,-,-,-,-,-,,−,−,−,-,−,−,-,–,-,-,,−,−,−,-,−,−,-,–,-,-
,,-,-,-,-,-,-,-,-,-,-,,−,−,−,-,−,−,-,–,-,-,,−,−,−,-,−,−,-,–,-,-
,,-,-,-,-,-,-,-,-,-,-,,−,−,−,-,−,−,-,–,-,-,,−,−,−,-,−,−,-,–,-,-
,,-,-,-,-,-,-,-,-,-,-,,−,−,−,-,−,−,-,–,-,-,,−,−,−,-,−,−,-,–,-,-
,,-,-,-,-,-,-,-,-,-,-,,−,−,−,-,−,−,-,–,-,-,,−,−,−,-,−,−,-,–,-,-
,,-,-,-,-,-,-,-,-,-,-,,−,−,−,-,−,−,-,–,-,-,,−,−,−,-,−,−,-,–,-,-
,,-,-,-,-,-,-,-,-,-,-,,−,−,−,-,−,−,-,–,-,-,,−,−,−,-,−,−,-,–,-,-
,,-,-,-,-,-,-,-,-,-,-,,−,−,−,-,−,−,-,–,-,-,,−,−,−,-,−,−,-,–,-,-
,,-,-,-,-,-,-,-,-,-,-,,−,−,−,-,−,−,-,–,-,-,,−,−,−,-,−,−,-,–,-,-
,,-,-,-,-,-,-,-,-,-,-,,−,−,−,-,−,−,-,–,-,-,,−,−,−,-,−,−,-,–,-,-
,,-,-,-,-,-,-,-,-,-,-,,−,−,−,-,−,−,-,–,-,-,,−,−,−,-,−,−,-,–,-,-
,,-,-,-,-,-,-,-,-,-,-,,−,−,−,-,−,−,-,–,-,-,,−,−,−,-,−,−,-,–,-,-
,,-,-,-,-,-,-,-,-,-,-,,−,−,−,-,−,−,-,–,-,-,,−,−,−,-,−,−,-,–,-,-
,,-,-,-,-,-,-,-,-,-,-,,−,−,−,-,−,−,-,–,-,-,,−,−,−,-,−,−,-,–,-,-
,,-,-,-,-,-,-,-,-,-,-,,−,−,−,-,−,−,-,–,-,-,,−,−,−,-,−,−,-,–,-,-
,,-,-,-,-,-,-,-,-,-,-,,−,−,−,-,−,−,-,–,-,-,,−,−,−,-,−,−,-,–,-,-
,,-,-,-,-,-,-,-,-,-,-,,−,−,−,-,−,−,-,–,-,-,,−,−,−,-,−,−,-,–,-,-
,,-,-,-,-,-,-,-,-,-,-,,−,−,−,-,−,−,-,–,-,-,,−,−,−,-,−,−,-,–,-,-
,,-,-,-,-,-,-,-,-,-,-,,−,−,−,-,−,−,-,–,-,-,,−,−,−,-,−,−,-,–,-,-
,,-,-,-,-,-,-,-,-,-,-,,−,−,−,-,−,−,-,–,-,-,,−,−,−,-,−,−,-,–,-,-
,,-,-,-,-,-,-,-,-,-,-,,−,−,−,-,−,−,-,–,-,-,,−,−,−,-,−,−,-,–,-,-
,,-,-,-,-,-,-,-,-,-,-,,−,−,−,-,−,−,-,–,-,-,,−,−,−,-,−,−,-,–,-,-
,,-,-,-,-,-,-,-,-,-,-,,−,−,−,-,−,−,-,–,-,-,,−,−,−,-,−,−,-,–,-,-
,,-,-,-,-,-,-,-,-,-,-,,−,−,−,-,−,−,-,–,-,-,,−,−,−,-,−,−,-,–,-,-
,,-,-,-,-,-,-,-,-,-,-,,−,−,−,-,−,−,-,–,-,-,,−,−,−,-,−,−,-,–,-,-
,,-,-,-,-,-,-,-,-,-,-,,−,−,−,-,−,−,-,–,-,-,,−,−,−,-,−,−,-,–,-,-
,,-,-,-,-,-,-,-,-,-,-,,−,−,−,-,−,−,-,–,-,-,,−,−,−,-,−,−,-,–,-,-
,,-,-,-,-,-,-,-,-,-,-,,−,−,−,-,−,−,-,–,-,-,,−,−,−,-,−,−,-,–,-,-
,,-,-,-,-,-,-,-,-,-,-,,−,−,−,-,−,−,-,–,-,-,,−,−,−,-,−,−,-,–,-,-
,,-,-,-,-,-,-,-,-,-,-,,−,−,−,-,−,−,-,–,-,-,,−,−,−,-,−,−,-,–,-,-
,,-,-,-,-,-,-,-,-,-,-,,−,−,−,-,−,−,-,–,-,-,,−,−,−,-,−,−,-,–,-,-
,,-,-,-,-,-,-,-,-,-,-,,−,−,−,-,−,−,-,–,-,-,,−,−,−,-,−,−,-,–,-,-
,,-,-,-,-,-,-,-,-,-,-,,−,−,−,-,−,−,-,–,-,-,,−,−,−,-,−,−,-,–,-,-
,,-,-,-,-,-,-,-,-,-,-,,−,−,−,-,−,−,-,–,-,-,,−,−,−,-,−,−,-,–,-,-
,,-,-,-,-,-,-,-,-,-,-,,−,−,−,-,−,−,-,–,-,-,,−,−,−,-,−,−,-,–,-,-
,,-,-,-,-,-,-,-,-,-,-,,−,−,−,-,−,−,-,–,-,-,,−,−,−,-,−,−,-,–,-,-
,,-,-,-,-,-,-,-,-,-,-,,−,−,−,-,−,−,-,–,-,-,,−,−,−,-,−,−,-,–,-,-
,,-,-,-,-,-,-,-,-,-,-,,−,−,−,-,−,−,-,–,-,-,,−,−,−,-,−,−,-,–,-,-
,,-,-,-,-,-,-,-,-,-,-,,−,−,−,-,−,−,-,–,-,-,,−,−,−,-,−,−,-,–,-,-
,,-,-,-,-,-,-,-,-,-,-,,−,−,−,-,−,−,-,–,-,-,,−,−,−,-,−,−,-,–,-,-
,,-,-,-,-,-,-,-,-,-,-,,−,−,−,-,−,−,-,–,-,-,,−,−,−,-,−,−,-,–,-,-
,,-,-,-,-,-,-,-,-,-,-,,−,−,−,-,−,−,-,–,-,-,,−,−,−,-,−,−,-,–,-,-
,,-,-,-,-,-,-,-,-,-,-,,−,−,−,-,−,−,-,–,-,-,,−,−,−,-,−,−,-,–,-,-
,,-,-,-,-,-,-,-,-,-,-,,−,−,−,-,−,−,-,–,-,-,,−,−,−,-,−,−,-,–,-,-
,,-,-,-,-,-,-,-,-,-,-,,−,−,−,-,−,−,-,–,-,-,,−,−,−,-,−,−,-,–,-,-
,,-,-,-,-,-,-,-,-,-,-,,−,−,−,-,−,−,-,–,-,-,,−,−,−,-,−,−,-,–,-,-
,,-,-,-,-,-,-,-,-,-,-,,−,−,−,-,−,−,-,–,-,-,,−,−,−,-,−,−,-,–,-,-
,,-,-,-,-,-,-,-,-,-,-,,−,−,−,-,−,−,-,–,-,-,,−,−,−,-,−,−,-,–,-,-
,,-,-,-,-,-,-,-,-,-,-,,−,−,−,-,−,−,-,–,-,-,,−,−,−,-,−,−,-,–,-,-
,,-,-,-,-,-,-,-,-,-,-,,−,−,−,-,−,−,-,–,-,-,,−,−,−,-,−,−,-,–,-,-
,,-,-,-,-,-,-,-,-,-,-,,−,−,−,-,−,−,-,–,-,-,,−,−,−,-,−,−,-,–,-,-
,,-,-,-,-,-,-,-,-,-,-,,−,−,−,-,−,−,-,–,-,-,,−,−,−,-,−,−,-,–,-,-
,,-,-,-,-,-,-,-,-,-,-,,−,−,−,-,−,−,-,–,-,-,,−,−,−,-,−,−,-,–,-,-
,,-,-,-,-,-,-,-,-,-,-,,−,−,−,-,−,−,-,–,-,-,,−,−,−,-,−,−,-,–,-,-
,,-,-,-,-,-,-,-,-,-,-,,−,−,−,-,−,−,-,–,-,-,,−,−,−,-,−,−,-,–,-,-
,,-,-,-,-,-,-,-,-,-,-,,−,−,−,-,−,−,-,–,-,-,,−,−,−,-,−,−,-,–,-,-
,,-,-,-,-,-,-,-,-,-,-,,−,−,−,-,−,−,-,–,-,-,,−,−,−,-,−,−,-,–,-,-
,,-,-,-,-,-,-,-,-,-,-,,−,−,−,-,−,−,-,–,-,-,,−,−,−,-,−,−,-,–,-,-
,,-,-,-,-,-,-,-,-,-,-,,−,−,−,-,−,−,-,–,-,-,,−,−,−,-,−,−,-,–,-,-
,,-,-,-,-,-,-,-,-,-,-,,−,−,−,-,−,−,-,–,-,-,,−,−,−,-,−,−,-,–,-,-
,,-,-,-,-,-,-,-,-,-,-,,−,−,−,-,−,−,-,–,-,-,,−,−,−,-,−,−,-,–,-,-
,,-,-,-,-,-,-,-,-,-,-,,−,−,−,-,−,−,-,–,-,-,,−,−,−,-,−,−,-,–,-,-
,,-,-,-,-,-,-,-,-,-,-,,−,−,−,-,−,−,-,–,-,-,,−,−,−,-,−,−,-,–,-,-
,,-,-,-,-,-,-,-,-,-,-,,−,−,−,-,−,−,-,–,-,-,,−,−,−,-,−,−,-,–,-,-
,,-,-,-,-,-,-,-,-,-,-,,−,−,−,-,−,−,-,–,-,-,,−,−,−,-,−,−,-,–,-,-
,,-,-,-,-,-,-,-,-,-,-,,−,−,−,-,−,−,-,–,-,-,,−,−,−,-,−,−,-,–,-,-
,,-,-,-,-,-,-,-,-,-,-,,−,−,−,-,−,−,-,–,-,-,,−,−,−,-,−,−,-,–,-,-
,,-,-,-,-,-,-,-,-,-,-,,−,−,−,-,−,−,-,–,-,-,,−,−,−,-,−,−,-,–,-,-
,,-,-,-,-,-,-,-,-,-,-,,−,−,−,-,−,−,-,–,-,-,,−,−,−,-,−,−,-,–,-,-
,,-,-,-,-,-,-,-,-,-,-,,−,−,−,-,−,−,-,–,-,-,,−,−,−,-,−,−,-,–,-,-
,,-,-,-,-,-,-,-,-,-,-,,−,−,−,-,−,−,-,–,-,-,,−,−,−,-,−,−,-,–,-,-
,,-,-,-,-,-,-,-,-,-,-,,−,−,−,-,−,−,-,–,-,-,,−,−,−,-,−,−,-,–,-,-
,,-,-,-,-,-,-,-,-,-,-,,−,−,−,-,−,−,-,–,-,-,,−,−,−,-,−,−,-,–,-,-
,,-,-,-,-,-,-,-,-,-,-,,−,−,−,-,−,−,-,–,-,-,,−,−,−,-,−,−,-,–,-,-
,,-,-,-,-,-,-,-,-,-,-,,−,−,−,-,−,−,-,–,-,-,,−,−,−,-,−,−,-,–,-,-
,,-,-,-,-,-,-,-,-,-,-,,−,−,−,-,−,−,-,–,-,-,,−,−,−,-,−,−,-,–,-,-
,,-,-,-,-,-,-,-,-,-,-,,−,−,−,-,−,−,-,–,-,-,,−,−,−,-,−,−,-,–,-,-
,,-,-,-,-,-,-,-,-,-,-,,−,−,−,-,−,−,-,–,-,-,,−,−,−,-,−,−,-,–,-,-
,,-,-,-,-,-,-,-,-,-,-,,−,−,−,-,−,−,-,–,-,-,,−,−,−,-,−,−,-,–,-,-
,,-,-,-,-,-,-,-,-,-,-,,−,−,−,-,−,−,-,–,-,-,,−,−,−,-,−,−,-,–,-,-
,,-,-,-,-,-,-,-,-,-,-,,−,−,−,-,−,−,-,–,-,-,,−,−,−,-,−,−,-,–,-,-
,,-,-,-,-,-,-,-,-,-,-,,−,−,−,-,−,−,-,–,-,-,,−,−,−,-,−,−,-,–,-,-
,,-,-,-,-,-,-,-,-,-,-,,−,−,−,-,−,−,-,–,-,-,,−,−,−,-,−,−,-,–,-,-
,,-,-,-,-,-,-,-,-,-,-,,−,−,−,-,−,−,-,–,-,-,,−,−,−,-,−,−,-,–,-,-
,,-,-,-,-,-,-,-,-,-,-,,−,−,−,-,−,−,-,–,-,-,,−,−,−,-,−,−,-,–,-,-
,,-,-,-,-,-,-,-,-,-,-,,−,−,−,-,−,−,-,–,-,-,,−,−,−,-,−,−,-,–,-,-
,,-,-,-,-,-,-,-,-,-,-,,−,−,−,-,−,−,-,–,-,-,,−,−,−,-,−,−,-,–,-,-
,,-,-,-,-,-,-,-,-,-,-,,−,−,−,-,−,−,-,–,-,-,,−,−,−,-,−,−,-,–,-,-
,,-,-,-,-,-,-,-,-,-,-,,−,−,−,-,−,−,-,–,-,-,,−,−,−,-,−,−,-,–,-,-
,,-,-,-,-,-,-,-,-,-,-,,−,−,−,-,−,−,-,–,-,-,,−,−,−,-,−,−,-,–,-,-
,,-,-,-,-,-,-,-,-,-,-,,−,−,−,-,−,−,-,–,-,-,,−,−,−,-,−,−,-,–,-,-
,,-,-,-,-,-,-,-,-,-,-,,−,−,−,-,−,−,-,–,-,-,,−,−,−,-,−,−,-,–,-,-
,,-,-,-,-,-,-,-,-,-,-,,−,−,−,-,−,−,-,–,-,-,,−,−,−,-,−,−,-,–,-,-
,,-,-,-,-,-,-,-,-,-,-,,−,−,−,-,−,−,-,–,-,-,,−,−,−,-,−,−,-,–,-,-
,,-,-,-,-,-,-,-,-,-,-,,−,−,−,-,−,−,-,–,-,-,,−,−,−,-,−,−,-,–,-,-
,,-,-,-,-,-,-,-,-,-,-,,−,−,−,-,−,−,-,–,-,-,,−,−,−,-,−,−,-,–,-,-
,,-,-,-,-,-,-,-,-,-,-,,−,−,−,-,−,−,-,–,-,-,,−,−,−,-,−,−,-,–,-,-
,,-,-,-,-,-,-,-,-,-,-,,−,−,−,-,−,−,-,–,-,-,,−,−,−,-,−,−,-,–,-,-
,,-,-,-,-,-,-,-,-,-,-,,−,−,−,-,−,−,-,–,-,-,,−,−,−,-,−,−,-,–,-,-
,,-,-,-,-,-,-,-,-,-,-,,−,−,−,-,−,−,-,–,-,-,,−,−,−,-,−,−,-,–,-,-
,,-,-,-,-,-,-,-,-,-,-,,−,−,−,-,−,−,-,–,-,-,,−,−,−,-,−,−,-,–,-,-
,,-,-,-,-,-,-,-,-,-,-,,−,−,−,-,−,−,-,–,-,-,,−,−,−,-,−,−,-,–,-,-
,,-,-,-,-,-,-,-,-,-,-,,−,−,−,-,−,−,-,–,-,-,,−,−,−,-,−,−,-,–,-,-
,,-,-,-,-,-,-,-,-,-,-,,−,−,−,-,−,−,-,–,-,-,,−,−,−,-,−,−,-,–,-,-
,,-,-,-,-,-,-,-,-,-,-,,−,−,−,-,−,−,-,–,-,-,,−,−,−,-,−,−,-,–,-,-
,,-,-,-,-,-,-,-,-,-,-,,−,−,−,-,−,−,-,–,-,-,,−,−,−,-,−,−,-,–,-,-
,,-,-,-,-,-,-,-,-,-,-,,−,−,−,-,−,−,-,–,-,-,,−,−,−,-,−,−,-,–,-,-
,,-,-,-,-,-,-,-,-,-,-,,−,−,−,-,−,−,-,–,-,-,,−,−,−,-,−,−,-,–,-,-
,,-,-,-,-,-,-,-,-,-,-,,−,−,−,-,−,−,-,–,-,-,,−,−,−,-,−,−,-,–,-,-
,,-,-,-,-,-,-,-,-,-,-,,−,−,−,-,−,−,-,–,-,-,,−,−,−,-,−,−,-,–,-,-
,,-,-,-,-,-,-,-,-,-,-,,−,−,−,-,−,−,-,–,-,-,,−,−,−,-,−,−,-,–,-,-
,,-,-,-,-,-,-,-,-,-,-,,−,−,−,-,−,−,-,–,-,-,,−,−,−,-,−,−,-,–,-,-
,,-,-,-,-,-,-,-,-,-,-,,−,−,−,-,−,−,-,–,-,-,,−,−,−,-,−,−,-,–,-,-
,,-,-,-,-,-,-,-,-,-,-,,−,−,−,-,−,−,-,–,-,-,,−,−,−,-,−,−,-,–,-,-
,,-,-,-,-,-,-,-,-,-,-,,−,−,−,-,−,−,-,–,-,-,,−,−,−,-,−,−,-,–,-,-
,,-,-,-,-,-,-,-,-,-,-,,−,−,−,-,−,−,-,–,-,-,,−,−,−,-,−,−,-,–,-,-
,,-,-,-,-,-,-,-,-,-,-,,−,−,−,-,−,−,-,–,-,-,,−,−,−,-,−,−,-,–,-,-
,,-,-,-,-,-,-,-,-,-,-,,−,−,−,-,−,−,-,–,-,-,,−,−,−,-,−,−,-,–,-,-
,,-,-,-,-,-,-,-,-,-,-,,−,−,−,-,−,−,-,–,-,-,,−,−,−,-,−,−,-,–,-,-
,,-,-,-,-,-,-,-,-,-,-,,−,−,−,-,−,−,-,–,-,-,,−,−,−,-,−,−,-,–,-,-
,,-,-,-,-,-,-,-,-,-,-,,−,−,−,-,−,−,-,–,-,-,,−,−,−,-,−,−,-,–,-,-
,,-,-,-,-,-,-,-,-,-,-,,−,−,−,-,−,−,-,–,-,-,,−,−,−,-,−,−,-,–,-,-
,,-,-,-,-,-,-,-,-,-,-,,−,−,−,-,−,−,-,–,-,-,,−,−,−,-,−,−,-,–,-,-
,,-,-,-,-,-,-,-,-,-,-,,−,−,−,-,−,−,-,–,-,-,,−,−,−,-,−,−,-,–,-,-
,,-,-,-,-,-,-,-,-,-,-,,−,−,−,-,−,−,-,–,-,-,,−,−,−,-,−,−,-,–,-,-
,,-,-,-,-,-,-,-,-,-,-,,−,−,−,-,−,−,-,–,-,-,,−,−,−,-,−,−,-,–,-,-
,,-,-,-,-,-,-,-,-,-,-,,−,−,−,-,−,−,-,–,-,-,,−,−,−,-,−,−,-,–,-,-
,,-,-,-,-,-,-,-,-,-,-,,−,−,−,-,−,−,-,–,-,-,,−,−,−,-,−,−,-,–,-,-
,,-,-,-,-,-,-,-,-,-,-,,−,−,−,-,−,−,-,–,-,-,,−,−,−,-,−,−,-,–,-,-
,,-,-,-,-,-,-,-,-,-,-,,−,−,−,-,−,−,-,–,-,-,,−,−,−,-,−,−,-,–,-,-
,,-,-,-,-,-,-,-,-,-,-,,−,−,−,-,−,−,-,–,-,-,,−,−,−,-,−,−,-,–,-,-
,,-,-,-,-,-,-,-,-,-,-,,−,−,−,-,−,−,-,–,-,-,,−,−,−,-,−,−,-,–,-,-
,,-,-,-,-,-,-,-,-,-,-,,−,−,−,-,−,−,-,–,-,-,,−,−,−,-,−,−,-,–,-,-
,,-,-,-,-,-,-,-,-,-,-,,−,−,−,-,−,−,-,–,-,-,,−,−,−,-,−,−,-,–,-,-
,,-,-,-,-,-,-,-,-,-,-,,−,−,−,-,−,−,-,–,-,-,,−,−,−,-,−,−,-,–,-,-
,,-,-,-,-,-,-,-,-,-,-,,−,−,−,-,−,−,-,–,-,-,,−,−,−,-,−,−,-,–,-,-
,,-,-,-,-,-,-,-,-,-,-,,−,−,−,-,−,−,-,–,-,-,,−,−,−,-,−,−,-,–,-,-
,,-,-,-,-,-,-,-,-,-,-,,−,−,−,-,−,−,-,–,-,-,,−,−,−,-,−,−,-,–,-,-
,,-,-,-,-,-,-,-,-,-,-,,−,−,−,-,−,−,-,–,-,-,,−,−,−,-,−,−,-,–,-,-
,,-,-,-,-,-,-,-,-,-,-,,−,−,−,-,−,−,-,–,-,-,,−,−,−,-,−,−,-,–,-,-
,,-,-,-,-,-,-,-,-,-,-,,−,−,−,-,−,−,-,–,-,-,,−,−,−,-,−,−,-,–,-,-
,,-,-,-,-,-,-,-,-,-,-,,−,−,−,-,−,−,-,–,-,-,,−,−,−,-,−,−,-,–,-,-
,,-,-,-,-,-,-,-,-,-,-,,−,−,−,-,−,−,-,–,-,-,,−,−,−,-,−,−,-,–,-,-
,,-,-,-,-,-,-,-,-,-,-,,−,−,−,-,−,−,-,–,-,-,,−,−,−,-,−,−,-,–,-,-
,,-,-,-,-,-,-,-,-,-,-,,−,−,−,-,−,−,-,–,-,-,,−,−,−,-,−,−,-,–,-,-
,,-,-,-,-,-,-,-,-,-,-,,−,−,−,-,−,−,-,–,-,-,,−,−,−,-,−,−,-,–,-,-
,,-,-,-,-,-,-,-,-,-,-,,−,−,−,-,−,−,-,–,-,-,,−,−,−,-,−,−,-,–,-,-
,,-,-,-,-,-,-,-,-,-,-,,−,−,−,-,−,−,-,–,-,-,,−,−,−,-,−,−,-,–,-,-
,,-,-,-,-,-,-,-,-,-,-,,−,−,−,-,−,−,-,–,-,-,,−,−,−,-,−,−,-,–,-,-
,,-,-,-,-,-,-,-,-,-,-,,−,−,−,-,−,−,-,–,-,-,,−,−,−,-,−,−,-,–,-,-
,,-,-,-,-,-,-,-,-,-,-,,−,−,−,-,−,−,-,–,-,-,,−,−,−,-,−,−,-,–,-,-
,,-,-,-,-,-,-,-,-,-,-,,−,−,−,-,−,−,-,–,-,-,,−,−,−,-,−,−,-,–,-,-
,,-,-,-,-,-,-,-,-,-,-,,−,−,−,-,−,−,-,–,-,-,,−,−,−,-,−,−,-,–,-,-
,,-,-,-,-,-,-,-,-,-,-,,−,−,−,-,−,−,-,–,-,-,,−,−,−,-,−,−,-,–,-,-
,,-,-,-,-,-,-,-,-,-,-,,−,−,−,-,−,−,-,–,-,-,,−,−,−,-,−,−,-,–,-,-
,,-,-,-,-,-,-,-,-,-,-,,−,−,−,-,−,−,-,–,-,-,,−,−,−,-,−,−,-,–,-,-
,,-,-,-,-,-,-,-,-,-,-,,−,−,−,-,−,−,-,–,-,-,,−,−,−,-,−,−,-,–,-,-
,,-,-,-,-,-,-,-,-,-,-,,−,−,−,-,−,−,-,–,-,-,,−,−,−,-,−,−,-,–,-,-
,,-,-,-,-,-,-,-,-,-,-,,−,−,−,-,−,−,-,–,-,-,,−,−,−,-,−,−,-,–,-,-
,,-,-,-,-,-,-,-,-,-,-,,−,−,−,-,−,−,-,–,-,-,,−,−,−,-,−,−,-,–,-,-
,,-,-,-,-,-,-,-,-,-,-,,−,−,−,-,−,−,-,–,-,-,,−,−,−,-,−,−,-,–,-,-
,,-,-,-,-,-,-,-,-,-,-,,−,−,−,-,−,−,-,–,-,-,,−,−,−,-,−,−,-,–,-,-
,,-,-,-,-,-,-,-,-,-,-,,−,−,−,-,−,−,-,–,-,-,,−,−,−,-,−,−,-,–,-,-
,,-,-,-,-,-,-,-,-,-,-,,−,−,−,-,−,−,-,–,-,-,,−,−,−,-,−,−,-,–,-,-
,,-,-,-,-,-,-,-,-,-,-,,−,−,−,-,−,−,-,–,-,-,,−,−,−,-,−,−,-,–,-,-
,,-,-,-,-,-,-,-,-,-,-,,−,−,−,-,−,−,-,–,-,-,,−,−,−,-,−,−,-,–,-,-
,,-,-,-,-,-,-,-,-,-,-,,−,−,−,-,−,−,-,–,-,-,,−,−,−,-,−,−,-,–,-,-
,,-,-,-,-,-,-,-,-,-,-,,−,−,−,-,−,−,-,–,-,-,,−,−,−,-,−,−,-,–,-,-
,,-,-,-,-,-,-,-,-,-,-,,−,−,−,-,−,−,-,–,-,-,,−,−,−,-,−,−,-,–,-,-
,,-,-,-,-,-,-,-,-,-,-,,−,−,−,-,−,−,-,–,-,-,,−,−,−,-,−,−,-,–,-,-
,,-,-,-,-,-,-,-,-,-,-,,−,−,−,-,−,−,-,–,-,-,,−,−,−,-,−,−,-,–,-,-
,,-,-,-,-,-,-,-,-,-,-,,−,−,−,-,−,−,-,–,-,-,,−,−,−,-,−,−,-,–,-,-
,,-,-,-,-,-,-,-,-,-,-,,−,−,−,-,−,−,-,–,-,-,,−,−,−,-,−,−,-,–,-,-
,,-,-,-,-,-,-,-,-,-,-,,−,−,−,-,−,−,-,–,-,-,,−,−,−,-,−,−,-,–,-,-
,,-,-,-,-,-,-,-,-,-,-,,−,−,−,-,−,−,-,–,-,-,,−,−,−,-,−,−,-,–,-,-
,,-,-,-,-,-,-,-,-,-,-,,−,−,−,-,−,−,-,–,-,-,,−,−,−,-,−,−,-,–,-,-
,,-,-,-,-,-,-,-,-,-,-,,−,−,−,-,−,−,-,–,-,-,,−,−,−,-,−,−,-,–,-,-
,,-,-,-,-,-,-,-,-,-,-,,−,−,−,-,−,−,-,–,-,-,,−,−,−,-,−,−,-,–,-,-
,,-,-,-,-,-,-,-,-,-,-,,−,−,−,-,−,−,-,–,-,-,,−,−,−,-,−,−,-,–,-,-
,,-,-,-,-,-,-,-,-,-,-,,−,−,−,-,−,−,-,–,-,-,,−,−,−,-,−,−,-,–,-,-
,,-,-,-,-,-,-,-,-,-,-,,−,−,−,-,−,−,-,–,-,-,,−,−,−,-,−,−,-,–,-,-
,,-,-,-,-,-,-,-,-,-,-,,−,−,−,-,−,−,-,–,-,-,,−,−,−,-,−,−,-,–,-,-
,,-,-,-,-,-,-,-,-,-,-,,−,−,−,-,−,−,-,–,-,-,,−,−,−,-,−,−,-,–,-,-
,,-,-,-,-,-,-,-,-,-,-,,−,−,−,-,−,−,-,–,-,-,,−,−,−,-,−,−,-,–,-,-
,,-,-,-,-,-,-,-,-,-,-,,−,−,−,-,−,−,-,–,-,-,,−,−,−,-,−,−,-,–,-,-
,,-,-,-,-,-,-,-,-,-,-,,−,−,−,-,−,−,-,–,-,-,,−,−,−,-,−,−,-,–,-,-
,,-,-,-,-,-,-,-,-,-,-,,−,−,−,-,−,−,-,–,-,-,,−,−,−,-,−,−,-,–,-,-
,,-,-,-,-,-,-,-,-,-,-,,−,−,−,-,−,−,-,–,-,-,,−,−,−,-,−,−,-,–,-,-
,,-,-,-,-,-,-,-,-,-,-,,−,−,−,-,−,−,-,–,-,-,,−,−,−,-,−,−,-,–,-,-
,,-,-,-,-,-,-,-,-,-,-,,−,−,−,-,−,−,-,–,-,-,,−,−,−,-,−,−,-,–,-,-
,,-,-,-,-,-,-,-,-,-,-,,−,−,−,-,−,−,-,–,-,-,,−,−,−,-,−,−,-,–,-,-
,,-,-,-,-,-,-,-,-,-,-,,−,−,−,-,−,−,-,–,-,-,,−,−,−,-,−,−,-,–,-,-
,,-,-,-,-,-,-,-,-,-,-,,−,−,−,-,−,−,-,–,-,-,,−,−,−,-,−,−,-,–,-,-
,,-,-,-,-,-,-,-,-,-,-,,−,−,−,-,−,−,-,–,-,-,,−,−,−,-,−,−,-,–,-,-
,,-,-,-,-,-,-,-,-,-,-,,−,−,−,-,−,−,-,–,-,-,,−,−,−,-,−,−,-,–,-,-
,,-,-,-,-,-,-,-,-,-,-,,−,−,−,-,−,−,-,–,-,-,,−,−,−,-,−,−,-,–,-,-
,,-,-,-,-,-,-,-,-,-,-,,−,−,−,-,−,−,-,–,-,-,,−,−,−,-,−,−,-,–,-,-
,,-,-,-,-,-,-,-,-,-,-,,−,−,−,-,−,−,-,–,-,-,,−,−,−,-,−,−,-,–,-,-
,,-,-,-,-,-,-,-,-,-,-,,−,−,−,-,−,−,-,–,-,-,,−,−,−,-,−,−,-,–,-,-
,,-,-,-,-,-,-,-,-,-,-,,−,−,−,-,−,−,-,–,-,-,,−,−,−,-,−,−,-,–,-,-
,,-,-,-,-,-,-,-,-,-,-,,−,−,−,-,−,−,-,–,-,-,,−,−,−,-,−,−,-,–,-,-
,,-,-,-,-,-,-,-,-,-,-,,−,−,−,-,−,−,-,–,-,-,,−,−,−,-,−,−,-,–,-,-
,,-,-,-,-,-,-,-,-,-,-,,−,−,−,-,−,−,-,–,-,-,,−,−,−,-,−,−,-,–,-,-
,,-,-,-,-,-,-,-,-,-,-,,−,−,−,-,−,−,-,–,-,-,,−,−,−,-,−,−,-,–,-,-
,,-,-,-,-,-,-,-,-,-,-,,−,−,−,-,−,−,-,–,-,-,,−,−,−,-,−,−,-,–,-,-
,,-,-,-,-,-,-,-,-,-,-,,−,−,−,-,−,−,-,–,-,-,,−,−,−,-,−,−,-,–,-,-
,,-,-,-,-,-,-,-,-,-,-,,−,−,−,-,−,−,-,–,-,-,,−,−,−,-,−,−,-,–,-,-
,,-,-,-,-,-,-,-,-,-,-,,−,−,−,-,−,−,-,–,-,-,,−,−,−,-,−,−,-,–,-,-
,,-,-,-,-,-,-,-,-,-,-,,−,−,−,-,−,−,-,–,-,-,,−,−,−,-,−,−,-,–,-,-
,,-,-,-,-,-,-,-,-,-,-,,−,−,−,-,−,−,-,–,-,-,,−,−,−,-,−,−,-,–,-,-
,,-,-,-,-,-,-,-,-,-,-,,−,−,−,-,−,−,-,–,-,-,,−,−,−,-,−,−,-,–,-,-
,,-,-,-,-,-,-,-,-,-,-,,−,−,−,-,−,−,-,–,-,-,,−,−,−,-,−,−,-,–,-,-
,,-,-,-,-,-,-,-,-,-,-,,−,−,−,-,−,−,-,–,-,-,,−,−,−,-,−,−,-,–,-,-
,,-,-,-,-,-,-,-,-,-,-,,−,−,−,-,−,−,-,–,-,-,,−,−,−,-,−,−,-,–,-,-
,,-,-,-,-,-,-,-,-,-,-,,−,−,−,-,−,−,-,–,-,-,,−,−,−,-,−,−,-,–,-,-
,,-,-,-,-,-,-,-,-,-,-,,−,−,−,-,−,−,-,–,-,-,,−,−,−,-,−,−,-,–,-,-
,,-,-,-,-,-,-,-,-,-,-,,−,−,−,-,−,−,-,–,-,-,,−,−,−,-,−,−,-,–,-,-
,,-,-,-,-,-,-,-,-,-,-,,−,−,−,-,−,−,-,–,-,-,,−,−,−,-,−,−,-,–,-,-
,,-,-,-,-,-,-,-,-,-,-,,−,−,−,-,−,−,-,–,-,-,,−,−,−,-,−,−,-,–,-,-
,,-,-,-,-,-,-,-,-,-,-,,−,−,−,-,−,−,-,–,-,-,,−,−,−,-,−,−,-,–,-,-
,,-,-,-,-,-,-,-,-,-,-,,−,−,−,-,−,−,-,–,-,-,,−,−,−,-,−,−,-,–,-,-
,,-,-,-,-,-,-,-,-,-,-,,−,−,−,-,−,−,-,–,-,-,,−,−,−,-,−,−,-,–,-,-
,,-,-,-,-,-,-,-,-,-,-,,−,−,−,-,−,−,-,–,-,-,,−,−,−,-,−,−,-,–,-,-
,,-,-,-,-,-,-,-,-,-,-,,−,−,−,-,−,−,-,–,-,-,,−,−,−,-,−,−,-,–,-,-
,,-,-,-,-,-,-,-,-,-,-,,−,−,−,-,−,−,-,–,-,-,,−,−,−,-,−,−,-,–,-,-
,,-,-,-,-,-,-,-,-,-,-,,−,−,−,-,−,−,-,–,-,-,,−,−,−,-,−,−,-,–,-,-
,,-,-,-,-,-,-,-,-,-,-,,−,−,−,-,−,−,-,–,-,-,,−,−,−,-,−,−,-,–,-,-
,,-,-,-,-,-,-,-,-,-,-,,−,−,−,-,−,−,-,–,-,-,,−,−,−,-,−,−,-,–,-,-
,,-,-,-,-,-,-,-,-,-,-,,−,−,−,-,−,−,-,–,-,-,,−,−,−,-,−,−,-,–,-,-
,,-,-,-,-,-,-,-,-,-,-,,−,−,−,-,−,−,-,–,-,-,,−,−,−,-,−,−,-,–,-,-
,,-,-,-,-,-,-,-,-,-,-,,−,−,−,-,−,−,-,–,-,-,,−,−,−,-,−,−,-,–,-,-
,,-,-,-,-,-,-,-,-,-,-,,−,−,−,-,−,−,-,–,-,-,,−,−,−,-,−,−,-,–,-,-
,,-,-,-,-,-,-,-,-,-,-,,−,−,−,-,−,−,-,–,-,-,,−,−,−,-,−,−,-,–,-,-
,,-,-,-,-,-,-,-,-,-,-,,−,−,−,-,−,−,-,–,-,-,,−,−,−,-,−,−,-,–,-,-
,,-,-,-,-,-,-,-,-,-,-,,−,−,−,-,−,−,-,–,-,-,,−,−,−,-,−,−,-,–,-,-
,,-,-,-,-,-,-,-,-,-,-,,−,−,−,-,−,−,-,–,-,-,,−,−,−,-,−,−,-,–,-,-
,,-,-,-,-,-,-,-,-,-,-,,−,−,−,-,−,−,-,–,-,-,,−,−,−,-,−,−,-,–,-,-
,,-,-,-,-,-,-,-,-,-,-,,−,−,−,-,−,−,-,–,-,-,,−,−,−,-,−,−,-,–,-,-
,,-,-,-,-,-,-,-,-,-,-,,−,−,−,-,−,−,-,–,-,-,,−,−,−,-,−,−,-,–,-,-
,,-,-,-,-,-,-,-,-,-,-,,−,−,−,-,−,−,-,–,-,-,,−,−,−,-,−,−,-,–,-,-
,,-,-,-,-,-,-,-,-,-,-,,−,−,−,-,−,−,-,–,-,-,,−,−,−,-,−,−,-,–,-,-
,,-,-,-,-,-,-,-,-,-,-,,−,−,−,-,−,−,-,–,-,-,,−,−,−,-,−,−,-,–,-,-
,,-,-,-,-,-,-,-,-,-,-,,−,−,−,-,−,−,-,–,-,-,,−,−,−,-,−,−,-,–,-,-
,,-,-,-,-,-,-,-,-,-,-,,−,−,−,-,−,−,-,–,-,-,,−,−,−,-,−,−,-,–,-,-
,,-,-,-,-,-,-,-,-,-,-,,−,−,−,-,−,−,-,–,-,-,,−,−,−,-,−,−,-,–,-,-
,,-,-,-,-,-,-,-,-,-,-,,−,−,−,-,−,−,-,–,-,-,,−,−,−,-,−,−,-,–,-,-
,,-,-,-,-,-,-,-,-,-,-,,−,−,−,-,−,−,-,–,-,-,,−,−,−,-,−,−,-,–,-,-
,,-,-,-,-,-,-,-,-,-,-,,−,−,−,-,−,−,-,–,-,-,,−,−,−,-,−,−,-,–,-,-
,,-,-,-,-,-,-,-,-,-,-,,−,−,−,-,−,−,-,–,-,-,,−,−,−,-,−,−,-,–,-,-
,,-,-,-,-,-,-,-,-,-,-,,−,−,−,-,−,−,-,–,-,-,,−,−,−,-,−,−,-,–,-,-
,,-,-,-,-,-,-,-,-,-,-,,−,−,−,-,−,−,-,–,-,-,,−,−,−,-,−,−,-,–,-,-
,,-,-,-,-,-,-,-,-,-,-,,−,−,−,-,−,−,-,–,-,-,,−,−,−,-,−,−,-,–,-,-
,,-,-,-,-,-,-,-,-,-,-,,−,−,−,-,−,−,-,–,-,-,,−,−,−,-,−,−,-,–,-,-
,,-,-,-,-,-,-,-,-,-,-,,−,−,−,-,−,−,-,–,-,-,,−,−,−,-,−,−,-,–,-,-
,,-,-,-,-,-,-,-,-,-,-,,−,−,−,-,−,−,-,–,-,-,,−,−,−,-,−,−,-,–,-,-
,,-,-,-,-,-,-,-,-,-,-,,−,−,−,-,−,−,-,–,-,-,,−,−,−,-,−,−,-,–,-,-
,,-,-,-,-,-,-,-,-,-,-,,−,−,−,-,−,−,-,–,-,-,,−,−,−,-,−,−,-,–,-,-
,,-,-,-,-,-,-,-,-,-,-,,−,−,−,-,−,−,-,–,-,-,,−,−,−,-,−,−,-,–,-,-
,,-,-,-,-,-,-,-,-,-,-,,−,−,−,-,−,−,-,–,-,-,,−,−,−,-,−,−,-,–,-,-
,,-,-,-,-,-,-,-,-,-,-,,−,−,−,-,−,−,-,–,-,-,,−,−,−,-,−,−,-,–,-,-
,,-,-,-,-,-,-,-,-,-,-,,−,−,−,-,−,−,-,–,-,-,,−,−,−,-,−,−,-,–,-,-
,,-,-,-,-,-,-,-,-,-,-,,−,−,−,-,−,−,-,–,-,-,,−,−,−,-,−,−,-,–,-,-
,,-,-,-,-,-,-,-,-,-,-,,−,−,−,-,−,−,-,–,-,-,,−,−,−,-,−,−,-,–,-,-
,,-,-,-,-,-,-,-,-,-,-,,−,−,−,-,−,−,-,–,-,-,,−,−,−,-,−,−,-,–,-,-
,,-,-,-,-,-,-,-,-,-,-,,−,−,−,-,−,−,-,–,-,-,,−,−,−,-,−,−,-,–,-,-
,,-,-,-,-,-,-,-,-,-,-,,−,−,−,-,−,−,-,–,-,-,,−,−,−,-,−,−,-,–,-,-
,,-,-,-,-,-,-,-,-,-,-,,−,−,−,-,−,−,-,–,-,-,,−,−,−,-,−,−,-,–,-,-
,,-,-,-,-,-,-,-,-,-,-,,−,−,−,-,−,−,-,–,-,-,,−,−,−,-,−,−,-,–,-,-
,,-,-,-,-,-,-,-,-,-,-,,−,−,−,-,−,−,-,–,-,-,,−,−,−,-,−,−,-,–,-,-
,,-,-,-,-,-,-,-,-,-,-,,−,−,−,-,−,−,-,–,-,-,,−,−,−,-,−,−,-,–,-,-
,,-,-,-,-,-,-,-,-,-,-,,−,−,−,-,−,−,-,–,-,-,,−,−,−,-,−,−,-,–,-,-
,,-,-,-,-,-,-,-,-,-,-,,−,−,−,-,−,−,-,–,-,-,,−,−,−,-,−,−,-,–,-,-
,,-,-,-,-,-,-,-,-,-,-,,−,−,−,-,−,−,-,–,-,-,,−,−,−,-,−,−,-,–,-,-
,,-,-,-,-,-,-,-,-,-,-,,−,−,−,-,−,−,-,–,-,-,,−,−,−,-,−,−,-,–,-,-
,,-,-,-,-,-,-,-,-,-,-,,−,−,−,-,−,−,-,–,-,-,,−,−,−,-,−,−,-,–,-,-
,,-,-,-,-,-,-,-,-,-,-,,−,−,−,-,−,−,-,–,-,-,,−,−,−,-,−,−,-,–,-,-
,,-,-,-,-,-,-,-,-,-,-,,−,−,−,-,−,−,-,–,-,-,,−,−,−,-,−,−,-,–,-,-
,,-,-,-,-,-,-,-,-,-,-,,−,−,−,-,−,−,-,–,-,-,,−,−,−,-,−,−,-,–,-,-
,,-,-,-,-,-,-,-,-,-,-,,−,−,−,-,−,−,-,–,-,-,,−,−,−,-,−,−,-,–,-,-
,,-,-,-,-,-,-,-,-,-,-,,−,−,−,-,−,−,-,–,-,-,,−,−,−,-,−,−,-,–,-,-
,,-,-,-,-,-,-,-,-,-,-,,−,−,−,-,−,−,-,–,-,-,,−,−,−,-,−,−,-,–,-,-
,,-,-,-,-,-,-,-,-,-,-,,−,−,−,-,−,−,-,–,-,-,,−,−,−,-,−,−,-,–,-,-
,,-,-,-,-,-,-,-,-,-,-,,−,−,−,-,−,−,-,–,-,-,,−,−,−,-,−,−,-,–,-,-
,,-,-,-,-,-,-,-,-,-,-,,−,−,−,-,−,−,-,–,-,-,,−,−,−,-,−,−,-,–,-,-
,,-,-,-,-,-,-,-,-,-,-,,−,−,−,-,−,−,-,–,-,-,,−,−,−,-,−,−,-,–,-,-
,,-,-,-,-,-,-,-,-,-,-,,−,−,−,-,−,−,-,–,-,-,,−,−,−,-,−,−,-,–,-,-
,,-,-,-,-,-,-,-,-,-,-,,−,−,−,-,−,−,-,–,-,-,,−,−,−,-,−,−,-,–,-,-
,,-,-,-,-,-,-,-,-,-,-,,−,−,−,-,−,−,-,–,-,-,,−,−,−,-,−,−,-,–,-,-
,,-,-,-,-,-,-,-,-,-,-,,−,−,−,-,−,−,-,–,-,-,,−,−,−,-,−,−,-,–,-,-
,,-,-,-,-,-,-,-,-,-,-,,−,−,−,-,−,−,-,–,-,-,,−,−,−,-,−,−,-,–,-,-
,,-,-,-,-,-,-,-,-,-,-,,−,−,−,-,−,−,-,–,-,-,,−,−,−,-,−,−,-,–,-,-
,,-,-,-,-,-,-,-,-,-,-,,−,−,−,-,−,−,-,–,-,-,,−,−,−,-,−,−,-,–,-,-
,,-,-,-,-,-,-,-,-,-,-,,−,−,−,-,−,−,-,–,-,-,,−,−,−,-,−,−,-,–,-,-
,,-,-,-,-,-,-,-,-,-,-,,−,−,−,-,−,−,-,–,-,-,,−,−,−,-,−,−,-,–,-,-
,,-,-,-,-,-,-,-,-,-,-,,−,−,−,-,−,−,-,–,-,-,,−,−,−,-,−,−,-,–,-,-
,,-,-,-,-,-,-,-,-,-,-,,−,−,−,-,−,−,-,–,-,-,,−,−,−,-,−,−,-,–,-,-
,,-,-,-,-,-,-,-,-,-,-,,−,−,−,-,−,−,-,–,-,-,,−,−,−,-,−,−,-,–,-,-
,,-,-,-,-,-,-,-,-,-,-,,−,−,−,-,−,−,-,–,-,-,,−,−,−,-,−,−,-,–,-,-
,,-,-,-,-,-,-,-,-,-,-,,−,−,−,-,−,−,-,–,-,-,,−,−,−,-,−,−,-,–,-,-
,,-,-,-,-,-,-,-,-,-,-,,−,−,−,-,−,−,-,–,-,-,,−,−,−,-,−,−,-,–,-,-
,,-,-,-,-,-,-,-,-,-,-,,−,−,−,-,−,−,-,–,-,-,,−,−,−,-,−,−,-,–,-,-
,,-,-,-,-,-,-,-,-,-,-,,−,−,−,-,−,−,-,–,-,-,,−,−,−,-,−,−,-,–,-,-
,,-,-,-,-,-,-,-,-,-,-,,−,−,−,-,−,−,-,–,-,-,,−,−,−,-,−,−,-,–,-,-
,,-,-,-,-,-,-,-,-,-,-,,−,−,−,-,−,−,-,–,-,-,,−,−,−,-,−,−,-,–,-,-
,,-,-,-,-,-,-,-,-,-,-,,−,−,−,-,−,−,-,–,-,-,,−,−,−,-,−,−,-,–,-,-
,,-,-,-,-,-,-,-,-,-,-,,−,−,−,-,−,−,-,–,-,-,,−,−,−,-,−,−,-,–,-,-
,,-,-,-,-,-,-,-,-,-,-,,−,−,−,-,−,−,-,–,-,-,,−,−,−,-,−,−,-,–,-,-
,,-,-,-,-,-,-,-,-,-,-,,−,−,−,-,−,−,-,–,-,-,,−,−,−,-,−,−,-,–,-,-
,,-,-,-,-,-,-,-,-,-,-,,−,−,−,-,−,−,-,–,-,-,,−,−,−,-,−,−,-,–,-,-
,,-,-,-,-,-,-,-,-,-,-,,−,−,−,-,−,−,-,–,-,-,,−,−,−,-,−,−,-,–,-,-
,,-,-,-,-,-,-,-,-,-,-,,−,−,−,-,−,−,-,–,-,-,,−,−,−,-,−,−,-,–,-,-
,,-,-,-,-,-,-,-,-,-,-,,−,−,−,-,−,−,-,–,-,-,,−,−,−,-,−,−,-,–,-,-
,,-,-,-,-,-,-,-,-,-,-,,−,−,−,-,−,−,-,–,-,-,,−,−,−,-,−,−,-,–,-,-
,,-,-,-,-,-,-,-,-,-,-,,−,−,−,-,−,−,-,–,-,-,,−,−,−,-,−,−,-,–,-,-
,,-,-,-,-,-,-,-,-,-,-,,−,−,−,-,−,−,-,–,-,-,,−,−,−,-,−,−,-,–,-,-
,,-,-,-,-,-,-,-,-,-,-,,−,−,−,-,−,−,-,–,-,-,,−,−,−,-,−,−,-,–,-,-
,,-,-,-,-,-,-,-,-,-,-,,−,−,−,-,−,−,-,–,-,-,,−,−,−,-,−,−,-,–,-,-
,,-,-,-,-,-,-,-,-,-,-,,−,−,−,-,−,−,-,–,-,-,,−,−,−,-,−,−,-,–,-,-
,,-,-,-,-,-,-,-,-,-,-,,−,−,−,-,−,−,-,–,-,-,,−,−,−,-,−,−,-,–,-,-
,,-,-,-,-,-,-,-,-,-,-,,−,−,−,-,−,−,-,–,-,-,,−,−,−,-,−,−,-,–,-,-
,,-,-,-,-,-,-,-,-,-,-,,−,−,−,-,−,−,-,–,-,-,,−,−,−,-,−,−,-,–,-,-
,,-,-,-,-,-,-,-,-,-,-,,−,−,−,-,−,−,-,–,-,-,,−,−,−,-,−,−,-,–,-,-
,,-,-,-,-,-,-,-,-,-,-,,−,−,−,-,−,−,-,–,-,-,,−,−,−,-,−,−,-,–,-,-
,,-,-,-,-,-,-,-,-,-,-,,−,−,−,-,−,−,-,–,-,-,,−,−,−,-,−,−,-,–,-,-
,,-,-,-,-,-,-,-,-,-,-,,−,−,−,-,−,−,-,–,-,-,,−,−,−,-,−,−,-,–,-,-
,,-,-,-,-,-,-,-,-,-,-,,−,−,−,-,−,−,-,–,-,-,,−,−,−,-,−,−,-,–,-,-
,,-,-,-,-,-,-,-,-,-,-,,−,−,−,-,−,−,-,–,-,-,,−,−,−,-,−,−,-,–,-,-
,,-,-,-,-,-,-,-,-,-,-,,−,−,−,-,−,−,-,–,-,-,,−,−,−,-,−,−,-,–,-,-
,,-,-,-,-,-,-,-,-,-,-,,−,−,−,-,−,−,-,–,-,-,,−,−,−,-,−,−,-,–,-,-
,,-,-,-,-,-,-,-,-,-,-,,−,−,−,-,−,−,-,–,-,-,,−,−,−,-,−,−,-,–,-,-
,,-,-,-,-,-,-,-,-,-,-,,−,−,−,-,−,−,-,–,-,-,,−,−,−,-,−,−,-,–,-,-
,,-,-,-,-,-,-,-,-,-,-,,−,−,−,-,−,−,-,–,-,-,,−,−,−,-,−,−,-,–,-,-
,,-,-,-,-,-,-,-,-,-,-,,−,−,−,-,−,−,-,–,-,-,,−,−,−,-,−,−,-,–,-,-
,,-,-,-,-,-,-,-,-,-,-,,−,−,−,-,−,−,-,–,-,-,,−,−,−,-,−,−,-,–,-,-
,,-,-,-,-,-,-,-,-,-,-,,−,−,−,-,−,−,-,–,-,-,,−,−,−,-,−,−,-,–,-,-
,,-,-,-,-,-,-,-,-,-,-,,−,−,−,-,−,−,-,–,-,-,,−,−,−,-,−,−,-,–,-,-
,,-,-,-,-,-,-,-,-,-,-,,−,−,−,-,−,−,-,–,-,-,,−,−,−,-,−,−,-,–,-,-
,,-,-,-,-,-,-,-,-,-,-,,−,−,−,-,−,−,-,–,-,-,,−,−,−,-,−,−,-,–,-,-
,,-,-,-,-,-,-,-,-,-,-,,−,−,−,-,−,−,-,–,-,-,,−,−,−,-,−,−,-,–,-,-
,,-,-,-,-,-,-,-,-,-,-,,−,−,−,-,−,−,-,–,-,-,,−,−,−,-,−,−,-,–,-,-
,,-,-,-,-,-,-,-,-,-,-,,−,−,−,-,−,−,-,–,-,-,,−,−,−,-,−,−,-,–,-,-
,,-,-,-,-,-,-,-,-,-,-,,−,−,−,-,−,−,-,–,-,-,,−,−,−,-,−,−,-,–,-,-
,,-,-,-,-,-,-,-,-,-,-,,−,−,−,-,−,−,-,–,-,-,,−,−,−,-,−,−,-,–,-,-
,,-,-,-,-,-,-,-,-,-,-,,−,−,−,-,−,−,-,–,-,-,,−,−,−,-,−,−,-,–,-,-
,,-,-,-,-,-,-,-,-,-,-,,−,−,−,-,−,−,-,–,-,-,,−,−,−,-,−,−,-,–,-,-
,,-,-,-,-,-,-,-,-,-,-,,−,−,−,-,−,−,-,–,-,-,,−,−,−,-,−,−,-,–,-,-
,,-,-,-,-,-,-,-,-,-,-,,−,−,−,-,−,−,-,–,-,-,,−,−,−,-,−,−,-,–,-,-
,,-,-,-,-,-,-,-,-,-,-,,−,−,−,-,−,−,-,–,-,-,,−,−,−,-,−,−,-,–,-,-
,,-,-,-,-,-,-,-,-,-,-,,−,−,−,-,−,−,-,–,-,-,,−,−,−,-,−,−,-,–,-,-
,,-,-,-,-,-,-,-,-,-,-,,−,−,−,-,−,−,-,–,-,-,,−,−,−,-,−,−,-,–,-,-
,,-,-,-,-,-,-,-,-,-,-,,−,−,−,-,−,−,-,–,-,-,,−,−,−,-,−,−,-,–,-,-
,,-,-,-,-,-,-,-,-,-,-,,−,−,−,-,−,−,-,–,-,-,,−,−,−,-,−,−,-,–,-,-
,,-,-,-,-,-,-,-,-,-,-,,−,−,−,-,−,−,-,–,-,-,,−,−,−,-,−,−,-,–,-,-
,,-,-,-,-,-,-,-,-,-,-,,−,−,−,-,−,−,-,–,-,-,,−,−,−,-,−,−,-,–,-,-
,,-,-,-,-,-,-,-,-,-,-,,−,−,−,-,−,−,-,–,-,-,,−,−,−,-,−,−,-,–,-,-
,,-,-,-,-,-,-,-,-,-,-,,−,−,−,-,−,−,-,–,-,-,,−,−,−,-,−,−,-,–,-,-
,,-,-,-,-,-,-,-,-,-,-,,−,−,−,-,−,−,-,–,-,-,,−,−,−,-,−,−,-,–,-,-
,,-,-,-,-,-,-,-,-,-,-,,−,−,−,-,−,−,-,–,-,-,,−,−,−,-,−,−,-,–,-,-
,,-,-,-,-,-,-,-,-,-,-,,−,−,−,-,−,−,-,–,-,-,,−,−,−,-,−,−,-,–,-,-
,,-,-,-,-,-,-,-,-,-,-,,−,−,−,-,−,−,-,–,-,-,,−,−,−,-,−,−,-,–,-,-
,,-,-,-,-,-,-,-,-,-,-,,−,−,−,-,−,−,-,–,-,-,,−,−,−,-,−,−,-,–,-,-
,,-,-,-,-,-,-,-,-,-,-,,−,−,−,-,−,−,-,–,-,-,,−,−,−,-,−,−,-,–,-,-
,,-,-,-,-,-,-,-,-,-,-,,−,−,−,-,−,−,-,–,-,-,,−,−,−,-,−,−,-,–,-,-
,,-,-,-,-,-,-,-,-,-,-,,−,−,−,-,−,−,-,–,-,-,,−,−,−,-,−,−,-,–,-,-
,,-,-,-,-,-,-,-,-,-,-,,−,−,−,-,−,−,-,–,-,-,,−,−,−,-,−,−,-,–,-,-
,,-,-,-,-,-,-,-,-,-,-,,−,−,−,-,−,−,-,–,-,-,,−,−,−,-,−,−,-,–,-,-
,,-,-,-,-,-,-,-,-,-,-,,−,−,−,-,−,−,-,–,-,-,,−,−,−,-,−,−,-,–,-,-
,,-,-,-,-,-,-,-,-,-,-,,−,−,−,-,−,−,-,–,-,-,,−,−,−,-,−,−,-,–,-,-
,,-,-,-,-,-,-,-,-,-,-,,−,−,−,-,−,−,-,–,-,-,,−,−,−,-,−,−,-,–,-,-
,,-,-,-,-,-,-,-,-,-,-,,−,−,−,-,−,−,-,–,-,-,,−,−,−,-,−,−,-,–,-,-
,,-,-,-,-,-,-,-,-,-,-,,−,−,−,-,−,−,-,–,-,-,,−,−,−,-,−,−,-,–,-,-
,,-,-,-,-,-,-,-,-,-,-,,−,−,−,-,−,−,-,–,-,-,,−,−,−,-,−,−,-,–,-,-
,,-,-,-,-,-,-,-,-,-,-,,−,−,−,-,−,−,-,–,-,-,,−,−,−,-,−,−,-,–,-,-
,,-,-,-,-,-,-,-,-,-,-,,−,−,−,-,−,−,-,–,-,-,,−,−,−,-,−,−,-,–,-,-
,,-,-,-,-,-,-,-,-,-,-,,−,−,−,-,−,−,-,–,-,-,,−,−,−,-,−,−,-,–,-,-
,,-,-,-,-,-,-,-,-,-,-,,−,−,−,-,−,−,-,–,-,-,,−,−,−,-,−,−,-,–,-,-
,,-,-,-,-,-,-,-,-,-,-,,−,−,−,-,−,−,-,–,-,-,,−,−,−,-,−,−,-,–,-,-
,,-,-,-,-,-,-,-,-,-,-,,−,−,−,-,−,−,-,–,-,-,,−,−,−,-,−,−,-,–,-,-
,,-,-,-,-,-,-,-,-,-,-,,−,−,−,-,−,−,-,–,-,-,,−,−,−,-,−,−,-,–,-,-
,,-,-,-,-,-,-,-,-,-,-,,−,−,−,-,−,−,-,–,-,-,,−,−,−,-,−,−,-,–,-,-
,,-,-,-,-,-,-,-,-,-,-,,−,−,−,-,−,−,-,–,-,-,,−,−,−,-,−,−,-,–,-,-
,,-,-,-,-,-,-,-,-,-,-,,−,−,−,-,−,−,-,–,-,-,,−,−,−,-,−,−,-,–,-,-
,,-,-,-,-,-,-,-,-,-,-,,−,−,−,-,−,−,-,–,-,-,,−,−,−,-,−,−,-,–,-,-
,,-,-,-,-,-,-,-,-,-,-,,−,−,−,-,−,−,-,–,-,-,,−,−,−,-,−,−,-,–,-,-
,,-,-,-,-,-,-,-,-,-,-,,−,−,−,-,−,−,-,–,-,-,,−,−,−,-,−,−,-,–,-,-
,,-,-,-,-,-,-,-,-,-,-,,−,−,−,-,−,−,-,–,-,-,,−,−,−,-,−,−,-,–,-,-
,,-,-,-,-,-,-,-,-,-,-,,−,−,−,-,−,−,-,–,-,-,,−,−,−,-,−,−,-,–,-,-
,,-,-,-,-,-,-,-,-,-,-,,−,−,−,-,−,−,-,–,-,-,,−,−,−,-,−,−,-,–,-,-
,,-,-,-,-,-,-,-,-,-,-,,−,−,−,-,−,−,-,–,-,-,,−,−,−,-,−,−,-,–,-,-
,,-,-,-,-,-,-,-,-,-,-,,−,−,−,-,−,−,-,–,-,-,,−,−,−,-,−,−,-,–,-,-
,,-,-,-,-,-,-,-,-,-,-,,−,−,−,-,−,−,-,–,-,-,,−,−,−,-,−,−,-,–,-,-
,,-,-,-,-,-,-,-,-,-,-,,−,−,−,-,−,−,-,–,-,-,,−,−,−,-,−,−,-,–,-,-
,,-,-,-,-,-,-,-,-,-,-,,−,−,−,-,−,−,-,–,-,-,,−,−,−,-,−,−,-,–,-,-
,,-,-,-,-,-,-,-,-,-,-,,−,−,−,-,−,−,-,–,-,-,,−,−,−,-,−,−,-,–,-,-
,,-,-,-,-,-,-,-,-,-,-,,−,−,−,-,−,−,-,–,-,-,,−,−,−,-,−,−,-,–,-,-
,,-,-,-,-,-,-,-,-,-,-,,−,−,−,-,−,−,-,–,-,-,,−,−,−,-,−,−,-,–,-,-
,,-,-,-,-,-,-,-,-,-,-,,−,−,−,-,−,−,-,–,-,-,,−,−,−,-,−,−,-,–,-,-
,,-,-,-,-,-,-,-,-,-,-,,−,−,−,-,−,−,-,–,-,-,,−,−,−,-,−,−,-,–,-,-
,,-,-,-,-,-,-,-,-,-,-,,−,−,−,-,−,−,-,–,-,-,,−,−,−,-,−,−,-,–,-,-
,,-,-,-,-,-,-,-,-,-,-,,−,−,−,-,−,−,-,–,-,-,,−,−,−,-,−,−,-,–,-,-
,,-,-,-,-,-,-,-,-,-,-,,−,−,−,-,−,−,-,–,-,-,,−,−,−,-,−,−,-,–,-,-
,,-,-,-,-,-,-,-,-,-,-,,−,−,−,-,−,−,-,–,-,-,,−,−,−,-,−,−,-,–,-,-
,,-,-,-,-,-,-,-,-,-,-,,−,−,−,-,−,−,-,–,-,-,,−,−,−,-,−,−,-,–,-,-
,,-,-,-,-,-,-,-,-,-,-,,−,−,−,-,−,−,-,–,-,-,,−,−,−,-,−,−,-,–,-,-
,,-,-,-,-,-,-,-,-,-,-,,−,−,−,-,−,−,-,–,-,-,,−,−,−,-,−,−,-,–,-,-
,,-,-,-,-,-,-,-,-,-,-,,−,−,−,-,−,−,-,–,-,-,,−,−,−,-,−,−,-,–,-,-
,,-,-,-,-,-,-,-,-,-,-,,−,−,−,-,−,−,-,–,-,-,,−,−,−,-,−,−,-,–,-,-
,,-,-,-,-,-,-,-,-,-,-,,−,−,−,-,−,−,-,–,-,-,,−,−,−,-,−,−,-,–,-,-
,,-,-,-,-,-,-,-,-,-,-,,−,−,−,-,−,−,-,–,-,-,,−,−,−,-,−,−,-,–,-,-
,,-,-,-,-,-,-,-,-,-,-,,−,−,−,-,−,−,-,–,-,-,,−,−,−,-,−,−,-,–,-,-
,,-,-,-,-,-,-,-,-,-,-,,−,−,−,-,−,−,-,–,-,-,,−,−,−,-,−,−,-,–,-,-
,,-,-,-,-,-,-,-,-,-,-,,−,−,−,-,−,−,-,–,-,-,,−,−,−,-,−,−,-,–,-,-
,,-,-,-,-,-,-,-,-,-,-,,−,−,−,-,−,−,-,–,-,-,,−,−,−,-,−,−,-,–,-,-
,,-,-,-,-,-,-,-,-,-,-,,−,−,−,-,−,−,-,–,-,-,,−,−,−,-,−,−,-,–,-,-
,,-,-,-,-,-,-,-,-,-,-,,−,−,−,-,−,−,-,–,-,-,,−,−,−,-,−,−,-,–,-,-
,,-,-,-,-,-,-,-,-,-,-,,−,−,−,-,−,−,-,–,-,-,,−,−,−,-,−,−,-,–,-,-
,,-,-,-,-,-,-,-,-,-,-,,−,−,−,-,−,−,-,–,-,-,,−,−,−,-,−,−,-,–,-,-
,,-,-,-,-,-,-,-,-,-,-,,−,−,−,-,−,−,-,–,-,-,,−,−,−,-,−,−,-,–,-,-
,,-,-,-,-,-,-,-,-,-,-,,−,−,−,-,−,−,-,–,-,-,,−,−,−,-,−,−,-,–,-,-
,,-,-,-,-,-,-,-,-,-,-,,−,−,−,-,−,−,-,–,-,-,,−,−,−,-,−,−,-,–,-,-
,,-,-,-,-,-,-,-,-,-,-,,−,−,−,-,−,−,-,–,-,-,,−,−,−,-,−,−,-,–,-,-
,,-,-,-,-,-,-,-,-,-,-,,−,−,−,-,−,−,-,–,-,-,,−,−,−,-,−,−,-,–,-,-
,,-,-,-,-,-,-,-,-,-,-,,−,−,−,-,−,−,-,–,-,-,,−,−,−,-,−,−,-,–,-,-
,,-,-,-,-,-,-,-,-,-,-,,−,−,−,-,−,−,-,–,-,-,,−,−,−,-,−,−,-,–,-,-
,,-,-,-,-,-,-,-,-,-,-,,−,−,−,-,−,−,-,–,-,-,,−,−,−,-,−,−,-,–,-,-
,,-,-,-,-,-,-,-,-,-,-,,−,−,−,-,−,−,-,–,-,-,,−,−,−,-,−,−,-,–,-,-
,,-,-,-,-,-,-,-,-,-,-,,−,−,−,-,−,−,-,–,-,-,,−,−,−,-,−,−,-,–,-,-
,,-,-,-,-,-,-,-,-,-,-,,−,−,−,-,−,−,-,–,-,-,,−,−,−,-,−,−,-,–,-,-
,,-,-,-,-,-,-,-,-,-,-,,−,−,−,-,−,−,-,–,-,-,,−,−,−,-,−,−,-,–,-,-
,,-,-,-,-,-,-,-,-,-,-,,−,−,−,-,−,−,-,–,-,-,,−,−,−,-,−,−,-,–,-,-
,,-,-,-,-,-,-,-,-,-,-,,−,−,−,-,−,−,-,–,-,-,,−,−,−,-,−,−,-,–,-,-
,,-,-,-,-,-,-,-,-,-,-,,−,−,−,-,−,−,-,–,-,-,,−,−,−,-,−,−,-,–,-,-
,,-,-,-,-,-,-,-,-,-,-,,−,−,−,-,−,−,-,–,-,-,,−,−,−,-,−,−,-,–,-,-
,,-,-,-,-,-,-,-,-,-,-,,−,−,−,-,−,−,-,–,-,-,,−,−,−,-,−,−,-,–,-,-
,,-,-,-,-,-,-,-,-,-,-,,−,−,−,-,−,−,-,–,-,-,,−,−,−,-,−,−,-,–,-,-
,,-,-,-,-,-,-,-,-,-,-,,−,−,−,-,−,−,-,–,-,-,,−,−,−,-,−,−,-,–,-,-
,,-,-,-,-,-,-,-,-,-,-,,−,−,−,-,−,−,-,–,-,-,,−,−,−,-,−,−,-,–,-,-
,,-,-,-,-,-,-,-,-,-,-,,−,−,−,-,−,−,-,–,-,-,,−,−,−,-,−,−,-,–,-,-
,,-,-,-,-,-,-,-,-,-,-,,−,−,−,-,−,−,-,–,-,-,,−,−,−,-,−,−,-,–,-,-
,,-,-,-,-,-,-,-,-,-,-,,−,−,−,-,−,−,-,–,-,-,,−,−,−,-,−,−,-,–,-,-
,,-,-,-,-,-,-,-,-,-,-,,−,−,−,-,−,−,-,–,-,-,,−,−,−,-,−,−,-,–,-,-
,,-,-,-,-,-,-,-,-,-,-,,−,−,−,-,−,−,-,–,-,-,,−,−,−,-,−,−,-,–,-,-
,,-,-,-,-,-,-,-,-,-,-,,−,−,−,-,−,−,-,–,-,-,,−,−,−,-,−,−,-,–,-,-
,,-,-,-,-,-,-,-,-,-,-,,−,−,−,-,−,−,-,–,-,-,,−,−,−,-,−,−,-,–,-,-
,,-,-,-,-,-,-,-,-,-,-,,−,−,−,-,−,−,-,–,-,-,,−,−,−,-,−,−,-,–,-,-
,,-,-,-,-,-,-,-,-,-,-,,−,−,−,-,−,−,-,–,-,-,,−,−,−,-,−,−,-,–,-,-
,,-,-,-,-,-,-,-,-,-,-,,−,−,−,-,−,−,-,–,-,-,,−,−,−,-,−,−,-,–,-,-
,,-,-,-,-,-,-,-,-,-,-,,−,−,−,-,−,−,-,–,-,-,,−,−,−,-,−,−,-,–,-,-
,,-,-,-,-,-,-,-,-,-,-,,−,−,−,-,−,−,-,–,-,-,,−,−,−,-,−,−,-,–,-,-
,,-,-,-,-,-,-,-,-,-,-,,−,−,−,-,−,−,-,–,-,-,,−,−,−,-,−,−,-,–,-,-
,,-,-,-,-,-,-,-,-,-,-,,−,−,−,-,−,−,-,–,-,-,,−,−,−,-,−,−,-,–,-,-
,,-,-,-,-,-,-,-,-,-,-,,−,−,−,-,−,−,-,–,-,-,,−,−,−,-,−,−,-,–,-,-
,,-,-,-,-,-,-,-,-,-,-,,−,−,−,-,−,−,-,–,-,-,,−,−,−,-,−,−,-,–,-,-
,,-,-,-,-,-,-,-,-,-,-,,−,−,−,-,−,−,-,–,-,-,,−,−,−,-,−,−,-,–,-,-
,,-,-,-,-,-,-,-,-,-,-,,−,−,−,-,−,−,-,–,-,-,,−,−,−,-,−,−,-,–,-,-
,,-,-,-,-,-,-,-,-,-,-,,−,−,−,-,−,−,-,–,-,-,,−,−,−,-,−,−,-,–,-,-
,,-,-,-,-,-,-,-,-,-,-,,−,−,−,-,−,−,-,–,-,-,,−,−,−,-,−,−,-,–,-,-
,,-,-,-,-,-,-,-,-,-,-,,−,−,−,-,−,−,-,–,-,-,,−,−,−,-,−,−,-,–,-,-
,,-,-,-,-,-,-,-,-,-,-,,−,−,−,-,−,−,-,–,-,-,,−,−,−,-,−,−,-,–,-,-
,,-,-,-,-,-,-,-,-,-,-,,−,−,−,-,−,−,-,–,-,-,,−,−,−,-,−,−,-,–,-,-
,,-,-,-,-,-,-,-,-,-,-,,−,−,−,-,−,−,-,–,-,-,,−,−,−,-,−,−,-,–,-,-
,,-,-,-,-,-,-,-,-,-,-,,−,−,−,-,−,−,-,–,-,-,,−,−,−,-,−,−,-,–,-,-
,,-,-,-,-,-,-,-,-,-,-,,−,−,−,-,−,−,-,–,-,-,,−,−,−,-,−,−,-,–,-,-
,,-,-,-,-,-,-,-,-,-,-,,−,−,−,-,−,−,-,–,-,-,,−,−,−,-,−,−,-,–,-,-
,,-,-,-,-,-,-,-,-,-,-,,−,−,−,-,−,−,-,–,-,-,,−,−,−,-,−,−,-,–,-,-
,,-,-,-,-,-,-,-,-,-,-,,−,−,−,-,−,−,-,–,-,-,,−,−,−,-,−,−,-,–,-,-
,,-,-,-,-,-,-,-,-,-,-,,−,−,−,-,−,−,-,–,-,-,,−,−,−,-,−,−,-,–,-,-
,,-,-,-,-,-,-,-,-,-,-,,−,−,−,-,−,−,-,–,-,-,,−,−,−,-,−,−,-,–,-,-
,,-,-,-,-,-,-,-,-,-,-,,−,−,−,-,−,−,-,–,-,-,,−,−,−,-,−,−,-,–,-,-
,,-,-,-,-,-,-,-,-,-,-,,−,−,−,-,−,−,-,–,-,-,,−,−,−,-,−,−,-,–,-,-
,,-,-,-,-,-,-,-,-,-,-,,−,−,−,-,−,−,-,–,-,-,,−,−,−,-,−,−,-,–,-,-
,,-,-,-,-,-,-,-,-,-,-,,−,−,−,-,−,−,-,–,-,-,,−,−,−,-,−,−,-,–,-,-
,,-,-,-,-,-,-,-,-,-,-,,−,−,−,-,−,−,-,–,-,-,,−,−,−,-,−,−,-,–,-,-
,,-,-,-,-,-,-,-,-,-,-,,−,−,−,-,−,−,-,–,-,-,,−,−,−,-,−,−,-,–,-,-
,,-,-,-,-,-,-,-,-,-,-,,−,−,−,-,−,−,-,–,-,-,,−,−,−,-,−,−,-,–,-,-
,,-,-,-,-,-,-,-,-,-,-,,−,−,−,-,−,−,-,–,-,-,,−,−,−,-,−,−,-,–,-,-
,,-,-,-,-,-,-,-,-,-,-,,−,−,−,-,−,−,-,–,-,-,,−,−,−,-,−,−,-,–,-,-
,,-,-,-,-,-,-,-,-,-,-,,−,−,−,-,−,−,-,–,-,-,,−,−,−,-,−,−,-,–,-,-
,,-,-,-,-,-,-,-,-,-,-,,−,−,−,-,−,−,-,–,-,-,,−,−,−,-,−,−,-,–,-,-
,,-,-,-,-,-,-,-,-,-,-,,−,−,−,-,−,−,-,–,-,-,,−,−,−,-,−,−,-,–,-,-
,,-,-,-,-,-,-,-,-,-,-,,−,−,−,-,−,−,-,–,-,-,,−,−,−,-,−,−,-,–,-,-
,,-,-,-,-,-,-,-,-,-,-,,−,−,−,-,−,−,-,–,-,-,,−,−,−,-,−,−,-,–,-,-
,,-,-,-,-,-,-,-,-,-,-,,−,−,−,-,−,−,-,–,-,-,,−,−,−,-,−,−,-,–,-,-
,,-,-,-,-,-,-,-,-,-,-,,−,−,−,-,−,−,-,–,-,-,,−,−,−,-,−,−,-,–,-,-
,,-,-,-,-,-,-,-,-,-,-,,−,−,−,-,−,−,-,–,-,-,,−,−,−,-,−,−,-,–,-,-
,,-,-,-,-,-,-,-,-,-,-,,−,−,−,-,−,−,-,–,-,-,,−,−,−,-,−,−,-,–,-,-
,,-,-,-,-,-,-,-,-,-,-,,−,−,−,-,−,−,-,–,-,-,,−,−,−,-,−,−,-,–,-,-
,,-,-,-,-,-,-,-,-,-,-,,−,−,−,-,−,−,-,–,-,-,,−,−,−,-,−,−,-,–,-,-
,,-,-,-,-,-,-,-,-,-,-,,−,−,−,-,−,−,-,–,-,-,,−,−,−,-,−,−,-,–,-,-
,,-,-,-,-,-,-,-,-,-,-,,−,−,−,-,−,−,-,–,-,-,,−,−,−,-,−,−,-,–,-,-
,,-,-,-,-,-,-,-,-,-,-,,−,−,−,-,−,−,-,–,-,-,,−,−,−,-,−,−,-,–,-,-
,,-,-,-,-,-,-,-,-,-,-,,−,−,−,-,−,−,-,–,-,-,,−,−,−,-,−,−,-,–,-,-
,,-,-,-,-,-,-,-,-,-,-,,−,−,−,-,−,−,-,–,-,-,,−,−,−,-,−,−,-,–,-,-
,,-,-,-,-,-,-,-,-,-,-,,−,−,−,-,−,−,-,–,-,-,,−,−,−,-,−,−,-,–,-,-
,,-,-,-,-,-,-,-,-,-,-,,−,−,−,-,−,−,-,–,-,-,,−,−,−,-,−,−,-,–,-,-
,,-,-,-,-,-,-,-,-,-,-,,−,−,−,-,−,−,-,–,-,-,,−,−,−,-,−,−,-,–,-,-
,,-,-,-,-,-,-,-,-,-,-,,−,−,−,-,−,−,-,–,-,-,,−,−,−,-,−,−,-,–,-,-
,,-,-,-,-,-,-,-,-,-,-,,−,−,−,-,−,−,-,–,-,-,,−,−,−,-,−,−,-,–,-,-
,,-,-,-,-,-,-,-,-,-,-,,−,−,−,-,−,−,-,–,-,-,,−,−,−,-,−,−,-,–,-,-
,,-,-,-,-,-,-,-,-,-,-,,−,−,−,-,−,−,-,–,-,-,,−,−,−,-,−,−,-,–,-,-
,,-,-,-,-,-,-,-,-,-,-,,−,−,−,-,−,−,-,–,-,-,,−,−,−,-,−,−,-,–,-,-
,,-,-,-,-,-,-,-,-,-,-,,−,−,−,-,−,−,-,–,-,-,,−,−,−,-,−,−,-,–,-,-
,,-,-,-,-,-,-,-,-,-,-,,−,−,−,-,−,−,-,–,-,-,,−,−,−,-,−,−,-,–,-,-
,,-,-,-,-,-,-,-,-,-,-,,−,−,−,-,−,−,-,–,-,-,,−,−,−,-,−,−,-,–,-,-
,,-,-,-,-,-,-,-,-,-,-,,−,−,−,-,−,−,-,–,-,-,,−,−,−,-,−,−,-,–,-,-
,,-,-,-,-,-,-,-,-,-,-,,−,−,−,-,−,−,-,–,-,-,,−,−,−,-,−,−,-,–,-,-
,,-,-,-,-,-,-,-,-,-,-,,−,−,−,-,−,−,-,–,-,-,,−,−,−,-,−,−,-,–,-,-
,,-,-,-,-,-,-,-,-,-,-,,−,−,−,-,−,−,-,–,-,-,,−,−,−,-,−,−,-,–,-,-
,,-,-,-,-,-,-,-,-,-,-,,−,−,−,-,−,−,-,–,-,-,,−,−,−,-,−,−,-,–,-,-
,,-,-,-,-,-,-,-,-,-,-,,−,−,−,-,−,−,-,–,-,-,,−,−,−,-,−,−,-,–,-,-
,,-,-,-,-,-,-,-,-,-,-,,−,−,−,-,−,−,-,–,-,-,,−,−,−,-,−,−,-,–,-,-
,,-,-,-,-,-,-,-,-,-,-,,−,−,−,-,−,−,-,–,-,-,,−,−,−,-,−,−,-,–,-,-
,,-,-,-,-,-,-,-,-,-,-,,−,−,−,-,−,−,-,–,-,-,,−,−,−,-,−,−,-,–,-,-
,,-,-,-,-,-,-,-,-,-,-,,−,−,−,-,−,−,-,–,-,-,,−,−,−,-,−,−,-,–,-,-
,,-,-,-,-,-,-,-,-,-,-,,−,−,−,-,−,−,-,–,-,-,,−,−,−,-,−,−,-,–,-,-
,,-,-,-,-,-,-,-,-,-,-,,−,−,−,-,−,−,-,–,-,-,,−,−,−,-,−,−,-,–,-,-
,,-,-,-,-,-,-,-,-,-,-,,−,−,−,-,−,−,-,–,-,-,,−,−,−,-,−,−,-,–,-,-
,,-,-,-,-,-,-,-,-,-,-,,−,−,−,-,−,−,-,–,-,-,,−,−,−,-,−,−,-,–,-,-
,,-,-,-,-,-,-,-,-,-,-,,−,−,−,-,−,−,-,–,-,-,,−,−,−,-,−,−,-,–,-,-
,,-,-,-,-,-,-,-,-,-,-,,−,−,−,-,−,−,-,–,-,-,,−,−,−,-,−,−,-,–,-,-
,,-,-,-,-,-,-,-,-,-,-,,−,−,−,-,−,−,-,–,-,-,,−,−,−,-,−,−,-,–,-,-
,,-,-,-,-,-,-,-,-,-,-,,−,−,−,-,−,−,-,–,-,-,,−,−,−,-,−,−,-,–,-,-
,,-,-,-,-,-,-,-,-,-,-,,−,−,−,-,−,−,-,–,-,-,,−,−,−,-,−,−,-,–,-,-
,,-,-,-,-,-,-,-,-,-,-,,−,−,−,-,−,−,-,–,-,-,,−,−,−,-,−,−,-,–,-,-
,,-,-,-,-,-,-,-,-,-,-,,−,−,−,-,−,−,-,–,-,-,,−,−,−,-,−,−,-,–,-,-
,,-,-,-,-,-,-,-,-,-,-,,−,−,−,-,−,−,-,–,-,-,,−,−,−,-,−,−,-,–,-,-
,,-,-,-,-,-,-,-,-,-,-,,−,−,−,-,−,−,-,–,-,-,,−,−,−,-,−,−,-,–,-,-
,,-,-,-,-,-,-,-,-,-,-,,−,−,−,-,−,−,-,–,-,-,,−,−,−,-,−,−,-,–,-,-
,,-,-,-,-,-,-,-,-,-,-,,−,−,−,-,−,−,-,–,-,-,,−,−,−,-,−,−,-,–,-,-
,,-,-,-,-,-,-,-,-,-,-,,−,−,−,-,−,−,-,–,-,-,,−,−,−,-,−,−,-,–,-,-
,,-,-,-,-,-,-,-,-,-,-,,−,−,−,-,−,−,-,–,-,-,,−,−,−,-,−,−,-,–,-,-
,,-,-,-,-,-,-,-,-,-,-,,−,−,−,-,−,−,-,–,-,-,,−,−,−,-,−,−,-,–,-,-
,,-,-,-,-,-,-,-,-,-,-,,−,−,−,-,−,−,-,–,-,-,,−,−,−,-,−,−,-,–,-,-
,,-,-,-,-,-,-,-,-,-,-,,−,−,−,-,−,−,-,–,-,-,,−,−,−,-,−,−,-,–,-,-
,,-,-,-,-,-,-,-,-,-,-,,−,−,−,-,−,−,-,–,-,-,,−,−,−,-,−,−,-,–,-,-
,,-,-,-,-,-,-,-,-,-,-,,−,−,−,-,−,−,-,–,-,-,,−,−,−,-,−,−,-,–,-,-
,,-,-,-,-,-,-,-,-,-,-,,−,−,−,-,−,−,-,–,-,-,,−,−,−,-,−,−,-,–,-,-
,,-,-,-,-,-,-,-,-,-,-,,−,−,−,-,−,−,-,–,-,-,,−,−,−,-,−,−,-,–,-,-
,,-,-,-,-,-,-,-,-,-,-,,−,−,−,-,−,−,-,–,-,-,,−,−,−,-,−,−,-,–,-,-
,,-,-,-,-,-,-,-,-,-,-,,−,−,−,-,−,−,-,–,-,-,,−,−,−,-,−,−,-,–,-,-
,,-,-,-,-,-,-,-,-,-,-,,−,−,−,-,−,−,-,–,-,-,,−,−,−,-,−,−,-,–,-,-
,,-,-,-,-,-,-,-,-,-,-,,−,−,−,-,−,−,-,–,-,-,,−,−,−,-,−,−,-,–,-,-
,,-,-,-,-,-,-,-,-,-,-,,−,−,−,-,−,−,-,–,-,-,,−,−,−,-,−,−,-,–,-,-
,,-,-,-,-,-,-,-,-,-,-,,−,−,−,-,−,−,-,–,-,-,,−,−,−,-,−,−,-,–,-,-
,,-,-,-,-,-,-,-,-,-,-,,−,−,−,-,−,−,-,–,-,-,,−,−,−,-,−,−,-,–,-,-
,,-,-,-,-,-,-,-,-,-,-,,−,−,−,-,−,−,-,–,-,-,,−,−,−,-,−,−,-,–,-,-
,,-,-,-,-,-,-,-,-,-,-,,−,−,−,-,−,−,-,–,-,-,,−,−,−,-,−,−,-,–,-,-
,,-,-,-,-,-,-,-,-,-,-,,−,−,−,-,−,−,-,–,-,-,,−,−,−,-,−,−,-,–,-,-
,,-,-,-,-,-,-,-,-,-,-,,−,−,−,-,−,−,-,–,-,-,,−,−,−,-,−,−,-,–,-,-
,,-,-,-,-,-,-,-,-,-,-,,−,−,−,-,−,−,-,–,-,-,,−,−,−,-,−,−,-,–,-,-
,,-,-,-,-,-,-,-,-,-,-,,−,−,−,-,−,−,-,–,-,-,,−,−,−,-,−,−,-,–,-,-
,,-,-,-,-,-,-,-,-,-,-,,−,−,−,-,−,−,-,–,-,-,,−,−,−,-,−,−,-,–,-,-
,,-,-,-,-,-,-,-,-,-,-,,−,−,−,-,−,−,-,–,-,-,,−,−,−,-,−,−,-,–,-,-
,,-,-,-,-,-,-,-,-,-,-,,−,−,−,-,−,−,-,–,-,-,,−,−,−,-,−,−,-,–,-,-
,,-,-,-,-,-,-,-,-,-,-,,−,−,−,-,−,−,-,–,-,-,,−,−,−,-,−,−,-,–,-,-
,,-,-,-,-,-,-,-,-,-,-,,−,−,−,-,−,−,-,–,-,-,,−,−,−,-,−,−,-,–,-,-
,,-,-,-,-,-,-,-,-,-,-,,−,−,−,-,−,−,-,–,-,-,,−,−,−,-,−,−,-,–,-,-
,,-,-,-,-,-,-,-,-,-,-,,−,−,−,-,−,−,-,–,-,-,,−,−,−,-,−,−,-,–,-,-
,,-,-,-,-,-,-,-,-,-,-,,−,−,−,-,−,−,-,–,-,-,,−,−,−,-,−,−,-,–,-,-
,,-,-,-,-,-,-,-,-,-,-,,−,−,−,-,−,−,-,–,-,-,,−,−,−,-,−,−,-,–,-,-
,,-,-,-,-,-,-,-,-,-,-,,−,−,−,-,−,−,-,–,-,-,,−,−,−,-,−,−,-,–,-,-
,,-,-,-,-,-,-,-,-,-,-,,−,−,−,-,−,−,-,–,-,-,,−,−,−,-,−,−,-,–,-,-
,,-,-,-,-,-,-,-,-,-,-,,−,−,−,-,−,−,-,–,-,-,,−,−,−,-,−,−,-,–,-,-
,,-,-,-,-,-,-,-,-,-,-,,−,−,−,-,−,−,-,–,-,-,,−,−,−,-,−,−,-,–,-,-
,,-,-,-,-,-,-,-,-,-,-,,−,−,−,-,−,−,-,–,-,-,,−,−,−,-,−,−,-,–,-,-
,,-,-,-,-,-,-,-,-,-,-,,−,−,−,-,−,−,-,–,-,-,,−,−,−,-,−,−,-,–,-,-
,,-,-,-,-,-,-,-,-,-,-,,−,−,−,-,−,−,-,–,-,-,,−,−,−,-,−,−,-,–,-,-
,,-,-,-,-,-,-,-,-,-,-,,−,−,−,-,−,−,-,–,-,-,,−,−,−,-,−,−,-,–,-,-
,,-,-,-,-,-,-,-,-,-,-,,−,−,−,-,−,−,-,–,-,-,,−,−,−,-,−,−,-,–,-,-
,,-,-,-,-,-,-,-,-,-,-,,−,−,−,-,−,−,-,–,-,-,,−,−,−,-,−,−,-,–,-,-
,,-,-,-,-,-,-,-,-,-,-,,−,−,−,-,−,−,-,–,-,-,,−,−,−,-,−,−,-,–,-,-
,,-,-,-,-,-,-,-,-,-,-,,−,−,−,-,−,−,-,–,-,-,,−,−,−,-,−,−,-,–,-,-
,,-,-,-,-,-,-,-,-,-,-,,−,−,−,-,−,−,-,–,-,-,,−,−,−,-,−,−,-,–,-,-
,,-,-,-,-,-,-,-,-,-,-,,−,−,−,-,−,−,-,–,-,-,,−,−,−,-,−,−,-,–,-,-
,,-,-,-,-,-,-,-,-,-,-,,−,−,−,-,−,−,-,–,-,-,,−,−,−,-,−,−,-,–,-,-
,,-,-,-,-,-,-,-,-,-,-,,−,−,−,-,−,−,-,–,-,-,,−,−,−,-,−,−,-,–,-,-
,,-,-,-,-,-,-,-,-,-,-,,−,−,−,-,−,−,-,–,-,-,,−,−,−,-,−,−,-,–,-,-
,,-,-,-,-,-,-,-,-,-,-,,−,−,−,-,−,−,-,–,-,-,,−,−,−,-,−,−,-,–,-,-
,,-,-,-,-,-,-,-,-,-,-,,−,−,−,-,−,−,-,–,-,-,,−,−,−,-,−,−,-,–,-,-
,,-,-,-,-,-,-,-,-,-,-,,−,−,−,-,−,−,-,–,-,-,,−,−,−,-,−,−,-,–,-,-
,,-,-,-,-,-,-,-,-,-,-,,−,−,−,-,−,−,-,–,-,-,,−,−,−,-,−,−,-,–,-,-
,,-,-,-,-,-,-,-,-,-,-,,−,−,−,-,−,−,-,–,-,-,,−,−,−,-,−,−,-,–,-,-
,,-,-,-,-,-,-,-,-,-,-,,−,−,−,-,−,−,-,–,-,-,,−,−,−,-,−,−,-,–,-,-
,,-,-,-,-,-,-,-,-,-,-,,−,−,−,-,−,−,-,–,-,-,,−,−,−,-,−,−,-,–,-,-
,,-,-,-,-,-,-,-,-,-,-,,−,−,−,-,−,−,-,–,-,-,,−,−,−,-,−,−,-,–,-,-
,,-,-,-,-,-,-,-,-,-,-,,−,−,−,-,−,−,-,–,-,-,,−,−,−,-,−,−,-,–,-,-
,,-,-,-,-,-,-,-,-,-,-,,−,−,−,-,−,−,-,–,-,-,,−,−,−,-,−,−,-,–,-,-
,,-,-,-,-,-,-,-,-,-,-,,−,−,−,-,−,−,-,–,-,-,,−,−,−,-,−,−,-,–,-,-
,,-,-,-,-,-,-,-,-,-,-,,−,−,−,-,−,−,-,–,-,-,,−,−,−,-,−,−,-,–,-,-
,,-,-,-,-,-,-,-,-,-,-,,−,−,−,-,−,−,-,–,-,-,,−,−,−,-,−,−,-,–,-,-
,,-,-,-,-,-,-,-,-,-,-,,−,−,−,-,−,−,-,–,-,-,,−,−,−,-,−,−,-,–,-,-
,,-,-,-,-,-,-,-,-,-,-,,−,−,−,-,−,−,-,–,-,-,,−,−,−,-,−,−,-,–,-,-
,,-,-,-,-,-,-,-,-,-,-,,−,−,−,-,−,−,-,–,-,-,,−,−,−,-,−,−,-,–,-,-
,,-,-,-,-,-,-,-,-,-,-,,−,−,−,-,−,−,-,–,-,-,,−,−,−,-,−,−,-,–,-,-
,,-,-,-,-,-,-,-,-,-,-,,−,−,−,-,−,−,-,–,-,-,,−,−,−,-,−,−,-,–,-,-
,,-,-,-,-,-,-,-,-,-,-,,−,−,−,-,−,−,-,–,-,-,,−,−,−,-,−,−,-,–,-,-
,,-,-,-,-,-,-,-,-,-,-,,−,−,−,-,−,−,-,–,-,-,,−,−,−,-,−,−,-,–,-,-
,,-,-,-,-,-,-,-,-,-,-,,−,−,−,-,−,−,-,–,-,-,,−,−,−,-,−,−,-,–,-,-
,,-,-,-,-,-,-,-,-,-,-,,−,−,−,-,−,−,-,–,-,-,,−,−,−,-,−,−,-,–,-,-
,,-,-,-,-,-,-,-,-,-,-,,−,−,−,-,−,−,-,–,-,-,,−,−,−,-,−,−,-,–,-,-
,,-,-,-,-,-,-,-,-,-,-,,−,−,−,-,−,−,-,–,-,-,,−,−,−,-,−,−,-,–,-,-
,,-,-,-,-,-,-,-,-,-,-,,−,−,−,-,−,−,-,–,-,-,,−,−,−,-,−,−,-,–,-,-
,,-,-,-,-,-,-,-,-,-,-,,−,−,−,-,−,−,-,–,-,-,,−,−,−,-,−,−,-,–,-,-
,,-,-,-,-,-,-,-,-,-,-,,−,−,−,-,−,−,-,–,-,-,,−,−,−,-,−,−,-,–,-,-
,,-,-,-,-,-,-,-,-,-,-,,−,−,−,-,−,−,-,–,-,-,,−,−,−,-,−,−,-,–,-,-
,,-,-,-,-,-,-,-,-,-,-,,−,−,−,-,−,−,-,–,-,-,,−,−,−,-,−,−,-,–,-,-
,,-,-,-,-,-,-,-,-,-,-,,−,−,−,-,−,−,-,–,-,-,,−,−,−,-,−,−,-,–,-,-
,,-,-,-,-,-,-,-,-,-,-,,−,−,−,-,−,−,-,–,-,-,,−,−,−,-,−,−,-,–,-,-
,,-,-,-,-,-,-,-,-,-,-,,−,−,−,-,−,−,-,–,-,-,,−,−,−,-,−,−,-,–,-,-
,,-,-,-,-,-,-,-,-,-,-,,−,−,−,-,−,−,-,–,-,-,,−,−,−,-,−,−,-,–,-,-
,,-,-,-,-,-,-,-,-,-,-,,−,−,−,-,−,−,-,–,-,-,,−,−,−,-,−,−,-,–,-,-
,,-,-,-,-,-,-,-,-,-,-,,−,−,−,-,−,−,-,–,-,-,,−,−,−,-,−,−,-,–,-,-
,,-,-,-,-,-,-,-,-,-,-,,−,−,−,-,−,−,-,–,-,-,,−,−,−,-,−,−,-,–,-,-
,,-,-,-,-,-,-,-,-,-,-,,−,−,−,-,−,−,-,–,-,-,,−,−,−,-,−,−,-,–,-,-
,,-,-,-,-,-,-,-,-,-,-,,−,−,−,-,−,−,-,–,-,-,,−,−,−,-,−,−,-,–,-,-
,,-,-,-,-,-,-,-,-,-,-,,−,−,−,-,−,−,-,–,-,-,,−,−,−,-,−,−,-,–,-,-
,,-,-,-,-,-,-,-,-,-,-,,−,−,−,-,−,−,-,–,-,-,,−,−,−,-,−,−,-,–,-,-
,,-,-,-,-,-,-,-,-,-,-,,−,−,−,-,−,−,-,–,-,-,,−,−,−,-,−,−,-,–,-,-
,,-,-,-,-,-,-,-,-,-,-,,−,−,−,-,−,−,-,–,-,-,,−,−,−,-,−,−,-,–,-,-
,,-,-,-,-,-,-,-,-,-,-,,−,−,−,-,−,−,-,–,-,-,,−,−,−,-,−,−,-,–,-,-
,,-,-,-,-,-,-,-,-,-,-,,−,−,−,-,−,−,-,–,-,-,,−,−,−,-,−,−,-,–,-,-
,,-,-,-,-,-,-,-,-,-,-,,−,−,−,-,−,−,-,–,-,-,,−,−,−,-,−,−,-,–,-,-
,,-,-,-,-,-,-,-,-,-,-,,−,−,−,-,−,−,-,–,-,-,,−,−,−,-,−,−,-,–,-,-
,,-,-,-,-,-,-,-,-,-,-,,−,−,−,-,−,−,-,–,-,-,,−,−,−,-,−,−,-,–,-,-
,,-,-,-,-,-,-,-,-,-,-,,−,−,−,-,−,−,-,–,-,-,,−,−,−,-,−,−,-,–,-,-
,,-,-,-,-,-,-,-,-,-,-,,−,−,−,-,−,−,-,–,-,-,,−,−,−,-,−,−,-,–,-,-
,,-,-,-,-,-,-,-,-,-,-,,−,−,−,-,−,−,-,–,-,-,,−,−,−,-,−,−,-,–,-,-
,,-,-,-,-,-,-,-,-,-,-,,−,−,−,-,−,−,-,–,-,-,,−,−,−,-,−,−,-,–,-,-
,,-,-,-,-,-,-,-,-,-,-,,−,−,−,-,−,−,-,–,-,-,,−,−,−,-,−,−,-,–,-,-
,,-,-,-,-,-,-,-,-,-,-,,−,−,−,-,−,−,-,–,-,-,,−,−,−,-,−,−,-,–,-,-
,,-,-,-,-,-,-,-,-,-,-,,−,−,−,-,−,−,-,–,-,-,,−,−,−,-,−,−,-,–,-,-
,,-,-,-,-,-,-,-,-,-,-,,−,−,−,-,−,−,-,–,-,-,,−,−,−,-,−,−,-,–,-,-
,,-,-,-,-,-,-,-,-,-,-,,−,−,−,-,−,−,-,–,-,-,,−,−,−,-,−,−,-,–,-,-
,,-,-,-,-,-,-,-,-,-,-,,−,−,−,-,−,−,-,–,-,-,,−,−,−,-,−,−,-,–,-,-
,,-,-,-,-,-,-,-,-,-,-,,−,−,−,-,−,−,-,–,-,-,,−,−,−,-,−,−,-,–,-,-
,,-,-,-,-,-,-,-,-,-,-,,−,−,−,-,−,−,-,–,-,-,,−,−,−,-,−,−,-,–,-,-
,,-,-,-,-,-,-,-,-,-,-,,−,−,−,-,−,−,-,–,-,-,,−,−,−,-,−,−,-,–,-,-
,,-,-,-,-,-,-,-,-,-,-,,−,−,−,-,−,−,-,–,-,-,,−,−,−,-,−,−,-,–,-,-
,,-,-,-,-,-,-,-,-,-,-,,−,−,−,-,−,−,-,–,-,-,,−,−,−,-,−,−,-,–,-,-
,,-,-,-,-,-,-,-,-,-,-,,−,−,−,-,−,−,-,–,-,-,,−,−,−,-,−,−,-,–,-,-
,,-,-,-,-,-,-,-,-,-,-,,−,−,−,-,−,−,-,–,-,-,,−,−,−,-,−,−,-,–,-,-
,,-,-,-,-,-,-,-,-,-,-,,−,−,−,-,−,−,-,–,-,-,,−,−,−,-,−,−,-,–,-,-
,,-,-,-,-,-,-,-,-,-,-,,−,−,−,-,−,−,-,–,-,-,,−,−,−,-,−,−,-,–,-,-
,,-,-,-,-,-,-,-,-,-,-,,−,−,−,-,−,−,-,–,-,-,,−,−,−,-,−,−,-,–,-,-
,,-,-,-,-,-,-,-,-,-,-,,−,−,−,-,−,−,-,–,-,-,,−,−,−,-,−,−,-,–,-,-
,,-,-,-,-,-,-,-,-,-,-,,−,−,−,-,−,−,-,–,-,-,,−,−,−,-,−,−,-,–,-,-
,,-,-,-,-,-,-,-,-,-,-,,−,−,−,-,−,−,-,–,-,-,,−,−,−,-,−,−,-,–,-,-
,,-,-,-,-,-,-,-,-,-,-,,−,−,−,-,−,−,-,–,-,-,,−,−,−,-,−,−,-,–,-,-
,,-,-,-,-,-,-,-,-,-,-,,−,−,−,-,−,−,-,–,-,-,,−,−,−,-,−,−,-,–,-,-
,,-,-,-,-,-,-,-,-,-,-,,−,−,−,-,−,−,-,–,-,-,,−,−,−,-,−,−,-,–,-,-
,,-,-,-,-,-,-,-,-,-,-,,−,−,−,-,−,−,-,–,-,-,,−,−,−,-,−,−,-,–,-,-
,,-,-,-,-,-,-,-,-,-,-,,−,−,−,-,−,−,-,–,-,-,,−,−,−,-,−,−,-,–,-,-
,,-,-,-,-,-,-,-,-,-,-,,−,−,−,-,−,−,-,–,-,-,,−,−,−,-,−,−,-,–,-,-
,,-,-,-,-,-,-,-,-,-,-,,−,−,−,-,−,−,-,–,-,-,,−,−,−,-,−,−,-,–,-,-
,,-,-,-,-,-,-,-,-,-,-,,−,−,−,-,−,−,-,–,-,-,,−,−,−,-,−,−,-,–,-,-
,,-,-,-,-,-,-,-,-,-,-,,−,−,−,-,−,−,-,–,-,-,,−,−,−,-,−,−,-,–,-,-
,,-,-,-,-,-,-,-,-,-,-,,−,−,−,-,−,−,-,–,-,-,,−,−,−,-,−,−,-,–,-,-
,,-,-,-,-,-,-,-,-,-,-,,−,−,−,-,−,−,-,–,-,-,,−,−,−,-,−,−,-,–,-,-
,,-,-,-,-,-,-,-,-,-,-,,−,−,−,-,−,−,-,–,-,-,,−,−,−,-,−,−,-,–,-,-
,,-,-,-,-,-,-,-,-,-,-,,−,−,−,-,−,−,-,–,-,-,,−,−,−,-,−,−,-,–,-,-
,,-,-,-,-,-,-,-,-,-,-,,−,−,−,-,−,−,-,–,-,-,,−,−,−,-,−,−,-,–,-,-
,,-,-,-,-,-,-,-,-,-,-,,−,−,−,-,−,−,-,–,-,-,,−,−,−,-,−,−,-,–,-,-
,,-,-,-,-,-,-,-,-,-,-,,−,−,−,-,−,−,-,–,-,-,,−,−,−,-,−,−,-,–,-,-
,,-,-,-,-,-,-,-,-,-,-,,−,−,−,-,−,−,-,–,-,-,,−,−,−,-,−,−,-,–,-,-
,,-,-,-,-,-,-,-,-,-,-,,−,−,−,-,−,−,-,–,-,-,,−,−,−,-,−,−,-,–,-,-
,,-,-,-,-,-,-,-,-,-,-,,−,−,−,-,−,−,-,–,-,-,,−,−,−,-,−,−,-,–,-,-
,,-,-,-,-,-,-,-,-,-,-,,−,−,−,-,−,−,-,–,-,-,,−,−,−,-,−,−,-,–,-,-
,,-,-,-,-,-,-,-,-,-,-,,−,−,−,-,−,−,-,–,-,-,,−,−,−,-,−,−,-,–,-,-
,,-,-,-,-,-,-,-,-,-,-,,−,−,−,-,−,−,-,–,-,-,,−,−,−,-,−,−,-,–,-,-
,,-,-,-,-,-,-,-,-,-,-,,−,−,−,-,−,−,-,–,-,-,,−,−,−,-,−,−,-,–,-,-
,,-,-,-,-,-,-,-,-,-,-,,−,−,−,-,−,−,-,–,-,-,,−,−,−,-,−,−,-,–,-,-
,,-,-,-,-,-,-,-,-,-,-,,−,−,−,-,−,−,-,–,-,-,,−,−,−,-,−,−,-,–,-,-
,,-,-,-,-,-,-,-,-,-,-,,−,−,−,-,−,−,-,–,-,-,,−,−,−,-,−,−,-,–,-,-
,,-,-,-,-,-,-,-,-,-,-,,−,−,−,-,−,−,-,–,-,-,,−,−,−,-,−,−,-,–,-,-
,,-,-,-,-,-,-,-,-,-,-,,−,−,−,-,−,−,-,–,-,-,,−,−,−,-,−,−,-,–,-,-
,,-,-,-,-,-,-,-,-,-,-,,−,−,−,-,−,−,-,–,-,-,,−,−,−,-,−,−,-,–,-,-
,,-,-,-,-,-,-,-,-,-,-,,−,−,−,-,−,−,-,–,-,-,,−,−,−,-,−,−,-,–,-,-
,,-,-,-,-,-,-,-,-,-,-,,−,−,−,-,−,−,-,–,-,-,,−,−,−,-,−,−,-,–,-,-
,,-,-,-,-,-,-,-,-,-,-,,−,−,−,-,−,−,-,–,-,-,,−,−,−,-,−,−,-,–,-,-
,,-,-,-,-,-,-,-,-,-,-,,−,−,−,-,−,−,-,–,-,-,,−,−,−,-,−,−,-,–,-,-
,,-,-,-,-,-,-,-,-,-,-,,−,−,−,-,−,−,-,–,-,-,,−,−,−,-,−,−,-,–,-,-
,,-,-,-,-,-,-,-,-,-,-,,−,−,−,-,−,−,-,–,-,-,,−,−,−,-,−,−,-,–,-,-
,,-,-,-,-,-,-,-,-,-,-,,−,−,−,-,−,−,-,–,-,-,,−,−,−,-,−,−,-,–,-,-
,,-,-,-,-,-,-,-,-,-,-,,−,−,−,-,−,−,-,–,-,-,,−,−,−,-,−,−,-,–,-,-
,,-,-,-,-,-,-,-,-,-,-,,−,−,−,-,−,−,-,–,-,-,,−,−,−,-,−,−,-,–,-,-
,,-,-,-,-,-,-,-,-,-,-,,−,−,−,-,−,−,-,–,-,-,,−,−,−,-,−,−,-,–,-,-
,,-,-,-,-,-,-,-,-,-,-,,−,−,−,-,−,−,-,–,-,-,,−,−,−,-,−,−,-,–,-,-
,,-,-,-,-,-,-,-,-,-,-,,−,−,−,-,−,−,-,–,-,-,,−,−,−,-,−,−,-,–,-,-
,,-,-,-,-,-,-,-,-,-,-,,−,−,−,-,−,−,-,–,-,-,,−,−,−,-,−,−,-,–,-,-
,,-,-,-,-,-,-,-,-,-,-,,−,−,−,-,−,−,-,–,-,-,,−,−,−,-,−,−,-,–,-,-
,,-,-,-,-,-,-,-,-,-,-,,−,−,−,-,−,−,-,–,-,-,,−,−,−,-,−,−,-,–,-,-
,,-,-,-,-,-,-,-,-,-,-,,−,−,−,-,−,−,-,–,-,-,,−,−,−,-,−,−,-,–,-,-
,,-,-,-,-,-,-,-,-,-,-,,−,−,−,-,−,−,-,–,-,-,,−,−,−,-,−,−,-,–,-,-
,,-,-,-,-,-,-,-,-,-,-,,−,−,−,-,−,−,-,–,-,-,,−,−,−,-,−,−,-,–,-,-
,,-,-,-,-,-,-,-,-,-,-,,−,−,−,-,−,−,-,–,-,-,,−,−,−,-,−,−,-,–,-,-
,,-,-,-,-,-,-,-,-,-,-,,−,−,−,-,−,−,-,–,-,-,,−,−,−,-,−,−,-,–,-,-
,,-,-,-,-,-,-,-,-,-,-,,−,−,−,-,−,−,-,–,-,-,,−,−,−,-,−,−,-,–,-,-
,,-,-,-,-,-,-,-,-,-,-,,−,−,−,-,−,−,-,–,-,-,,−,−,−,-,−,−,-,–,-,-
,,-,-,-,-,-,-,-,-,-,-,,−,−,−,-,−,−,-,–,-,-,,−,−,−,-,−,−,-,–,-,-
,,-,-,-,-,-,-,-,-,-,-,,−,−,−,-,−,−,-,–,-,-,,−,−,−,-,−,−,-,–,-,-
,,-,-,-,-,-,-,-,-,-,-,,−,−,−,-,−,−,-,–,-,-,,−,−,−,-,−,−,-,–,-,-
,,-,-,-,-,-,-,-,-,-,-,,−,−,−,-,−,−,-,–,-,-,,−,−,−,-,−,−,-,–,-,-
,,-,-,-,-,-,-,-,-,-,-,,−,−,−,-,−,−,-,–,-,-,,−,−,−,-,−,−,-,–,-,-
,,-,-,-,-,-,-,-,-,-,-,,−,−,−,-,−,−,-,–,-,-,,−,−,−,-,−,−,-,–,-,-
,,-,-,-,-,-,-,-,-,-,-,,−,−,−,-,−,−,-,–,-,-,,−,−,−,-,−,−,-,–,-,-
,,-,-,-,-,-,-,-,-,-,-,,−,−,−,-,−,−,-,–,-,-,,−,−,−,-,−,−,-,–,-,-
,,-,-,-,-,-,-,-,-,-,-,,−,−,−,-,−,−,-,–,-,-,,−,−,−,-,−,−,-,–,-,-
,,-,-,-,-,-,-,-,-,-,-,,−,−,−,-,−,−,-,–,-,-,,−,−,−,-,−,−,-,–,-,-
,,-,-,-,-,-,-,-,-,-,-,,−,−,−,-,−,−,-,–,-,-,,−,−,−,-,−,−,-,–,-,-
,,-,-,-,-,-,-,-,-,-,-,,−,−,−,-,−,−,-,–,-,-,,−,−,−,-,−,−,-,–,-,-
,,-,-,-,-,-,-,-,-,-,-,,−,−,−,-,−,−,-,–,-,-,,−,−,−,-,−,−,-,–,-,-
,,-,-,-,-,-,-,-,-,-,-,,−,−,−,-,−,−,-,–,-,-,,−,−,−,-,−,−,-,–,-,-
,,-,-,-,-,-,-,-,-,-,-,,−,−,−,-,−,−,-,–,-,-,,−,−,−,-,−,−,-,–,-,-
,,-,-,-,-,-,-,-,-,-,-,,−,−,−,-,−,−,-,–,-,-,,−,−,−,-,−,−,-,–,-,-
,,-,-,-,-,-,-,-,-,-,-,,−,−,−,-,−,−,-,–,-,-,,−,−,−,-,−,−,-,–,-,-
,,-,-,-,-,-,-,-,-,-,-,,−,−,−,-,−,−,-,–,-,-,,−,−,−,-,−,−,-,–,-,-
,,-,-,-,-,-,-,-,-,-,-,,−,−,−,-,−,−,-,–,-,-,,−,−,−,-,−,−,-,–,-,-
,,-,-,-,-,-,-,-,-,-,-,,−,−,−,-,−,−,-,–,-,-,,−,−,−,-,−,−,-,–,-,-
,,-,-,-,-,-,-,-,-,-,-,,−,−,−,-,−,−,-,–,-,-,,−,−,−,-,−,−,-,–,-,-
,,-,-,-,-,-,-,-,-,-,-,,−,−,−,-,−,−,-,–,-,-,,−,−,−,-,−,−,-,–,-,-
,,-,-,-,-,-,-,-,-,-,-,,−,−,−,-,−,−,-,–,-,-,,−,−,−,-,−,−,-,–,-,-
,,-,-,-,-,-,-,-,-,-,-,,−,−,−,-,−,−,-,–,-,-,,−,−,−,-,−,−,-,–,-,-
,,-,-,-,-,-,-,-,-,-,-,,−,−,−,-,−,−,-,–,-,-,,−,−,−,-,−,−,-,–,-,-
,,-,-,-,-,-,-,-,-,-,-,,−,−,−,-,−,−,-,–,-,-,,−,−,−,-,−,−,-,–,-,-
,,-,-,-,-,-,-,-,-,-,-,,−,−,−,-,−,−,-,–,-,-,,−,−,−,-,−,−,-,–,-,-
,,-,-,-,-,-,-,-,-,-,-,,−,−,−,-,−,−,-,–,-,-,,−,−,−,-,−,−,-,–,-,-
,,-,-,-,-,-,-,-,-,-,-,,−,−,−,-,−,−,-,–,-,-,,−,−,−,-,−,−,-,–,-,-
,,-,-,-,-,-,-,-,-,-,-,,−,−,−,-,−,−,-,–,-,-,,−,−,−,-,−,−,-,–,-,-
,,-,-,-,-,-,-,-,-,-,-,,−,−,−,-,−,−,-,–,-,-,,−,−,−,-,−,−,-,–,-,-
,,-,-,-,-,-,-,-,-,-,-,,−,−,−,-,−,−,-,–,-,-,,−,−,−,-,−,−,-,–,-,-
,,-,-,-,-,-,-,-,-,-,-,,−,−,−,-,−,−,-,–,-,-,,−,−,−,-,−,−,-,–,-,-
,,-,-,-,-,-,-,-,-,-,-,,−,−,−,-,−,−,-,–,-,-,,−,−,−,-,−,−,-,–,-,-
,,-,-,-,-,-,-,-,-,-,-,,−,−,−,-,−,−,-,–,-,-,,−,−,−,-,−,−,-,–,-,-
,,-,-,-,-,-,-,-,-,-,-,,−,−,−,-,−,−,-,–,-,-,,−,−,−,-,−,−,-,–,-,-
,,-,-,-,-,-,-,-,-,-,-,,−,−,−,-,−,−,-,–,-,-,,−,−,−,-,−,−,-,–,-,-
,,-,-,-,-,-,-,-,-,-,-,,−,−,−,-,−,−,-,–,-,-,,−,−,−,-,−,−,-,–,-,-
,,-,-,-,-,-,-,-,-,-,-,,−,−,−,-,−,−,-,–,-,-,,−,−,−,-,−,−,-,–,-,-
,,-,-,-,-,-,-,-,-,-,-,,−,−,−,-,−,−,-,–,-,-,,−,−,−,-,−,−,-,–,-,-
,,-,-,-,-,-,-,-,-,-,-,,−,−,−,-,−,−,-,–,-,-,,−,−,−,-,−,−,-,–,-,-
,,-,-,-,-,-,-,-,-,-,-,,−,−,−,-,−,−,-,–,-,-,,−,−,−,-,−,−,-,–,-,-
,,-,-,-,-,-,-,-,-,-,-,,−,−,−,-,−,−,-,–,-,-,,−,−,−,-,−,−,-,–,-,-
,,-,-,-,-,-,-,-,-,-,-,,−,−,−,-,−,−,-,–,-,-,,−,−,−,-,−,−,-,–,-,-
,,-,-,-,-,-,-,-,-,-,-,,−,−,−,-,−,−,-,–,-,-,,−,−,−,-,−,−,-,–,-,-
,,-,-,-,-,-,-,-,-,-,-,,−,−,−,-,−,−,-,–,-,-,,−,−,−,-,−,−,-,–,-,-
,,-,-,-,-,-,-,-,-,-,-,,−,−,−,-,−,−,-,–,-,-,,−,−,−,-,−,−,-,–,-,-
,,-,-,-,-,-,-,-,-,-,-,,−,−,−,-,−,−,-,–,-,-,,−,−,−,-,−,−,-,–,-,-
,,-,-,-,-,-,-,-,-,-,-,,−,−,−,-,−,−,-,–,-,-,,−,−,−,-,−,−,-,–,-,-
,,-,-,-,-,-,-,-,-,-,-,,−,−,−,-,−,−,-,–,-,-,,−,−,−,-,−,−,-,–,-,-
,,-,-,-,-,-,-,-,-,-,-,,−,−,−,-,−,−,-,–,-,-,,−,−,−,-,−,−,-,–,-,-
,,-,-,-,-,-,-,-,-,-,-,,−,−,−,-,−,−,-,–,-,-,,−,−,−,-,−,−,-,–,-,-
,,-,-,-,-,-,-,-,-,-,-,,−,−,−,-,−,−,-,–,-,-,,−,−,−,-,−,−,-,–,-,-
,,-,-,-,-,-,-,-,-,-,-,,−,−,−,-,−,−,-,–,-,-,,−,−,−,-,−,−,-,–,-,-
,,-,-,-,-,-,-,-,-,-,-,,−,−,−,-,−,−,-,–,-,-,,−,−,−,-,−,−,-,–,-,-
,,-,-,-,-,-,-,-,-,-,-,,−,−,−,-,−,−,-,–,-,-,,−,−,−,-,−,−,-,–,-,-
,,-,-,-,-,-,-,-,-,-,-,,−,−,−,-,−,−,-,–,-,-,,−,−,−,-,−,−,-,–,-,-
,,-,-,-,-,-,-,-,-,-,-,,−,−,−,-,−,−,-,–,-,-,,−,−,−,-,−,−,-,–,-,-
,,-,-,-,-,-,-,-,-,-,-,,−,−,−,-,−,−,-,–,-,-,,−,−,−,-,−,−,-,–,-,-
,,-,-,-,-,-,-,-,-,-,-,,−,−,−,-,−,−,-,–,-,-,,−,−,−,-,−,−,-,–,-,-
,,-,-,-,-,-,-,-,-,-,-,,−,−,−,-,−,−,-,–,-,-,,−,−,−,-,−,−,-,–,-,-
,,-,-,-,-,-,-,-,-,-,-,,−,−,−,-,−,−,-,–,-,-,,−,−,−,-,−,−,-,–,-,-
,,-,-,-,-,-,-,-,-,-,-,,−,−,−,-,−,−,-,–,-,-,,−,−,−,-,−,−,-,–,-,-
,,-,-,-,-,-,-,-,-,-,-,,−,−,−,-,−,−,-,–,-,-,,−,−,−,-,−,−,-,–,-,-
,,-,-,-,-,-,-,-,-,-,-,,−,−,−,-,−,−,-,–,-,-,,−,−,−,-,−,−,-,–,-,-
,,-,-,-,-,-,-,-,-,-,-,,−,−,−,-,−,−,-,–,-,-,,−,−,−,-,−,−,-,–,-,-
,,-,-,-,-,-,-,-,-,-,-,,−,−,−,-,−,−,-,–,-,-,,−,−,−,-,−,−,-,–,-,-
,,-,-,-,-,-,-,-,-,-,-,,−,−,−,-,−,−,-,–,-,-,,−,−,−,-,−,−,-,–,-,-
,,-,-,-,-,-,-,-,-,-,-,,−,−,−,-,−,−,-,–,-,-,,−,−,−,-,−,−,-,–,-,-
,,-,-,-,-,-,-,-,-,-,-,,−,−,−,-,−,−,-,–,-,-,,−,−,−,-,−,−,-,–,-,-
,,-,-,-,-,-,-,-,-,-,-,,−,−,−,-,−,−,-,–,-,-,,−,−,−,-,−,−,-,–,-,-
,,-,-,-,-,-,-,-,-,-,-,,−,−,−,-,−,−,-,–,-,-,,−,−,−,-,−,−,-,–,-,-
,,-,-,-,-,-,-,-,-,-,-,,−,−,−,-,−,−,-,–,-,-,,−,−,−,-,−,−,-,–,-,-
,,-,-,-,-,-,-,-,-,-,-,,−,−,−,-,−,−,-,–,-,-,,−,−,−,-,−,−,-,–,-,-
,,-,-,-,-,-,-,-,-,-,-,,−,−,−,-,−,−,-,–,-,-,,−,−,−,-,−,−,-,–,-,-
,,-,-,-,-,-,-,-,-,-,-,,−,−,−,-,−,−,-,–,-,-,,−,−,−,-,−,−,-,–,-,-
,,-,-,-,-,-,-,-,-,-,-,,−,−,−,-,−,−,-,–,-,-,,−,−,−,-,−,−,-,–,-,-
,,-,-,-,-,-,-,-,-,-,-,,−,−,−,-,−,−,-,–,-,-,,−,−,−,-,−,−,-,–,-,-
,,-,-,-,-,-,-,-,-,-,-,,−,−,−,-,−,−,-,–,-,-,,−,−,−,-,−,−,-,–,-,-
,,-,-,-,-,-,-,-,-,-,-,,−,−,−,-,−,−,-,–,-,-,,−,−,−,-,−,−,-,–,-,-
,,-,-,-,-,-,-,-,-,-,-,,−,−,−,-,−,−,-,–,-,-,,−,−,−,-,−,−,-,–,-,-
,,-,-,-,-,-,-,-,-,-,-,,−,−,−,-,−,−,-,–,-,-,,−,−,−,-,−,−,-,–,-,-
,,-,-,-,-,-,-,-,-,-,-,,−,−,−,-,−,−,-,–,-,-,,−,−,−,-,−,−,-,–,-,-
,,-,-,-,-,-,-,-,-,-,-,,−,−,−,-,−,−,-,–,-,-,,−,−,−,-,−,−,-,–,-,-
,,-,-,-,-,-,-,-,-,-,-,,−,−,−,-,−,−,-,–,-,-,,−,−,−,-,−,−,-,–,-,-
,,-,-,-,-,-,-,-,-,-,-,,−,−,−,-,−,−,-,–,-,-,,−,−,−,-,−,−,-,–,-,-
,,-,-,-,-,-,-,-,-,-,-,,−,−,−,-,−,−,-,–,-,-,,−,−,−,-,−,−,-,–,-,-
,,-,-,-,-,-,-,-,-,-,-,,−,−,−,-,−,−,-,–,-,-,,−,−,−,-,−,−,-,–,-,-
,,-,-,-,-,-,-,-,-,-,-,,−,−,−,-,−,−,-,–,-,-,,−,−,−,-,−,−,-,–,-,-
,,-,-,-,-,-,-,-,-,-,-,,−,−,−,-,−,−,-,–,-,-,,−,−,−,-,−,−,-,–,-,-
,,-,-,-,-,-,-,-,-,-,-,,−,−,−,-,−,−,-,–,-,-,,−,−,−,-,−,−,-,–,-,-
,,-,-,-,-,-,-,-,-,-,-,,−,−,−,-,−,−,-,–,-,-,,−,−,−,-,−,−,-,–,-,-
,,-,-,-,-,-,-,-,-,-,-,,−,−,−,-,−,−,-,–,-,-,,−,−,−,-,−,−,-,–,-,-
,,-,-,-,-,-,-,-,-,-,-,,−,−,−,-,−,−,-,–,-,-,,−,−,−,-,−,−,-,–,-,-
,,-,-,-,-,-,-,-,-,-,-,,−,−,−,-,−,−,-,–,-,-,,−,−,−,-,−,−,-,–,-,-
,,-,-,-,-,-,-,-,-,-,-,,−,−,−,-,−,−,-,–,-,-,,−,−,−,-,−,−,-,–,-,-
,,-,-,-,-,-,-,-,-,-,-,,−,−,−,-,−,−,-,–,-,-,,−,−,−,-,−,−,-,–,-,-
,,-,-,-,-,-,-,-,-,-,-,,−,−,−,-,−,−,-,–,-,-,,−,−,−,-,−,−,-,–,-,-
,,-,-,-,-,-,-,-,-,-,-,,−,−,−,-,−,−,-,–,-,-,,−,−,−,-,−,−,-,–,-,-
,,-,-,-,-,-,-,-,-,-,-,,−,−,−,-,−,−,-,–,-,-,,−,−,−,-,−,−,-,–,-,-
,,-,-,-,-,-,-,-,-,-,-,,−,−,−,-,−,−,-,–,-,-,,−,−,−,-,−,−,-,–,-,-
,,-,-,-,-,-,-,-,-,-,-,,−,−,−,-,−,−,-,–,-,-,,−,−,−,-,−,−,-,–,-,-
,,-,-,-,-,-,-,-,-,-,-,,−,−,−,-,−,−,-,–,-,-,,−,−,−,-,−,−,-,–,-,-
,,-,-,-,-,-,-,-,-,-,-,,−,−,−,-,−,−,-,–,-,-,,−,−,−,-,−,−,-,–,-,-
,,-,-,-,-,-,-,-,-,-,-,,−,−,−,-,−,−,-,–,-,-,,−,−,−,-,−,−,-,–,-,-
,,-,-,-,-,-,-,-,-,-,-,,−,−,−,-,−,−,-,–,-,-,,−,−,−,-,−,−,-,–,-,-
,,-,-,-,-,-,-,-,-,-,-,,−,−,−,-,−,−,-,–,-,-,,−,−,−,-,−,−,-,–,-,-
,,-,-,-,-,-,-,-,-,-,-,,−,−,−,-,−,−,-,–,-,-,,−,−,−,-,−,−,-,–,-,-
,,-,-,-,-,-,-,-,-,-,-,,−,−,−,-,−,−,-,–,-,-,,−,−,−,-,−,−,-,–,-,-
,,-,-,-,-,-,-,-,-,-,-,,−,−,−,-,−,−,-,–,-,-,,−,−,−,-,−,−,-,–,-,-
,,-,-,-,-,-,-,-,-,-,-,,−,−,−,-,−,−,-,–,-,-,,−,−,−,-,−,−,-,–,-,-
,,-,-,-,-,-,-,-,-,-,-,,−,−,−,-,−,−,-,–,-,-,,−,−,−,-,−,−,-,–,-,-
,,-,-,-,-,-,-,-,-,-,-,,−,−,−,-,−,−,-,–,-,-,,−,−,−,-,−,−,-,–,-,-
,,-,-,-,-,-,-,-,-,-,-,,−,−,−,-,−,−,-,–,-,-,,−,−,−,-,−,−,-,–,-,-
,,-,-,-,-,-,-,-,-,-,-,,−,−,−,-,−,−,-,–,-,-,,−,−,−,-,−,−,-,–,-,-
,,-,-,-,-,-,-,-,-,-,-,,−,−,−,-,−,−,-,–,-,-,,−,−,−,-,−,−,-,–,-,-
,,-,-,-,-,-,-,-,-,-,-,,−,−,−,-,−,−,-,–,-,-,,−,−,−,-,−,−,-,–,-,-
,,-,-,-,-,-,-,-,-,-,-,,−,−,−,-,−,−,-,–,-,-,,−,−,−,-,−,−,-,–,-,-
,,-,-,-,-,-,-,-,-,-,-,,−,−,−,-,−,−,-,–,-,-,,−,−,−,-,−,−,-,–,-,-
,,-,-,-,-,-,-,-,-,-,-,,−,−,−,-,−,−,-,–,-,-,,−,−,−,-,−,−,-,–,-,-
,,-,-,-,-,-,-,-,-,-,-,,−,−,−,-,−,−,-,–,-,-,,−,−,−,-,−,−,-,–,-,-
,,-,-,-,-,-,-,-,-,-,-,,−,−,−,-,−,−,-,–,-,-,,−,−,−,-,−,−,-,–,-,-
,,-,-,-,-,-,-,-,-,-,-,,−,−,−,-,−,−,-,–,-,-,,−,−,−,-,−,−,-,–,-,-
,,-,-,-,-,-,-,-,-,-,-,,−,−,−,-,−,−,-,–,-,-,,−,−,−,-,−,−,-,–,-,-
,,-,-,-,-,-,-,-,-,-,-,,−,−,−,-,−,−,-,–,-,-,,−,−,−,-,−,−,-,–,-,-
,,-,-,-,-,-,-,-,-,-,-,,−,−,−,-,−,−,-,–,-,-,,−,−,−,-,−,−,-,–,-,-
,,-,-,-,-,-,-,-,-,-,-,,−,−,−,-,−,−,-,–,-,-,,−,−,−,-,−,−,-,–,-,-
,,-,-,-,-,-,-,-,-,-,-,,−,−,−,-,−,−,-,–,-,-,,−,−,−,-,−,−,-,–,-,-
,,-,-,-,-,-,-,-,-,-,-,,−,−,−,-,−,−,-,–,-,-,,−,−,−,-,−,−,-,–,-,-
,,-,-,-,-,-,-,-,-,-,-,,−,−,−,-,−,−,-,–,-,-,,−,−,−,-,−,−,-,–,-,-
,,-,-,-,-,-,-,-,-,-,-,,−,−,−,-,−,−,-,–,-,-,,−,−,−,-,−,−,-,–,-,-
,,-,-,-,-,-,-,-,-,-,-,,−,−,−,-,−,−,-,–,-,-,,−,−,−,-,−,−,-,–,-,-
,,-,-,-,-,-,-,-,-,-,-,,−,−,−,-,−,−,-,–,-,-,,−,−,−,-,−,−,-,–,-,-
,,-,-,-,-,-,-,-,-,-,-,,−,−,−,-,−,−,-,–,-,-,,−,−,−,-,−,−,-,–,-,-
,,-,-,-,-,-,-,-,-,-,-,,−,−,−,-,−,−,-,–,-,-,,−,−,−,-,−,−,-,–,-,-
,,-,-,-,-,-,-,-,-,-,-,,−,−,−,-,−,−,-,–,-,-,,−,−,−,-,−,−,-,–,-,-
,,-,-,-,-,-,-,-,-,-,-,,−,−,−,-,−,−,-,–,-,-,,−,−,−,-,−,−,-,–,-,-
,,-,-,-,-,-,-,-,-,-,-,,−,−,−,-,−,−,-,–,-,-,,−,−,−,-,−,−,-,–,-,-
,,-,-,-,-,-,-,-,-,-,-,,−,−,−,-,−,−,-,–,-,-,,−,−,−,-,−,−,-,–,-,-
,,-,-,-,-,-,-,-,-,-,-,,−,−,−,-,−,−,-,–,-,-,,−,−,−,-,−,−,-,–,-,-
,,-,-,-,-,-,-,-,-,-,-,,−,−,−,-,−,−,-,–,-,-,,−,−,−,-,−,−,-,–,-,-
,,-,-,-,-,-,-,-,-,-,-,,−,−,−,-,−,−,-,–,-,-,,−,−,−,-,−,−,-,–,-,-
,,-,-,-,-,-,-,-,-,-,-,,−,−,−,-,−,−,-,–,-,-,,−,−,−,-,−,−,-,–,-,-
,,-,-,-,-,-,-,-,-,-,-,,−,−,−,-,−,−,-,–,-,-,,−,−,−,-,−,−,-,–,-,-
,,-,-,-,-,-,-,-,-,-,-,,−,−,−,-,−,−,-,–,-,-,,−,−,−,-,−,−,-,–,-,-
,,-,-,-,-,-,-,-,-,-,-,,−,−,−,-,−,−,-,–,-,-,,−,−,−,-,−,−,-,–,-,-
,,-,-,-,-,-,-,-,-,-,-,,−,−,−,-,−,−,-,–,-,-,,−,−,−,-,−,−,-,–,-,-
,,-,-,-,-,-,-,-,-,-,-,,−,−,−,-,−,−,-,–,-,-,,−,−,−,-,−,−,-,–,-,-
,,-,-,-,-,-,-,-,-,-,-,,−,−,−,-,−,−,-,–,-,-,,−,−,−,-,−,−,-,–,-,-
,,-,-,-,-,-,-,-,-,-,-,,−,−,−,-,−,−,-,–,-,-,,−,−,−,-,−,−,-,–,-,-
,,-,-,-,-,-,-,-,-,-,-,,−,−,−,-,−,−,-,–,-,-,,−,−,−,-,−,−,-,–,-,-
,,-,-,-,-,-,-,-,-,-,-,,−,−,−,-,−,−,-,–,-,-,,−,−,−,-,−,−,-,–,-,-
,,-,-,-,-,-,-,-,-,-,-,,−,−,−,-,−,−,-,–,-,-,,−,−,−,-,−,−,-,–,-,-
,,-,-,-,-,-,-,-,-,-,-,,−,−,−,-,−,−,-,–,-,-,,−,−,−,-,−,−,-,–,-,-
,,-,-,-,-,-,-,-,-,-,-,,−,−,−,-,−,−,-,–,-,-,,−,−,−,-,−,−,-,–,-,-
,,-,-,-,-,-,-,-,-,-,-,,−,−,−,-,−,−,-,–,-,-,,−,−,−,-,−,−,-,–,-,-
,,-,-,-,-,-,-,-,-,-,-,,−,−,−,-,−,−,-,–,-,-,,−,−,−,-,−,−,-,–,-,-
,,-,-,-,-,-,-,-,-,-,-,,−,−,−,-,−,−,-,–,-,-,,−,−,−,-,−,−,-,–,-,-
,,-,-,-,-,-,-,-,-,-,-,,−,−,−,-,−,−,-,–,-,-,,−,−,−,-,−,−,-,–,-,-
,,-,-,-,-,-,-,-,-,-,-,,−,−,−,-,−,−,-,–,-,-,,−,−,−,-,−,−,-,–,-,-
,,-,-,-,-,-,-,-,-,-,-,,−,−,−,-,−,−,-,–,-,-,,−,−,−,-,−,−,-,–,-,-
,,-,-,-,-,-,-,-,-,-,-,,−,−,−,-,−,−,-,–,-,-,,−,−,−,-,−,−,-,–,-,-
,,-,-,-,-,-,-,-,-,-,-,,−,−,−,-,−,−,-,–,-,-,,−,−,−,-,−,−,-,–,-,-
,,-,-,-,-,-,-,-,-,-,-,,−,−,−,-,−,−,-,–,-,-,,−,−,−,-,−,−,-,–,-,-
,,-,-,-,-,-,-,-,-,-,-,,−,−,−,-,−,−,-,–,-,-,,−,−,−,-,−,−,-,–,-,-
,,-,-,-,-,-,-,-,-,-,-,,−,−,−,-,−,−,-,–,-,-,,−,−,−,-,−,−,-,–,-,-
,,-,-,-,-,-,-,-,-,-,-,,−,−,−,-,−,−,-,–,-,-,,−,−,−,-,−,−,-,–,-,-
,,-,-,-,-,-,-,-,-,-,-,,−,−,−,-,−,−,-,–,-,-,,−,−,−,-,−,−,-,–,-,-
,,-,-,-,-,-,-,-,-,-,-,,−,−,−,-,−,−,-,–,-,-,,−,−,−,-,−,−,-,–,-,-
,,-,-,-,-,-,-,-,-,-,-,,−,−,−,-,−,−,-,–,-,-,,−,−,−,-,−,−,-,–,-,-
,,-,-,-,-,-,-,-,-,-,-,,−,−,−,-,−,−,-,–,-,-,,−,−,−,-,−,−,-,–,-,-
,,-,-,-,-,-,-,-,-,-,-,,−,−,−,-,−,−,-,–,-,-,,−,−,−,-,−,−,-,–,-,-
,,-,-,-,-,-,-,-,-,-,-,,−,−,−,-,−,−,-,–,-,-,,−,−,−,-,−,−,-,–,-,-
,,-,-,-,-,-,-,-,-,-,-,,−,−,−,-,−,−,-,–,-,-,,−,−,−,-,−,−,-,–,-,-
,,-,-,-,-,-,-,-,-,-,-,,−,−,−,-,−,−,-,–,-,-,,−,−,−,-,−,−,-,–,-,-
,,-,-,-,-,-,-,-,-,-,-,,−,−,−,-,−,−,-,–,-,-,,−,−,−,-,−,−,-,–,-,-
,,-,-,-,-,-,-,-,-,-,-,,−,−,−,-,−,−,-,–,-,-,,−,−,−,-,−,−,-,–,-,-
,,-,-,-,-,-,-,-,-,-,-,,−,−,−,-,−,−,-,–,-,-,,−,−,−,-,−,−,-,–,-,-
,,-,-,-,-,-,-,-,-,-,-,,−,−,−,-,−,−,-,–,-,-,,−,−,−,-,−,−,-,–,-,-
,,-,-,-,-,-,-,-,-,-,-,,−,−,−,-,−,−,-,–,-,-,,−,−,−,-,−,−,-,–,-,-
,,-,-,-,-,-,-,-,-,-,-,,−,−,−,-,−,−,-,–,-,-,,−,−,−,-,−,−,-,–,-,-
,,-,-,-,-,-,-,-,-,-,-,,−,−,−,-,−,−,-,–,-,-,,−,−,−,-,−,−,-,–,-,-
,,-,-,-,-,-,-,-,-,-,-,,−,−,−,-,−,−,-,–,-,-,,−,−,−,-,−,−,-,–,-,-
,,-,-,-,-,-,-,-,-,-,-,,−,−,−,-,−,−,-,–,-,-,,−,−,−,-,−,−,-,–,-,-
,,-,-,-,-,-,-,-,-,-,-,,−,−,−,-,−,−,-,–,-,-,,−,−,−,-,−,−,-,–,-,-
,,-,-,-,-,-,-,-,-,-,-,,−,−,−,-,−,−,-,–,-,-,,−,−,−,-,−,−,-,–,-,-
,,-,-,-,-,-,-,-,-,-,-,,−,−,−,-,−,−,-,–,-,-,,−,−,−,-,−,−,-,–,-,-
,,-,-,-,-,-,-,-,-,-,-,,−,−,−,-,−,−,-,–,-,-,,−,−,−,-,−,−,-,–,-,-
,,-,-,-,-,-,-,-,-,-,-,,−,−,−,-,−,−,-,–,-,-,,−,−,−,-,−,−,-,–,-,-
,,-,-,-,-,-,-,-,-,-,-,,−,−,−,-,−,−,-,–,-,-,,−,−,−,-,−,−,-,–,-,-
,,-,-,-,-,-,-,-,-,-,-,,−,−,−,-,−,−,-,–,-,-,,−,−,−,-,−,−,-,–,-,-
,,-,-,-,-,-,-,-,-,-,-,,−,−,−,-,−,−,-,–,-,-,,−,−,−,-,−,−,-,–,-,-
,,-,-,-,-,-,-,-,-,-,-,,−,−,−,-,−,−,-,–,-,-,,−,−,−,-,−,−,-,–,-,-
,,-,-,-,-,-,-,-,-,-,-,,−,−,−,-,−,−,-,–,-,-,,−,−,−,-,−,−,-,–,-,-
,,-,-,-,-,-,-,-,-,-,-,,−,−,−,-,−,−,-,–,-,-,,−,−,−,-,−,−,-,–,-,-
,,-,-,-,-,-,-,-,-,-,-,,−,−,−,-,−,−,-,–,-,-,,−,−,−,-,−,−,-,–,-,-
,,-,-,-,-,-,-,-,-,-,-,,−,−,−,-,−,−,-,–,-,-,,−,−,−,-,−,−,-,–,-,-
,,-,-,-,-,-,-,-,-,-,-,,−,−,−,-,−,−,-,–,-,-,,−,−,−,-,−,−,-,–,-,-
,,-,-,-,-,-,-,-,-,-,-,,−,−,−,-,−,−,-,–,-,-,,−,−,−,-,−,−,-,–,-,-
