TOTAL_COMPLETED_CASES,TEAM,ENG_ACCOUNT_ID,DERIVED_CLOUD,END_DT,START_DT,Acct_ID_18
1,Success Guides,0010M00001NYqTt,Agentforce,2025-01-01,2025-01-01,0010M00001NYqTtQAL
1,Success Guides,0013000000HjzrI,Agentforce,2025-12-01,2025-12-01,0013000000HjzrIAAR
1,Success Guides,0010M00001S96ot,Agentforce,2025-09-01,2025-09-01,0010M00001S96otQAB
1,Success Guides,0010M00001WY2xW,Agentforce,2025-12-01,2025-11-01,0010M00001WY2xWQAT
1,Success Guides,0013000001MoAoZ,Agentforce,2025-02-01,2025-01-01,0013000001MoAoZAAV
1,Success Architects,0013y00001cU5WQ,Agentforce,2025-05-01,2025-04-01,0013y00001cU5WQQA0
1,Success Guides,0013000000M2oAL,Agentforce,2025-07-01,2025-06-01,0013000000M2oALAAZ
1,Success Guides,0013000000rqHGL,Agentforce,2025-12-01,2025-09-01,0013000000rqHGLAA2
1,Success Guides,0010M00001W8Vfl,Agentforce,2025-08-01,2025-07-01,0010M00001W8VflQAF
1,Success Guides,0013000000M2UOx,Agentforce,2025-11-01,2025-11-01,0013000000M2UOxAAN
1,Success Guides,0013000000HFFem,Agentforce,2025-07-01,2025-07-01,0013000000HFFemAAH
1,Success Guides,0013y00001gDkBN,Agentforce,2025-02-01,2025-02-01,0013y00001gDkBNQA0
1,Success Guides,0013000000HHKtz,Agentforce,2025-06-01,2025-05-01,0013000000HHKtzAAH
1,Success Guides,0013000000K13F4,Agentforce,2025-06-01,2025-05-01,0013000000K13F4AAJ
1,Success Guides,00130000005gxGp,Agentforce,2025-07-01,2025-06-01,00130000005gxGpAAI
1,Success Guides,0010M00001NYfo3,Agentforce,2025-12-01,2025-10-01,0010M00001NYfo3QAD
1,Success Guides,00130000001fKt0,Agentforce,2025-12-01,2025-11-01,00130000001fKt0AAE
1,Success Guides,0013000000Fcn5b,Agentforce,2025-07-01,2025-05-01,0013000000Fcn5bAAB
1,1:M Content,0013y00001dxwho,Agentforce,2025-11-01,2025-11-01,0013y00001dxwhoQAA
1,1:M Content,00130000003Tamo,Agentforce,2025-04-01,2025-04-01,00130000003TamoAAC
1,1:M Content,0013y00001h7r5K,Agentforce,2025-07-01,2025-07-01,0013y00001h7r5KQAQ
1,1:M Content,001ed000002xOUz,Agentforce,2025-05-01,2025-05-01,001ed000002xOUzYAM
1,1:M Content,001ed00000jWfUQ,Agentforce,2025-10-01,2025-10-01,001ed00000jWfUQYA0
1,1:M Content,0010M00001WkSDP,Agentforce,2025-03-01,2025-03-01,0010M00001WkSDPQA3
1,1:M Content,0010M00001QkZep,Agentforce,2025-01-01,2025-01-01,0010M00001QkZepQAF
1,1:M Content,001ed00000TyW2m,Agentforce,2025-05-01,2025-05-01,001ed00000TyW2mYAF
1,1:M Content,0010M00001U3wGP,Agentforce,2025-06-01,2025-06-01,0010M00001U3wGPQAZ
1,1:M Content,00100000001ldKJ,Agentforce,2025-11-01,2025-11-01,00100000001ldKJAAY
1,1:M Content,0013y00001caPXH,Agentforce,2025-07-01,2025-07-01,0013y00001caPXHQA2
1,1:M Content,0013000001CCpyb,Agentforce,2025-09-01,2025-09-01,0013000001CCpybAAD
1,1:M Content,001ed00000eRvRP,Agentforce,2025-08-01,2025-08-01,001ed00000eRvRPYA0
1,1:M Content,0013y00001d7NdQ,Agentforce,2025-07-01,2025-07-01,0013y00001d7NdQQAU
1,1:M Content,001ed00000YrqWN,Agentforce,2025-07-01,2025-07-01,001ed00000YrqWNYAZ
1,1:M Content,001ed00000dgyXd,Agentforce,2025-09-01,2025-09-01,001ed00000dgyXdYAI
1,1:M Content,001ed00000HLtKl,Agentforce,2025-08-01,2025-08-01,001ed00000HLtKlYAL
1,1:M Content,00130000016hqBv,Agentforce,2025-02-01,2025-02-01,00130000016hqBvAAI
1,1:M Content,0010M00001Qaco9,Agentforce,2025-12-01,2025-12-01,0010M00001Qaco9QAB
1,1:M Content,001ed00000bzmIY,Agentforce,2025-07-01,2025-07-01,001ed00000bzmIYYAY
1,1:M Content,001ed00000a2UZy,Agentforce,2025-07-01,2025-07-01,001ed00000a2UZyYAM
1,1:M Content,001ed00000d3ptx,Agentforce,2025-11-01,2025-11-01,001ed00000d3ptxYAA
1,1:M Content,001ed00000iwal4,Agentforce,2025-09-01,2025-09-01,001ed00000iwal4YAA
1,1:M Content,0013y00001chSW3,Agentforce,2025-05-01,2025-05-01,0013y00001chSW3QAM
1,1:M Content,00130000016jWa9,Agentforce,2025-11-01,2025-11-01,00130000016jWa9AAE
1,1:M Content,001ed00000JzSJ0,Agentforce,2025-02-01,2025-02-01,001ed00000JzSJ0YAN
1,1:M Content,0010000000000j6,Agentforce,2025-11-01,2025-11-01,0010000000000j6AAA
1,1:M Content,001ed00000YJ0SA,Agentforce,2025-07-01,2025-07-01,001ed00000YJ0SAYA1
1,1:M Content,0013000000ZmhpZ,Agentforce,2025-07-01,2025-07-01,0013000000ZmhpZAAR
1,1:M Content,00130000016iPv5,Agentforce,2025-12-01,2025-12-01,00130000016iPv5AAE
1,1:M Content,001ed00000aKUlC,Agentforce,2025-07-01,2025-07-01,001ed00000aKUlCYAW
1,1:M Content,001ed00000Y5Wba,Agentforce,2025-06-01,2025-06-01,001ed00000Y5WbaYAF
1,1:M Content,001ed00000fCKub,Agentforce,2025-08-01,2025-08-01,001ed00000fCKubYAG
1,1:M Content,001ed00000hdJIG,Agentforce,2025-09-01,2025-09-01,001ed00000hdJIGYA2
1,1:M Content,00130000002xGIc,Agentforce,2025-03-01,2025-03-01,00130000002xGIcAAM
1,1:M Content,00100000000iSR5,Agentforce,2025-06-01,2025-06-01,00100000000iSR5AAM
1,1:M Content,0013000000Zio4P,Agentforce,2025-08-01,2025-08-01,0013000000Zio4PAAR
1,1:M Content,001ed00000eChrt,Agentforce,2025-08-01,2025-08-01,001ed00000eChrtYAC
1,1:M Content,0013000000LB3wT,Agentforce,2025-10-01,2025-10-01,0013000000LB3wTAAT
1,1:M Content,0010M00001WJLpz,Agentforce,2025-05-01,2025-05-01,0010M00001WJLpzQAH
1,1:M Content,0013y00001Z1FDL,Agentforce,2025-07-01,2025-07-01,0013y00001Z1FDLQA3
1,1:M Content,001ed00000SHOYu,Agentforce,2025-05-01,2025-05-01,001ed00000SHOYuYAP
1,1:M Content,0013000000hJjoz,Agentforce,2025-04-01,2025-04-01,0013000000hJjozAAC
1,1:M Content,001ed00000t5idS,Agentforce,2025-12-01,2025-12-01,001ed00000t5idSYAQ
1,1:M Content,001ed00000bbn2r,Agentforce,2025-08-01,2025-08-01,001ed00000bbn2rYAA
1,1:M Content,001ed00000YQb8Q,Agentforce,2025-07-01,2025-07-01,001ed00000YQb8QYAT
1,1:M Content,0013000000HFbxS,Agentforce,2025-08-01,2025-08-01,0013000000HFbxSAAT
1,1:M Content,001ed00000aIEhK,Agentforce,2025-07-01,2025-07-01,001ed00000aIEhKYAW
1,1:M Content,001ed00000eBaxC,Agentforce,2025-08-01,2025-08-01,001ed00000eBaxCYAS
4,1:M Content,001ed00000hWhdo,Agentforce,2025-09-01,2025-09-01,001ed00000hWhdoYAC
3,1:M Content,001ed00000TKYxi,Agentforce,2025-08-01,2025-08-01,001ed00000TKYxiYAH
5,1:M Content,00100000001L5vC,Agentforce,2025-11-01,2025-11-01,00100000001L5vCAAS
4,1:M Content,0013000000royjZ,Agentforce,2025-08-01,2025-08-01,0013000000royjZAAQ
4,1:M Content,0013000000M0Nzd,Agentforce,2025-11-01,2025-11-01,0013000000M0NzdAAF
3,1:M Content,0010M00001QnmFu,Agentforce,2025-12-01,2025-12-01,0010M00001QnmFuQAJ
4,1:M Content,00100000001hgEz,Agentforce,2025-11-01,2025-11-01,00100000001hgEzAAI
4,1:M Content,00100000001axha,Agentforce,2025-11-01,2025-11-01,00100000001axhaAAA
2,1:M Content,0013000000ZlQu4,Agentforce,2025-10-01,2025-10-01,0013000000ZlQu4AAF
3,1:M Content,001ed00000aMSAc,Agentforce,2025-08-01,2025-08-01,001ed00000aMSAcYAO
3,1:M Content,001000000027wFN,Agentforce,2025-10-01,2025-10-01,001000000027wFNAAY
2,1:M Content,0013y00001cwAWu,Agentforce,2025-11-01,2025-11-01,0013y00001cwAWuQAM
4,1:M Content,0010M00001WZ3Eo,Agentforce,2025-11-01,2025-11-01,0010M00001WZ3EoQAL
2,1:M Content,0013y00001cw0yw,Agentforce,2025-03-01,2025-03-01,0013y00001cw0ywQAA
3,1:M Content,0013000000hJUiE,Agentforce,2025-08-01,2025-08-01,0013000000hJUiEAAW
2,1:M Content,0013000000ZlXBy,Agentforce,2025-02-01,2025-02-01,0013000000ZlXByAAN
2,1:M Content,0013y00001gCoZo,Agentforce,2025-09-01,2025-09-01,0013y00001gCoZoQAK
2,1:M Content,0013000000K5ZGm,Agentforce,2025-09-01,2025-09-01,0013000000K5ZGmAAN
2,1:M Content,0013000001CCEoz,Agentforce,2025-09-01,2025-09-01,0013000001CCEozAAH
3,1:M Content,001ed00000eIdzy,Agentforce,2025-08-01,2025-08-01,001ed00000eIdzyYAC
2,1:M Content,0013000001MjT8g,Agentforce,2025-08-01,2025-08-01,0013000001MjT8gAAF
2,1:M Content,001ed00000rrFnH,Agentforce,2025-12-01,2025-12-01,001ed00000rrFnHYAU
2,1:M Content,0013000000FdceL,Agentforce,2025-10-01,2025-10-01,0013000000FdceLAAR
3,1:M Content,001ed00000oRXmH,Agentforce,2025-11-01,2025-11-01,001ed00000oRXmHYAW
2,1:M Content,0013000000DT6IT,Agentforce,2025-08-01,2025-08-01,0013000000DT6ITAA1
3,1:M Content,0013000000hJmLw,Agentforce,2025-06-01,2025-06-01,0013000000hJmLwAAK
2,1:M Content,0013000000HFbuz,Agentforce,2025-07-01,2025-07-01,0013000000HFbuzAAD
2,1:M Content,0010M00001cHSfU,Agentforce,2025-10-01,2025-10-01,0010M00001cHSfUQAW
2,1:M Content,001ed00000OjTxh,Agentforce,2025-07-01,2025-07-01,001ed00000OjTxhYAF
2,1:M Content,0013y00001g9Y6Z,Agentforce,2025-02-01,2025-02-01,0013y00001g9Y6ZQAU
2,1:M Content,001ed00000b0F9r,Agentforce,2025-07-01,2025-07-01,001ed00000b0F9rYAE
3,1:M Content,001ed00000ouyuL,Agentforce,2025-11-01,2025-11-01,001ed00000ouyuLYAQ
2,1:M Content,0013000001Mnrmn,Agentforce,2025-09-01,2025-09-01,0013000001MnrmnAAB
1,Success Guides,0013000001MjT8g,Agentforce,2025-08-01,2025-07-01,0013000001MjT8gAAF
1,Success Guides,0013000000ZkJ58,Agentforce,2025-03-01,2025-02-01,0013000000ZkJ58AAF
1,Success Guides,0013y00001bet46,Agentforce,2025-11-01,2025-09-01,0013y00001bet46QAA
1,Success Guides,0010M00001QaDzc,Agentforce,2025-11-01,2025-10-01,0010M00001QaDzcQAF
1,Success Guides,0013000001GXAIu,Agentforce,2025-11-01,2025-10-01,0013000001GXAIuAAP
1,Success Guides,0013000001J7nn1,Agentforce,2025-06-01,2025-05-01,0013000001J7nn1AAB
1,Success Guides,0013000000M171S,Agentforce,2025-07-01,2025-07-01,0013000000M171SAAR
1,Success Guides,00100000001ULqk,Agentforce,2025-02-01,2025-01-01,00100000001ULqkAAG
1,Success Guides,0010M00001QmaMw,Agentforce,2025-06-01,2025-05-01,0010M00001QmaMwQAJ
1,Success Guides,0010M00001JzmbF,Agentforce,2025-01-01,2025-01-01,0010M00001JzmbFQAR
1,Success Guides,00130000003EAYi,Agentforce,2025-09-01,2025-09-01,00130000003EAYiAAO
1,Success Guides,0013000001MoAoZ,Agentforce,2025-10-01,2025-08-01,0013000001MoAoZAAV
1,Success Guides,0013000000NSPSf,Agentforce,2025-11-01,2025-09-01,0013000000NSPSfAAP
1,Success Guides,0013000001CCfdp,Agentforce,2025-08-01,2025-06-01,0013000001CCfdpAAD
1,Success Guides,0010M00001WIRG2,Agentforce,2025-04-01,2025-03-01,0010M00001WIRG2QAP
1,Success Guides,0013y00001g9Kpj,Agentforce,2025-06-01,2025-05-01,0013y00001g9KpjQAE
1,Success Guides,0013000000AQvaL,Agentforce,2025-06-01,2025-06-01,0013000000AQvaLAAT
2,Success Guides,0013000000NRamY,Agentforce,2025-08-01,2025-08-01,0013000000NRamYAAT
1,1:M Content,0013000001CCB40,Agentforce,2025-06-01,2025-06-01,0013000001CCB40AAH
1,1:M Content,0013y00001gstBR,Agentforce,2025-08-01,2025-08-01,0013y00001gstBRQAY
1,1:M Content,0013y00001cQAqm,Agentforce,2024-11-01,2024-11-01,0013y00001cQAqmQAG
1,1:M Content,001000000027vN5,Agentforce,2025-05-01,2025-05-01,001000000027vN5AAI
1,1:M Content,00130000002xAJu,Agentforce,2025-07-01,2025-07-01,00130000002xAJuAAM
1,1:M Content,001ed00000rWq1l,Agentforce,2025-12-01,2025-12-01,001ed00000rWq1lYAC
1,1:M Content,001ed00000jNHz9,Agentforce,2025-12-01,2025-12-01,001ed00000jNHz9YAG
1,1:M Content,0010M00001NYaIf,Agentforce,2025-12-01,2025-12-01,0010M00001NYaIfQAL
1,1:M Content,001ed00000t4Yeg,Agentforce,2025-12-01,2025-12-01,001ed00000t4YegYAE
1,1:M Content,0013y00001cIbEA,Agentforce,2024-12-01,2024-12-01,0013y00001cIbEAQA0
1,1:M Content,0010M00001WIH63,Agentforce,2025-07-01,2025-07-01,0010M00001WIH63QAH
1,1:M Content,0013000000LBQiz,Agentforce,2025-03-01,2025-03-01,0013000000LBQizAAH
1,1:M Content,001ed00000TuDWX,Agentforce,2025-06-01,2025-06-01,001ed00000TuDWXYA3
1,1:M Content,0013y00001d1zfT,Agentforce,2025-09-01,2025-09-01,0013y00001d1zfTQAQ
1,1:M Content,00130000002xWhK,Agentforce,2025-08-01,2025-08-01,00130000002xWhKAAU
1,1:M Content,0010M00001ULZQ9,Agentforce,2025-09-01,2025-09-01,0010M00001ULZQ9QAP
1,1:M Content,001ed00000MtWyh,Agentforce,2025-04-01,2025-04-01,001ed00000MtWyhYAF
1,1:M Content,0010M00001XxrPo,Agentforce,2025-01-01,2025-01-01,0010M00001XxrPoQAJ
1,1:M Content,00130000001FFaX,Agentforce,2025-09-01,2025-09-01,00130000001FFaXAAW
1,1:M Content,001ed00000ldChO,Agentforce,2025-10-01,2025-10-01,001ed00000ldChOYAU
1,1:M Content,001ed00000RhO17,Agentforce,2025-05-01,2025-05-01,001ed00000RhO17YAF
1,1:M Content,0013000001GWu01,Agentforce,2025-08-01,2025-08-01,0013000001GWu01AAD
1,1:M Content,0010M00001QaXNQ,Agentforce,2025-05-01,2025-05-01,0010M00001QaXNQQA3
1,1:M Content,001ed00000gDGMx,Agentforce,2025-09-01,2025-09-01,001ed00000gDGMxYAO
1,1:M Content,0013000001Mnmzh,Agentforce,2025-10-01,2025-10-01,0013000001MnmzhAAB
1,1:M Content,001ed00000bZ0kc,Agentforce,2025-07-01,2025-07-01,001ed00000bZ0kcYAC
1,1:M Content,0010M00001WZRn9,Agentforce,2025-09-01,2025-09-01,0010M00001WZRn9QAH
1,1:M Content,0013000000ZmUJp,Agentforce,2025-10-01,2025-10-01,0013000000ZmUJpAAN
1,1:M Content,0013000001Mj9Th,Agentforce,2025-03-01,2025-03-01,0013000001Mj9ThAAJ
1,1:M Content,001ed00000DJwIY,Agentforce,2025-01-01,2025-01-01,001ed00000DJwIYYA1
1,1:M Content,001ed00000ci9GE,Agentforce,2025-08-01,2025-08-01,001ed00000ci9GEYAY
1,1:M Content,001ed00000YNNl8,Agentforce,2025-10-01,2025-10-01,001ed00000YNNl8YAH
1,1:M Content,001ed000007gH5F,Agentforce,2025-02-01,2025-02-01,001ed000007gH5FYAU
1,1:M Content,0013000001J7tjF,Agentforce,2025-09-01,2025-09-01,0013000001J7tjFAAR
1,1:M Content,00130000016jM8K,Agentforce,2025-07-01,2025-07-01,00130000016jM8KAAU
1,1:M Content,0010M00001Qm6Fy,Agentforce,2025-03-01,2025-03-01,0010M00001Qm6FyQAJ
1,1:M Content,001ed0000065XZO,Agentforce,2025-11-01,2025-11-01,001ed0000065XZOYA2
1,1:M Content,00130000001iM27,Agentforce,2025-10-01,2025-10-01,00130000001iM27AAE
1,1:M Content,00130000016gfd5,Agentforce,2025-07-01,2025-07-01,00130000016gfd5AAA
1,1:M Content,001ed00000fiY3D,Agentforce,2025-08-01,2025-08-01,001ed00000fiY3DYAU
2,1:M Content,001ed00000dHZJ5,Agentforce,2025-08-01,2025-08-01,001ed00000dHZJ5YAO
4,1:M Content,001ed00000gVDNO,Agentforce,2025-09-01,2025-09-01,001ed00000gVDNOYA4
3,1:M Content,0010M00001NYl5o,Agentforce,2025-11-01,2025-11-01,0010M00001NYl5oQAD
2,1:M Content,0010M00001SeZhn,Agentforce,2025-04-01,2025-04-01,0010M00001SeZhnQAF
3,1:M Content,0013000000NS9ku,Agentforce,2025-08-01,2025-08-01,0013000000NS9kuAAD
4,1:M Content,0013000000KufHB,Agentforce,2025-07-01,2025-07-01,0013000000KufHBAAZ
2,1:M Content,0013y00001c4mli,Agentforce,2025-11-01,2025-11-01,0013y00001c4mliQAA
2,1:M Content,0013000000HIzRy,Agentforce,2025-07-01,2025-07-01,0013000000HIzRyAAL
4,1:M Content,001ed00000ojGAI,Agentforce,2025-11-01,2025-11-01,001ed00000ojGAIYA2
4,1:M Content,001ed00000gQ3Jt,Agentforce,2025-09-01,2025-09-01,001ed00000gQ3JtYAK
2,1:M Content,0010M00001QadR6,Agentforce,2025-07-01,2025-07-01,0010M00001QadR6QAJ
3,1:M Content,0010M00001SpsJ7,Agentforce,2025-07-01,2025-07-01,0010M00001SpsJ7QAJ
2,1:M Content,001ed000006JZps,Agentforce,2025-06-01,2025-06-01,001ed000006JZpsYAG
4,1:M Content,001ed00000YHgDl,Agentforce,2025-07-01,2025-07-01,001ed00000YHgDlYAL
2,1:M Content,001ed00000coaDi,Agentforce,2025-08-01,2025-08-01,001ed00000coaDiYAI
2,1:M Content,0013y00001f9ZCR,Agentforce,2025-08-01,2025-08-01,0013y00001f9ZCRQA2
2,1:M Content,0013y00001eqK9N,Agentforce,2025-06-01,2025-06-01,0013y00001eqK9NQAU
4,1:M Content,0010M00001QmvAa,Agentforce,2025-05-01,2025-05-01,0010M00001QmvAaQAJ
2,1:M Content,0013000000HIpep,Agentforce,2025-11-01,2025-11-01,0013000000HIpepAAD
2,1:M Content,0013000001GX6kp,Agentforce,2025-07-01,2025-07-01,0013000001GX6kpAAD
2,1:M Content,0010M00001WJMwY,Agentforce,2025-11-01,2025-11-01,0010M00001WJMwYQAX
3,1:M Content,001ed00000iwal4,Agentforce,2025-10-01,2025-10-01,001ed00000iwal4YAA
2,1:M Content,001ed00000aTRT9,Agentforce,2025-06-01,2025-06-01,001ed00000aTRT9YAO
2,1:M Content,0013000000rqHs6,Agentforce,2025-06-01,2025-06-01,0013000000rqHs6AAE
1,Success Guides,0013000001GX9ps,Agentforce,2025-04-01,2025-04-01,0013000001GX9psAAD
1,Success Guides,0013000001JyIvW,Agentforce,2025-09-01,2025-08-01,0013000001JyIvWAAV
1,Success Guides,00130000002xBBr,Agentforce,2025-10-01,2025-08-01,00130000002xBBrAAM
1,Success Guides,0013000000Em4Wk,Agentforce,2025-10-01,2025-09-01,0013000000Em4WkAAJ
1,Success Guides,0013y00001cItCw,Agentforce,2025-02-01,2025-02-01,0013y00001cItCwQAK
1,Success Guides,0010M00001QkorK,Agentforce,2025-11-01,2025-11-01,0010M00001QkorKQAR
1,Success Guides,0013000000ZmUSh,Agentforce,2025-11-01,2025-10-01,0013000000ZmUShAAN
1,Success Guides,0013000000Jwyzr,Agentforce,2025-09-01,2025-09-01,0013000000JwyzrAAB
1,Success Guides,00100000000nEbU,Agentforce,2025-10-01,2025-09-01,00100000000nEbUAAU
1,Success Guides,0010M00001WI0sP,Agentforce,2025-12-01,2025-11-01,0010M00001WI0sPQAT
1,Success Guides,0010M00001JzrW0,Agentforce,2025-06-01,2025-05-01,0010M00001JzrW0QAJ
1,Success Guides,0010M00001ULiD0,Agentforce,2025-06-01,2025-04-01,0010M00001ULiD0QAL
1,Success Guides,00130000001Tqk1,Agentforce,2025-05-01,2025-02-01,00130000001Tqk1AAC
1,Success Guides,0013000000K89JJ,Agentforce,2025-08-01,2025-07-01,0013000000K89JJAAZ
1,Success Guides,0013000000rnlWw,Agentforce,2025-11-01,2025-10-01,0013000000rnlWwAAI
1,Success Guides,0013y00001cFuyF,Agentforce,2025-12-01,2025-11-01,0013y00001cFuyFQAS
1,Success Guides,0013y00001djzCp,Agentforce,2025-11-01,2025-09-01,0013y00001djzCpQAI
1,Success Guides,0013000000B3Rn6,Agentforce,2025-01-01,2025-01-01,0013000000B3Rn6AAF
1,Success Guides,0013000000NPgcr,Agentforce,2025-11-01,2025-10-01,0013000000NPgcrAAD
1,Success Guides,0010M00001WJLgi,Agentforce,2025-10-01,2025-09-01,0010M00001WJLgiQAH
1,Success Guides,0010M00001VKbni,Agentforce,2025-11-01,2025-10-01,0010M00001VKbniQAD
1,Success Guides,0013000001CCjDo,Agentforce,2025-06-01,2025-05-01,0013000001CCjDoAAL
1,Success Guides,0010M00001UEYOg,Agentforce,2025-08-01,2025-08-01,0010M00001UEYOgQAP
1,Success Guides,00130000002x9cj,Agentforce,2025-08-01,2025-08-01,00130000002x9cjAAA
1,Success Guides,0013y00001eHww6,Agentforce,2025-11-01,2025-11-01,0013y00001eHww6QAC
1,Success Guides,0013000001GW4XS,Agentforce,2025-12-01,2025-11-01,0013000001GW4XSAA1
1,Success Guides,00130000016gN5v,Agentforce,2025-12-01,2025-12-01,00130000016gN5vAAE
1,Success Guides,0013000000rqLeD,Agentforce,2025-09-01,2025-09-01,0013000000rqLeDAAU
1,1:M Content,00130000000OmBh,Agentforce,2025-01-01,2025-01-01,00130000000OmBhAAK
1,1:M Content,0010M00001Qk0Ph,Agentforce,2025-01-01,2025-01-01,0010M00001Qk0PhQAJ
1,1:M Content,001ed00000eDbdt,Agentforce,2025-08-01,2025-08-01,001ed00000eDbdtYAC
1,1:M Content,0010M00001Wa3gw,Agentforce,2025-12-01,2025-12-01,0010M00001Wa3gwQAB
1,1:M Content,0013y00001dLB4w,Agentforce,2025-11-01,2025-11-01,0013y00001dLB4wQAG
1,1:M Content,0010M00001Qakik,Agentforce,2025-08-01,2025-08-01,0010M00001QakikQAB
2,1:M Content,0013000000GtvDF,Agentforce,2025-08-01,2025-08-01,0013000000GtvDFAAZ
1,1:M Content,0013y00001emaeP,Agentforce,2025-06-01,2025-06-01,0013y00001emaePQAQ
1,1:M Content,0010M00001S9R8p,Agentforce,2025-09-01,2025-09-01,0010M00001S9R8pQAF
1,1:M Content,001ed00000RhNoD,Agentforce,2025-05-01,2025-05-01,001ed00000RhNoDYAV
1,1:M Content,001ed00000RRIxP,Agentforce,2025-05-01,2025-05-01,001ed00000RRIxPYAX
1,1:M Content,00100000001KsQh,Agentforce,2025-08-01,2025-08-01,00100000001KsQhAAK
1,1:M Content,0010M00001SIQLl,Agentforce,2025-09-01,2025-09-01,0010M00001SIQLlQAP
1,1:M Content,0013000000ILMvV,Agentforce,2025-09-01,2025-09-01,0013000000ILMvVAAX
1,1:M Content,001ed00000efhA5,Agentforce,2025-08-01,2025-08-01,001ed00000efhA5YAI
1,1:M Content,00100000001FrAv,Agentforce,2025-10-01,2025-10-01,00100000001FrAvAAK
1,1:M Content,0013000001KakBg,Agentforce,2025-07-01,2025-07-01,0013000001KakBgAAJ
1,1:M Content,0013000001L5ksW,Agentforce,2025-07-01,2025-07-01,0013000001L5ksWAAR
1,1:M Content,0013000001CC7S1,Agentforce,2025-10-01,2025-10-01,0013000001CC7S1AAL
1,1:M Content,001ed00000eGBq7,Agentforce,2025-08-01,2025-08-01,001ed00000eGBq7YAG
1,1:M Content,0013y00001g9G0X,Agentforce,2025-12-01,2025-12-01,0013y00001g9G0XQAU
1,1:M Content,00130000005tQ9v,Agentforce,2025-09-01,2025-09-01,00130000005tQ9vAAE
1,1:M Content,00130000004WAge,Agentforce,2025-01-01,2025-01-01,00130000004WAgeAAG
1,1:M Content,001ed00000OGdnd,Agentforce,2025-08-01,2025-08-01,001ed00000OGdndYAD
1,1:M Content,0013y00001d1ji7,Agentforce,2025-09-01,2025-09-01,0013y00001d1ji7QAA
1,1:M Content,0013y00001ck11V,Agentforce,2025-07-01,2025-07-01,0013y00001ck11VQAQ
1,1:M Content,00130000000mwEG,Agentforce,2025-03-01,2025-03-01,00130000000mwEGAAY
1,1:M Content,001ed00000KPBkl,Agentforce,2025-03-01,2025-03-01,001ed00000KPBklYAH
1,1:M Content,0013000000NSUlY,Agentforce,2025-05-01,2025-05-01,0013000000NSUlYAAX
1,1:M Content,00130000001S78H,Agentforce,2025-08-01,2025-08-01,00130000001S78HAAS
1,1:M Content,0013000000HFbxu,Agentforce,2025-06-01,2025-06-01,0013000000HFbxuAAD
1,1:M Content,00130000004IFXF,Agentforce,2025-05-01,2025-05-01,00130000004IFXFAA4
1,1:M Content,001ed00000dYJMl,Agentforce,2025-09-01,2025-09-01,001ed00000dYJMlYAO
1,1:M Content,0013000000HIzRy,Agentforce,2025-01-01,2025-01-01,0013000000HIzRyAAL
1,1:M Content,001ed00000ma04L,Agentforce,2025-11-01,2025-11-01,001ed00000ma04LYAQ
1,1:M Content,0013000001GWUKi,Agentforce,2025-07-01,2025-07-01,0013000001GWUKiAAP
1,1:M Content,0013000001GkjxR,Agentforce,2025-10-01,2025-10-01,0013000001GkjxRAAR
1,1:M Content,0010M00001QaU91,Agentforce,2024-11-01,2024-11-01,0010M00001QaU91QAF
1,1:M Content,001ed00000bjIbP,Agentforce,2025-10-01,2025-10-01,001ed00000bjIbPYAU
1,1:M Content,0013000001J7GU3,Agentforce,2024-12-01,2024-12-01,0013000001J7GU3AAN
1,1:M Content,001ed00000CgNff,Agentforce,2025-01-01,2025-01-01,001ed00000CgNffYAF
1,1:M Content,0013y00001cG2w2,Agentforce,2025-12-01,2025-12-01,0013y00001cG2w2QAC
1,1:M Content,0013000001CDkWf,Agentforce,2025-08-01,2025-08-01,0013000001CDkWfAAL
1,1:M Content,0013000001Mswi1,Agentforce,2024-12-01,2024-12-01,0013000001Mswi1AAB
6,1:M Content,0010M00001QnPG9,Agentforce,2025-09-01,2025-09-01,0010M00001QnPG9QAN
2,1:M Content,00130000002xael,Agentforce,2025-10-01,2025-10-01,00130000002xaelAAA
3,1:M Content,0013000000HFbxJ,Agentforce,2025-09-01,2025-09-01,0013000000HFbxJAAT
2,1:M Content,00130000001gfsO,Agentforce,2025-09-01,2025-09-01,00130000001gfsOAAQ
4,1:M Content,001ed0000064dAe,Agentforce,2025-07-01,2025-07-01,001ed0000064dAeYAI
3,1:M Content,001ed00000ZivEX,Agentforce,2025-07-01,2025-07-01,001ed00000ZivEXYAZ
3,1:M Content,00130000002xaJ3,Agentforce,2025-06-01,2025-06-01,00130000002xaJ3AAI
4,1:M Content,0013000000rpXG1,Agentforce,2025-09-01,2025-09-01,0013000000rpXG1AAM
2,1:M Content,001ed000006Ywz0,Agentforce,2025-10-01,2025-10-01,001ed000006Ywz0YAC
2,1:M Content,0010M00001aPt4C,Agentforce,2025-09-01,2025-09-01,0010M00001aPt4CQAS
4,1:M Content,0013000000NQz2I,Agentforce,2025-09-01,2025-09-01,0013000000NQz2IAAT
2,1:M Content,0013y00001chGHG,Agentforce,2025-09-01,2025-09-01,0013y00001chGHGQA2
2,1:M Content,0013y00001Z115S,Agentforce,2025-05-01,2025-05-01,0013y00001Z115SQAR
3,1:M Content,0010M00001QncYI,Agentforce,2025-07-01,2025-07-01,0010M00001QncYIQAZ
3,1:M Content,001ed00000raGUM,Agentforce,2025-12-01,2025-12-01,001ed00000raGUMYA2
2,1:M Content,00130000007qkBq,Agentforce,2025-09-01,2025-09-01,00130000007qkBqAAI
2,1:M Content,0013y00001c5Q2z,Agentforce,2025-09-01,2025-09-01,0013y00001c5Q2zQAE
6,1:M Content,0013000000HFbqG,Agentforce,2025-02-01,2025-02-01,0013000000HFbqGAAT
2,1:M Content,0013y00001cjtQZ,Agentforce,2025-06-01,2025-06-01,0013y00001cjtQZQAY
3,1:M Content,0010M00001QniFu,Agentforce,2025-11-01,2025-11-01,0010M00001QniFuQAJ
2,1:M Content,001ed00000fMVVP,Agentforce,2025-09-01,2025-09-01,001ed00000fMVVPYA4
2,1:M Content,0013y00001f9Eig,Agentforce,2025-11-01,2025-11-01,0013y00001f9EigQAE
2,1:M Content,0010M00001Qjq3W,Agentforce,2025-06-01,2025-06-01,0010M00001Qjq3WQAR
2,1:M Content,00130000004UfHd,Agentforce,2025-09-01,2025-09-01,00130000004UfHdAAK
2,1:M Content,0010M00001W8O6X,Agentforce,2025-07-01,2025-07-01,0010M00001W8O6XQAV
2,1:M Content,0013y00001cCXh2,Agentforce,2025-11-01,2025-11-01,0013y00001cCXh2QAG
3,1:M Content,0013000000M17ry,Agentforce,2025-10-01,2025-10-01,0013000000M17ryAAB
2,1:M Content,001ed00000iWav4,Agentforce,2025-10-01,2025-10-01,001ed00000iWav4YAC
2,1:M Content,00130000002xIP9,Agentforce,2025-06-01,2025-06-01,00130000002xIP9AAM
2,1:M Content,001ed00000du4c0,Agentforce,2025-09-01,2025-09-01,001ed00000du4c0YAA
1,Success Guides,0010M00001JzvBB,Agentforce,2025-08-01,2025-07-01,0010M00001JzvBBQAZ
1,Success Guides,0013000000hLWtN,Agentforce,2025-03-01,2025-01-01,0013000000hLWtNAAW
1,Success Guides,00100000001ILBE,Agentforce,2025-08-01,2025-07-01,00100000001ILBEAA4
1,Success Guides,0013000000ZjgCw,Agentforce,2025-03-01,2025-03-01,0013000000ZjgCwAAJ
1,Success Guides,0010M00001WACjj,Agentforce,2025-02-01,2025-01-01,0010M00001WACjjQAH
1,Success Guides,0013y00001ewGjz,Agentforce,2025-11-01,2025-10-01,0013y00001ewGjzQAE
1,Success Guides,0013000000FK8hq,Agentforce,2025-08-01,2025-08-01,0013000000FK8hqAAD
1,Success Guides,0010M00001YtszS,Agentforce,2025-07-01,2025-05-01,0010M00001YtszSQAR
1,Success Guides,0013000000Kwisb,Agentforce,2025-10-01,2025-09-01,0013000000KwisbAAB
1,Success Guides,0010M00001ULgv5,Agentforce,2025-05-01,2025-04-01,0010M00001ULgv5QAD
1,Success Guides,00130000000UaOd,Agentforce,2025-08-01,2025-06-01,00130000000UaOdAAK
1,Success Guides,0010M00001UVJbj,Agentforce,2025-03-01,2025-03-01,0010M00001UVJbjQAH
1,Success Guides,0013000000hLHmh,Agentforce,2025-11-01,2025-10-01,0013000000hLHmhAAG
1,Success Guides,0013000000M2MYN,Agentforce,2025-05-01,2025-04-01,0013000000M2MYNAA3
2,Success Guides,0013000001GXj8Y,Agentforce,2025-11-01,2025-11-01,0013000001GXj8YAAT
1,1:M Content,0013000001CD4KG,Agentforce,2025-11-01,2025-11-01,0013000001CD4KGAA1
1,1:M Content,001ed00000s89VI,Agentforce,2025-12-01,2025-12-01,001ed00000s89VIYAY
1,1:M Content,001ed00000DJmxd,Agentforce,2025-01-01,2025-01-01,001ed00000DJmxdYAD
1,1:M Content,0013000001G0QV6,Agentforce,2025-09-01,2025-09-01,0013000001G0QV6AAN
1,1:M Content,001000000029t9U,Agentforce,2025-07-01,2025-07-01,001000000029t9UAAQ
1,1:M Content,00130000016hD2Z,Agentforce,2025-11-01,2025-11-01,00130000016hD2ZAAU
1,1:M Content,001ed00000bZkyn,Agentforce,2025-07-01,2025-07-01,001ed00000bZkynYAC
1,1:M Content,0010M00001W8570,Agentforce,2025-02-01,2025-02-01,0010M00001W8570QAB
1,1:M Content,001ed00000cInve,Agentforce,2025-07-01,2025-07-01,001ed00000cInveYAC
1,1:M Content,001ed00000Tgepx,Agentforce,2025-05-01,2025-05-01,001ed00000TgepxYAB
1,1:M Content,001000000014qGQ,Agentforce,2025-06-01,2025-06-01,001000000014qGQAAY
1,1:M Content,001ed00000Rii5p,Agentforce,2025-09-01,2025-09-01,001ed00000Rii5pYAB
1,1:M Content,0010M00001WZhhX,Agentforce,2025-12-01,2025-12-01,0010M00001WZhhXQAT
1,1:M Content,0013000000rqPNg,Agentforce,2025-07-01,2025-07-01,0013000000rqPNgAAM
1,1:M Content,0013000000ZmUSh,Agentforce,2025-08-01,2025-08-01,0013000000ZmUShAAN
1,1:M Content,0013000000Imc8j,Agentforce,2025-11-01,2025-11-01,0013000000Imc8jAAB
1,1:M Content,0010M00001QoLy0,Agentforce,2025-08-01,2025-08-01,0010M00001QoLy0QAF
1,1:M Content,0010M00001QlmyJ,Agentforce,2025-12-01,2025-12-01,0010M00001QlmyJQAR
1,1:M Content,0010M00001V4BgI,Agentforce,2025-07-01,2025-07-01,0010M00001V4BgIQAV
1,1:M Content,00130000006vKKB,Agentforce,2025-12-01,2025-12-01,00130000006vKKBAA2
1,1:M Content,0010M00001QmlXb,Agentforce,2024-12-01,2024-12-01,0010M00001QmlXbQAJ
1,1:M Content,0010M00001SJP09,Agentforce,2025-01-01,2025-01-01,0010M00001SJP09QAH
1,1:M Content,00130000002xbLL,Agentforce,2025-12-01,2025-12-01,00130000002xbLLAAY
1,1:M Content,001ed00000ba4mB,Agentforce,2025-07-01,2025-07-01,001ed00000ba4mBYAQ
1,1:M Content,00100000001Jgch,Agentforce,2025-01-01,2025-01-01,00100000001JgchAAC
1,1:M Content,00130000016ic7X,Agentforce,2025-01-01,2025-01-01,00130000016ic7XAAQ
1,1:M Content,0013y00001cQ3Cd,Agentforce,2025-10-01,2025-10-01,0013y00001cQ3CdQAK
2,1:M Content,0013000000ZlYB6,Agentforce,2025-08-01,2025-08-01,0013000000ZlYB6AAN
1,1:M Content,0013000000M2NFw,Agentforce,2025-10-01,2025-10-01,0013000000M2NFwAAN
1,1:M Content,001ed00000U3kLF,Agentforce,2025-06-01,2025-06-01,001ed00000U3kLFYAZ
1,1:M Content,00130000000TCmw,Agentforce,2025-07-01,2025-07-01,00130000000TCmwAAG
1,1:M Content,0013000000HIRqd,Agentforce,2025-07-01,2025-07-01,0013000000HIRqdAAH
1,1:M Content,0013000001CAz4D,Agentforce,2025-08-01,2025-08-01,0013000001CAz4DAAT
1,1:M Content,001300000006kur,Agentforce,2025-08-01,2025-07-01,001300000006kurAAA
1,1:M Content,00130000007CwWH,Agentforce,2025-01-01,2025-01-01,00130000007CwWHAA0
1,1:M Content,0013000001MrtdX,Agentforce,2025-01-01,2025-01-01,0013000001MrtdXAAR
1,1:M Content,001ed00000FJpar,Agentforce,2025-01-01,2025-01-01,001ed00000FJparYAD
1,1:M Content,00100000001TIw0,Agentforce,2025-07-01,2025-07-01,00100000001TIw0AAG
1,1:M Content,001ed00000ZvXsj,Agentforce,2025-07-01,2025-07-01,001ed00000ZvXsjYAF
1,1:M Content,00130000016iQyP,Agentforce,2025-07-01,2025-07-01,00130000016iQyPAAU
1,1:M Content,00130000002xCur,Agentforce,2025-02-01,2025-02-01,00130000002xCurAAE
1,1:M Content,00130000016j7px,Agentforce,2025-02-01,2025-02-01,00130000016j7pxAAA
1,1:M Content,0010M00001THKwe,Agentforce,2025-10-01,2025-10-01,0010M00001THKweQAH
1,1:M Content,00130000001UvYk,Agentforce,2025-07-01,2025-07-01,00130000001UvYkAAK
1,1:M Content,0013000001JyBtD,Agentforce,2024-12-01,2024-12-01,0013000001JyBtDAAV
1,1:M Content,00100000001T7rD,Agentforce,2025-09-01,2025-09-01,00100000001T7rDAAS
1,1:M Content,0013y00001Z1HEV,Agentforce,2025-08-01,2025-08-01,0013y00001Z1HEVQA3
1,1:M Content,001ed00000gXJrh,Agentforce,2025-09-01,2025-09-01,001ed00000gXJrhYAG
1,1:M Content,0013000000ImJcj,Agentforce,2025-08-01,2025-08-01,0013000000ImJcjAAF
1,1:M Content,0013000001GVdm2,Agentforce,2025-12-01,2025-12-01,0013000001GVdm2AAD
1,1:M Content,001ed00000ZvGLg,Agentforce,2025-07-01,2025-07-01,001ed00000ZvGLgYAN
1,1:M Content,0013000001LWFBb,Agentforce,2025-01-01,2025-01-01,0013000001LWFBbAAP
1,1:M Content,0013000001Kc0bG,Agentforce,2025-03-01,2025-03-01,0013000001Kc0bGAAR
1,1:M Content,0013y00001bdnED,Agentforce,2025-08-01,2025-08-01,0013y00001bdnEDQAY
1,1:M Content,0010M00001P0RyD,Agentforce,2025-08-01,2025-08-01,0010M00001P0RyDQAV
1,1:M Content,0013000001MjH6u,Agentforce,2025-02-01,2025-02-01,0013000001MjH6uAAF
1,1:M Content,001ed00000FrANC,Agentforce,2025-01-01,2025-01-01,001ed00000FrANCYA3
1,1:M Content,0013000000hKtDD,Agentforce,2025-09-01,2025-09-01,0013000000hKtDDAA0
3,1:M Content,0013y00001cTEtI,Agentforce,2025-08-01,2025-08-01,0013y00001cTEtIQAW
4,1:M Content,001ed000004Yot0,Agentforce,2025-08-01,2025-08-01,001ed000004Yot0YAC
13,1:M Content,0010M00001QmvAa,Agentforce,2025-06-01,2025-06-01,0010M00001QmvAaQAJ
4,1:M Content,0013y00001f92V8,Agentforce,2025-04-01,2025-04-01,0013y00001f92V8QAI
3,1:M Content,001ed00000ojysr,Agentforce,2025-11-01,2025-11-01,001ed00000ojysrYAA
2,1:M Content,0010M00001QndmG,Agentforce,2025-09-01,2025-09-01,0010M00001QndmGQAR
4,1:M Content,0010M00001YtszS,Agentforce,2025-08-01,2025-08-01,0010M00001YtszSQAR
3,1:M Content,00130000016jps9,Agentforce,2025-12-01,2025-12-01,00130000016jps9AAA
2,1:M Content,001ed00000SwUnC,Agentforce,2025-05-01,2025-05-01,001ed00000SwUnCYAV
2,1:M Content,00130000016hA4v,Agentforce,2025-05-01,2025-05-01,00130000016hA4vAAE
2,1:M Content,001ed00000sPCdE,Agentforce,2025-12-01,2025-12-01,001ed00000sPCdEYAW
4,1:M Content,0013000000NS9ku,Agentforce,2025-12-01,2025-12-01,0013000000NS9kuAAD
3,1:M Content,0013000001MjTPr,Agentforce,2025-08-01,2025-08-01,0013000001MjTPrAAN
4,1:M Content,001ed00000a2zx9,Agentforce,2025-07-01,2025-07-01,001ed00000a2zx9YAA
2,1:M Content,0010M00001S9P3m,Agentforce,2025-10-01,2025-10-01,0010M00001S9P3mQAF
2,1:M Content,0013y00001cb8x0,Agentforce,2025-12-01,2025-12-01,0013y00001cb8x0QAA
2,1:M Content,0013000000B2P64,Agentforce,2025-10-01,2025-10-01,0013000000B2P64AAF
2,1:M Content,001ed00000bS63a,Agentforce,2025-07-01,2025-07-01,001ed00000bS63aYAC
2,1:M Content,0013000000GIeSR,Agentforce,2025-06-01,2025-06-01,0013000000GIeSRAA1
3,1:M Content,0013000001LX5Yp,Agentforce,2025-10-01,2025-10-01,0013000001LX5YpAAL
2,1:M Content,0013000001LVwlx,Agentforce,2025-12-01,2025-12-01,0013000001LVwlxAAD
2,1:M Content,001ed0000063tJ5,Agentforce,2025-10-01,2025-10-01,001ed0000063tJ5YAI
2,1:M Content,0013000000RZxnH,Agentforce,2025-07-01,2025-07-01,0013000000RZxnHAAT
2,1:M Content,001ed00000dfkbV,Agentforce,2025-08-01,2025-08-01,001ed00000dfkbVYAQ
2,1:M Content,001ed00000a7Yuk,Agentforce,2025-07-01,2025-07-01,001ed00000a7YukYAE
2,1:M Content,0013000000Ra2Jw,Agentforce,2025-12-01,2025-12-01,0013000000Ra2JwAAJ
2,1:M Content,001ed00000f24nv,Agentforce,2025-08-01,2025-08-01,001ed00000f24nvYAA
1,Success Guides,00130000002YMrP,Agentforce,2025-04-01,2025-02-01,00130000002YMrPAAW
1,Success Guides,0013000001GXFhT,Agentforce,2025-08-01,2025-07-01,0013000001GXFhTAAX
1,Success Guides,0013000000ZmUSh,Agentforce,2026-01-01,2025-12-01,0013000000ZmUShAAN
1,Success Guides,0013000000FIFKI,Agentforce,2025-09-01,2025-08-01,0013000000FIFKIAA5
1,Success Guides,0010M00001bbxsZ,Agentforce,2025-09-01,2025-08-01,0010M00001bbxsZQAQ
1,Success Guides,001000000029t9U,Agentforce,2025-09-01,2025-09-01,001000000029t9UAAQ
1,Success Guides,0013y00001ck4vg,Agentforce,2025-10-01,2025-09-01,0013y00001ck4vgQAA
1,Success Guides,0013y00001cs8D5,Agentforce,2025-12-01,2025-12-01,0013y00001cs8D5QAI
1,Success Guides,0010M00001WHz5C,Agentforce,2025-08-01,2025-08-01,0010M00001WHz5CQAT
1,Success Guides,00130000000Xt2K,Agentforce,2025-10-01,2025-09-01,00130000000Xt2KAAS
1,Success Guides,0013000000hLHmh,Agentforce,2025-12-01,2025-11-01,0013000000hLHmhAAG
1,Success Guides,0013y00001ck5IV,Agentforce,2025-11-01,2025-10-01,0013y00001ck5IVQAY
1,Success Guides,0010M00001JznYM,Agentforce,2025-11-01,2025-09-01,0010M00001JznYMQAZ
1,Success Guides,0013y00001d6xbj,Agentforce,2025-11-01,2025-09-01,0013y00001d6xbjQAA
1,Success Guides,0013y00001fEk4U,Agentforce,2025-06-01,2025-05-01,0013y00001fEk4UQAS
1,Success Guides,0013000000NPGSS,Agentforce,2025-07-01,2025-06-01,0013000000NPGSSAA5
2,Success Guides,0013000001GVHIA,Agentforce,2025-12-01,2025-11-01,0013000001GVHIAAA5
1,1:M Content,0013y00001gCwQz,Agentforce,2025-07-01,2025-07-01,0013y00001gCwQzQAK
1,1:M Content,0013000000hLjQV,Agentforce,2025-02-01,2025-02-01,0013000000hLjQVAA0
1,1:M Content,00130000016g0gv,Agentforce,2024-12-01,2024-12-01,00130000016g0gvAAA
1,1:M Content,0010M00001W8cIO,Agentforce,2025-01-01,2025-01-01,0010M00001W8cIOQAZ
1,1:M Content,0010M00001QndmG,Agentforce,2025-11-01,2025-11-01,0010M00001QndmGQAR
1,1:M Content,001000000001R2S,Agentforce,2025-08-01,2025-08-01,001000000001R2SAAU
1,1:M Content,001ed00000nOl4n,Agentforce,2025-06-01,2025-06-01,001ed00000nOl4nYAC
1,1:M Content,0013000000hL2I4,Agentforce,2025-12-01,2025-12-01,0013000000hL2I4AAK
1,1:M Content,00100000001iMMS,Agentforce,2025-01-01,2025-01-01,00100000001iMMSAA2
1,1:M Content,0013000000I4JCA,Agentforce,2025-08-01,2025-08-01,0013000000I4JCAAA3
1,1:M Content,001ed00000VBIhN,Agentforce,2025-10-01,2025-10-01,001ed00000VBIhNYAX
1,1:M Content,0013y00001e5tym,Agentforce,2025-10-01,2025-10-01,0013y00001e5tymQAA
1,1:M Content,0013y00001gLJvc,Agentforce,2025-07-01,2025-07-01,0013y00001gLJvcQAG
1,1:M Content,00100000001CwRq,Agentforce,2025-07-01,2025-07-01,00100000001CwRqAAK
1,1:M Content,001ed00000YH1If,Agentforce,2025-06-01,2025-06-01,001ed00000YH1IfYAL
1,1:M Content,0013000000ExEbR,Agentforce,2025-01-01,2025-01-01,0013000000ExEbRAAV
1,1:M Content,001ed00000oR45z,Agentforce,2025-11-01,2025-11-01,001ed00000oR45zYAC
1,1:M Content,0010M00001V3zKT,Agentforce,2025-02-01,2025-02-01,0010M00001V3zKTQAZ
1,1:M Content,00100000002EEpg,Agentforce,2025-02-01,2025-02-01,00100000002EEpgAAG
1,1:M Content,0013000000GIaEX,Agentforce,2025-06-01,2025-06-01,0013000000GIaEXAA1
1,1:M Content,001ed000006Lple,Agentforce,2025-07-01,2025-07-01,001ed000006LpleYAC
1,1:M Content,0013y00001eqOpY,Agentforce,2025-07-01,2025-07-01,0013y00001eqOpYQAU
1,1:M Content,0013000000BmfUQ,Agentforce,2025-11-01,2025-11-01,0013000000BmfUQAAZ
1,1:M Content,0010M00001QnoRt,Agentforce,2025-05-01,2025-05-01,0010M00001QnoRtQAJ
1,1:M Content,00100000001KsQh,Agentforce,2025-09-01,2025-09-01,00100000001KsQhAAK
1,1:M Content,001ed00000XXIG5,Agentforce,2025-06-01,2025-06-01,001ed00000XXIG5YAP
1,1:M Content,001300000007EQ8,Agentforce,2025-02-01,2025-02-01,001300000007EQ8AAM
1,1:M Content,001ed00000F0Ngk,Agentforce,2025-02-01,2025-02-01,001ed00000F0NgkYAF
1,1:M Content,001ed00000YPz7x,Agentforce,2025-07-01,2025-07-01,001ed00000YPz7xYAD
1,1:M Content,001ed00000CdAbk,Agentforce,2024-12-01,2024-12-01,001ed00000CdAbkYAF
1,1:M Content,0010M00001Qlnej,Agentforce,2025-11-01,2025-11-01,0010M00001QlnejQAB
1,1:M Content,0013000001GX2mt,Agentforce,2025-02-01,2025-02-01,0013000001GX2mtAAD
1,1:M Content,0010M00001WagIV,Agentforce,2025-08-01,2025-08-01,0010M00001WagIVQAZ
1,1:M Content,0013000001Fj4Ph,Agentforce,2025-07-01,2025-07-01,0013000001Fj4PhAAJ
1,1:M Content,001ed00000ryA9F,Agentforce,2025-12-01,2025-12-01,001ed00000ryA9FYAU
1,1:M Content,00130000002xT8H,Agentforce,2025-08-01,2025-08-01,00130000002xT8HAAU
1,1:M Content,001ed00000blpRd,Agentforce,2025-12-01,2025-12-01,001ed00000blpRdYAI
9,1:M Content,0010M00001bbxsZ,Agentforce,2025-11-01,2025-11-01,0010M00001bbxsZQAQ
2,1:M Content,0010M00001QnSHB,Agentforce,2025-06-01,2025-06-01,0010M00001QnSHBQA3
3,1:M Content,001ed00000h5SNv,Agentforce,2025-09-01,2025-09-01,001ed00000h5SNvYAM
4,1:M Content,0010M00001SIwbS,Agentforce,2025-12-01,2025-12-01,0010M00001SIwbSQAT
3,1:M Content,00130000004A4tW,Agentforce,2025-07-01,2025-07-01,00130000004A4tWAAS
4,1:M Content,001ed00000oREi2,Agentforce,2025-11-01,2025-11-01,001ed00000oREi2YAG
3,1:M Content,0013y00001beDip,Agentforce,2025-07-01,2025-07-01,0013y00001beDipQAE
2,1:M Content,0013y00001f9NZW,Agentforce,2025-05-01,2025-05-01,0013y00001f9NZWQA2
4,1:M Content,0013000000HIpep,Agentforce,2025-12-01,2025-12-01,0013000000HIpepAAD
4,1:M Content,0013y00001dKvjG,Agentforce,2025-11-01,2025-11-01,0013y00001dKvjGQAS
3,1:M Content,0013y00001cZwuj,Agentforce,2025-08-01,2025-08-01,0013y00001cZwujQAC
5,1:M Content,0010M00001XyAva,Agentforce,2025-08-01,2025-08-01,0010M00001XyAvaQAF
2,1:M Content,00130000002xANG,Agentforce,2025-10-01,2025-10-01,00130000002xANGAA2
3,1:M Content,0010M00001SeZar,Agentforce,2025-09-01,2025-09-01,0010M00001SeZarQAF
3,1:M Content,001ed00000XSs2V,Agentforce,2025-06-01,2025-06-01,001ed00000XSs2VYAT
2,1:M Content,0013y00001e2fcx,Agentforce,2025-05-01,2025-05-01,0013y00001e2fcxQAA
3,1:M Content,001ed00000rINcL,Agentforce,2025-12-01,2025-12-01,001ed00000rINcLYAW
2,1:M Content,001ed00000jdVej,Agentforce,2025-10-01,2025-10-01,001ed00000jdVejYAE
4,1:M Content,001ed00000gqFE6,Agentforce,2025-09-01,2025-09-01,001ed00000gqFE6YAM
2,1:M Content,0013000000Bn4tl,Agentforce,2025-09-01,2025-09-01,0013000000Bn4tlAAB
4,1:M Content,001ed00000fBUUf,Agentforce,2025-08-01,2025-08-01,001ed00000fBUUfYAO
2,1:M Content,0013000000Lj72x,Agentforce,2025-07-01,2025-07-01,0013000000Lj72xAAB
2,1:M Content,0013000001GWCBj,Agentforce,2025-12-01,2025-12-01,0013000001GWCBjAAP
2,1:M Content,0010M00001Qm6U0,Agentforce,2025-05-01,2025-05-01,0010M00001Qm6U0QAJ
4,1:M Content,0013000000LVgnR,Agentforce,2025-04-01,2025-04-01,0013000000LVgnRAAT
2,1:M Content,001ed00000T1OcH,Agentforce,2025-06-01,2025-06-01,001ed00000T1OcHYAV
3,1:M Content,001ed00000a5r8d,Agentforce,2025-07-01,2025-07-01,001ed00000a5r8dYAA
2,1:M Content,001300000025ReU,Agentforce,2025-08-01,2025-08-01,001300000025ReUAAU
1,Success Guides,00130000002x9cj,Agentforce,2025-07-01,2025-07-01,00130000002x9cjAAA
1,Success Guides,0010M00001Z06yC,Agentforce,2025-12-01,2025-11-01,0010M00001Z06yCQAR
1,Success Guides,0013y00001d7TSE,Agentforce,2025-07-01,2025-06-01,0013y00001d7TSEQA2
1,Success Guides,00100000001ow6d,Agentforce,2025-03-01,2025-02-01,00100000001ow6dAAA
1,Success Guides,0010M00001UVfEB,Agentforce,2025-12-01,2025-12-01,0010M00001UVfEBQA1
1,Success Guides,0010M00001S9L5A,Agentforce,2025-01-01,2025-01-01,0010M00001S9L5AQAV
1,Success Guides,0013000000RY6Me,Agentforce,2025-12-01,2025-11-01,0013000000RY6MeAAL
1,Success Guides,0013y00001ceCYh,Agentforce,2025-11-01,2025-11-01,0013y00001ceCYhQAM
1,Success Guides,0013000000LXREr,Agentforce,2025-09-01,2025-08-01,0013000000LXRErAAP
1,Success Guides,0013000001M15oh,Agentforce,2025-02-01,2025-01-01,0013000001M15ohAAB
1,Success Guides,001000000027wKl,Agentforce,2025-03-01,2025-02-01,001000000027wKlAAI
1,Success Guides,0010M00001QmqlC,Agentforce,2025-03-01,2025-03-01,0010M00001QmqlCQAR
1,Success Guides,0013000000GIhA6,Agentforce,2025-12-01,2025-12-01,0013000000GIhA6AAL
1,Success Guides,00100000001Siph,Agentforce,2025-05-01,2025-04-01,00100000001SiphAAC
1,Success Guides,0013y00001f6TpU,Agentforce,2025-09-01,2025-08-01,0013y00001f6TpUQAU
1,Success Guides,00100000000EL4b,Agentforce,2025-03-01,2025-02-01,00100000000EL4bAAG
1,Success Guides,0010M00001WIJGP,Agentforce,2025-09-01,2025-09-01,0010M00001WIJGPQA5
1,Success Guides,0013000000NSR7W,Agentforce,2025-11-01,2025-09-01,0013000000NSR7WAAX
1,Success Guides,0013000000GtvyL,Agentforce,2024-12-01,2024-11-01,0013000000GtvyLAAR
1,Success Guides,0010M00001SJDEl,Agentforce,2025-12-01,2025-11-01,0010M00001SJDElQAP
1,Success Guides,0013000000NRtOa,Agentforce,2025-09-01,2025-07-01,0013000000NRtOaAAL
1,Success Guides,0010M00001Q70Es,Agentforce,2024-12-01,2024-11-01,0010M00001Q70EsQAJ
1,Success Guides,0013000000K72Xb,Agentforce,2025-06-01,2025-05-01,0013000000K72XbAAJ
1,Success Guides,0013y00001cEFhb,Agentforce,2025-04-01,2025-03-01,0013y00001cEFhbQAG
1,Success Guides,0013y00001fT0ob,Agentforce,2025-12-01,2025-12-01,0013y00001fT0obQAC
3,Success Guides,0013000000GIhA6,Agentforce,2025-11-01,2025-11-01,0013000000GIhA6AAL
2,Success Guides,00100000000tKHP,Agentforce,2024-11-01,2024-10-01,00100000000tKHPAA2
2,Success Guides,0013000000FdzJo,Agentforce,2025-11-01,2025-10-01,0013000000FdzJoAAJ
1,1:M Content,001ed00000dAnnQ,Agentforce,2025-08-01,2025-08-01,001ed00000dAnnQYAS
1,1:M Content,001ed00000eSUfF,Agentforce,2025-08-01,2025-08-01,001ed00000eSUfFYAW
1,1:M Content,00130000016iOJo,Agentforce,2025-01-01,2025-01-01,00130000016iOJoAAM
1,1:M Content,001ed00000fl87N,Agentforce,2025-09-01,2025-09-01,001ed00000fl87NYAQ
1,1:M Content,0013y00001bdlR5,Agentforce,2025-07-01,2025-07-01,0013y00001bdlR5QAI
1,1:M Content,001ed00000bXH9d,Agentforce,2025-08-01,2025-08-01,001ed00000bXH9dYAG
1,1:M Content,0013000000GtvcC,Agentforce,2025-09-01,2025-09-01,0013000000GtvcCAAR
1,1:M Content,0013y00001beCGp,Agentforce,2025-05-01,2025-05-01,0013y00001beCGpQAM
1,1:M Content,001ed00000bUT8w,Agentforce,2025-07-01,2025-07-01,001ed00000bUT8wYAG
1,1:M Content,001ed00000NrASI,Agentforce,2025-08-01,2025-08-01,001ed00000NrASIYA3
1,1:M Content,00130000002xHUj,Agentforce,2025-06-01,2025-06-01,00130000002xHUjAAM
1,1:M Content,0013000001MrtdX,Agentforce,2025-07-01,2025-07-01,0013000001MrtdXAAR
1,1:M Content,001ed000009Bk3y,Agentforce,2025-05-01,2025-05-01,001ed000009Bk3yYAC
1,1:M Content,0013000000I4JCA,Agentforce,2025-06-01,2025-06-01,0013000000I4JCAAA3
1,1:M Content,0013y00001f9L2n,Agentforce,2025-08-01,2025-08-01,0013y00001f9L2nQAE
1,1:M Content,00130000016jSIM,Agentforce,2025-10-01,2025-10-01,00130000016jSIMAA2
1,1:M Content,0013y00001djz2U,Agentforce,2025-08-01,2025-08-01,0013y00001djz2UQAQ
1,1:M Content,0013000001GUQYI,Agentforce,2025-10-01,2025-10-01,0013000001GUQYIAA5
1,1:M Content,0010M00001UVZOX,Agentforce,2025-07-01,2025-07-01,0010M00001UVZOXQA5
1,1:M Content,001ed00000fM7uU,Agentforce,2025-09-01,2025-09-01,001ed00000fM7uUYAS
1,1:M Content,0013y00001bdygF,Agentforce,2025-08-01,2025-08-01,0013y00001bdygFQAQ
1,1:M Content,0013y00001g9kD4,Agentforce,2025-06-01,2025-06-01,0013y00001g9kD4QAI
1,1:M Content,0013y00001c4mli,Agentforce,2025-10-01,2025-10-01,0013y00001c4mliQAA
1,1:M Content,001ed00000droui,Agentforce,2025-08-01,2025-08-01,001ed00000drouiYAA
1,1:M Content,001ed00000oSWg7,Agentforce,2025-11-01,2025-11-01,001ed00000oSWg7YAG
1,1:M Content,0013000000JiG3Y,Agentforce,2025-09-01,2025-09-01,0013000000JiG3YAAV
1,1:M Content,0013000001CCYPW,Agentforce,2025-03-01,2025-03-01,0013000001CCYPWAA5
1,1:M Content,0013y00001ch8dO,Agentforce,2024-12-01,2024-12-01,0013y00001ch8dOQAQ
1,1:M Content,00130000006vKKB,Agentforce,2025-11-01,2025-11-01,00130000006vKKBAA2
1,1:M Content,001ed00000PBqT9,Agentforce,2025-04-01,2025-04-01,001ed00000PBqT9YAL
1,1:M Content,0013000000JiG3Y,Agentforce,2025-07-01,2025-07-01,0013000000JiG3YAAV
1,1:M Content,0013000000RX53V,Agentforce,2025-01-01,2025-01-01,0013000000RX53VAAT
1,1:M Content,0013000000LArQF,Agentforce,2025-08-01,2025-08-01,0013000000LArQFAA1
1,1:M Content,0013y00001gCoZo,Agentforce,2025-10-01,2025-10-01,0013y00001gCoZoQAK
1,1:M Content,001ed00000nsIRx,Agentforce,2025-11-01,2025-11-01,001ed00000nsIRxYAM
1,1:M Content,001ed00000QFZEm,Agentforce,2025-05-01,2025-05-01,001ed00000QFZEmYAP
1,1:M Content,0013y00001dWue5,Agentforce,2025-08-01,2025-08-01,0013y00001dWue5QAC
1,1:M Content,0010M00001U1b4i,Agentforce,2025-11-01,2025-11-01,0010M00001U1b4iQAB
1,1:M Content,0013y00001cU2S1,Agentforce,2025-08-01,2025-08-01,0013y00001cU2S1QAK
1,1:M Content,0013000000RWuoR,Agentforce,2025-07-01,2025-07-01,0013000000RWuoRAAT
1,1:M Content,0010M00001P0KWz,Agentforce,2024-11-01,2024-11-01,0010M00001P0KWzQAN
1,1:M Content,0013000000hLQmQ,Agentforce,2025-08-01,2025-08-01,0013000000hLQmQAAW
1,1:M Content,0013000000FdceL,Agentforce,2025-05-01,2025-05-01,0013000000FdceLAAR
1,1:M Content,00130000004aj0z,Agentforce,2025-10-01,2025-10-01,00130000004aj0zAAA
1,1:M Content,0010M00001SHrsa,Agentforce,2025-01-01,2025-01-01,0010M00001SHrsaQAD
3,1:M Content,00100000001FrAv,Agentforce,2025-11-01,2025-11-01,00100000001FrAvAAK
3,1:M Content,0013000000I4dUO,Agentforce,2025-08-01,2025-08-01,0013000000I4dUOAAZ
4,1:M Content,0013000000Zjteh,Agentforce,2025-08-01,2025-08-01,0013000000ZjtehAAB
3,1:M Content,0010M00001VKk1M,Agentforce,2025-11-01,2025-11-01,0010M00001VKk1MQAT
2,1:M Content,0013y00001e2jeY,Agentforce,2025-12-01,2025-12-01,0013y00001e2jeYQAQ
8,1:M Content,001ed00000RYj9f,Agentforce,2025-06-01,2025-06-01,001ed00000RYj9fYAD
4,1:M Content,001ed00000aExxy,Agentforce,2025-07-01,2025-07-01,001ed00000aExxyYAC
3,1:M Content,001ed00000gdZtt,Agentforce,2025-09-01,2025-09-01,001ed00000gdZttYAE
2,1:M Content,0013000001JyIvW,Agentforce,2025-08-01,2025-08-01,0013000001JyIvWAAV
2,1:M Content,001ed00000fOjfa,Agentforce,2025-08-01,2025-08-01,001ed00000fOjfaYAC
2,1:M Content,0010M00001NYprk,Agentforce,2025-07-01,2025-07-01,0010M00001NYprkQAD
4,1:M Content,0010M00001JzvBB,Agentforce,2025-12-01,2025-12-01,0010M00001JzvBBQAZ
2,1:M Content,001ed00000A94TF,Agentforce,2024-11-01,2024-11-01,001ed00000A94TFYAZ
2,1:M Content,001ed00000aYcPV,Agentforce,2025-07-01,2025-07-01,001ed00000aYcPVYA0
2,1:M Content,0010M00001Jzva1,Agentforce,2025-09-01,2025-09-01,0010M00001Jzva1QAB
2,1:M Content,00120000000AY06,Agentforce,2025-08-01,2025-08-01,00120000000AY06AAG
3,1:M Content,001ed00000aKWLZ,Agentforce,2025-07-01,2025-07-01,001ed00000aKWLZYA4
2,1:M Content,001ed00000rBG2y,Agentforce,2025-12-01,2025-12-01,001ed00000rBG2yYAG
4,1:M Content,001ed00000WSCWs,Agentforce,2025-06-01,2025-06-01,001ed00000WSCWsYAP
3,1:M Content,001ed00000pgwry,Agentforce,2025-12-01,2025-12-01,001ed00000pgwryYAA
2,1:M Content,001ed00000CMKXT,Agentforce,2024-12-01,2024-12-01,001ed00000CMKXTYA5
2,1:M Content,001ed00000lIhDA,Agentforce,2025-11-01,2025-11-01,001ed00000lIhDAYA0
2,1:M Content,001ed00000olmXS,Agentforce,2025-11-01,2025-11-01,001ed00000olmXSYAY
2,1:M Content,0013000001NXjM5,Agentforce,2025-03-01,2025-03-01,0013000001NXjM5AAL
2,1:M Content,0013000000CcrE9,Agentforce,2025-10-01,2025-10-01,0013000000CcrE9AAJ
3,1:M Content,0010M00001U3mWc,Agentforce,2025-07-01,2025-07-01,0010M00001U3mWcQAJ
2,1:M Content,00130000016g5G7,Agentforce,2025-04-01,2025-04-01,00130000016g5G7AAI
2,1:M Content,0010M00001P0KOb,Agentforce,2025-05-01,2025-05-01,0010M00001P0KObQAN
2,1:M Content,0010M00001SIwbS,Agentforce,2025-09-01,2025-09-01,0010M00001SIwbSQAT
2,1:M Content,00100000001o8iB,Agentforce,2025-09-01,2025-09-01,00100000001o8iBAAQ
2,1:M Content,0013y00001cyk7G,Agentforce,2025-10-01,2025-10-01,0013y00001cyk7GQAQ
2,1:M Content,0013000000RamA3,Agentforce,2025-05-01,2025-05-01,0013000000RamA3AAJ
2,1:M Content,001ed0000048fgT,Agentforce,2025-08-01,2025-08-01,001ed0000048fgTYAQ
1,Success Guides,0013000001M1hVL,Agentforce,2025-03-01,2025-03-01,0013000001M1hVLAAZ
1,Success Guides,0013y00001cfxJv,Agentforce,2025-12-01,2025-11-01,0013y00001cfxJvQAI
1,Success Guides,0013000000hIY3h,Agentforce,2025-11-01,2025-11-01,0013000000hIY3hAAG
1,Success Guides,0013000000Ilm0t,Agentforce,2024-12-01,2024-11-01,0013000000Ilm0tAAB
1,Success Guides,0013y00001dW8Ks,Agentforce,2025-10-01,2025-10-01,0013y00001dW8KsQAK
1,Success Guides,0010M00001QnPG9,Agentforce,2025-06-01,2025-05-01,0010M00001QnPG9QAN
1,Success Guides,0013000000AQvaL,Agentforce,2025-07-01,2025-06-01,0013000000AQvaLAAT
1,Success Guides,0013000000DmE7O,Agentforce,2024-11-01,2024-10-01,0013000000DmE7OAAV
1,Success Guides,00100000001pHFs,Agentforce,2025-02-01,2024-12-01,00100000001pHFsAAM
1,Success Guides,0010M00001Qkb4g,Agentforce,2025-10-01,2025-09-01,0010M00001Qkb4gQAB
1,Success Guides,0013000001CCoOm,Agentforce,2025-09-01,2025-08-01,0013000001CCoOmAAL
1,Success Guides,001ed00000GkpKx,Agentforce,2025-02-01,2025-02-01,001ed00000GkpKxYAJ
1,Success Guides,0013000001MjUeJ,Agentforce,2025-11-01,2025-11-01,0013000001MjUeJAAV
1,Success Guides,0013000000JgDqR,Agentforce,2025-10-01,2025-09-01,0013000000JgDqRAAV
1,Success Guides,0013y00001embZ1,Agentforce,2025-12-01,2025-11-01,0013y00001embZ1QAI
1,Success Guides,00130000016iqUt,Agentforce,2025-12-01,2025-11-01,00130000016iqUtAAI
1,Success Guides,0013y00001betX8,Agentforce,2024-11-01,2024-11-01,0013y00001betX8QAI
1,Success Guides,001000000029tAD,Agentforce,2025-12-01,2025-12-01,001000000029tADAAY
1,Success Guides,001ed00000LH26C,Agentforce,2025-11-01,2025-10-01,001ed00000LH26CYAT
1,Success Guides,0013000001LXjKm,Agentforce,2025-12-01,2025-10-01,0013000001LXjKmAAL
1,Success Guides,00130000008phCm,Agentforce,2024-12-01,2024-11-01,00130000008phCmAAI
2,Success Guides,00100000001pHFs,Agentforce,2025-08-01,2025-07-01,00100000001pHFsAAM
2,Success Guides,0010M00001QqY1L,Agentforce,2025-10-01,2025-10-01,0010M00001QqY1LQAV
1,1:M Content,001ed00000LAwwJ,Agentforce,2025-03-01,2025-03-01,001ed00000LAwwJYAT
1,1:M Content,0013000001GXHSB,Agentforce,2025-05-01,2025-05-01,0013000001GXHSBAA5
1,1:M Content,00130000016gzkb,Agentforce,2025-08-01,2025-08-01,00130000016gzkbAAA
1,1:M Content,0013000001NXj4L,Agentforce,2025-12-01,2025-12-01,0013000001NXj4LAAT
1,1:M Content,0013000001MrtNf,Agentforce,2025-06-01,2025-06-01,0013000001MrtNfAAJ
1,1:M Content,00130000009mJAL,Agentforce,2025-05-01,2025-05-01,00130000009mJALAA2
1,1:M Content,001ed00000j6D79,Agentforce,2025-10-01,2025-10-01,001ed00000j6D79YAE
1,1:M Content,00130000001bROG,Agentforce,2024-12-01,2024-12-01,00130000001bROGAA2
1,1:M Content,0013y00001dVuDp,Agentforce,2025-11-01,2025-11-01,0013y00001dVuDpQAK
1,1:M Content,0010M00001NYSgF,Agentforce,2025-02-01,2025-02-01,0010M00001NYSgFQAX
1,1:M Content,0013000000JiG3Y,Agentforce,2025-10-01,2025-10-01,0013000000JiG3YAAV
1,1:M Content,00130000005tQ9v,Agentforce,2025-10-01,2025-10-01,00130000005tQ9vAAE
1,1:M Content,0013000001LX1NW,Agentforce,2025-06-01,2025-06-01,0013000001LX1NWAA1
1,1:M Content,001ed00000aY1Px,Agentforce,2025-08-01,2025-08-01,001ed00000aY1PxYAK
1,1:M Content,001ed00000oRnPd,Agentforce,2025-11-01,2025-11-01,001ed00000oRnPdYAK
1,1:M Content,0013000000Jgvnl,Agentforce,2025-09-01,2025-09-01,0013000000JgvnlAAB
1,1:M Content,0010M00001Qmpzg,Agentforce,2025-08-01,2025-08-01,0010M00001QmpzgQAB
1,1:M Content,001ed00000OY83m,Agentforce,2025-07-01,2025-07-01,001ed00000OY83mYAD
1,1:M Content,0013000001GVMib,Agentforce,2024-12-01,2024-12-01,0013000001GVMibAAH
1,1:M Content,0013y00001cYHKY,Agentforce,2025-08-01,2025-08-01,0013y00001cYHKYQA4
1,1:M Content,001ed00000fQI9q,Agentforce,2025-09-01,2025-09-01,001ed00000fQI9qYAG
1,1:M Content,001000000000wCb,Agentforce,2025-05-01,2025-05-01,001000000000wCbAAI
1,1:M Content,0013000000M0wuv,Agentforce,2025-05-01,2025-05-01,0013000000M0wuvAAB
1,1:M Content,0010M00001V43vJ,Agentforce,2025-07-01,2025-07-01,0010M00001V43vJQAR
1,1:M Content,001ed00000XFjWZ,Agentforce,2025-06-01,2025-06-01,001ed00000XFjWZYA1
1,1:M Content,001ed00000fvtbJ,Agentforce,2025-09-01,2025-09-01,001ed00000fvtbJYAQ
1,1:M Content,00130000002xVSE,Agentforce,2025-09-01,2025-09-01,00130000002xVSEAA2
1,1:M Content,0013000001CDqPL,Agentforce,2025-05-01,2025-05-01,0013000001CDqPLAA1
1,1:M Content,0010M00001UVJbj,Agentforce,2025-03-01,2025-03-01,0010M00001UVJbjQAH
1,1:M Content,001ed00000UQKt3,Agentforce,2025-08-01,2025-08-01,001ed00000UQKt3YAH
1,1:M Content,00130000000QNUS,Agentforce,2025-07-01,2025-07-01,00130000000QNUSAA4
1,1:M Content,0010M00001Wadxa,Agentforce,2025-09-01,2025-09-01,0010M00001WadxaQAB
1,1:M Content,0010M00001QnklF,Agentforce,2025-03-01,2025-03-01,0010M00001QnklFQAR
1,1:M Content,0013000001CCUQy,Agentforce,2025-02-01,2025-02-01,0013000001CCUQyAAP
1,1:M Content,0010M00001QluE3,Agentforce,2025-07-01,2025-07-01,0010M00001QluE3QAJ
1,1:M Content,001ed00000aApfh,Agentforce,2025-08-01,2025-07-01,001ed00000aApfhYAC
1,1:M Content,0013000000RYZ1F,Agentforce,2025-09-01,2025-09-01,0013000000RYZ1FAAX
1,1:M Content,001ed00000hfnVS,Agentforce,2025-12-01,2025-12-01,001ed00000hfnVSYAY
1,1:M Content,0013000000NQBko,Agentforce,2025-11-01,2025-11-01,0013000000NQBkoAAH
1,1:M Content,001ed00000fAbbO,Agentforce,2025-08-01,2025-08-01,001ed00000fAbbOYAS
1,1:M Content,0010M00001NYaRw,Agentforce,2024-12-01,2024-12-01,0010M00001NYaRwQAL
3,1:M Content,0013000000JaMmg,Agentforce,2025-11-01,2025-11-01,0013000000JaMmgAAF
3,1:M Content,0010M00001Y5TaM,Agentforce,2025-07-01,2025-07-01,0010M00001Y5TaMQAV
3,1:M Content,0010M00001QlcKJ,Agentforce,2025-07-01,2025-07-01,0010M00001QlcKJQAZ
4,1:M Content,001ed00000jKJno,Agentforce,2025-10-01,2025-10-01,001ed00000jKJnoYAG
3,1:M Content,001ed00000JnnuK,Agentforce,2025-08-01,2025-08-01,001ed00000JnnuKYAR
5,1:M Content,0010M00001P09aj,Agentforce,2025-11-01,2025-11-01,0010M00001P09ajQAB
2,1:M Content,001ed00000gqUOS,Agentforce,2025-09-01,2025-09-01,001ed00000gqUOSYA2
3,1:M Content,0010M00001Sn3mr,Agentforce,2025-10-01,2025-10-01,0010M00001Sn3mrQAB
3,1:M Content,0010M00001QkLof,Agentforce,2025-09-01,2025-09-01,0010M00001QkLofQAF
4,1:M Content,001ed00000fI1Fl,Agentforce,2025-08-01,2025-08-01,001ed00000fI1FlYAK
4,1:M Content,001ed00000baGyh,Agentforce,2025-07-01,2025-07-01,001ed00000baGyhYAE
2,1:M Content,0013000001LYhvp,Agentforce,2025-12-01,2025-12-01,0013000001LYhvpAAD
3,1:M Content,001ed00000KWi41,Agentforce,2025-12-01,2025-12-01,001ed00000KWi41YAD
2,1:M Content,00120000000AY06,Agentforce,2025-09-01,2025-09-01,00120000000AY06AAG
2,1:M Content,001ed00000b0i0Y,Agentforce,2025-08-01,2025-08-01,001ed00000b0i0YYAQ
4,1:M Content,001ed00000lFDJf,Agentforce,2025-10-01,2025-10-01,001ed00000lFDJfYAO
3,1:M Content,0010M00001bbxsZ,Agentforce,2025-12-01,2025-12-01,0010M00001bbxsZQAQ
4,1:M Content,0013000000M2jWI,Agentforce,2025-12-01,2025-12-01,0013000000M2jWIAAZ
6,1:M Content,001ed00000bZoRG,Agentforce,2025-08-01,2025-08-01,001ed00000bZoRGYA0
4,1:M Content,001ed00000nvXRH,Agentforce,2025-11-01,2025-11-01,001ed00000nvXRHYA2
2,1:M Content,001ed00000eTtV7,Agentforce,2025-08-01,2025-08-01,001ed00000eTtV7YAK
2,1:M Content,0010M00001Qlc5s,Agentforce,2025-08-01,2025-08-01,0010M00001Qlc5sQAB
4,1:M Content,0010M00001QkwSp,Agentforce,2025-10-01,2025-10-01,0010M00001QkwSpQAJ
5,1:M Content,0013000001FKpZM,Agentforce,2025-08-01,2025-08-01,0013000001FKpZMAA1
2,1:M Content,001ed00000eisTt,Agentforce,2025-08-01,2025-08-01,001ed00000eisTtYAI
4,1:M Content,00100000001XyvJ,Agentforce,2025-07-01,2025-07-01,00100000001XyvJAAS
3,1:M Content,001ed00000fCZLo,Agentforce,2025-08-01,2025-08-01,001ed00000fCZLoYAO
2,1:M Content,0010M00001Yaom7,Agentforce,2025-07-01,2025-07-01,0010M00001Yaom7QAB
2,1:M Content,0013000000KtPsS,Agentforce,2025-06-01,2025-06-01,0013000000KtPsSAAV
2,1:M Content,0013000000M2MYv,Agentforce,2025-06-01,2025-06-01,0013000000M2MYvAAN
2,1:M Content,001ed00000eKxo7,Agentforce,2025-09-01,2025-09-01,001ed00000eKxo7YAC
2,1:M Content,0010M00001SnCGB,Agentforce,2025-01-01,2025-01-01,0010M00001SnCGBQA3
3,1:M Content,0010M00001ULiD0,Agentforce,2025-08-01,2025-08-01,0010M00001ULiD0QAL
2,1:M Content,001ed00000NnEhK,Agentforce,2025-06-01,2025-06-01,001ed00000NnEhKYAV
1,Success Guides,0010M00001cCSxa,Agentforce,2025-12-01,2025-11-01,0010M00001cCSxaQAG
1,Success Guides,0013000001NXAWb,Agentforce,2025-05-01,2025-04-01,0013000001NXAWbAAP
1,Success Guides,0010M00001W8cIO,Agentforce,2025-12-01,2025-12-01,0010M00001W8cIOQAZ
1,Success Guides,0013y00001cQ5km,Agentforce,2025-01-01,2024-12-01,0013y00001cQ5kmQAC
1,Success Guides,0013000001CCoOm,Agentforce,2025-12-01,2025-11-01,0013000001CCoOmAAL
1,Success Guides,0010M00001YFhwq,Agentforce,2025-10-01,2025-09-01,0010M00001YFhwqQAD
1,Success Guides,0013000001M1LJH,Agentforce,2025-02-01,2025-02-01,0013000001M1LJHAA3
1,Success Guides,0013000001HgcuK,Agentforce,2025-07-01,2025-05-01,0013000001HgcuKAAR
1,Success Guides,0013000000HFbuz,Agentforce,2025-04-01,2025-04-01,0013000000HFbuzAAD
1,Success Guides,0013000001NXj8I,Agentforce,2025-09-01,2025-09-01,0013000001NXj8IAAT
1,Success Guides,0010M00001NYaRw,Agentforce,2024-12-01,2024-12-01,0010M00001NYaRwQAL
1,Success Guides,0013y00001cSbWp,Agentforce,2025-11-01,2025-11-01,0013y00001cSbWpQAK
1,Success Guides,0013000000ZjkzM,Agentforce,2025-01-01,2025-01-01,0013000000ZjkzMAAR
1,Success Guides,0013000000LXP3q,Agentforce,2025-09-01,2025-09-01,0013000000LXP3qAAH
1,Success Guides,0013000001IgZno,Agentforce,2025-10-01,2025-08-01,0013000001IgZnoAAF
1,Success Guides,001300000082qyF,Agentforce,2025-11-01,2025-09-01,001300000082qyFAAQ
1,Success Guides,0013000001CCpyb,Agentforce,2025-10-01,2025-09-01,0013000001CCpybAAD
1,Success Guides,001ed00000DfYRI,Agentforce,2025-05-01,2025-04-01,001ed00000DfYRIYA3
1,Success Guides,0013000000LBKic,Agentforce,2025-12-01,2025-11-01,0013000000LBKicAAH
1,Success Guides,00130000002n0xx,Agentforce,2024-12-01,2024-11-01,00130000002n0xxAAA
1,Success Guides,0013000000GL3cb,Agentforce,2025-10-01,2025-09-01,0013000000GL3cbAAD
1,Success Guides,0013000000JxlRg,Agentforce,2025-03-01,2025-03-01,0013000000JxlRgAAJ
1,Success Guides,0013000000ZjacR,Agentforce,2025-08-01,2025-07-01,0013000000ZjacRAAR
1,Success Guides,0013000000GtvNh,Agentforce,2025-11-01,2025-10-01,0013000000GtvNhAAJ
1,Success Guides,0010M00001WYSQf,Agentforce,2025-12-01,2025-12-01,0010M00001WYSQfQAP
14,Success Architects,,Agentforce,2025-09-01,2025-08-01
1,1:M Content,001ed00000Yv0PV,Agentforce,2025-07-01,2025-07-01,001ed00000Yv0PVYAZ
1,1:M Content,001ed00000YwrN0,Agentforce,2025-07-01,2025-07-01,001ed00000YwrN0YAJ
1,1:M Content,001ed00000QTboT,Agentforce,2025-06-01,2025-06-01,001ed00000QTboTYAT
1,1:M Content,0013000000GKS0m,Agentforce,2025-12-01,2025-12-01,0013000000GKS0mAAH
1,1:M Content,00130000008ebNg,Agentforce,2025-09-01,2025-09-01,00130000008ebNgAAI
1,1:M Content,0013y00001cQ3Cd,Agentforce,2025-12-01,2025-12-01,0013y00001cQ3CdQAK
1,1:M Content,0013000000ZldcQ,Agentforce,2025-10-01,2025-10-01,0013000000ZldcQAAR
1,1:M Content,0013000001GiDOD,Agentforce,2024-12-01,2024-12-01,0013000001GiDODAA3
1,1:M Content,0013y00001bdnEX,Agentforce,2025-12-01,2025-12-01,0013y00001bdnEXQAY
1,1:M Content,0013y00001YbYXP,Agentforce,2025-12-01,2025-12-01,0013y00001YbYXPQA3
1,1:M Content,0013000000rp4P0,Agentforce,2025-05-01,2025-05-01,0013000000rp4P0AAI
1,1:M Content,0013y00001dL1Pv,Agentforce,2025-09-01,2025-09-01,0013y00001dL1PvQAK
1,1:M Content,0010M00001QkrIr,Agentforce,2025-04-01,2025-04-01,0010M00001QkrIrQAJ
1,1:M Content,001ed00000biAUb,Agentforce,2025-07-01,2025-07-01,001ed00000biAUbYAM
1,1:M Content,0013000000rqQvx,Agentforce,2025-08-01,2025-08-01,0013000000rqQvxAAE
1,1:M Content,001ed00000rYjYs,Agentforce,2025-12-01,2025-12-01,001ed00000rYjYsYAK
1,1:M Content,0010M00001QqlDZ,Agentforce,2025-09-01,2025-09-01,0010M00001QqlDZQAZ
1,1:M Content,001ed00000gzT6X,Agentforce,2025-09-01,2025-09-01,001ed00000gzT6XYAU
1,1:M Content,0013000000I4Ktt,Agentforce,2025-05-01,2025-05-01,0013000000I4KttAAF
1,1:M Content,0013000000D7Zi4,Agentforce,2025-05-01,2025-05-01,0013000000D7Zi4AAF
1,1:M Content,0010M00001YtzhS,Agentforce,2025-05-01,2025-05-01,0010M00001YtzhSQAR
1,1:M Content,0013000001L6Ui3,Agentforce,2024-12-01,2024-12-01,0013000001L6Ui3AAF
1,1:M Content,0013000000rqHs6,Agentforce,2025-10-01,2025-10-01,0013000000rqHs6AAE
1,1:M Content,0013000000Ffhvt,Agentforce,2025-10-01,2025-10-01,0013000000FfhvtAAB
1,1:M Content,0013000001NXA4D,Agentforce,2025-10-01,2025-10-01,0013000001NXA4DAAX
1,1:M Content,001ed00000XJKT7,Agentforce,2025-06-01,2025-06-01,001ed00000XJKT7YAP
1,1:M Content,0010M00001WZVXj,Agentforce,2025-12-01,2025-12-01,0010M00001WZVXjQAP
1,1:M Content,0010M00001QaZCH,Agentforce,2025-07-01,2025-07-01,0010M00001QaZCHQA3
1,1:M Content,0013000000hIsTj,Agentforce,2025-10-01,2025-10-01,0013000000hIsTjAAK
2,1:M Content,0013000000JiG3Y,Agentforce,2025-12-01,2025-12-01,0013000000JiG3YAAV
1,1:M Content,0013000001GVn45,Agentforce,2025-08-01,2025-08-01,0013000001GVn45AAD
1,1:M Content,0013000001MiXdb,Agentforce,2024-12-01,2024-12-01,0013000001MiXdbAAF
1,1:M Content,0010M00001V6UqN,Agentforce,2025-11-01,2025-11-01,0010M00001V6UqNQAV
1,1:M Content,001ed00000hih5J,Agentforce,2025-09-01,2025-09-01,001ed00000hih5JYAQ
1,1:M Content,0013000001CAll5,Agentforce,2025-10-01,2025-10-01,0013000001CAll5AAD
1,1:M Content,0013000000GtvcC,Agentforce,2025-08-01,2025-08-01,0013000000GtvcCAAR
1,1:M Content,0013y00001d72j4,Agentforce,2025-09-01,2025-09-01,0013y00001d72j4QAA
1,1:M Content,0013000001KYhVE,Agentforce,2025-11-01,2025-11-01,0013000001KYhVEAA1
1,1:M Content,0010M00001UERqm,Agentforce,2025-07-01,2025-07-01,0010M00001UERqmQAH
1,1:M Content,0013y00001cjyZS,Agentforce,2025-05-01,2025-05-01,0013y00001cjyZSQAY
1,1:M Content,001ed00000Ew8Zu,Agentforce,2025-01-01,2025-01-01,001ed00000Ew8ZuYAJ
1,1:M Content,0010M00001PDxAR,Agentforce,2025-11-01,2025-11-01,0010M00001PDxARQA1
1,1:M Content,001ed00000hEDKs,Agentforce,2025-09-01,2025-09-01,001ed00000hEDKsYAO
1,1:M Content,0010M00001P0FPf,Agentforce,2025-10-01,2025-10-01,0010M00001P0FPfQAN
1,1:M Content,001300000006kur,Agentforce,2025-03-01,2025-03-01,001300000006kurAAA
2,1:M Content,0013y00001cawDe,Agentforce,2024-12-01,2024-12-01,0013y00001cawDeQAI
4,1:M Content,0010M00001WaLba,Agentforce,2025-08-01,2025-08-01,0010M00001WaLbaQAF
4,1:M Content,0010M00001JzqDl,Agentforce,2025-11-01,2025-11-01,0010M00001JzqDlQAJ
4,1:M Content,001ed00000QoqcV,Agentforce,2025-06-01,2025-06-01,001ed00000QoqcVYAR
2,1:M Content,001ed00000dJtok,Agentforce,2025-08-01,2025-08-01,001ed00000dJtokYAC
2,1:M Content,001ed00000CObXN,Agentforce,2024-12-01,2024-12-01,001ed00000CObXNYA1
2,1:M Content,0010M00001WZndO,Agentforce,2025-08-01,2025-08-01,0010M00001WZndOQAT
2,1:M Content,001ed00000L8KWv,Agentforce,2025-08-01,2025-08-01,001ed00000L8KWvYAN
2,1:M Content,0010000000000h9,Agentforce,2025-06-01,2025-06-01,0010000000000h9AAA
3,1:M Content,0013000001GW7x9,Agentforce,2025-08-01,2025-08-01,0013000001GW7x9AAD
3,1:M Content,001ed00000fM7uU,Agentforce,2025-08-01,2025-08-01,001ed00000fM7uUYAS
6,1:M Content,00100000001ILBE,Agentforce,2025-06-01,2025-06-01,00100000001ILBEAA4
2,1:M Content,0010M00001S9GBw,Agentforce,2025-06-01,2025-06-01,0010M00001S9GBwQAN
2,1:M Content,001ed00000Qs92Y,Agentforce,2025-05-01,2025-05-01,001ed00000Qs92YYAR
2,1:M Content,001ed00000bXz96,Agentforce,2025-07-01,2025-07-01,001ed00000bXz96YAC
1,Success Guides,0013000000hLq74,Agentforce,2025-05-01,2025-04-01,0013000000hLq74AAC
1,Success Guides,001ed00000MVrHv,Agentforce,2025-12-01,2025-12-01,001ed00000MVrHvYAL
1,Success Guides,0013000000M2NFw,Agentforce,2025-03-01,2025-02-01,0013000000M2NFwAAN
1,Success Guides,00100000000Cc6Q,Agentforce,2025-10-01,2025-09-01,00100000000Cc6QAAS
1,Success Guides,0010M00001Qk85y,Agentforce,2025-12-01,2025-09-01,0010M00001Qk85yQAB
1,Success Guides,0013000000M1NNf,Agentforce,2025-04-01,2025-04-01,0013000000M1NNfAAN
1,Success Guides,0013000001IgZno,Agentforce,2025-08-01,2025-08-01,0013000001IgZnoAAF
1,Success Guides,0013000000ZjtPN,Agentforce,2025-07-01,2025-05-01,0013000000ZjtPNAAZ
1,Success Guides,0013000000RXBDP,Agentforce,2025-08-01,2025-07-01,0013000000RXBDPAA5
1,Success Guides,0013000000RZXlA,Agentforce,2025-12-01,2025-11-01,0013000000RZXlAAAX
1,Success Guides,0010M00001WJD8m,Agentforce,2025-02-01,2025-01-01,0010M00001WJD8mQAH
1,Success Guides,0013000001KasQR,Agentforce,2025-12-01,2025-11-01,0013000001KasQRAAZ
1,Success Guides,00100000001T7nr,Agentforce,2025-02-01,2025-01-01,00100000001T7nrAAC
1,Success Guides,0010M00001QaTnU,Agentforce,2025-12-01,2025-11-01,0010M00001QaTnUQAV
1,Success Guides,0013y00001c8Bck,Agentforce,2025-12-01,2025-11-01,0013y00001c8BckQAE
2,Success Guides,0013000000rqpf4,Agentforce,2025-12-01,2025-12-01,0013000000rqpf4AAA
1,1:M Content,0013000001GXKZc,Agentforce,2025-12-01,2025-12-01,0013000001GXKZcAAP
1,1:M Content,001ed00000p7TKt,Agentforce,2025-11-01,2025-11-01,001ed00000p7TKtYAM
1,1:M Content,0010M00001Qmguc,Agentforce,2025-06-01,2025-06-01,0010M00001QmgucQAB
1,1:M Content,0013000000hLlNy,Agentforce,2025-05-01,2025-05-01,0013000000hLlNyAAK
1,1:M Content,00130000000x3vJ,Agentforce,2025-09-01,2025-09-01,00130000000x3vJAAQ
1,1:M Content,001ed00000pGMtd,Agentforce,2025-12-01,2025-12-01,001ed00000pGMtdYAG
1,1:M Content,0010M00001YFhbh,Agentforce,2025-03-01,2025-03-01,0010M00001YFhbhQAD
1,1:M Content,0010M00001WaNaP,Agentforce,2025-07-01,2025-07-01,0010M00001WaNaPQAV
1,1:M Content,0013y00001cQAqm,Agentforce,2024-12-01,2024-12-01,0013y00001cQAqmQAG
1,1:M Content,0013y00001e5amm,Agentforce,2025-03-01,2025-03-01,0013y00001e5ammQAA
1,1:M Content,0013y00001chXMJ,Agentforce,2025-07-01,2025-07-01,0013y00001chXMJQA2
1,1:M Content,001ed00000cb4d4,Agentforce,2025-09-01,2025-09-01,001ed00000cb4d4YAA
1,1:M Content,001ed00000ihfpl,Agentforce,2025-09-01,2025-09-01,001ed00000ihfplYAA
1,1:M Content,0010M00001SIXFZ,Agentforce,2025-02-01,2025-02-01,0010M00001SIXFZQA5
1,1:M Content,0013000000EOXXM,Agentforce,2025-07-01,2025-07-01,0013000000EOXXMAA5
1,1:M Content,001ed00000gpvAb,Agentforce,2025-09-01,2025-09-01,001ed00000gpvAbYAI
1,1:M Content,0010M00001Qlnej,Agentforce,2024-12-01,2024-12-01,0010M00001QlnejQAB
1,1:M Content,0013000000LiqIE,Agentforce,2025-04-01,2025-04-01,0013000000LiqIEAAZ
1,1:M Content,0013000001L6W7P,Agentforce,2025-03-01,2025-03-01,0013000001L6W7PAAV
1,1:M Content,001300000026DkB,Agentforce,2025-06-01,2025-06-01,001300000026DkBAAU
1,1:M Content,0010M00001QlMlX,Agentforce,2025-01-01,2025-01-01,0010M00001QlMlXQAV
1,1:M Content,00130000009bKBP,Agentforce,2025-12-01,2025-12-01,00130000009bKBPAA2
1,1:M Content,0010M00001S9G0j,Agentforce,2025-08-01,2025-08-01,0010M00001S9G0jQAF
1,1:M Content,0013000001MjG9Y,Agentforce,2025-02-01,2025-02-01,0013000001MjG9YAAV
1,1:M Content,0013000000GJfja,Agentforce,2025-02-01,2025-02-01,0013000000GJfjaAAD
1,1:M Content,001300000044Nok,Agentforce,2025-08-01,2025-08-01,001300000044NokAAE
1,1:M Content,001ed00000eBesp,Agentforce,2025-08-01,2025-08-01,001ed00000eBespYAC
1,1:M Content,0010M00001UVBHk,Agentforce,2025-09-01,2025-09-01,0010M00001UVBHkQAP
1,1:M Content,0013000000NScEL,Agentforce,2025-01-01,2025-01-01,0013000000NScELAA1
1,1:M Content,00100000001CwOi,Agentforce,2025-10-01,2025-10-01,00100000001CwOiAAK
1,1:M Content,0013y00001f68hI,Agentforce,2025-05-01,2025-05-01,0013y00001f68hIQAQ
1,1:M Content,0010M00001YtuPI,Agentforce,2025-03-01,2025-03-01,0010M00001YtuPIQAZ
1,1:M Content,0013y00001dXF8I,Agentforce,2025-08-01,2025-08-01,0013y00001dXF8IQAW
1,1:M Content,0013000000I6Zrv,Agentforce,2025-07-01,2025-07-01,0013000000I6ZrvAAF
1,1:M Content,001ed00000acSLB,Agentforce,2025-07-01,2025-07-01,001ed00000acSLBYA2
1,1:M Content,0013000000ZkxOn,Agentforce,2025-12-01,2025-12-01,0013000000ZkxOnAAJ
1,1:M Content,00130000002eHBY,Agentforce,2025-11-01,2025-11-01,00130000002eHBYAA2
1,1:M Content,001ed00000jV2dC,Agentforce,2025-11-01,2025-11-01,001ed00000jV2dCYAS
1,1:M Content,0013000000ZkJFl,Agentforce,2025-06-01,2025-06-01,0013000000ZkJFlAAN
1,1:M Content,001ed00000oRhgn,Agentforce,2025-12-01,2025-12-01,001ed00000oRhgnYAC
1,1:M Content,001ed00000hEG5l,Agentforce,2025-09-01,2025-09-01,001ed00000hEG5lYAG
1,1:M Content,0013000000rpXG1,Agentforce,2025-08-01,2025-08-01,0013000000rpXG1AAM
3,1:M Content,0013000000ITPTh,Agentforce,2025-07-01,2025-07-01,0013000000ITPThAAP
4,1:M Content,001ed00000jAPMb,Agentforce,2025-10-01,2025-10-01,001ed00000jAPMbYAO
4,1:M Content,001ed00000ZXxDG,Agentforce,2025-07-01,2025-07-01,001ed00000ZXxDGYA1
3,1:M Content,0013000001CAXiW,Agentforce,2025-10-01,2025-10-01,0013000001CAXiWAAX
2,1:M Content,0013000000Kawwd,Agentforce,2024-11-01,2024-11-01,0013000000KawwdAAB
4,1:M Content,0013000000LETle,Agentforce,2025-06-01,2025-06-01,0013000000LETleAAH
6,1:M Content,0010M00001JzikW,Agentforce,2025-09-01,2025-09-01,0010M00001JzikWQAR
3,1:M Content,001ed00000Qt2La,Agentforce,2025-09-01,2025-09-01,001ed00000Qt2LaYAJ
4,1:M Content,0013000000hKm5T,Agentforce,2025-11-01,2025-11-01,0013000000hKm5TAAS
4,1:M Content,0010M00001Yb3Uf,Agentforce,2025-09-01,2025-09-01,0010M00001Yb3UfQAJ
2,1:M Content,00130000006P5Py,Agentforce,2025-11-01,2025-11-01,00130000006P5PyAAK
2,1:M Content,001ed00000hJqqC,Agentforce,2025-09-01,2025-09-01,001ed00000hJqqCYAS
4,1:M Content,001ed00000eeeKf,Agentforce,2025-08-01,2025-08-01,001ed00000eeeKfYAI
2,1:M Content,0013y00001cIeXd,Agentforce,2025-08-01,2025-08-01,0013y00001cIeXdQAK
2,1:M Content,001ed00000eisTt,Agentforce,2025-09-01,2025-09-01,001ed00000eisTtYAI
3,1:M Content,001ed00000jYY3l,Agentforce,2025-10-01,2025-10-01,001ed00000jYY3lYAG
2,1:M Content,0013000000GLN8I,Agentforce,2025-07-01,2025-07-01,0013000000GLN8IAAX
2,1:M Content,001ed00000kfPOA,Agentforce,2025-10-01,2025-10-01,001ed00000kfPOAYA2
3,1:M Content,001ed00000UKjJ4,Agentforce,2025-06-01,2025-06-01,001ed00000UKjJ4YAL
2,1:M Content,0010M00001W83ct,Agentforce,2025-11-01,2025-11-01,0010M00001W83ctQAB
2,1:M Content,00130000005XZL6,Agentforce,2025-11-01,2025-11-01,00130000005XZL6AAO
2,1:M Content,0013000000M1eiL,Agentforce,2025-10-01,2025-10-01,0013000000M1eiLAAR
2,1:M Content,0013000000HFbqL,Agentforce,2025-08-01,2025-08-01,0013000000HFbqLAAT
3,1:M Content,0013000001CCCsT,Agentforce,2025-08-01,2025-08-01,0013000001CCCsTAAX
3,1:M Content,001ed00000ZsXKb,Agentforce,2025-07-01,2025-07-01,001ed00000ZsXKbYAN
2,1:M Content,00100000001E0jo,Agentforce,2025-10-01,2025-10-01,00100000001E0joAAC
2,1:M Content,0013y00001bdrTw,Agentforce,2025-09-01,2025-09-01,0013y00001bdrTwQAI
1,Success Guides,0013000001JyDCn,Agentforce,2025-10-01,2025-09-01,0013000001JyDCnAAN
1,Success Guides,0013000000roQBK,Agentforce,2025-11-01,2025-10-01,0013000000roQBKAA2
1,Success Guides,0010M00001WJE9b,Agentforce,2025-12-01,2025-11-01,0010M00001WJE9bQAH
1,Success Guides,0013y00001cFfyB,Agentforce,2025-10-01,2025-09-01,0013y00001cFfyBQAS
1,Success Guides,0013000001GVHIA,Agentforce,2024-12-01,2024-11-01,0013000001GVHIAAA5
1,Success Guides,00130000000xxv0,Agentforce,2025-08-01,2025-08-01,00130000000xxv0AAA
1,Success Guides,0010M00001Ytzqt,Agentforce,2025-03-01,2025-02-01,0010M00001YtzqtQAB
1,Success Guides,0013y00001f651Y,Agentforce,2025-01-01,2025-01-01,0013y00001f651YQAQ
1,Success Guides,00130000002xcgH,Agentforce,2025-08-01,2025-08-01,00130000002xcgHAAQ
1,Success Guides,0013y00001g960z,Agentforce,2025-09-01,2025-09-01,0013y00001g960zQAA
1,Success Guides,0013y00001d77K6,Agentforce,2025-01-01,2025-01-01,0013y00001d77K6QAI
1,Success Guides,0010M00001YuHtq,Agentforce,2025-10-01,2025-10-01,0010M00001YuHtqQAF
1,Success Guides,0010M00001QqfHP,Agentforce,2024-12-01,2024-12-01,0010M00001QqfHPQAZ
1,Success Guides,0013000001LVZ5H,Agentforce,2025-11-01,2025-11-01,0013000001LVZ5HAAX
1,Success Guides,0013y00001Y0nnM,Agentforce,2025-04-01,2025-02-01,0013y00001Y0nnMQAR
1,Success Guides,001ed00000bSbyc,Agentforce,2025-12-01,2025-11-01,001ed00000bSbycYAC
1,Success Guides,0010M00001SIiZD,Agentforce,2025-11-01,2025-11-01,0010M00001SIiZDQA1
1,Success Guides,0013000001HfIme,Agentforce,2025-12-01,2025-12-01,0013000001HfImeAAF
1,Success Guides,0013000000ImJcj,Agentforce,2025-11-01,2025-10-01,0013000000ImJcjAAF
1,Success Guides,0010M00001YFjCG,Agentforce,2025-05-01,2025-05-01,0010M00001YFjCGQA1
1,Success Guides,0010M00001WYbHX,Agentforce,2025-09-01,2025-08-01,0010M00001WYbHXQA1
1,Success Guides,0013000000ZicrT,Agentforce,2025-04-01,2025-02-01,0013000000ZicrTAAR
1,Success Guides,0013000000Zm0Op,Agentforce,2025-03-01,2025-02-01,0013000000Zm0OpAAJ
1,Success Guides,0013000000hLbh2,Agentforce,2025-06-01,2025-06-01,0013000000hLbh2AAC
2,Success Guides,0013000000FIFKI,Agentforce,2025-03-01,2025-02-01,0013000000FIFKIAA5
3,Success Guides,0013000000rqpf4,Agentforce,2025-11-01,2025-11-01,0013000000rqpf4AAA
1,1:M Content,001ed00000Q0jiv,Agentforce,2025-05-01,2025-05-01,001ed00000Q0jivYAB
1,1:M Content,0013000000IknVx,Agentforce,2025-07-01,2025-07-01,0013000000IknVxAAJ
1,1:M Content,00130000000DrPN,Agentforce,2025-10-01,2025-10-01,00130000000DrPNAA0
1,1:M Content,001ed00000huH77,Agentforce,2025-10-01,2025-10-01,001ed00000huH77YAE
1,1:M Content,001ed00000h0ABZ,Agentforce,2025-09-01,2025-09-01,001ed00000h0ABZYA2
1,1:M Content,001ed00000N2GoF,Agentforce,2025-04-01,2025-04-01,001ed00000N2GoFYAV
1,1:M Content,0013000000NSTms,Agentforce,2025-01-01,2025-01-01,0013000000NSTmsAAH
1,1:M Content,00130000002x9kJ,Agentforce,2025-02-01,2025-02-01,00130000002x9kJAAQ
1,1:M Content,0010M00001TyYb8,Agentforce,2025-08-01,2025-08-01,0010M00001TyYb8QAF
1,1:M Content,00130000000dTmq,Agentforce,2025-08-01,2025-08-01,00130000000dTmqAAE
1,1:M Content,0013000000Kv7dg,Agentforce,2025-03-01,2025-03-01,0013000000Kv7dgAAB
1,1:M Content,001ed00000678yH,Agentforce,2025-06-01,2025-06-01,001ed00000678yHYAQ
1,1:M Content,0010M00001PDxjo,Agentforce,2025-06-01,2025-06-01,0010M00001PDxjoQAD
1,1:M Content,00100000001T7nr,Agentforce,2025-12-01,2025-12-01,00100000001T7nrAAC
1,1:M Content,0013000000NPdle,Agentforce,2025-09-01,2025-09-01,0013000000NPdleAAD
1,1:M Content,0010M00001QnPG9,Agentforce,2025-10-01,2025-10-01,0010M00001QnPG9QAN
1,1:M Content,0013y00001eYqWw,Agentforce,2025-05-01,2025-05-01,0013y00001eYqWwQAK
1,1:M Content,0013000000rqr5Q,Agentforce,2025-01-01,2025-01-01,0013000000rqr5QAAQ
1,1:M Content,0010M00001W7yiq,Agentforce,2025-09-01,2025-09-01,0010M00001W7yiqQAB
1,1:M Content,0013000001CAwEE,Agentforce,2025-06-01,2025-06-01,0013000001CAwEEAA1
1,1:M Content,001ed00000cmOlM,Agentforce,2025-08-01,2025-08-01,001ed00000cmOlMYAU
1,1:M Content,0010M00001WaZkp,Agentforce,2025-05-01,2025-05-01,0010M00001WaZkpQAF
1,1:M Content,0013000000JJnPq,Agentforce,2025-09-01,2025-09-01,0013000000JJnPqAAL
1,1:M Content,0013000000M2Oj4,Agentforce,2025-09-01,2025-09-01,0013000000M2Oj4AAF
1,1:M Content,0010M00001WkMFS,Agentforce,2025-09-01,2025-09-01,0010M00001WkMFSQA3
1,1:M Content,00100000001V6Qp,Agentforce,2025-05-01,2025-05-01,00100000001V6QpAAK
1,1:M Content,0010M00001QmOSz,Agentforce,2025-12-01,2025-12-01,0010M00001QmOSzQAN
1,1:M Content,001ed00000eGoUt,Agentforce,2025-09-01,2025-09-01,001ed00000eGoUtYAK
1,1:M Content,0013000001JzNbW,Agentforce,2025-12-01,2025-12-01,0013000001JzNbWAAV
1,1:M Content,0013000001JzUNK,Agentforce,2025-09-01,2025-09-01,0013000001JzUNKAA3
1,1:M Content,001ed00000Rj18U,Agentforce,2025-05-01,2025-05-01,001ed00000Rj18UYAR
1,1:M Content,001ed00000exZtx,Agentforce,2025-08-01,2025-08-01,001ed00000exZtxYAE
1,1:M Content,0013000000Ziqmj,Agentforce,2025-01-01,2025-01-01,0013000000ZiqmjAAB
1,1:M Content,001ed00000b1LWY,Agentforce,2025-07-01,2025-07-01,001ed00000b1LWYYA2
1,1:M Content,0013000000NPvOt,Agentforce,2025-02-01,2025-02-01,0013000000NPvOtAAL
1,1:M Content,0010M00001W8cPy,Agentforce,2025-05-01,2025-05-01,0010M00001W8cPyQAJ
1,1:M Content,00130000002xXyU,Agentforce,2025-11-01,2025-11-01,00130000002xXyUAAU
1,1:M Content,0013000001GUtbH,Agentforce,2025-07-01,2025-07-01,0013000001GUtbHAAT
1,1:M Content,0010M00001YtzhS,Agentforce,2025-07-01,2025-07-01,0010M00001YtzhSQAR
1,1:M Content,001ed00000NLI37,Agentforce,2025-10-01,2025-10-01,001ed00000NLI37YAH
1,1:M Content,001ed00000cn11t,Agentforce,2025-08-01,2025-08-01,001ed00000cn11tYAA
1,1:M Content,001ed00000pXWNA,Agentforce,2025-07-01,2025-07-01,001ed00000pXWNAYA4
1,1:M Content,0010M00001QknOl,Agentforce,2025-01-01,2025-01-01,0010M00001QknOlQAJ
1,1:M Content,0013000000RXcxo,Agentforce,2025-11-01,2025-11-01,0013000000RXcxoAAD
1,1:M Content,001ed00000nD4rC,Agentforce,2025-11-01,2025-11-01,001ed00000nD4rCYAS
1,1:M Content,00100000001fLHT,Agentforce,2025-03-01,2025-03-01,00100000001fLHTAA2
1,1:M Content,0010M00001WYv33,Agentforce,2025-08-01,2025-08-01,0010M00001WYv33QAD
2,1:M Content,001ed00000frDqj,Agentforce,2025-10-01,2025-10-01,001ed00000frDqjYAE
3,1:M Content,001ed00000oQNAk,Agentforce,2025-11-01,2025-11-01,001ed00000oQNAkYAO
5,1:M Content,0010M00001QnN0N,Agentforce,2025-07-01,2025-07-01,0010M00001QnN0NQAV
4,1:M Content,001ed00000ezJed,Agentforce,2025-08-01,2025-08-01,001ed00000ezJedYAE
3,1:M Content,001ed00000eeYC3,Agentforce,2025-08-01,2025-08-01,001ed00000eeYC3YAM
5,1:M Content,0013000000I4Ktt,Agentforce,2025-08-01,2025-08-01,0013000000I4KttAAF
4,1:M Content,001ed00000Ymhgg,Agentforce,2025-07-01,2025-07-01,001ed00000YmhggYAB
4,1:M Content,001ed00000edsEQ,Agentforce,2025-08-01,2025-08-01,001ed00000edsEQYAY
7,1:M Content,0010M00001QlC3G,Agentforce,2025-08-01,2025-08-01,0010M00001QlC3GQAV
2,1:M Content,0010M00001SIK2s,Agentforce,2025-07-01,2025-07-01,0010M00001SIK2sQAH
3,1:M Content,0010M00001V4FaN,Agentforce,2025-08-01,2025-08-01,0010M00001V4FaNQAV
4,1:M Content,001ed00000hEYxA,Agentforce,2025-09-01,2025-09-01,001ed00000hEYxAYAW
3,1:M Content,0013y00001c8Oal,Agentforce,2025-07-01,2025-07-01,0013y00001c8OalQAE
3,1:M Content,001ed00000gymRO,Agentforce,2025-10-01,2025-10-01,001ed00000gymROYAY
3,1:M Content,0013000001CC8Cv,Agentforce,2025-08-01,2025-08-01,0013000001CC8CvAAL
2,1:M Content,0013y00001dxwho,Agentforce,2025-10-01,2025-10-01,0013y00001dxwhoQAA
2,1:M Content,0013000000Raquy,Agentforce,2025-11-01,2025-11-01,0013000000RaquyAAB
2,1:M Content,001ed00000okzJw,Agentforce,2025-11-01,2025-11-01,001ed00000okzJwYAI
3,1:M Content,00100000001zZCG,Agentforce,2025-10-01,2025-10-01,00100000001zZCGAA2
2,1:M Content,0010M00001Wkru4,Agentforce,2025-03-01,2025-03-01,0010M00001Wkru4QAB
4,1:M Content,001ed00000gMznr,Agentforce,2025-09-01,2025-09-01,001ed00000gMznrYAC
2,1:M Content,001ed00000PkJcM,Agentforce,2025-11-01,2025-11-01,001ed00000PkJcMYAV
2,1:M Content,0010M00001SIq77,Agentforce,2025-12-01,2025-12-01,0010M00001SIq77QAD
3,1:M Content,0010M00001bttWM,Agentforce,2025-08-01,2025-08-01,0010M00001bttWMQAY
2,1:M Content,0013y00001Z1Apj,Agentforce,2025-10-01,2025-10-01,0013y00001Z1ApjQAF
2,1:M Content,001ed00000lSZvq,Agentforce,2025-10-01,2025-10-01,001ed00000lSZvqYAG
2,1:M Content,0013y00001dOJWH,Agentforce,2025-01-01,2025-01-01,0013y00001dOJWHQA4
2,1:M Content,0013y00001cFUpW,Agentforce,2025-06-01,2025-06-01,0013y00001cFUpWQAW
2,1:M Content,001ed00000miCwM,Agentforce,2025-11-01,2025-11-01,001ed00000miCwMYAU
2,1:M Content,0010M00001UVfII,Agentforce,2025-08-01,2025-08-01,0010M00001UVfIIQA1
2,1:M Content,0010M00001NYYoA,Agentforce,2025-09-01,2025-09-01,0010M00001NYYoAQAX
1,Success Guides,0010M00001SIijI,Agentforce,2025-02-01,2025-01-01,0010M00001SIijIQAT
1,Success Guides,0013000001GiKVk,Agentforce,2025-11-01,2025-11-01,0013000001GiKVkAAN
1,Success Guides,001000000012YxJ,Agentforce,2025-05-01,2025-05-01,001000000012YxJAAU
1,Success Guides,0013000000hKnkB,Agentforce,2025-06-01,2025-06-01,0013000000hKnkBAAS
1,Success Guides,0013000001NWmE8,Agentforce,2025-11-01,2025-10-01,0013000001NWmE8AAL
1,Success Guides,0013000000AYaRZ,Agentforce,2025-09-01,2025-08-01,0013000000AYaRZAA1
1,Success Guides,0013000000HFry9,Agentforce,2025-02-01,2025-01-01,0013000000HFry9AAD
1,Success Guides,0010M00001QqqRa,Agentforce,2025-11-01,2025-10-01,0010M00001QqqRaQAJ
1,Success Guides,0010M00001WYAw7,Agentforce,2025-12-01,2025-12-01,0010M00001WYAw7QAH
1,Success Guides,0013y00001fzqFd,Agentforce,2025-08-01,2025-07-01,0013y00001fzqFdQAI
1,Success Guides,0013000000RZtol,Agentforce,2025-12-01,2025-11-01,0013000000RZtolAAD
1,Success Guides,0013000000LzMui,Agentforce,2025-11-01,2025-11-01,0013000000LzMuiAAF
1,Success Guides,0013000001M0wNV,Agentforce,2025-02-01,2024-12-01,0013000001M0wNVAAZ
1,Success Guides,0010M00001SIuNJ,Agentforce,2025-11-01,2025-11-01,0010M00001SIuNJQA1
1,Success Guides,0010M00001MtNnG,Agentforce,2025-09-01,2025-09-01,0010M00001MtNnGQAV
1,Success Guides,0013000000I3on0,Agentforce,2025-12-01,2025-12-01,0013000000I3on0AAB
1,Success Guides,0013000000M2jd2,Agentforce,2025-12-01,2025-11-01,0013000000M2jd2AAB
1,Success Guides,0013000001C9rvc,Agentforce,2025-03-01,2025-02-01,0013000001C9rvcAAB
1,Success Guides,0013000000GtwIS,Agentforce,2025-12-01,2025-11-01,0013000000GtwISAAZ
1,Success Guides,0013000000M171S,Agentforce,2025-05-01,2025-05-01,0013000000M171SAAR
1,Success Guides,0013000000hKHll,Agentforce,2025-07-01,2025-06-01,0013000000hKHllAAG
1,Success Guides,0010M00001V48w9,Agentforce,2025-11-01,2025-11-01,0010M00001V48w9QAB
1,Success Guides,001ed00000PCktX,Agentforce,2025-10-01,2025-08-01,001ed00000PCktXYAT
2,Success Guides,0010M00001Sq0KG,Agentforce,2025-08-01,2025-06-01,0010M00001Sq0KGQAZ
1,1:M Content,001000000002WRv,Agentforce,2025-07-01,2025-07-01,001000000002WRvAAM
1,1:M Content,0010M00001ULlag,Agentforce,2025-10-01,2025-10-01,0010M00001ULlagQAD
1,1:M Content,001ed00000ixyrh,Agentforce,2025-10-01,2025-10-01,001ed00000ixyrhYAA
1,1:M Content,0013y00001Y0iat,Agentforce,2025-05-01,2025-05-01,0013y00001Y0iatQAB
1,1:M Content,001ed000001FEeq,Agentforce,2025-07-01,2025-07-01,001ed000001FEeqYAG
1,1:M Content,0013000000Zl4FN,Agentforce,2025-12-01,2025-12-01,0013000000Zl4FNAAZ
1,1:M Content,001ed00000Y0vU9,Agentforce,2025-06-01,2025-06-01,001ed00000Y0vU9YAJ
1,1:M Content,0013000000J7vtC,Agentforce,2025-07-01,2025-07-01,0013000000J7vtCAAR
1,1:M Content,0013000000hK5D7,Agentforce,2025-10-01,2025-10-01,0013000000hK5D7AAK
1,1:M Content,001300000012rEx,Agentforce,2025-02-01,2025-02-01,001300000012rExAAI
1,1:M Content,0013y00001hE8d1,Agentforce,2025-10-01,2025-10-01,0013y00001hE8d1QAC
1,1:M Content,0010M00001QncYI,Agentforce,2025-08-01,2025-08-01,0010M00001QncYIQAZ
1,1:M Content,0010M00001SIJGy,Agentforce,2025-09-01,2025-09-01,0010M00001SIJGyQAP
1,1:M Content,0013000000M1Zvo,Agentforce,2025-09-01,2025-09-01,0013000000M1ZvoAAF
1,1:M Content,00130000004A4tW,Agentforce,2025-06-01,2025-06-01,00130000004A4tWAAS
1,1:M Content,0010M00001SJTHU,Agentforce,2025-10-01,2025-10-01,0010M00001SJTHUQA5
1,1:M Content,0013000001LXq1J,Agentforce,2025-02-01,2025-02-01,0013000001LXq1JAAT
1,1:M Content,0013y00001crPjD,Agentforce,2025-02-01,2025-02-01,0013y00001crPjDQAU
1,1:M Content,0010M00001WII7b,Agentforce,2025-07-01,2025-07-01,0010M00001WII7bQAH
1,1:M Content,0013000001GWrps,Agentforce,2025-09-01,2025-09-01,0013000001GWrpsAAD
1,1:M Content,0013000000GtuZi,Agentforce,2025-07-01,2025-07-01,0013000000GtuZiAAJ
1,1:M Content,001ed00000mg1Ty,Agentforce,2025-10-01,2025-10-01,001ed00000mg1TyYAI
1,1:M Content,001ed00000EZG9w,Agentforce,2025-06-01,2025-06-01,001ed00000EZG9wYAH
1,1:M Content,001ed00000huyGt,Agentforce,2025-09-01,2025-09-01,001ed00000huyGtYAI
1,1:M Content,001ed00000ffVml,Agentforce,2025-09-01,2025-09-01,001ed00000ffVmlYAE
1,1:M Content,0013000000Kwisb,Agentforce,2025-05-01,2025-05-01,0013000000KwisbAAB
1,1:M Content,0013y00001XzBQV,Agentforce,2025-12-01,2025-12-01,0013y00001XzBQVQA3
1,1:M Content,0013000000HltM4,Agentforce,2025-05-01,2025-05-01,0013000000HltM4AAJ
1,1:M Content,0013y00001dkDio,Agentforce,2025-11-01,2025-11-01,0013y00001dkDioQAE
1,1:M Content,001ed00000boa9S,Agentforce,2025-07-01,2025-07-01,001ed00000boa9SYAQ
1,1:M Content,001ed00000Nui5x,Agentforce,2025-05-01,2025-04-01,001ed00000Nui5xYAB
1,1:M Content,001ed00000cOYFZ,Agentforce,2025-08-01,2025-08-01,001ed00000cOYFZYA4
1,1:M Content,001ed00000gNti1,Agentforce,2025-09-01,2025-09-01,001ed00000gNti1YAC
1,1:M Content,0010M00001WZVKk,Agentforce,2025-07-01,2025-07-01,0010M00001WZVKkQAP
1,1:M Content,001ed00000fdp4j,Agentforce,2025-09-01,2025-09-01,001ed00000fdp4jYAA
1,1:M Content,0013000001GX6kp,Agentforce,2025-01-01,2025-01-01,0013000001GX6kpAAD
1,1:M Content,00130000009zecv,Agentforce,2025-08-01,2025-08-01,00130000009zecvAAA
1,1:M Content,001ed00000FPFEX,Agentforce,2025-01-01,2025-01-01,001ed00000FPFEXYA5
1,1:M Content,001ed00000QO8By,Agentforce,2025-05-01,2025-05-01,001ed00000QO8ByYAL
1,1:M Content,0013000000ZmUJp,Agentforce,2025-07-01,2025-07-01,0013000000ZmUJpAAN
1,1:M Content,001ed00000i2CF6,Agentforce,2025-10-01,2025-10-01,001ed00000i2CF6YAM
1,1:M Content,0013y00001e2oVN,Agentforce,2025-07-01,2025-07-01,0013y00001e2oVNQAY
1,1:M Content,001ed00000fRcnz,Agentforce,2025-09-01,2025-09-01,001ed00000fRcnzYAC
1,1:M Content,00100000002KNfN,Agentforce,2025-07-01,2025-07-01,00100000002KNfNAAW
1,1:M Content,0010M00001ULgv5,Agentforce,2025-04-01,2025-04-01,0010M00001ULgv5QAD
1,1:M Content,0010M00001WaxU5,Agentforce,2025-01-01,2025-01-01,0010M00001WaxU5QAJ
1,1:M Content,0010M00001QkrLq,Agentforce,2025-10-01,2025-10-01,0010M00001QkrLqQAJ
1,1:M Content,001ed00000Icl0M,Agentforce,2025-04-01,2025-04-01,001ed00000Icl0MYAR
1,1:M Content,00100000001ldKJ,Agentforce,2025-08-01,2025-08-01,00100000001ldKJAAY
1,1:M Content,001ed00000Tl833,Agentforce,2025-05-01,2025-05-01,001ed00000Tl833YAB
1,1:M Content,001ed00000c9DeT,Agentforce,2025-08-01,2025-08-01,001ed00000c9DeTYAU
1,1:M Content,0013000000M2MhD,Agentforce,2025-09-01,2025-09-01,0013000000M2MhDAAV
1,1:M Content,001ed00000m7qb0,Agentforce,2025-10-01,2025-10-01,001ed00000m7qb0YAA
4,1:M Content,0013000000hJAb5,Agentforce,2025-07-01,2025-07-01,0013000000hJAb5AAG
3,1:M Content,0010M00001Spu57,Agentforce,2025-08-01,2025-08-01,0010M00001Spu57QAB
2,1:M Content,0013000000NREjY,Agentforce,2025-10-01,2025-10-01,0013000000NREjYAAX
3,1:M Content,0013000001CAz4D,Agentforce,2025-07-01,2025-07-01,0013000001CAz4DAAT
3,1:M Content,001ed00000V7Jby,Agentforce,2025-06-01,2025-06-01,001ed00000V7JbyYAF
2,1:M Content,001ed00000omBxG,Agentforce,2025-11-01,2025-11-01,001ed00000omBxGYAU
4,1:M Content,001ed00000hbMaR,Agentforce,2025-09-01,2025-09-01,001ed00000hbMaRYAU
3,1:M Content,00130000009zAXX,Agentforce,2025-10-01,2025-10-01,00130000009zAXXAA2
2,1:M Content,001ed00000chWWd,Agentforce,2025-08-01,2025-08-01,001ed00000chWWdYAM
3,1:M Content,0010M00001YtzhS,Agentforce,2025-06-01,2025-06-01,0010M00001YtzhSQAR
2,1:M Content,0010M00001P0Jkl,Agentforce,2025-02-01,2025-02-01,0010M00001P0JklQAF
3,1:M Content,001ed00000fWold,Agentforce,2025-09-01,2025-09-01,001ed00000fWoldYAC
2,1:M Content,001ed00000sZkKJ,Agentforce,2025-12-01,2025-12-01,001ed00000sZkKJYA0
4,1:M Content,001ed00000ff3wn,Agentforce,2025-09-01,2025-09-01,001ed00000ff3wnYAA
2,1:M Content,001ed00000baJ8V,Agentforce,2025-07-01,2025-07-01,001ed00000baJ8VYAU
2,1:M Content,0013y00001bexAO,Agentforce,2025-09-01,2025-09-01,0013y00001bexAOQAY
3,1:M Content,0013000000FdceL,Agentforce,2025-08-01,2025-08-01,0013000000FdceLAAR
4,1:M Content,001ed00000bxqRt,Agentforce,2025-08-01,2025-08-01,001ed00000bxqRtYAI
2,1:M Content,0013y00001fSoyI,Agentforce,2025-05-01,2025-05-01,0013y00001fSoyIQAS
2,1:M Content,001ed00000oROW5,Agentforce,2025-11-01,2025-11-01,001ed00000oROW5YAO
4,1:M Content,001ed00000a4Yny,Agentforce,2025-07-01,2025-07-01,001ed00000a4YnyYAE
2,1:M Content,00130000016iIEv,Agentforce,2025-08-01,2025-08-01,00130000016iIEvAAM
2,1:M Content,0013y00001eX449,Agentforce,2025-10-01,2025-10-01,0013y00001eX449QAC
3,1:M Content,001ed00000jkDbV,Agentforce,2025-10-01,2025-10-01,001ed00000jkDbVYAU
2,1:M Content,0013000001MjBiy,Agentforce,2025-02-01,2025-02-01,0013000001MjBiyAAF
3,1:M Content,001ed00000m5gFv,Agentforce,2025-10-01,2025-10-01,001ed00000m5gFvYAI
2,1:M Content,00130000009hFp5,Agentforce,2025-06-01,2025-06-01,00130000009hFp5AAE
2,1:M Content,001ed00000fMcv7,Agentforce,2025-09-01,2025-09-01,001ed00000fMcv7YAC
2,1:M Content,00100000002JlrN,Agentforce,2025-05-01,2025-05-01,00100000002JlrNAAS
2,1:M Content,0013000000NQz2I,Agentforce,2025-10-01,2025-10-01,0013000000NQz2IAAT
2,1:M Content,001ed00000qlf55,Agentforce,2025-12-01,2025-12-01,001ed00000qlf55YAA
2,1:M Content,0010M00001Yb0dJ,Agentforce,2025-07-01,2025-07-01,0010M00001Yb0dJQAR
1,Success Guides,0013000000RYqOZ,Agentforce,2025-10-01,2025-09-01,0013000000RYqOZAA1
1,Success Guides,0013000000NPEtp,Agentforce,2025-08-01,2025-08-01,0013000000NPEtpAAH
1,Success Guides,0010M00001V4FRR,Agentforce,2025-05-01,2025-05-01,0010M00001V4FRRQA3
1,Success Guides,0013y00001cItCw,Agentforce,2025-03-01,2025-02-01,0013y00001cItCwQAK
1,Success Guides,0010M00001QkUzk,Agentforce,2025-08-01,2025-08-01,0010M00001QkUzkQAF
1,Success Guides,0013y00001cbCzf,Agentforce,2025-12-01,2025-10-01,0013y00001cbCzfQAE
1,Success Guides,0010M00001QlNAw,Agentforce,2025-12-01,2025-12-01,0010M00001QlNAwQAN
1,Success Guides,0010M00001P0V6M,Agentforce,2025-07-01,2025-06-01,0010M00001P0V6MQAV
1,Success Guides,0013000000Lifj8,Agentforce,2025-01-01,2024-12-01,0013000000Lifj8AAB
1,Success Guides,0013000001MjGdx,Agentforce,2025-04-01,2025-03-01,0013000001MjGdxAAF
1,Success Guides,0013000001CBbS3,Agentforce,2025-02-01,2025-01-01,0013000001CBbS3AAL
1,Success Guides,0013y00001cw0P8,Agentforce,2025-03-01,2025-02-01,0013y00001cw0P8QAI
1,Success Guides,0013000000JJz79,Agentforce,2025-12-01,2025-10-01,0013000000JJz79AAD
1,Success Guides,0010M00001UEP0X,Agentforce,2025-12-01,2025-12-01,0010M00001UEP0XQAX
1,Success Guides,00130000016ik2c,Agentforce,2025-08-01,2025-06-01,00130000016ik2cAAA
1,Success Guides,0013000001LWKQ1,Agentforce,2025-06-01,2025-05-01,0013000001LWKQ1AAP
1,Success Guides,00130000016k5C2,Agentforce,2025-02-01,2025-01-01,00130000016k5C2AAI
1,Success Guides,0010M00001SISaJ,Agentforce,2025-02-01,2025-01-01,0010M00001SISaJQAX
1,Success Guides,00130000004IFWP,Agentforce,2025-11-01,2025-10-01,00130000004IFWPAA4
1,Success Guides,0013000001L6JsZ,Agentforce,2025-11-01,2025-11-01,0013000001L6JsZAAV
1,Success Guides,0013000000K13F4,Agentforce,2025-02-01,2025-01-01,0013000000K13F4AAJ
1,Success Guides,0013000001MscdU,Agentforce,2025-07-01,2025-06-01,0013000001MscdUAAR
1,Success Guides,0013000001L670D,Agentforce,2025-07-01,2025-06-01,0013000001L670DAAR
1,Success Guides,00130000000NazM,Agentforce,2025-02-01,2025-01-01,00130000000NazMAAS
1,Success Guides,00130000002xcfk,Agentforce,2025-05-01,2025-02-01,00130000002xcfkAAA
1,1:M Content,0010M00001WJEh4,Agentforce,2025-08-01,2025-08-01,0010M00001WJEh4QAH
1,1:M Content,0010M00001bbxsZ,Agentforce,2025-09-01,2025-09-01,0010M00001bbxsZQAQ
1,1:M Content,0013y00001fSx7n,Agentforce,2025-12-01,2025-12-01,0013y00001fSx7nQAC
1,1:M Content,0013y00001dWJgF,Agentforce,2025-01-01,2025-01-01,0013y00001dWJgFQAW
1,1:M Content,001ed00000ZEtAA,Agentforce,2025-07-01,2025-07-01,001ed00000ZEtAAYA1
1,1:M Content,001ed00000eGph6,Agentforce,2025-08-01,2025-08-01,001ed00000eGph6YAC
1,1:M Content,0013000000M2yCF,Agentforce,2025-08-01,2025-08-01,0013000000M2yCFAAZ
1,1:M Content,001ed00000ewPGk,Agentforce,2025-08-01,2025-08-01,001ed00000ewPGkYAM
1,1:M Content,001ed00000p1x2I,Agentforce,2025-11-01,2025-11-01,001ed00000p1x2IYAQ
1,1:M Content,001ed00000spvtC,Agentforce,2025-12-01,2025-12-01,001ed00000spvtCYAQ
1,1:M Content,001ed00000dBAvH,Agentforce,2025-01-01,2025-01-01,001ed00000dBAvHYAW
1,1:M Content,001ed00000oRSZh,Agentforce,2025-11-01,2025-11-01,001ed00000oRSZhYAO
1,1:M Content,001ed00000jKn7Z,Agentforce,2025-11-01,2025-11-01,001ed00000jKn7ZYAS
1,1:M Content,0010M00001QkwSp,Agentforce,2024-12-01,2024-12-01,0010M00001QkwSpQAJ
1,1:M Content,001ed00000aC5FJ,Agentforce,2025-07-01,2025-07-01,001ed00000aC5FJYA0
1,1:M Content,0010M00001SnDR6,Agentforce,2025-08-01,2025-08-01,0010M00001SnDR6QAN
1,1:M Content,001ed00000ewRs2,Agentforce,2025-10-01,2025-10-01,001ed00000ewRs2YAE
1,1:M Content,001ed00000TYI1p,Agentforce,2025-06-01,2025-06-01,001ed00000TYI1pYAH
1,1:M Content,001ed00000P7Kej,Agentforce,2025-07-01,2025-07-01,001ed00000P7KejYAF
1,1:M Content,0013y00001cjypV,Agentforce,2025-07-01,2025-07-01,0013y00001cjypVQAQ
1,1:M Content,001ed00000ky69h,Agentforce,2025-10-01,2025-10-01,001ed00000ky69hYAA
1,1:M Content,0013000000rqRwL,Agentforce,2025-08-01,2025-08-01,0013000000rqRwLAAU
1,1:M Content,00130000016gnKN,Agentforce,2025-08-01,2025-08-01,00130000016gnKNAAY
1,1:M Content,001ed00000Serzx,Agentforce,2025-06-01,2025-06-01,001ed00000SerzxYAB
1,1:M Content,0013000000M1Qmw,Agentforce,2025-08-01,2025-08-01,0013000000M1QmwAAF
1,1:M Content,0013y00001c8QfF,Agentforce,2025-01-01,2025-01-01,0013y00001c8QfFQAU
1,1:M Content,0010M00001WJFBE,Agentforce,2025-12-01,2025-12-01,0010M00001WJFBEQA5
1,1:M Content,00130000001JFI2,Agentforce,2025-10-01,2025-10-01,00130000001JFI2AAO
1,1:M Content,0013000000B2P6c,Agentforce,2025-07-01,2025-07-01,0013000000B2P6cAAF
1,1:M Content,0013y00001eYqWw,Agentforce,2025-06-01,2025-06-01,0013y00001eYqWwQAK
1,1:M Content,001ed00000bpOKl,Agentforce,2025-08-01,2025-08-01,001ed00000bpOKlYAM
1,1:M Content,001300000064qa4,Agentforce,2025-10-01,2025-10-01,001300000064qa4AAA
1,1:M Content,001ed00000olYz9,Agentforce,2025-12-01,2025-12-01,001ed00000olYz9YAE
1,1:M Content,001ed00000Zpxra,Agentforce,2025-07-01,2025-07-01,001ed00000ZpxraYAB
1,1:M Content,001ed00000aFaEX,Agentforce,2025-07-01,2025-07-01,001ed00000aFaEXYA0
1,1:M Content,001ed00000gVDiM,Agentforce,2025-09-01,2025-09-01,001ed00000gVDiMYAW
1,1:M Content,001ed00000a9CN0,Agentforce,2025-07-01,2025-07-01,001ed00000a9CN0YAM
1,1:M Content,001ed00000eSaxa,Agentforce,2025-09-01,2025-09-01,001ed00000eSaxaYAC
1,1:M Content,001ed00000RL5q2,Agentforce,2025-05-01,2025-05-01,001ed00000RL5q2YAD
1,1:M Content,0013000000hKEJk,Agentforce,2025-01-01,2025-01-01,0013000000hKEJkAAO
1,1:M Content,00130000005Axe6,Agentforce,2025-08-01,2025-08-01,00130000005Axe6AAC
1,1:M Content,0013y00001hRRNj,Agentforce,2025-07-01,2025-07-01,0013y00001hRRNjQAO
1,1:M Content,00130000003J495,Agentforce,2025-02-01,2025-02-01,00130000003J495AAC
1,1:M Content,001ed00000abrIP,Agentforce,2025-07-01,2025-07-01,001ed00000abrIPYAY
1,1:M Content,00130000016g0gv,Agentforce,2025-01-01,2025-01-01,00130000016g0gvAAA
1,1:M Content,0010M00001V3x9d,Agentforce,2025-02-01,2025-02-01,0010M00001V3x9dQAB
1,1:M Content,0013y00001cw99z,Agentforce,2024-12-01,2024-12-01,0013y00001cw99zQAA
3,1:M Content,001ed00000jDs8m,Agentforce,2025-10-01,2025-10-01,001ed00000jDs8mYAC
5,1:M Content,0013y00001dy5aB,Agentforce,2025-06-01,2025-06-01,0013y00001dy5aBQAQ
2,1:M Content,00100000000pWgb,Agentforce,2025-06-01,2025-06-01,00100000000pWgbAAE
4,1:M Content,0013y00001e5UTl,Agentforce,2025-08-01,2025-08-01,0013y00001e5UTlQAM
2,1:M Content,00130000004AZWJ,Agentforce,2025-12-01,2025-12-01,00130000004AZWJAA4
3,1:M Content,00130000016jeiN,Agentforce,2025-08-01,2025-08-01,00130000016jeiNAAQ
3,1:M Content,001ed00000nOl4n,Agentforce,2025-10-01,2025-10-01,001ed00000nOl4nYAC
2,1:M Content,0013y00001c8PY0,Agentforce,2025-11-01,2025-11-01,0013y00001c8PY0QAM
3,1:M Content,0013000000hJI0w,Agentforce,2025-07-01,2025-07-01,0013000000hJI0wAAG
4,1:M Content,00100000001pHFs,Agentforce,2025-10-01,2025-10-01,00100000001pHFsAAM
4,1:M Content,00130000000TCmw,Agentforce,2025-09-01,2025-09-01,00130000000TCmwAAG
3,1:M Content,00100000001sfZx,Agentforce,2025-07-01,2025-07-01,00100000001sfZxAAI
2,1:M Content,001ed00000ef45U,Agentforce,2025-09-01,2025-09-01,001ed00000ef45UYAQ
3,1:M Content,001ed00000cZTVt,Agentforce,2025-08-01,2025-08-01,001ed00000cZTVtYAO
4,1:M Content,0010M00001NYsjd,Agentforce,2025-07-01,2025-07-01,0010M00001NYsjdQAD
2,1:M Content,001ed00000laWeG,Agentforce,2025-10-01,2025-10-01,001ed00000laWeGYAU
2,1:M Content,0013000000Zjga9,Agentforce,2025-12-01,2025-12-01,0013000000Zjga9AAB
8,1:M Content,0013000000HIzRy,Agentforce,2025-12-01,2025-12-01,0013000000HIzRyAAL
5,1:M Content,0010000000063F0,Agentforce,2025-08-01,2025-08-01,0010000000063F0AAI
2,1:M Content,0013000001GUTAt,Agentforce,2025-10-01,2025-10-01,0013000001GUTAtAAP
2,1:M Content,00130000016j0H3,Agentforce,2025-11-01,2025-11-01,00130000016j0H3AAI
2,1:M Content,0013y00001XzPJE,Agentforce,2025-07-01,2025-07-01,0013y00001XzPJEQA3
2,1:M Content,00100000001azxY,Agentforce,2024-12-01,2024-12-01,00100000001azxYAAQ
2,1:M Content,0010M00001PDwGd,Agentforce,2025-10-01,2025-10-01,0010M00001PDwGdQAL
2,1:M Content,0013y00001d9Ecc,Agentforce,2025-11-01,2025-11-01,0013y00001d9EccQAE
3,1:M Content,0013y00001cFUpW,Agentforce,2025-10-01,2025-10-01,0013y00001cFUpWQAW
3,1:M Content,001ed00000eHK07,Agentforce,2025-08-01,2025-08-01,001ed00000eHK07YAG
2,1:M Content,0013y00001ceA3w,Agentforce,2025-10-01,2025-10-01,0013y00001ceA3wQAE
2,1:M Content,001ed00000gQTsc,Agentforce,2025-12-01,2025-12-01,001ed00000gQTscYAG
2,1:M Content,0013000000K5ZGm,Agentforce,2025-05-01,2025-05-01,0013000000K5ZGmAAN
3,1:M Content,0013000001GXOLv,Agentforce,2025-07-01,2025-07-01,0013000001GXOLvAAP
2,1:M Content,0010M00001Qlm0n,Agentforce,2025-08-01,2025-08-01,0010M00001Qlm0nQAB
2,1:M Content,0013000001NXj4L,Agentforce,2025-08-01,2025-08-01,0013000001NXj4LAAT
1,Success Guides,0013y00001crTK9,Agentforce,2025-02-01,2025-02-01,0013y00001crTK9QAM
1,Success Guides,0013y00001eXRZW,Agentforce,2025-11-01,2025-11-01,0013y00001eXRZWQA4
1,Success Guides,001ed00000ccGIn,Agentforce,2025-11-01,2025-11-01,001ed00000ccGInYAM
1,Success Guides,0010M00001SIfqL,Agentforce,2025-02-01,2025-01-01,0010M00001SIfqLQAT
1,Success Guides,00100000001pHFs,Agentforce,2025-10-01,2025-09-01,00100000001pHFsAAM
1,Success Guides,0013000001GUYIW,Agentforce,2025-12-01,2025-12-01,0013000001GUYIWAA5
1,Success Guides,00130000001S780,Agentforce,2025-11-01,2025-10-01,00130000001S780AAC
1,Success Guides,00130000002xXHa,Agentforce,2026-01-01,2025-12-01,00130000002xXHaAAM
1,Success Guides,0013000000rnIFa,Agentforce,2024-11-01,2024-11-01,0013000000rnIFaAAM
1,Success Guides,0013000001CBbjc,Agentforce,2025-11-01,2025-08-01,0013000001CBbjcAAD
1,Success Guides,0013000001MntH4,Agentforce,2025-03-01,2025-02-01,0013000001MntH4AAJ
1,Success Guides,0010M00001QlNAw,Agentforce,2025-11-01,2025-10-01,0010M00001QlNAwQAN
1,Success Guides,0010M00001OzwCA,Agentforce,2025-08-01,2025-08-01,0010M00001OzwCAQAZ
1,Success Guides,0013000000JgVjL,Agentforce,2025-07-01,2025-07-01,0013000000JgVjLAAV
1,Success Guides,0010M00001SIRFt,Agentforce,2025-05-01,2025-04-01,0010M00001SIRFtQAP
1,Success Guides,0013y00001erdmB,Agentforce,2025-10-01,2025-09-01,0013y00001erdmBQAQ
1,Success Guides,0013y00001cIoay,Agentforce,2025-03-01,2025-03-01,0013y00001cIoayQAC
1,Success Guides,0013y00001ce9kk,Agentforce,2025-07-01,2025-05-01,0013y00001ce9kkQAA
1,Success Guides,0013y00001cffQX,Agentforce,2025-08-01,2025-07-01,0013y00001cffQXQAY
1,Success Guides,0010M00001Yu2bL,Agentforce,2025-06-01,2025-04-01,0010M00001Yu2bLQAR
1,Success Guides,00130000007CwWH,Agentforce,2025-01-01,2025-01-01,00130000007CwWHAA0
1,Success Guides,0013y00001g8XmL,Agentforce,2025-03-01,2025-03-01,0013y00001g8XmLQAU
1,Success Guides,001ed00000FcpaN,Agentforce,2025-12-01,2025-08-01,001ed00000FcpaNYAR
1,Success Guides,0010M00001SJFMr,Agentforce,2025-01-01,2025-01-01,0010M00001SJFMrQAP
1,Success Guides,0013y00001Z0hA9,Agentforce,2025-08-01,2025-08-01,0013y00001Z0hA9QAJ
1,Success Guides,0013000001CBFeV,Agentforce,2025-01-01,2024-12-01,0013000001CBFeVAAX
1,Success Guides,001ed000003RItb,Agentforce,2025-11-01,2025-08-01,001ed000003RItbYAG
1,Success Guides,0013000000LVu6Y,Agentforce,2025-08-01,2025-08-01,0013000000LVu6YAAT
1,Success Guides,0010M00001Wa6hd,Agentforce,2025-01-01,2025-01-01,0010M00001Wa6hdQAB
1,Success Guides,00130000000e7v8,Agentforce,2025-11-01,2025-10-01,00130000000e7v8AAA
1,Success Guides,0013y00001e5amm,Agentforce,2025-11-01,2025-11-01,0013y00001e5ammQAA
1,Success Guides,0010M00001SIfqQ,Agentforce,2025-07-01,2025-07-01,0010M00001SIfqQQAT
1,1:M Content,0013000001Msuoy,Agentforce,2025-12-01,2025-12-01,0013000001MsuoyAAB
1,1:M Content,0013000001LWXRE,Agentforce,2025-10-01,2025-10-01,0013000001LWXREAA5
1,1:M Content,001ed00000RUbdj,Agentforce,2025-05-01,2025-05-01,001ed00000RUbdjYAD
1,1:M Content,0013000000rnLh2,Agentforce,2025-07-01,2025-07-01,0013000000rnLh2AAE
1,1:M Content,00130000016hRUT,Agentforce,2025-08-01,2025-08-01,00130000016hRUTAA2
1,1:M Content,001ed00000laWeG,Agentforce,2025-11-01,2025-11-01,001ed00000laWeGYAU
1,1:M Content,0013000001JzXeN,Agentforce,2025-01-01,2025-01-01,0013000001JzXeNAAV
1,1:M Content,0010M00001SIuH1,Agentforce,2024-12-01,2024-12-01,0010M00001SIuH1QAL
1,1:M Content,001ed00000bQpKv,Agentforce,2025-07-01,2025-07-01,001ed00000bQpKvYAK
1,1:M Content,001ed00000lBYWN,Agentforce,2025-10-01,2025-10-01,001ed00000lBYWNYA4
1,1:M Content,0010M00001Jzvgi,Agentforce,2025-06-01,2025-06-01,0010M00001JzvgiQAB
1,1:M Content,0010M00001SIMGr,Agentforce,2025-08-01,2025-08-01,0010M00001SIMGrQAP
1,1:M Content,0010M00001UVJbj,Agentforce,2025-02-01,2025-02-01,0010M00001UVJbjQAH
1,1:M Content,0010M00001QoLmJ,Agentforce,2025-12-01,2025-12-01,0010M00001QoLmJQAV
1,1:M Content,0010M00001Yb4ZO,Agentforce,2024-12-01,2024-12-01,0010M00001Yb4ZOQAZ
1,1:M Content,0013y00001d2Dyf,Agentforce,2025-10-01,2025-10-01,0013y00001d2DyfQAE
1,1:M Content,0010M00001Qmguc,Agentforce,2025-09-01,2025-09-01,0010M00001QmgucQAB
1,1:M Content,0010M00001W7kf9,Agentforce,2025-08-01,2025-07-01,0010M00001W7kf9QAB
1,1:M Content,0013000000rmumP,Agentforce,2025-01-01,2025-01-01,0013000000rmumPAAQ
1,1:M Content,0013000000rqFQv,Agentforce,2025-10-01,2025-10-01,0013000000rqFQvAAM
1,1:M Content,0013000001LWpG8,Agentforce,2025-02-01,2025-02-01,0013000001LWpG8AAL
1,1:M Content,00130000016hD2Z,Agentforce,2025-04-01,2025-04-01,00130000016hD2ZAAU
1,1:M Content,0013000000Gtxw0,Agentforce,2025-11-01,2025-11-01,0013000000Gtxw0AAB
1,1:M Content,0013000000rodme,Agentforce,2025-07-01,2025-07-01,0013000000rodmeAAA
1,1:M Content,0013y00001cU3nA,Agentforce,2025-10-01,2025-10-01,0013y00001cU3nAQAS
1,1:M Content,001ed00000i2CF6,Agentforce,2025-09-01,2025-09-01,001ed00000i2CF6YAM
1,1:M Content,001ed00000eyEFb,Agentforce,2025-09-01,2025-09-01,001ed00000eyEFbYAM
1,1:M Content,001ed00000SU1D3,Agentforce,2025-08-01,2025-08-01,001ed00000SU1D3YAL
1,1:M Content,0010M00001WkS5z,Agentforce,2025-08-01,2025-08-01,0010M00001WkS5zQAF
1,1:M Content,001ed00000mkWFn,Agentforce,2025-12-01,2025-12-01,001ed00000mkWFnYAM
1,1:M Content,001ed00000dHdRX,Agentforce,2025-08-01,2025-08-01,001ed00000dHdRXYA0
1,1:M Content,00130000002xT8H,Agentforce,2025-02-01,2025-02-01,00130000002xT8HAAU
1,1:M Content,001ed00000edpd9,Agentforce,2025-08-01,2025-08-01,001ed00000edpd9YAA
1,1:M Content,001ed00000ez33b,Agentforce,2025-09-01,2025-09-01,001ed00000ez33bYAA
1,1:M Content,0010M00001W7iZR,Agentforce,2025-01-01,2025-01-01,0010M00001W7iZRQAZ
1,1:M Content,0010M00001U3piC,Agentforce,2025-01-01,2025-01-01,0010M00001U3piCQAR
1,1:M Content,0013000001CCExD,Agentforce,2025-10-01,2025-10-01,0013000001CCExDAAX
1,1:M Content,001ed00000enqPv,Agentforce,2025-08-01,2025-08-01,001ed00000enqPvYAI
1,1:M Content,0013000001GV8Pr,Agentforce,2025-07-01,2025-07-01,0013000001GV8PrAAL
1,1:M Content,0013000000M2LyG,Agentforce,2025-06-01,2025-06-01,0013000000M2LyGAAV
1,1:M Content,001ed00000FrvZ0,Agentforce,2025-01-01,2025-01-01,001ed00000FrvZ0YAJ
1,1:M Content,0010M00001UM0VV,Agentforce,2025-08-01,2025-08-01,0010M00001UM0VVQA1
1,1:M Content,0013y00001fDeMM,Agentforce,2025-02-01,2025-02-01,0013y00001fDeMMQA0
4,1:M Content,0013y00001crguS,Agentforce,2025-09-01,2025-09-01,0013y00001crguSQAQ
3,1:M Content,001ed00000XOX7x,Agentforce,2025-09-01,2025-09-01,001ed00000XOX7xYAH
5,1:M Content,0010M00001WaeCQ,Agentforce,2025-07-01,2025-07-01,0010M00001WaeCQQAZ
3,1:M Content,001ed000006W8dJ,Agentforce,2025-08-01,2025-08-01,001ed000006W8dJYAS
7,1:M Content,0010M00001Qm5BC,Agentforce,2025-09-01,2025-09-01,0010M00001Qm5BCQAZ
2,1:M Content,0010M00001Xxq8I,Agentforce,2025-08-01,2025-08-01,0010M00001Xxq8IQAR
3,1:M Content,0013000000FdceL,Agentforce,2025-07-01,2025-07-01,0013000000FdceLAAR
2,1:M Content,001ed00000h7IST,Agentforce,2025-09-01,2025-09-01,001ed00000h7ISTYA2
2,1:M Content,001ed00000iotpZ,Agentforce,2025-09-01,2025-09-01,001ed00000iotpZYAQ
4,1:M Content,001ed00000oSKrs,Agentforce,2025-11-01,2025-11-01,001ed00000oSKrsYAG
3,1:M Content,001ed00000eE9xF,Agentforce,2025-08-01,2025-08-01,001ed00000eE9xFYAS
3,1:M Content,0013y00001crQJf,Agentforce,2025-10-01,2025-10-01,0013y00001crQJfQAM
5,1:M Content,0013000000hMbXo,Agentforce,2025-09-01,2025-09-01,0013000000hMbXoAAK
4,1:M Content,0013y00001fEfpC,Agentforce,2025-12-01,2025-12-01,0013y00001fEfpCQAS
4,1:M Content,0013y00001cbEyL,Agentforce,2025-12-01,2025-12-01,0013y00001cbEyLQAU
3,1:M Content,001ed00000XuMCY,Agentforce,2025-07-01,2025-07-01,001ed00000XuMCYYA3
2,1:M Content,001ed00000RTCuR,Agentforce,2025-05-01,2025-05-01,001ed00000RTCuRYAX
3,1:M Content,001ed00000btety,Agentforce,2025-08-01,2025-08-01,001ed00000btetyYAA
2,1:M Content,001ed00000gNYs5,Agentforce,2025-09-01,2025-09-01,001ed00000gNYs5YAG
2,1:M Content,0013y00001ceA3w,Agentforce,2025-02-01,2025-02-01,0013y00001ceA3wQAE
2,1:M Content,0013y00001cffQX,Agentforce,2025-03-01,2025-03-01,0013y00001cffQXQAY
2,1:M Content,001ed00000KvBHs,Agentforce,2025-09-01,2025-09-01,001ed00000KvBHsYAN
2,1:M Content,0010M00001XyIy0,Agentforce,2025-06-01,2025-06-01,0010M00001XyIy0QAF
2,1:M Content,00130000004IFXF,Agentforce,2025-09-01,2025-09-01,00130000004IFXFAA4
1,Success Guides,0013000001MoAoZ,Agentforce,2025-09-01,2025-07-01,0013000001MoAoZAAV
1,Success Guides,0013000001MoCid,Agentforce,2025-10-01,2025-10-01,0013000001MoCidAAF
1,Success Guides,0013y00001cZhXj,Agentforce,2025-12-01,2025-12-01,0013y00001cZhXjQAK
1,Success Guides,001ed000002g5Bq,Agentforce,2025-12-01,2025-11-01,001ed000002g5BqYAI
1,Success Guides,0013000000K5ZGm,Agentforce,2025-08-01,2025-08-01,0013000000K5ZGmAAN
1,Success Guides,0013000000EzxNF,Agentforce,2025-08-01,2025-07-01,0013000000EzxNFAAZ
1,Success Guides,00130000016jUbB,Agentforce,2025-05-01,2025-04-01,00130000016jUbBAAU
1,Success Guides,0010M00001WZLTD,Agentforce,2025-12-01,2025-09-01,0010M00001WZLTDQA5
1,Success Guides,00130000016hJXl,Agentforce,2025-12-01,2025-12-01,00130000016hJXlAAM
1,Success Guides,0013000000GIhA6,Agentforce,2025-12-01,2025-11-01,0013000000GIhA6AAL
1,Success Guides,0013000000ZlVoI,Agentforce,2025-11-01,2025-10-01,0013000000ZlVoIAAV
1,Success Guides,0013000000M2OhC,Agentforce,2025-11-01,2025-11-01,0013000000M2OhCAAV
1,Success Guides,0010M00001SJ7t9,Agentforce,2025-01-01,2025-01-01,0010M00001SJ7t9QAD
1,Success Guides,0013y00001cSyVh,Agentforce,2025-06-01,2025-05-01,0013y00001cSyVhQAK
1,Success Guides,00130000002lrAA,Agentforce,2025-10-01,2025-10-01,00130000002lrAAAAY
1,Success Guides,0010M00001PElC5,Agentforce,2025-12-01,2025-12-01,0010M00001PElC5QAL
1,Success Guides,0013000000rms6K,Agentforce,2025-11-01,2025-10-01,0013000000rms6KAAQ
1,Success Guides,0010M00001SIVOr,Agentforce,2025-10-01,2025-09-01,0010M00001SIVOrQAP
1,Success Guides,0013y00001cygAK,Agentforce,2025-02-01,2025-01-01,0013y00001cygAKQAY
1,Success Guides,0010M00001WJFfO,Agentforce,2025-08-01,2025-07-01,0010M00001WJFfOQAX
1,Success Guides,0013y00001cbE05,Agentforce,2025-06-01,2025-05-01,0013y00001cbE05QAE
1,Success Guides,0013y00001eMNRB,Agentforce,2025-06-01,2025-05-01,0013y00001eMNRBQA4
1,Success Guides,0013000000FL0hk,Agentforce,2025-03-01,2025-02-01,0013000000FL0hkAAD
1,Success Guides,0013000001CAVMq,Agentforce,2025-11-01,2025-10-01,0013000001CAVMqAAP
3,Success Guides,0013y00001Z0yKU,Agentforce,2025-11-01,2025-11-01,0013y00001Z0yKUQAZ
2,Success Guides,0013000000M2meV,Agentforce,2025-10-01,2025-10-01,0013000000M2meVAAR
1,1:M Content,00100000000leZj,Agentforce,2025-05-01,2025-05-01,00100000000leZjAAI
1,1:M Content,001ed00000cwkSq,Agentforce,2025-08-01,2025-08-01,001ed00000cwkSqYAI
1,1:M Content,00100000000zDyL,Agentforce,2025-12-01,2025-12-01,00100000000zDyLAAU
1,1:M Content,0010M00001QaJWA,Agentforce,2025-12-01,2025-12-01,0010M00001QaJWAQA3
1,1:M Content,0010M00001NYgn1,Agentforce,2024-12-01,2024-12-01,0010M00001NYgn1QAD
1,1:M Content,0013000000LVmBY,Agentforce,2025-02-01,2025-02-01,0013000000LVmBYAA1
1,1:M Content,0013y00001cw0P8,Agentforce,2025-03-01,2025-03-01,0013y00001cw0P8QAI
1,1:M Content,001ed00000eM9NP,Agentforce,2025-08-01,2025-08-01,001ed00000eM9NPYA0
1,1:M Content,00130000016k8IO,Agentforce,2025-11-01,2025-11-01,00130000016k8IOAAY
1,1:M Content,0013y00001hNpav,Agentforce,2025-12-01,2025-12-01,0013y00001hNpavQAC
1,1:M Content,0013y00001cFXMw,Agentforce,2025-06-01,2025-06-01,0013y00001cFXMwQAO
1,1:M Content,001ed00000Zs3ZR,Agentforce,2025-08-01,2025-08-01,001ed00000Zs3ZRYAZ
1,1:M Content,001ed00000TGrKb,Agentforce,2025-05-01,2025-05-01,001ed00000TGrKbYAL
1,1:M Content,001ed00000Zwd1d,Agentforce,2025-06-01,2025-06-01,001ed00000Zwd1dYAB
1,1:M Content,0013y00001d2Ml0,Agentforce,2025-08-01,2025-08-01,0013y00001d2Ml0QAE
1,1:M Content,00130000006vKKB,Agentforce,2025-05-01,2025-05-01,00130000006vKKBAA2
1,1:M Content,0013000000EzGyy,Agentforce,2025-07-01,2025-07-01,0013000000EzGyyAAF
1,1:M Content,0010M00001S9L5A,Agentforce,2025-01-01,2025-01-01,0010M00001S9L5AQAV
1,1:M Content,001ed00000oLczy,Agentforce,2025-11-01,2025-11-01,001ed00000oLczyYAC
1,1:M Content,0013y00001cEOK7,Agentforce,2025-02-01,2025-02-01,0013y00001cEOK7QAO
1,1:M Content,0013000001Mst9c,Agentforce,2025-02-01,2025-02-01,0013000001Mst9cAAB
1,1:M Content,001ed00000RRIxP,Agentforce,2025-06-01,2025-06-01,001ed00000RRIxPYAX
1,1:M Content,00130000002xEnK,Agentforce,2025-11-01,2025-11-01,00130000002xEnKAAU
1,1:M Content,0010M00001SHnsv,Agentforce,2025-11-01,2025-11-01,0010M00001SHnsvQAD
1,1:M Content,0013000001GiH22,Agentforce,2025-09-01,2025-09-01,0013000001GiH22AAF
1,1:M Content,0013y00001Y0jD6,Agentforce,2025-09-01,2025-09-01,0013y00001Y0jD6QAJ
1,1:M Content,001ed00000bvX0N,Agentforce,2025-08-01,2025-08-01,001ed00000bvX0NYAU
1,1:M Content,00100000001kdz6,Agentforce,2025-12-01,2025-12-01,00100000001kdz6AAA
1,1:M Content,0013000001NX5Lt,Agentforce,2025-03-01,2025-03-01,0013000001NX5LtAAL
1,1:M Content,0013y00001cju1k,Agentforce,2025-12-01,2025-12-01,0013y00001cju1kQAA
1,1:M Content,00130000002x9mq,Agentforce,2025-08-01,2025-08-01,00130000002x9mqAAA
1,1:M Content,001000000029t9U,Agentforce,2025-03-01,2025-03-01,001000000029t9UAAQ
1,1:M Content,0013000001Mehdm,Agentforce,2025-12-01,2025-12-01,0013000001MehdmAAB
1,1:M Content,0013y00001cTH9v,Agentforce,2025-07-01,2025-07-01,0013y00001cTH9vQAG
1,1:M Content,001ed00000kxOev,Agentforce,2025-10-01,2025-10-01,001ed00000kxOevYAE
1,1:M Content,0013000000M1ZCI,Agentforce,2025-10-01,2025-10-01,0013000000M1ZCIAA3
1,1:M Content,0013000000M0Nzd,Agentforce,2025-01-01,2025-01-01,0013000000M0NzdAAF
1,1:M Content,001ed00000mJ7AJ,Agentforce,2025-10-01,2025-10-01,001ed00000mJ7AJYA0
1,1:M Content,0013000000Zko7d,Agentforce,2025-06-01,2025-06-01,0013000000Zko7dAAB
1,1:M Content,0013y00001cQI83,Agentforce,2024-12-01,2024-12-01,0013y00001cQI83QAG
1,1:M Content,0013y00001dOLti,Agentforce,2025-10-01,2025-10-01,0013y00001dOLtiQAG
15,1:M Content,00130000002xUiq,Agentforce,2025-08-01,2025-08-01,00130000002xUiqAAE
4,1:M Content,001ed00000ijNf4,Agentforce,2025-10-01,2025-10-01,001ed00000ijNf4YAE
3,1:M Content,0013000001KaZNz,Agentforce,2025-02-01,2025-02-01,0013000001KaZNzAAN
3,1:M Content,00130000001S780,Agentforce,2025-09-01,2025-09-01,00130000001S780AAC
4,1:M Content,001000000027hct,Agentforce,2025-12-01,2025-12-01,001000000027hctAAA
2,1:M Content,0013y00001cjtQZ,Agentforce,2025-07-01,2025-07-01,0013y00001cjtQZQAY
4,1:M Content,0013000001CDqPL,Agentforce,2025-08-01,2025-08-01,0013000001CDqPLAA1
2,1:M Content,0013y00001buHUl,Agentforce,2025-10-01,2025-10-01,0013y00001buHUlQAM
3,1:M Content,0013000000NOxGN,Agentforce,2025-12-01,2025-12-01,0013000000NOxGNAA1
3,1:M Content,00100000002Em7H,Agentforce,2025-11-01,2025-11-01,00100000002Em7HAAS
2,1:M Content,0013000000M1gy5,Agentforce,2025-09-01,2025-09-01,0013000000M1gy5AAB
2,1:M Content,0010M00001WaghV,Agentforce,2025-04-01,2025-04-01,0010M00001WaghVQAR
2,1:M Content,001ed00000eNMqS,Agentforce,2025-08-01,2025-08-01,001ed00000eNMqSYAW
2,1:M Content,0010M00001WYRv8,Agentforce,2025-08-01,2025-08-01,0010M00001WYRv8QAH
3,1:M Content,00100000001zZCG,Agentforce,2025-11-01,2025-11-01,00100000001zZCGAA2
2,1:M Content,00100000000zDyL,Agentforce,2025-11-01,2025-11-01,00100000000zDyLAAU
2,1:M Content,001ed00000YJsXP,Agentforce,2025-07-01,2025-07-01,001ed00000YJsXPYA1
2,1:M Content,0013y00001dPjhy,Agentforce,2025-08-01,2025-08-01,0013y00001dPjhyQAC
2,1:M Content,0013y00001cIhpk,Agentforce,2025-08-01,2025-08-01,0013y00001cIhpkQAC
2,1:M Content,0013y00001crNxh,Agentforce,2025-08-01,2025-08-01,0013y00001crNxhQAE
2,1:M Content,001ed00000i2Rik,Agentforce,2025-09-01,2025-09-01,001ed00000i2RikYAE
2,1:M Content,0013000001GV1NB,Agentforce,2025-10-01,2025-10-01,0013000001GV1NBAA1
2,1:M Content,0013000000E3PN9,Agentforce,2025-10-01,2025-10-01,0013000000E3PN9AAN
2,1:M Content,0013y00001fSzg1,Agentforce,2025-05-01,2025-05-01,0013y00001fSzg1QAC
1,Success Guides,0013000001EZUeO,Agentforce,2025-12-01,2025-11-01,0013000001EZUeOAAX
1,Success Guides,00130000016igIw,Agentforce,2025-12-01,2025-11-01,00130000016igIwAAI
1,Success Guides,001ed00000Vo57W,Agentforce,2025-12-01,2025-11-01,001ed00000Vo57WYAR
1,Success Guides,0013000000M1ZGt,Agentforce,2025-07-01,2025-07-01,0013000000M1ZGtAAN
1,Success Guides,0013000000M2Nw7,Agentforce,2025-12-01,2025-12-01,0013000000M2Nw7AAF
1,Success Guides,001ed00000818tP,Agentforce,2025-05-01,2025-05-01,001ed00000818tPYAQ
1,Success Guides,00130000001xTuV,Agentforce,2025-07-01,2025-07-01,00130000001xTuVAAU
1,Success Guides,001300000082qyF,Agentforce,2025-12-01,2025-12-01,001300000082qyFAAQ
1,Success Guides,0013y00001fvAkL,Agentforce,2025-10-01,2025-09-01,0013y00001fvAkLQAU
1,Success Guides,0013y00001fojcU,Agentforce,2025-11-01,2025-10-01,0013y00001fojcUQAQ
1,Success Guides,0010M00001WY0R9,Agentforce,2025-12-01,2025-12-01,0010M00001WY0R9QAL
1,Success Guides,0013000000hLkIf,Agentforce,2025-07-01,2025-06-01,0013000000hLkIfAAK
1,Success Guides,00130000002xCBi,Agentforce,2025-11-01,2025-11-01,00130000002xCBiAAM
1,Success Guides,00130000016jWa9,Agentforce,2025-12-01,2025-11-01,00130000016jWa9AAE
1,Success Guides,0010M00001UVfII,Agentforce,2025-11-01,2025-10-01,0010M00001UVfIIQA1
1,Success Guides,00130000004IFWP,Agentforce,2025-01-01,2025-01-01,00130000004IFWPAA4
1,Success Guides,0010M00001Yu2xH,Agentforce,2025-07-01,2025-06-01,0010M00001Yu2xHQAR
1,Success Guides,0013000001C9vQk,Agentforce,2025-12-01,2025-12-01,0013000001C9vQkAAJ
1,Success Guides,0010M00001SeZhn,Agentforce,2025-04-01,2025-03-01,0010M00001SeZhnQAF
1,Success Guides,0010M00001W8cIO,Agentforce,2025-06-01,2025-04-01,0010M00001W8cIOQAZ
1,Success Guides,0013000000rq5Wa,Agentforce,2025-09-01,2025-08-01,0013000000rq5WaAAI
1,Success Guides,0013y00001c6qft,Agentforce,2025-12-01,2025-11-01,0013y00001c6qftQAA
1,Success Guides,0013y00001Z0i34,Agentforce,2025-02-01,2025-02-01,0013y00001Z0i34QAB
1,Success Guides,0013000001GUVvv,Agentforce,2025-11-01,2025-10-01,0013000001GUVvvAAH
1,Success Guides,0013000001NXfw4,Agentforce,2025-12-01,2025-12-01,0013000001NXfw4AAD
2,Success Guides,0013000001NX6L1,Agentforce,2025-10-01,2025-10-01,0013000001NX6L1AAL
1,1:M Content,00130000016gjTk,Agentforce,2025-12-01,2025-12-01,00130000016gjTkAAI
1,1:M Content,0013000000rnlel,Agentforce,2025-09-01,2025-09-01,0013000000rnlelAAA
1,1:M Content,00130000008ea9K,Agentforce,2025-09-01,2025-09-01,00130000008ea9KAAQ
1,1:M Content,00130000016gciB,Agentforce,2024-12-01,2024-12-01,00130000016gciBAAQ
1,1:M Content,0013y00001Z1HEV,Agentforce,2025-10-01,2025-10-01,0013y00001Z1HEVQA3
1,1:M Content,001ed00000nXZ1F,Agentforce,2025-11-01,2025-11-01,001ed00000nXZ1FYAW
1,1:M Content,001ed00000bmQ1K,Agentforce,2025-07-01,2025-07-01,001ed00000bmQ1KYAU
1,1:M Content,0013y00001cU2S1,Agentforce,2025-09-01,2025-09-01,0013y00001cU2S1QAK
1,1:M Content,0010M00001UUxxT,Agentforce,2025-01-01,2025-01-01,0010M00001UUxxTQAT
1,1:M Content,0013000001JcqQW,Agentforce,2025-10-01,2025-10-01,0013000001JcqQWAAZ
1,1:M Content,0013000000ZkNk7,Agentforce,2025-09-01,2025-09-01,0013000000ZkNk7AAF
1,1:M Content,001ed00000bYKdK,Agentforce,2025-07-01,2025-07-01,001ed00000bYKdKYAW
1,1:M Content,0013000000hIhIO,Agentforce,2025-05-01,2025-05-01,0013000000hIhIOAA0
1,1:M Content,0013000000ExgM8,Agentforce,2025-10-01,2025-10-01,0013000000ExgM8AAJ
1,1:M Content,001ed00000jR3hR,Agentforce,2025-10-01,2025-10-01,001ed00000jR3hRYAS
1,1:M Content,001ed00000Rhpff,Agentforce,2025-05-01,2025-05-01,001ed00000RhpffYAB
1,1:M Content,0013000000Ije6A,Agentforce,2025-04-01,2025-04-01,0013000000Ije6AAAR
1,1:M Content,001ed00000MJwy6,Agentforce,2025-08-01,2025-08-01,001ed00000MJwy6YAD
1,1:M Content,0010M00001QaZCH,Agentforce,2025-08-01,2025-08-01,0010M00001QaZCHQA3
1,1:M Content,001ed00000VKdL7,Agentforce,2025-07-01,2025-07-01,001ed00000VKdL7YAL
1,1:M Content,0013y00001d77j6,Agentforce,2025-12-01,2025-12-01,0013y00001d77j6QAA
1,1:M Content,0013000000hIwFH,Agentforce,2025-10-01,2025-10-01,0013000000hIwFHAA0
1,1:M Content,0013000001MjG9Y,Agentforce,2025-07-01,2025-07-01,0013000001MjG9YAAV
1,1:M Content,0013000001MnryZ,Agentforce,2025-10-01,2025-10-01,0013000001MnryZAAR
1,1:M Content,00130000007WutT,Agentforce,2025-07-01,2025-07-01,00130000007WutTAAS
1,1:M Content,0013y00001dWvzA,Agentforce,2025-01-01,2025-01-01,0013y00001dWvzAQAS
1,1:M Content,001ed00000p6bmH,Agentforce,2025-11-01,2025-11-01,001ed00000p6bmHYAQ
1,1:M Content,0010M00001WYv33,Agentforce,2025-07-01,2025-07-01,0010M00001WYv33QAD
1,1:M Content,001ed00000hQPbZ,Agentforce,2025-09-01,2025-09-01,001ed00000hQPbZYAW
1,1:M Content,001ed00000mb9AL,Agentforce,2025-10-01,2025-10-01,001ed00000mb9ALYAY
1,1:M Content,001ed00000DQBGY,Agentforce,2025-01-01,2025-01-01,001ed00000DQBGYYA5
1,1:M Content,0010M00001QkCfp,Agentforce,2025-03-01,2025-03-01,0010M00001QkCfpQAF
1,1:M Content,001ed00000nkPdZ,Agentforce,2025-11-01,2025-11-01,001ed00000nkPdZYAU
1,1:M Content,001ed00000q8Dbg,Agentforce,2025-11-01,2025-11-01,001ed00000q8DbgYAE
1,1:M Content,0010M00001SemY6,Agentforce,2025-09-01,2025-09-01,0010M00001SemY6QAJ
1,1:M Content,0013y00001crnh2,Agentforce,2025-07-01,2025-07-01,0013y00001crnh2QAA
1,1:M Content,00130000004Oe0P,Agentforce,2025-06-01,2025-06-01,00130000004Oe0PAAS
1,1:M Content,0010M00001QaTcv,Agentforce,2025-08-01,2025-08-01,0010M00001QaTcvQAF
1,1:M Content,0013000000Jx86u,Agentforce,2025-09-01,2025-09-01,0013000000Jx86uAAB
2,1:M Content,001ed00000Y0zUY,Agentforce,2025-06-01,2025-06-01,001ed00000Y0zUYYAZ
1,1:M Content,001ed00000Y5yfu,Agentforce,2025-07-01,2025-07-01,001ed00000Y5yfuYAB
1,1:M Content,0013000000M1ou4,Agentforce,2025-06-01,2025-06-01,0013000000M1ou4AAB
1,1:M Content,001ed00000fQe2F,Agentforce,2025-08-01,2025-08-01,001ed00000fQe2FYAS
1,1:M Content,0010M00001PEk7e,Agentforce,2025-01-01,2025-01-01,0010M00001PEk7eQAD
1,1:M Content,00130000016jfk3,Agentforce,2025-06-01,2025-06-01,00130000016jfk3AAA
1,1:M Content,0012000000026xf,Agentforce,2025-01-01,2025-01-01,0012000000026xfAAA
1,1:M Content,001ed00000WHkGw,Agentforce,2025-06-01,2025-06-01,001ed00000WHkGwYAL
1,1:M Content,00130000016gnKN,Agentforce,2025-09-01,2025-09-01,00130000016gnKNAAY
3,1:M Content,0013000000rnvfB,Agentforce,2025-04-01,2025-04-01,0013000000rnvfBAAQ
2,1:M Content,0013000000M1Zvo,Agentforce,2025-08-01,2025-08-01,0013000000M1ZvoAAF
5,1:M Content,001ed00000l935F,Agentforce,2025-11-01,2025-11-01,001ed00000l935FYAQ
3,1:M Content,001ed00000aJQID,Agentforce,2025-07-01,2025-07-01,001ed00000aJQIDYA4
3,1:M Content,001ed00000gyi7d,Agentforce,2025-09-01,2025-09-01,001ed00000gyi7dYAA
3,1:M Content,001ed00000ecYZV,Agentforce,2025-09-01,2025-09-01,001ed00000ecYZVYA2
3,1:M Content,0013000000ImJcj,Agentforce,2025-09-01,2025-09-01,0013000000ImJcjAAF
4,1:M Content,001ed00000eHUQr,Agentforce,2025-08-01,2025-08-01,001ed00000eHUQrYAO
4,1:M Content,0013000000rnIFa,Agentforce,2025-03-01,2025-03-01,0013000000rnIFaAAM
4,1:M Content,001ed00000dTIEQ,Agentforce,2025-08-01,2025-08-01,001ed00000dTIEQYA4
2,1:M Content,001ed00000oSRTV,Agentforce,2025-11-01,2025-11-01,001ed00000oSRTVYA4
4,1:M Content,0013000000LZIqJ,Agentforce,2025-10-01,2025-10-01,0013000000LZIqJAAX
2,1:M Content,001ed00000b0F9r,Agentforce,2025-08-01,2025-08-01,001ed00000b0F9rYAE
2,1:M Content,0013000001LXxho,Agentforce,2025-11-01,2025-11-01,0013000001LXxhoAAD
2,1:M Content,0010M00001P0QFu,Agentforce,2025-12-01,2025-12-01,0010M00001P0QFuQAN
2,1:M Content,001ed00000FcouP,Agentforce,2025-08-01,2025-08-01,001ed00000FcouPYAR
3,1:M Content,0013000000M1d5B,Agentforce,2025-08-01,2025-08-01,0013000000M1d5BAAR
2,1:M Content,0013000000LCASU,Agentforce,2025-08-01,2025-08-01,0013000000LCASUAA5
2,1:M Content,001ed00000begfy,Agentforce,2025-07-01,2025-07-01,001ed00000begfyYAA
4,1:M Content,001ed00000QFZEm,Agentforce,2025-07-01,2025-07-01,001ed00000QFZEmYAP
2,1:M Content,0013000000RX6uW,Agentforce,2025-12-01,2025-12-01,0013000000RX6uWAAT
2,1:M Content,0013y00001fbcoT,Agentforce,2025-06-01,2025-06-01,0013y00001fbcoTQAQ
2,1:M Content,001ed00000gMwl7,Agentforce,2025-09-01,2025-09-01,001ed00000gMwl7YAC
2,1:M Content,001ed00000dnBoh,Agentforce,2025-08-01,2025-08-01,001ed00000dnBohYAE
3,1:M Content,0013y00001f9JJk,Agentforce,2025-09-01,2025-09-01,0013y00001f9JJkQAM
2,1:M Content,0010M00001P0PDn,Agentforce,2025-09-01,2025-09-01,0010M00001P0PDnQAN
2,1:M Content,0010M00001WI4ns,Agentforce,2025-12-01,2025-12-01,0010M00001WI4nsQAD
2,1:M Content,0013y00001cTFxs,Agentforce,2025-07-01,2025-07-01,0013y00001cTFxsQAG
1,Success Guides,0010M00001QmqlC,Agentforce,2025-05-01,2025-04-01,0010M00001QmqlCQAR
1,Success Architects,,Agentforce,2025-12-01,2025-08-01
1,Success Guides,0010M00001WYycB,Agentforce,2025-06-01,2025-05-01,0010M00001WYycBQAT
1,Success Guides,0013000001IgZno,Agentforce,2025-08-01,2025-07-01,0013000001IgZnoAAF
1,Success Guides,0013y00001f8DkJ,Agentforce,2025-10-01,2025-09-01,0013y00001f8DkJQAU
1,Success Guides,0010M00001W7kDN,Agentforce,2025-04-01,2025-01-01,0010M00001W7kDNQAZ
1,Success Guides,00130000016ik2c,Agentforce,2025-04-01,2025-02-01,00130000016ik2cAAA
1,Success Guides,0010M00001P017j,Agentforce,2025-01-01,2025-01-01,0010M00001P017jQAB
1,Success Guides,001ed000005GfFd,Agentforce,2025-12-01,2025-09-01,001ed000005GfFdYAK
1,Success Guides,0013000001GW3Gk,Agentforce,2025-09-01,2025-08-01,0013000001GW3GkAAL
1,Success Guides,0013y00001e61wz,Agentforce,2025-10-01,2025-09-01,0013y00001e61wzQAA
1,Success Guides,0013y00001buGzO,Agentforce,2025-12-01,2025-11-01,0013y00001buGzOQAU
1,Success Guides,0013y00001g9Kpj,Agentforce,2025-05-01,2025-04-01,0013y00001g9KpjQAE
1,Success Guides,0013000001CA9kL,Agentforce,2025-11-01,2025-09-01,0013000001CA9kLAAT
1,Success Guides,00130000001gfsO,Agentforce,2025-11-01,2025-09-01,00130000001gfsOAAQ
1,Success Guides,0013000001CAWFq,Agentforce,2025-09-01,2025-09-01,0013000001CAWFqAAP
1,Success Guides,00130000008phCm,Agentforce,2024-11-01,2024-11-01,00130000008phCmAAI
1,Success Guides,0010M00001PEmCB,Agentforce,2025-09-01,2025-08-01,0010M00001PEmCBQA1
1,Success Architects,,Agentforce,2025-08-01,2025-08-01
1,Success Guides,00130000002xS8q,Agentforce,2025-03-01,2025-03-01,00130000002xS8qAAE
1,Success Guides,00130000016iWl7,Agentforce,2025-07-01,2025-06-01,00130000016iWl7AAE
1,Success Guides,0010M00001WACjj,Agentforce,2025-03-01,2025-03-01,0010M00001WACjjQAH
1,Success Guides,00130000004IFWP,Agentforce,2025-04-01,2025-03-01,00130000004IFWPAA4
1,Success Guides,00100000001L6rA,Agentforce,2025-12-01,2025-12-01,00100000001L6rAAAS
1,Success Guides,001000000014qGQ,Agentforce,2025-06-01,2025-04-01,001000000014qGQAAY
1,Success Guides,0013000000NQ4Sq,Agentforce,2025-06-01,2025-05-01,0013000000NQ4SqAAL
2,Success Guides,0010M00001SIuNJ,Agentforce,2025-10-01,2025-10-01,0010M00001SIuNJQA1
2,Success Guides,00130000007UoeX,Agentforce,2025-08-01,2025-07-01,00130000007UoeXAAS
1,1:M Content,0013000000Zk00M,Agentforce,2024-12-01,2024-12-01,0013000000Zk00MAAR
1,1:M Content,0013000000NR2Nn,Agentforce,2025-08-01,2025-08-01,0013000000NR2NnAAL
1,1:M Content,001ed00000aBsA2,Agentforce,2025-07-01,2025-07-01,001ed00000aBsA2YAK
1,1:M Content,001ed00000RYWKW,Agentforce,2025-05-01,2025-05-01,001ed00000RYWKWYA5
1,1:M Content,0010M00001QoRrh,Agentforce,2025-09-01,2025-09-01,0010M00001QoRrhQAF
1,1:M Content,001ed00000hsmID,Agentforce,2025-09-01,2025-09-01,001ed00000hsmIDYAY
1,1:M Content,0013y00001g9kFZ,Agentforce,2025-08-01,2025-08-01,0013y00001g9kFZQAY
1,1:M Content,001ed00000evQbX,Agentforce,2025-09-01,2025-09-01,001ed00000evQbXYAU
1,1:M Content,0013y00001dy5aB,Agentforce,2025-12-01,2025-12-01,0013y00001dy5aBQAQ
1,1:M Content,001ed00000ipGix,Agentforce,2025-10-01,2025-10-01,001ed00000ipGixYAE
1,1:M Content,001ed00000BPQdl,Agentforce,2025-11-01,2025-11-01,001ed00000BPQdlYAH
1,1:M Content,0013000000M2NFw,Agentforce,2025-11-01,2025-11-01,0013000000M2NFwAAN
1,1:M Content,0010M00001WkTJA,Agentforce,2025-04-01,2025-04-01,0010M00001WkTJAQA3
1,1:M Content,0013000000rpHvp,Agentforce,2025-05-01,2025-05-01,0013000000rpHvpAAE
1,1:M Content,0010M00001NYl5o,Agentforce,2025-03-01,2025-03-01,0010M00001NYl5oQAD
1,1:M Content,00130000006E7BA,Agentforce,2025-01-01,2025-01-01,00130000006E7BAAA0
1,1:M Content,00100000001gOh7,Agentforce,2025-04-01,2025-04-01,00100000001gOh7AAE
1,1:M Content,0010M00001VKjPc,Agentforce,2025-10-01,2025-10-01,0010M00001VKjPcQAL
1,1:M Content,0013000000LE8qf,Agentforce,2025-12-01,2025-12-01,0013000000LE8qfAAD
1,1:M Content,0013y00001dWwtt,Agentforce,2025-12-01,2025-12-01,0013y00001dWwttQAC
1,1:M Content,001ed00000Url9F,Agentforce,2025-08-01,2025-07-01,001ed00000Url9FYAR
1,1:M Content,00130000003QTRs,Agentforce,2025-09-01,2025-09-01,00130000003QTRsAAO
1,1:M Content,00130000002xXWs,Agentforce,2025-06-01,2025-06-01,00130000002xXWsAAM
1,1:M Content,0013000000KtPsS,Agentforce,2025-12-01,2025-12-01,0013000000KtPsSAAV
1,1:M Content,001ed00000mggiM,Agentforce,2025-10-01,2025-10-01,001ed00000mggiMYAQ
1,1:M Content,0010M00001WJbYD,Agentforce,2025-02-01,2025-02-01,0010M00001WJbYDQA1
1,1:M Content,0010M00001Qqmk5,Agentforce,2025-11-01,2025-11-01,0010M00001Qqmk5QAB
1,1:M Content,0013000000NQsdP,Agentforce,2025-10-01,2025-10-01,0013000000NQsdPAAT
1,1:M Content,00130000016gnYZ,Agentforce,2025-09-01,2025-09-01,00130000016gnYZAAY
2,1:M Content,0013000000AbQ9B,Agentforce,2025-09-01,2025-09-01,0013000000AbQ9BAAV
1,1:M Content,001ed00000ixESH,Agentforce,2025-09-01,2025-09-01,001ed00000ixESHYA2
1,1:M Content,00100000002CN7u,Agentforce,2025-10-01,2025-10-01,00100000002CN7uAAG
1,1:M Content,001ed00000nmKrR,Agentforce,2025-11-01,2025-11-01,001ed00000nmKrRYAU
1,1:M Content,0013000000rnxYm,Agentforce,2025-01-01,2025-01-01,0013000000rnxYmAAI
1,1:M Content,001ed00000ojJuY,Agentforce,2025-12-01,2025-12-01,001ed00000ojJuYYAU
1,1:M Content,001ed00000oGMkX,Agentforce,2025-11-01,2025-11-01,001ed00000oGMkXYAW
1,1:M Content,0010M00001Q70Ub,Agentforce,2025-08-01,2025-08-01,0010M00001Q70UbQAJ
1,1:M Content,0013y00001e5jHm,Agentforce,2024-12-01,2024-12-01,0013y00001e5jHmQAI
1,1:M Content,0013000000GpvVk,Agentforce,2025-12-01,2025-12-01,0013000000GpvVkAAJ
1,1:M Content,00130000016jl2t,Agentforce,2025-08-01,2025-08-01,00130000016jl2tAAA
1,1:M Content,001ed00000h9YGD,Agentforce,2025-09-01,2025-09-01,001ed00000h9YGDYA2
1,1:M Content,00130000016k9Sv,Agentforce,2025-11-01,2025-11-01,00130000016k9SvAAI
1,1:M Content,001ed00000seXEI,Agentforce,2025-12-01,2025-12-01,001ed00000seXEIYA2
1,1:M Content,00130000003Nevx,Agentforce,2025-11-01,2025-11-01,00130000003NevxAAC
1,1:M Content,0013000000CHhsB,Agentforce,2025-12-01,2025-12-01,0013000000CHhsBAAT
1,1:M Content,0010M00001X8Hcy,Agentforce,2025-07-01,2025-07-01,0010M00001X8HcyQAF
1,1:M Content,0013000000J7vtC,Agentforce,2025-12-01,2025-12-01,0013000000J7vtCAAR
1,1:M Content,0010M00001QaBKV,Agentforce,2025-09-01,2025-09-01,0010M00001QaBKVQA3
1,1:M Content,0013000001Igs1f,Agentforce,2025-08-01,2025-08-01,0013000001Igs1fAAB
1,1:M Content,0013000000M2esf,Agentforce,2025-10-01,2025-10-01,0013000000M2esfAAB
1,1:M Content,0013000000NQeh9,Agentforce,2025-06-01,2025-06-01,0013000000NQeh9AAD
1,1:M Content,001ed00000dvACL,Agentforce,2025-08-01,2025-08-01,001ed00000dvACLYA2
1,1:M Content,0013y00001ch49U,Agentforce,2025-08-01,2025-08-01,0013y00001ch49UQAQ
1,1:M Content,001ed00000gxZBI,Agentforce,2025-09-01,2025-09-01,001ed00000gxZBIYA2
3,1:M Content,0013000000M1REX,Agentforce,2025-12-01,2025-12-01,0013000000M1REXAA3
4,1:M Content,0013000000LZRuo,Agentforce,2025-09-01,2025-09-01,0013000000LZRuoAAH
3,1:M Content,0013000000Bn4tl,Agentforce,2025-10-01,2025-10-01,0013000000Bn4tlAAB
2,1:M Content,00130000009zecv,Agentforce,2025-07-01,2025-07-01,00130000009zecvAAA
3,1:M Content,001ed00000j3sje,Agentforce,2025-10-01,2025-10-01,001ed00000j3sjeYAA
4,1:M Content,001300000086EQD,Agentforce,2025-09-01,2025-09-01,001300000086EQDAA2
2,1:M Content,0010M00001W8O6X,Agentforce,2025-06-01,2025-06-01,0010M00001W8O6XQAV
2,1:M Content,001ed00000c21lJ,Agentforce,2025-08-01,2025-08-01,001ed00000c21lJYAQ
3,1:M Content,0013000000Zki3R,Agentforce,2025-08-01,2025-08-01,0013000000Zki3RAAR
2,1:M Content,00130000002eHBY,Agentforce,2025-06-01,2025-06-01,00130000002eHBYAA2
4,1:M Content,0013000001CAll5,Agentforce,2025-07-01,2025-07-01,0013000001CAll5AAD
4,1:M Content,001ed00000gPNUK,Agentforce,2025-09-01,2025-09-01,001ed00000gPNUKYA4
3,1:M Content,001ed00000r9S56,Agentforce,2025-12-01,2025-12-01,001ed00000r9S56YAE
4,1:M Content,001ed00000QFcUJ,Agentforce,2025-08-01,2025-08-01,001ed00000QFcUJYA1
2,1:M Content,001ed00000QTboT,Agentforce,2025-10-01,2025-10-01,001ed00000QTboTYAT
3,1:M Content,00130000009zAXX,Agentforce,2025-08-01,2025-08-01,00130000009zAXXAA2
4,1:M Content,001ed00000eadYU,Agentforce,2025-08-01,2025-08-01,001ed00000eadYUYAY
4,1:M Content,001ed00000f2Lbs,Agentforce,2025-08-01,2025-08-01,001ed00000f2LbsYAE
6,1:M Content,001ed00000PPjDH,Agentforce,2025-08-01,2025-08-01,001ed00000PPjDHYA1
3,1:M Content,0010M00001QqppW,Agentforce,2025-10-01,2025-10-01,0010M00001QqppWQAR
3,1:M Content,001ed00000oExY5,Agentforce,2025-11-01,2025-11-01,001ed00000oExY5YAK
2,1:M Content,0013000000HlZoM,Agentforce,2025-07-01,2025-07-01,0013000000HlZoMAAV
2,1:M Content,0013000000INKJe,Agentforce,2025-06-01,2025-06-01,0013000000INKJeAAP
2,1:M Content,001ed00000UstUU,Agentforce,2025-08-01,2025-08-01,001ed00000UstUUYAZ
2,1:M Content,0013y00001eBArt,Agentforce,2025-03-01,2025-03-01,0013y00001eBArtQAG
2,1:M Content,0013000000JKawB,Agentforce,2025-12-01,2025-12-01,0013000000JKawBAAT
2,1:M Content,001ed00000dE5W1,Agentforce,2025-08-01,2025-08-01,001ed00000dE5W1YAK
1,Success Guides,0013000001NXFg0,Agentforce,2025-11-01,2025-09-01,0013000001NXFg0AAH
1,Success Guides,00130000006vKKB,Agentforce,2025-02-01,2025-01-01,00130000006vKKBAA2
1,Success Guides,0013y00001cSLLY,Agentforce,2025-01-01,2024-11-01,0013y00001cSLLYQA4
1,Success Guides,0013000000hKi5I,Agentforce,2025-09-01,2025-07-01,0013000000hKi5IAAS
1,Success Guides,00130000002U4wm,Agentforce,2025-05-01,2025-05-01,00130000002U4wmAAC
1,Success Guides,00130000002xTez,Agentforce,2025-06-01,2025-05-01,00130000002xTezAAE
1,Success Guides,0013000000ZmNVK,Agentforce,2025-08-01,2025-07-01,0013000000ZmNVKAA3
1,Success Guides,00100000002D6Uq,Agentforce,2025-12-01,2025-11-01,00100000002D6UqAAK
1,Success Guides,0010M00001WIDtG,Agentforce,2025-10-01,2025-08-01,0010M00001WIDtGQAX
1,Success Guides,00130000001lhTF,Agentforce,2025-07-01,2025-06-01,00130000001lhTFAAY
1,Success Guides,0013y00001cykGD,Agentforce,2025-12-01,2025-10-01,0013y00001cykGDQAY
1,Success Guides,0013000001Msusl,Agentforce,2025-10-01,2025-08-01,0013000001MsuslAAB
1,Success Guides,00100000000EL4b,Agentforce,2025-02-01,2025-01-01,00100000000EL4bAAG
1,Success Guides,0013000000GJxdK,Agentforce,2025-11-01,2025-11-01,0013000000GJxdKAAT
1,Success Guides,0010M00001PEmCB,Agentforce,2025-02-01,2025-01-01,0010M00001PEmCBQA1
1,Success Guides,00100000000jvqk,Agentforce,2025-10-01,2025-09-01,00100000000jvqkAAA
1,Success Guides,0013y00001dO0W6,Agentforce,2025-11-01,2025-10-01,0013y00001dO0W6QAK
1,Success Guides,0013y00001g8uGu,Agentforce,2025-02-01,2025-01-01,0013y00001g8uGuQAI
1,Success Guides,0010M00001SIhsd,Agentforce,2025-01-01,2025-01-01,0010M00001SIhsdQAD
1,Success Guides,0010M00001XyDst,Agentforce,2025-12-01,2025-10-01,0010M00001XyDstQAF
1,Success Guides,0013000000ro9TU,Agentforce,2025-10-01,2025-08-01,0013000000ro9TUAAY
1,Success Guides,0013000000JGazf,Agentforce,2025-03-01,2025-01-01,0013000000JGazfAAD
1,Success Guides,0013y00001cUJ4d,Agentforce,2025-12-01,2025-11-01,0013y00001cUJ4dQAG
1,Success Guides,0013000000GLN8I,Agentforce,2025-09-01,2025-08-01,0013000000GLN8IAAX
2,Success Guides,0010M00001XyAva,Agentforce,2025-11-01,2025-10-01,0010M00001XyAvaQAF
2,Success Guides,0013y00001eq529,Agentforce,2025-06-01,2025-06-01,0013y00001eq529QAA
1,1:M Content,001ed00000q98Wf,Agentforce,2025-12-01,2025-12-01,001ed00000q98WfYAI
1,1:M Content,001ed00000fwl6z,Agentforce,2025-09-01,2025-09-01,001ed00000fwl6zYAA
1,1:M Content,0013000000E3PN9,Agentforce,2025-05-01,2025-05-01,0013000000E3PN9AAN
1,1:M Content,0013000000M1Zvo,Agentforce,2025-11-01,2025-11-01,0013000000M1ZvoAAF
1,1:M Content,001ed00000hIn9b,Agentforce,2025-10-01,2025-10-01,001ed00000hIn9bYAC
1,1:M Content,001ed00000a5BHR,Agentforce,2025-07-01,2025-07-01,001ed00000a5BHRYA2
1,1:M Content,0010M00001VKits,Agentforce,2025-02-01,2025-02-01,0010M00001VKitsQAD
1,1:M Content,001ed000004beNZ,Agentforce,2025-07-01,2025-07-01,001ed000004beNZYAY
1,1:M Content,0013000000NPCXC,Agentforce,2025-06-01,2025-06-01,0013000000NPCXCAA5
1,1:M Content,001ed00000eUHAs,Agentforce,2025-08-01,2025-08-01,001ed00000eUHAsYAO
1,1:M Content,0010M00001UVVME,Agentforce,2025-10-01,2025-10-01,0010M00001UVVMEQA5
1,1:M Content,00130000002xc43,Agentforce,2025-12-01,2025-12-01,00130000002xc43AAA
1,1:M Content,0013y00001exoYT,Agentforce,2025-07-01,2025-07-01,0013y00001exoYTQAY
1,1:M Content,0013y00001crTj9,Agentforce,2025-12-01,2025-12-01,0013y00001crTj9QAE
1,1:M Content,0013y00001ermkY,Agentforce,2025-01-01,2025-01-01,0013y00001ermkYQAQ
1,1:M Content,00130000002xUMV,Agentforce,2025-07-01,2025-07-01,00130000002xUMVAA2
1,1:M Content,00130000016hOHc,Agentforce,2025-08-01,2025-08-01,00130000016hOHcAAM
1,1:M Content,0010M00001WY0R9,Agentforce,2025-08-01,2025-08-01,0010M00001WY0R9QAL
1,1:M Content,0013000001C9vbi,Agentforce,2025-07-01,2025-07-01,0013000001C9vbiAAB
1,1:M Content,0010M00001QqppW,Agentforce,2025-09-01,2025-09-01,0010M00001QqppWQAR
1,1:M Content,001ed00000QkYe2,Agentforce,2025-10-01,2025-10-01,001ed00000QkYe2YAF
1,1:M Content,0013000001Jd7Or,Agentforce,2025-09-01,2025-09-01,0013000001Jd7OrAAJ
1,1:M Content,001ed00000DKT1a,Agentforce,2025-01-01,2025-01-01,001ed00000DKT1aYAH
1,1:M Content,0013000001L5v8y,Agentforce,2025-02-01,2025-02-01,0013000001L5v8yAAB
1,1:M Content,0013y00001cyifu,Agentforce,2025-04-01,2025-04-01,0013y00001cyifuQAA
1,1:M Content,001ed00000fIobS,Agentforce,2025-08-01,2025-08-01,001ed00000fIobSYAS
1,1:M Content,0013000000B2P8d,Agentforce,2025-11-01,2025-11-01,0013000000B2P8dAAF
1,1:M Content,0010M00001NYS4h,Agentforce,2025-08-01,2025-07-01,0010M00001NYS4hQAH
1,1:M Content,001ed00000mg1Ty,Agentforce,2025-12-01,2025-12-01,001ed00000mg1TyYAI
1,1:M Content,0013000000ZkZWF,Agentforce,2025-11-01,2025-11-01,0013000000ZkZWFAA3
1,1:M Content,0010M00001W7vUz,Agentforce,2025-08-01,2025-08-01,0010M00001W7vUzQAJ
1,1:M Content,0013000000LzUpI,Agentforce,2025-03-01,2025-03-01,0013000000LzUpIAAV
1,1:M Content,001ed00000dhAH1,Agentforce,2025-08-01,2025-08-01,001ed00000dhAH1YAM
1,1:M Content,0013000000HI3g3,Agentforce,2025-10-01,2025-10-01,0013000000HI3g3AAD
1,1:M Content,0013000000M2NSR,Agentforce,2025-09-01,2025-09-01,0013000000M2NSRAA3
1,1:M Content,001ed00000J6dII,Agentforce,2025-02-01,2025-02-01,001ed00000J6dIIYAZ
1,1:M Content,0010M00001SJWZJ,Agentforce,2025-08-01,2025-08-01,0010M00001SJWZJQA5
1,1:M Content,0010M00001NYd67,Agentforce,2024-12-01,2024-12-01,0010M00001NYd67QAD
1,1:M Content,001ed00000FcouP,Agentforce,2025-11-01,2025-11-01,001ed00000FcouPYAR
1,1:M Content,001ed00000gYTXG,Agentforce,2025-10-01,2025-10-01,001ed00000gYTXGYA4
1,1:M Content,001ed00000ZPEEy,Agentforce,2025-07-01,2025-07-01,001ed00000ZPEEyYAP
1,1:M Content,001ed00000jNLoD,Agentforce,2025-10-01,2025-10-01,001ed00000jNLoDYAW
1,1:M Content,00130000002xT8H,Agentforce,2025-07-01,2025-07-01,00130000002xT8HAAU
1,1:M Content,001ed00000nUHTq,Agentforce,2025-11-01,2025-11-01,001ed00000nUHTqYAO
1,1:M Content,0013000000hJEKh,Agentforce,2025-08-01,2025-08-01,0013000000hJEKhAAO
1,1:M Content,001ed00000bZoRG,Agentforce,2025-09-01,2025-09-01,001ed00000bZoRGYA0
1,1:M Content,001ed00000UdSfu,Agentforce,2025-06-01,2025-06-01,001ed00000UdSfuYAF
13,1:M Content,0013000000HI3g3,Agentforce,2025-06-01,2025-06-01,0013000000HI3g3AAD
6,1:M Content,00100000001kdz6,Agentforce,2025-08-01,2025-08-01,00100000001kdz6AAA
6,1:M Content,001ed00000UXg0s,Agentforce,2025-06-01,2025-06-01,001ed00000UXg0sYAD
6,1:M Content,0013y00001f80Et,Agentforce,2025-11-01,2025-11-01,0013y00001f80EtQAI
4,1:M Content,001ed00000YNWZw,Agentforce,2025-07-01,2025-07-01,001ed00000YNWZwYAP
3,1:M Content,001ed00000oRMu5,Agentforce,2025-11-01,2025-11-01,001ed00000oRMu5YAG
3,1:M Content,001ed00000h9U4X,Agentforce,2025-09-01,2025-09-01,001ed00000h9U4XYAU
4,1:M Content,0013y00001csbH6,Agentforce,2025-07-01,2025-07-01,0013y00001csbH6QAI
7,1:M Content,00130000016h7rQ,Agentforce,2025-09-01,2025-09-01,00130000016h7rQAAQ
2,1:M Content,0013000001GiH22,Agentforce,2025-12-01,2025-12-01,0013000001GiH22AAF
4,1:M Content,001ed00000b3GKg,Agentforce,2025-07-01,2025-07-01,001ed00000b3GKgYAM
4,1:M Content,001ed00000oRUlB,Agentforce,2025-11-01,2025-11-01,001ed00000oRUlBYAW
2,1:M Content,0013000001CA21Z,Agentforce,2025-08-01,2025-08-01,0013000001CA21ZAAT
3,1:M Content,0013000000hLRNg,Agentforce,2025-10-01,2025-10-01,0013000000hLRNgAAO
6,1:M Content,0010M00001WZ3om,Agentforce,2025-08-01,2025-08-01,0010M00001WZ3omQAD
2,1:M Content,00130000016hL1k,Agentforce,2025-08-01,2025-08-01,00130000016hL1kAAE
5,1:M Content,0013000000M2NSR,Agentforce,2025-10-01,2025-10-01,0013000000M2NSRAA3
2,1:M Content,0013y00001cQENI,Agentforce,2025-08-01,2025-08-01,0013y00001cQENIQA4
4,1:M Content,001ed000005ICJB,Agentforce,2025-08-01,2025-08-01,001ed000005ICJBYA4
3,1:M Content,0013000000hLQmQ,Agentforce,2025-11-01,2025-11-01,0013000000hLQmQAAW
3,1:M Content,00130000016juaA,Agentforce,2025-11-01,2025-11-01,00130000016juaAAAQ
2,1:M Content,0013000001GWCkQ,Agentforce,2025-08-01,2025-08-01,0013000001GWCkQAAX
2,1:M Content,0013000000JkIbx,Agentforce,2025-02-01,2025-02-01,0013000000JkIbxAAF
2,1:M Content,0010M00001SIbbJ,Agentforce,2025-07-01,2025-07-01,0010M00001SIbbJQAT
3,1:M Content,001ed00000ou2Ox,Agentforce,2025-12-01,2025-12-01,001ed00000ou2OxYAI
2,1:M Content,001ed00000YLuLN,Agentforce,2025-07-01,2025-07-01,001ed00000YLuLNYA1
3,1:M Content,0013000000hMbXo,Agentforce,2025-10-01,2025-10-01,0013000000hMbXoAAK
3,1:M Content,001ed000006LlBm,Agentforce,2025-10-01,2025-10-01,001ed000006LlBmYAK
3,1:M Content,0013y00001fbc7t,Agentforce,2025-10-01,2025-10-01,0013y00001fbc7tQAA
2,1:M Content,0013y00001cFZgt,Agentforce,2025-09-01,2025-09-01,0013y00001cFZgtQAG
2,1:M Content,0010M00001QmKtt,Agentforce,2025-08-01,2025-08-01,0010M00001QmKttQAF
2,1:M Content,001ed00000JmBav,Agentforce,2025-09-01,2025-09-01,001ed00000JmBavYAF
2,1:M Content,0013y00001d1i7i,Agentforce,2025-08-01,2025-08-01,0013y00001d1i7iQAA
2,1:M Content,0013000000RWxyb,Agentforce,2025-05-01,2025-05-01,0013000000RWxybAAD
2,1:M Content,0010M00001U43xs,Agentforce,2025-01-01,2025-01-01,0010M00001U43xsQAB
2,1:M Content,0013000000HIXb1,Agentforce,2025-12-01,2025-12-01,0013000000HIXb1AAH
2,1:M Content,00130000002xAOd,Agentforce,2025-05-01,2025-05-01,00130000002xAOdAAM
2,1:M Content,0013000000NS9ku,Agentforce,2025-09-01,2025-09-01,0013000000NS9kuAAD
2,1:M Content,0010M00001XyAPj,Agentforce,2025-11-01,2025-11-01,0010M00001XyAPjQAN
3,1:M Content,001ed00000LA1Zv,Agentforce,2025-10-01,2025-10-01,001ed00000LA1ZvYAL
2,1:M Content,00100000001dhww,Agentforce,2025-07-01,2025-07-01,00100000001dhwwAAA
1,Success Guides,001ed00000BRpPu,Agentforce,2025-06-01,2025-05-01,001ed00000BRpPuYAL
1,Success Guides,0013000000D7pEG,Agentforce,2025-11-01,2025-10-01,0013000000D7pEGAAZ
1,Success Guides,0013000000M2iQ8,Agentforce,2025-12-01,2025-12-01,0013000000M2iQ8AAJ
1,Success Guides,0013000000In56M,Agentforce,2025-10-01,2025-09-01,0013000000In56MAAR
1,Success Guides,0013000001GWDlt,Agentforce,2025-04-01,2025-03-01,0013000001GWDltAAH
1,Success Guides,001ed00000KHGEX,Agentforce,2025-05-01,2025-04-01,001ed00000KHGEXYA5
1,Success Guides,00130000002x9cj,Agentforce,2025-11-01,2025-11-01,00130000002x9cjAAA
1,Success Guides,00130000002xSH9,Agentforce,2025-05-01,2025-05-01,00130000002xSH9AAM
1,Success Guides,0013y00001f6xUh,Agentforce,2025-12-01,2025-11-01,0013y00001f6xUhQAI
1,Success Guides,0010M00001QqTxk,Agentforce,2025-04-01,2025-02-01,0010M00001QqTxkQAF
1,Success Guides,0010M00001QamLu,Agentforce,2025-11-01,2025-10-01,0010M00001QamLuQAJ
1,Success Guides,0010M00001UV4Wm,Agentforce,2025-02-01,2025-01-01,0010M00001UV4WmQAL
1,Success Guides,0013000000rnZE0,Agentforce,2025-11-01,2025-09-01,0013000000rnZE0AAM
1,Success Guides,0013y00001d7yYm,Agentforce,2025-02-01,2025-01-01,0013y00001d7yYmQAI
1,Success Guides,0010M00001QaqtV,Agentforce,2025-03-01,2025-02-01,0010M00001QaqtVQAR
1,Success Guides,0013000000ZicrT,Agentforce,2025-10-01,2025-08-01,0013000000ZicrTAAR
1,Success Guides,0010M00001QlHuO,Agentforce,2025-05-01,2025-05-01,0010M00001QlHuOQAV
1,Success Guides,0013y00001d0oG5,Agentforce,2025-02-01,2025-01-01,0013y00001d0oG5QAI
1,Success Guides,0010M00001WIEQ0,Agentforce,2025-12-01,2025-11-01,0010M00001WIEQ0QAP
1,Success Guides,00130000016hA4v,Agentforce,2026-01-01,2025-12-01,00130000016hA4vAAE
1,Success Guides,0013000000rpFSi,Agentforce,2025-11-01,2025-10-01,0013000000rpFSiAAM
1,Success Guides,00130000006ZABW,Agentforce,2025-12-01,2025-11-01,00130000006ZABWAA4
1,Success Guides,0013000001KaZNz,Agentforce,2025-09-01,2025-08-01,0013000001KaZNzAAN
1,Success Guides,0013000001J7nn1,Agentforce,2025-10-01,2025-09-01,0013000001J7nn1AAB
1,Success Guides,0013000001JyGxB,Agentforce,2025-04-01,2025-03-01,0013000001JyGxBAAV
1,Success Guides,00100000001TIyU,Agentforce,2025-07-01,2025-06-01,00100000001TIyUAAW
1,Success Guides,0010M00001QmaMw,Agentforce,2025-03-01,2025-03-01,0010M00001QmaMwQAJ
1,Success Guides,0013000000RZYA0,Agentforce,2025-02-01,2025-02-01,0013000000RZYA0AAP
1,Success Guides,0013000000hJOi1,Agentforce,2025-03-01,2025-02-01,0013000000hJOi1AAG
1,1:M Content,00130000006aXML,Agentforce,2025-05-01,2025-05-01,00130000006aXMLAA2
1,1:M Content,00130000016gxvc,Agentforce,2025-01-01,2025-01-01,00130000016gxvcAAA
1,1:M Content,0010M00001W7kf9,Agentforce,2025-08-01,2025-08-01,0010M00001W7kf9QAB
1,1:M Content,0010M00001Yb0dJ,Agentforce,2025-11-01,2025-11-01,0010M00001Yb0dJQAR
1,1:M Content,001ed00000ou2Ox,Agentforce,2025-11-01,2025-11-01,001ed00000ou2OxYAI
1,1:M Content,0013y00001bezRW,Agentforce,2025-01-01,2025-01-01,0013y00001bezRWQAY
1,1:M Content,0013000001GVHQ1,Agentforce,2025-01-01,2025-01-01,0013000001GVHQ1AAP
1,1:M Content,001ed00000aS9q6,Agentforce,2025-07-01,2025-07-01,001ed00000aS9q6YAC
1,1:M Content,0013000001GVWJt,Agentforce,2025-11-01,2025-11-01,0013000001GVWJtAAP
1,1:M Content,00100000001TIyU,Agentforce,2025-11-01,2025-11-01,00100000001TIyUAAW
1,1:M Content,00130000003jYat,Agentforce,2025-11-01,2025-11-01,00130000003jYatAAE
1,1:M Content,001ed00000bXV6D,Agentforce,2025-10-01,2025-10-01,001ed00000bXV6DYAW
1,1:M Content,0013000000rpONK,Agentforce,2025-12-01,2025-12-01,0013000000rpONKAA2
1,1:M Content,0010M00001WOVnN,Agentforce,2025-09-01,2025-09-01,0010M00001WOVnNQAX
1,1:M Content,0013000000ro8zj,Agentforce,2025-11-01,2025-11-01,0013000000ro8zjAAA
1,1:M Content,0013000000KxJd7,Agentforce,2025-01-01,2025-01-01,0013000000KxJd7AAF
1,1:M Content,001ed000007Cl0l,Agentforce,2025-08-01,2025-08-01,001ed000007Cl0lYAC
1,1:M Content,0013y00001YbSA6,Agentforce,2025-08-01,2025-08-01,0013y00001YbSA6QAN
1,1:M Content,0010M00001QamTy,Agentforce,2025-05-01,2025-05-01,0010M00001QamTyQAJ
1,1:M Content,001ed000008Y88D,Agentforce,2025-09-01,2025-09-01,001ed000008Y88DYAS
1,1:M Content,0013000000JJX9l,Agentforce,2025-08-01,2025-08-01,0013000000JJX9lAAH
1,1:M Content,0013000000hJge3,Agentforce,2025-06-01,2025-06-01,0013000000hJge3AAC
1,1:M Content,0013000001CCRxD,Agentforce,2025-05-01,2025-05-01,0013000001CCRxDAAX
1,1:M Content,0013y00001d1i7i,Agentforce,2025-09-01,2025-09-01,0013y00001d1i7iQAA
1,1:M Content,0013000000RZ5lL,Agentforce,2025-08-01,2025-08-01,0013000000RZ5lLAAT
1,1:M Content,0013000000794Fv,Agentforce,2025-12-01,2025-12-01,0013000000794FvAAI
1,1:M Content,001ed00000hFIiF,Agentforce,2025-09-01,2025-09-01,001ed00000hFIiFYAW
1,1:M Content,0010M00001Qakik,Agentforce,2025-06-01,2025-06-01,0010M00001QakikQAB
1,1:M Content,0013y00001eq529,Agentforce,2025-05-01,2025-05-01,0013y00001eq529QAA
1,1:M Content,0013000001GW5FF,Agentforce,2025-08-01,2025-08-01,0013000001GW5FFAA1
1,1:M Content,0013000000M1REX,Agentforce,2025-08-01,2025-08-01,0013000000M1REXAA3
1,1:M Content,001ed00000bPk3y,Agentforce,2025-07-01,2025-07-01,001ed00000bPk3yYAC
1,1:M Content,001ed00000ctEPU,Agentforce,2025-08-01,2025-08-01,001ed00000ctEPUYA2
1,1:M Content,0013000001GXAa5,Agentforce,2025-07-01,2025-07-01,0013000001GXAa5AAH
1,1:M Content,0013y00001XzECC,Agentforce,2025-09-01,2025-09-01,0013y00001XzECCQA3
1,1:M Content,0013000000GJdtI,Agentforce,2025-02-01,2025-02-01,0013000000GJdtIAAT
1,1:M Content,0010M00001ULhwx,Agentforce,2025-03-01,2025-03-01,0010M00001ULhwxQAD
1,1:M Content,0013000000RXTdM,Agentforce,2025-04-01,2025-04-01,0013000000RXTdMAAX
1,1:M Content,001ed0000065RYo,Agentforce,2025-05-01,2025-05-01,001ed0000065RYoYAM
1,1:M Content,0010M00001SIbbJ,Agentforce,2025-11-01,2025-11-01,0010M00001SIbbJQAT
9,1:M Content,001000000001zcf,Agentforce,2025-07-01,2025-07-01,001000000001zcfAAA
4,1:M Content,001ed00000dIUFh,Agentforce,2025-08-01,2025-08-01,001ed00000dIUFhYAO
3,1:M Content,0013000000NRamY,Agentforce,2025-08-01,2025-08-01,0013000000NRamYAAT
4,1:M Content,001ed00000oRgzF,Agentforce,2025-11-01,2025-11-01,001ed00000oRgzFYAS
3,1:M Content,001ed00000dxZD3,Agentforce,2025-10-01,2025-10-01,001ed00000dxZD3YAM
5,1:M Content,0013y00001c8NLi,Agentforce,2025-08-01,2025-08-01,0013y00001c8NLiQAM
4,1:M Content,001ed00000gPtCQ,Agentforce,2025-09-01,2025-09-01,001ed00000gPtCQYA0
3,1:M Content,0013000001LX12T,Agentforce,2025-11-01,2025-11-01,0013000001LX12TAAT
4,1:M Content,0013y00001cCgI4,Agentforce,2025-08-01,2025-08-01,0013y00001cCgI4QAK
2,1:M Content,001ed00000451nb,Agentforce,2025-07-01,2025-07-01,001ed00000451nbYAA
4,1:M Content,0013000000RX3sV,Agentforce,2025-06-01,2025-06-01,0013000000RX3sVAAT
2,1:M Content,0010M00001QnFSD,Agentforce,2025-07-01,2025-07-01,0010M00001QnFSDQA3
8,1:M Content,0013000000NQeh9,Agentforce,2025-09-01,2025-09-01,0013000000NQeh9AAD
3,1:M Content,0013000001CBDaJ,Agentforce,2025-11-01,2025-11-01,0013000001CBDaJAAX
4,1:M Content,001ed00000ooOvF,Agentforce,2025-11-01,2025-11-01,001ed00000ooOvFYAU
2,1:M Content,0013000000rpU99,Agentforce,2025-10-01,2025-10-01,0013000000rpU99AAE
7,1:M Content,0013000000rpXG1,Agentforce,2025-06-01,2025-06-01,0013000000rpXG1AAM
4,1:M Content,001ed00000gVcte,Agentforce,2025-09-01,2025-09-01,001ed00000gVcteYAC
2,1:M Content,001ed00000c0vel,Agentforce,2025-08-01,2025-08-01,001ed00000c0velYAA
3,1:M Content,001ed00000rsPB0,Agentforce,2025-12-01,2025-12-01,001ed00000rsPB0YAM
4,1:M Content,0013y00001fyG4K,Agentforce,2025-08-01,2025-08-01,0013y00001fyG4KQAU
4,1:M Content,0013000001GVg6C,Agentforce,2025-06-01,2025-06-01,0013000001GVg6CAAT
3,1:M Content,001300000086EQD,Agentforce,2025-06-01,2025-06-01,001300000086EQDAA2
6,1:M Content,0013y00001dy5aB,Agentforce,2025-11-01,2025-11-01,0013y00001dy5aBQAQ
4,1:M Content,001ed00000oicZR,Agentforce,2025-11-01,2025-11-01,001ed00000oicZRYAY
2,1:M Content,0013000001MoCqM,Agentforce,2025-12-01,2025-12-01,0013000001MoCqMAAV
2,1:M Content,001ed00000DBNZh,Agentforce,2025-11-01,2025-11-01,001ed00000DBNZhYAP
3,1:M Content,001ed00000eQXPX,Agentforce,2025-08-01,2025-08-01,001ed00000eQXPXYA4
4,1:M Content,0010M00001Smwp9,Agentforce,2025-07-01,2025-07-01,0010M00001Smwp9QAB
2,1:M Content,0013000001CDpHf,Agentforce,2025-02-01,2025-02-01,0013000001CDpHfAAL
2,1:M Content,0013000000rnm5D,Agentforce,2025-12-01,2025-12-01,0013000000rnm5DAAQ
2,1:M Content,00130000016hZ7X,Agentforce,2025-12-01,2025-12-01,00130000016hZ7XAAU
2,1:M Content,00130000009ql7s,Agentforce,2025-07-01,2025-07-01,00130000009ql7sAAA
2,1:M Content,0010M00001Qm5BC,Agentforce,2025-02-01,2025-02-01,0010M00001Qm5BCQAZ
2,1:M Content,0013000001JcLuk,Agentforce,2025-09-01,2025-09-01,0013000001JcLukAAF
2,1:M Content,001ed00000dfRgw,Agentforce,2025-08-01,2025-08-01,001ed00000dfRgwYAE
2,1:M Content,001ed00000GrDIr,Agentforce,2025-05-01,2025-05-01,001ed00000GrDIrYAN
3,1:M Content,0013y00001cU9eY,Agentforce,2025-09-01,2025-09-01,0013y00001cU9eYQAS
2,1:M Content,001ed00000d6gPW,Agentforce,2025-06-01,2025-06-01,001ed00000d6gPWYAY
2,1:M Content,0013y00001g9EyG,Agentforce,2025-12-01,2025-12-01,0013y00001g9EyGQAU
3,1:M Content,0013000000CHhsB,Agentforce,2025-08-01,2025-08-01,0013000000CHhsBAAT
2,1:M Content,001ed00000eERHS,Agentforce,2025-11-01,2025-11-01,001ed00000eERHSYA4
1,Success Guides,0010M00001QkAoW,Agentforce,2025-12-01,2025-11-01,0010M00001QkAoWQAV
1,Success Guides,001ed000009p86P,Agentforce,2025-08-01,2025-08-01,001ed000009p86PYAQ
1,Success Guides,00130000008phCm,Agentforce,2025-01-01,2025-01-01,00130000008phCmAAI
1,Success Guides,00130000000pqJi,Agentforce,2025-03-01,2025-02-01,00130000000pqJiAAI
1,Success Guides,001ed00000GX2l1,Agentforce,2025-09-01,2025-09-01,001ed00000GX2l1YAD
1,Success Guides,00130000016g05u,Agentforce,2025-06-01,2025-06-01,00130000016g05uAAA
1,Success Guides,0013y00001crzeM,Agentforce,2025-01-01,2024-12-01,0013y00001crzeMQAQ
1,Success Guides,0013000000ZmAel,Agentforce,2025-08-01,2025-08-01,0013000000ZmAelAAF
1,Success Guides,0013y00001fvAkL,Agentforce,2025-10-01,2025-10-01,0013y00001fvAkLQAU
1,Success Guides,0013000000HIDGJ,Agentforce,2025-10-01,2025-09-01,0013000000HIDGJAA5
1,Success Guides,0010M00001SJ8dp,Agentforce,2025-01-01,2024-12-01,0010M00001SJ8dpQAD
1,Success Guides,0013y00001ck0Kh,Agentforce,2025-03-01,2025-03-01,0013y00001ck0KhQAI
1,Success Guides,0013000000269RR,Agentforce,2025-12-01,2025-10-01,0013000000269RRAAY
1,Success Guides,0013y00001Z0i34,Agentforce,2025-05-01,2025-04-01,0013y00001Z0i34QAB
1,Success Guides,0010M00001WkRkX,Agentforce,2025-01-01,2025-01-01,0010M00001WkRkXQAV
1,Success Guides,0013000001L6JsZ,Agentforce,2025-12-01,2025-12-01,0013000001L6JsZAAV
1,Success Guides,00100000001jE9T,Agentforce,2025-02-01,2025-02-01,00100000001jE9TAAU
1,Success Guides,0013y00001Z0hA9,Agentforce,2025-08-01,2025-07-01,0013y00001Z0hA9QAJ
1,Success Guides,0013y00001cav9H,Agentforce,2025-04-01,2025-03-01,0013y00001cav9HQAQ
1,Success Guides,0010M00001WHqf4,Agentforce,2025-12-01,2025-11-01,0010M00001WHqf4QAD
1,Success Guides,00130000016j7px,Agentforce,2025-03-01,2025-02-01,00130000016j7pxAAA
1,Success Guides,0013000001NXIG2,Agentforce,2025-12-01,2025-11-01,0013000001NXIG2AAP
1,Success Guides,0013000001J4lme,Agentforce,2025-05-01,2025-04-01,0013000001J4lmeAAB
1,Success Guides,0013000000M1MbZ,Agentforce,2024-12-01,2024-11-01,0013000000M1MbZAAV
1,Success Guides,0013000000LZXfX,Agentforce,2025-04-01,2025-02-01,0013000000LZXfXAAX
1,Success Guides,0013y00001h7wYF,Agentforce,2025-02-01,2025-02-01,0013y00001h7wYFQAY
1,Success Guides,0013000000JgVjL,Agentforce,2025-09-01,2025-09-01,0013000000JgVjLAAV
1,Success Guides,0013000000BnYed,Agentforce,2025-05-01,2025-04-01,0013000000BnYedAAF
1,Success Guides,0010M00001WJFfO,Agentforce,2025-07-01,2025-06-01,0010M00001WJFfOQAX
1,Success Guides,0013000001EZJaB,Agentforce,2025-09-01,2025-08-01,0013000001EZJaBAAX
1,Success Guides,0013y00001cHVAK,Agentforce,2025-10-01,2025-10-01,0013y00001cHVAKQA4
2,Success Guides,00100000002JloW,Agentforce,2024-12-01,2024-12-01,00100000002JloWAAS
2,Success Guides,0013000000K72Xb,Agentforce,2025-07-01,2025-07-01,0013000000K72XbAAJ
3,Success Guides,00130000002EYar,Agentforce,2025-12-01,2025-11-01,00130000002EYarAAG
1,1:M Content,0013000000M1ZPy,Agentforce,2025-09-01,2025-09-01,0013000000M1ZPyAAN
1,1:M Content,0013000000NRhzQ,Agentforce,2025-08-01,2025-08-01,0013000000NRhzQAAT
1,1:M Content,001ed00000PUe1e,Agentforce,2025-12-01,2025-12-01,001ed00000PUe1eYAD
1,1:M Content,001ed00000qHRp7,Agentforce,2025-11-01,2025-11-01,001ed00000qHRp7YAG
1,1:M Content,001ed00000SeNc6,Agentforce,2025-05-01,2025-05-01,001ed00000SeNc6YAF
1,1:M Content,001ed00000hnZyL,Agentforce,2025-10-01,2025-10-01,001ed00000hnZyLYAU
1,1:M Content,00130000009aNB2,Agentforce,2025-10-01,2025-10-01,00130000009aNB2AAM
1,1:M Content,001ed00000dJtok,Agentforce,2025-11-01,2025-11-01,001ed00000dJtokYAC
1,1:M Content,0013y00001f9ZCR,Agentforce,2025-09-01,2025-09-01,0013y00001f9ZCRQA2
1,1:M Content,00130000016ggXE,Agentforce,2025-09-01,2025-09-01,00130000016ggXEAAY
1,1:M Content,001000000008Zty,Agentforce,2025-08-01,2025-08-01,001000000008ZtyAAE
1,1:M Content,0010M00001QmTyY,Agentforce,2025-11-01,2025-11-01,0010M00001QmTyYQAV
1,1:M Content,0010000000000X1,Agentforce,2025-05-01,2025-05-01,0010000000000X1AAI
1,1:M Content,001ed00000rOAXZ,Agentforce,2025-12-01,2025-12-01,001ed00000rOAXZYA4
1,1:M Content,0010M00001UMgLL,Agentforce,2025-10-01,2025-10-01,0010M00001UMgLLQA1
1,1:M Content,00130000002xRui,Agentforce,2025-09-01,2025-09-01,00130000002xRuiAAE
1,1:M Content,0013y00001cFR50,Agentforce,2025-12-01,2025-12-01,0013y00001cFR50QAG
1,1:M Content,001ed00000ewLEj,Agentforce,2025-08-01,2025-08-01,001ed00000ewLEjYAM
1,1:M Content,0013000001NXpNv,Agentforce,2025-06-01,2025-06-01,0013000001NXpNvAAL
1,1:M Content,001ed00000fesDc,Agentforce,2025-08-01,2025-08-01,001ed00000fesDcYAI
1,1:M Content,0013y00001e2fcx,Agentforce,2025-07-01,2025-07-01,0013y00001e2fcxQAA
1,1:M Content,001ed00000FcouP,Agentforce,2025-12-01,2025-12-01,001ed00000FcouPYAR
1,1:M Content,0013000000Ra3o2,Agentforce,2025-11-01,2025-11-01,0013000000Ra3o2AAB
1,1:M Content,0010M00001UVfII,Agentforce,2025-05-01,2025-05-01,0010M00001UVfIIQA1
1,1:M Content,001ed00000aMSAc,Agentforce,2025-07-01,2025-07-01,001ed00000aMSAcYAO
1,1:M Content,001ed00000bzCLW,Agentforce,2025-08-01,2025-08-01,001ed00000bzCLWYA2
1,1:M Content,0010M00001Yu2bL,Agentforce,2025-06-01,2025-06-01,0010M00001Yu2bLQAR
1,1:M Content,001ed00000ODeGL,Agentforce,2025-06-01,2025-06-01,001ed00000ODeGLYA1
1,1:M Content,001ed00000onLWL,Agentforce,2025-11-01,2025-11-01,001ed00000onLWLYA2
1,1:M Content,001ed00000gFJ3n,Agentforce,2025-09-01,2025-09-01,001ed00000gFJ3nYAG
1,1:M Content,0013000001EYHSM,Agentforce,2025-01-01,2025-01-01,0013000001EYHSMAA5
1,1:M Content,001ed00000R5uN4,Agentforce,2025-07-01,2025-07-01,001ed00000R5uN4YAJ
1,1:M Content,0013y00001f8keg,Agentforce,2025-11-01,2025-11-01,0013y00001f8kegQAA
1,1:M Content,0010M00001Qqmk5,Agentforce,2025-12-01,2025-12-01,0010M00001Qqmk5QAB
1,1:M Content,0013000000Raquy,Agentforce,2025-10-01,2025-10-01,0013000000RaquyAAB
1,1:M Content,0013000000hKm5T,Agentforce,2025-10-01,2025-10-01,0013000000hKm5TAAS
1,1:M Content,0010M00001THMvA,Agentforce,2025-12-01,2025-12-01,0010M00001THMvAQAX
1,1:M Content,0013000000NRTXV,Agentforce,2025-04-01,2025-04-01,0013000000NRTXVAA5
1,1:M Content,0013000000ZigW5,Agentforce,2025-07-01,2025-07-01,0013000000ZigW5AAJ
1,1:M Content,0013000000JJz79,Agentforce,2025-08-01,2025-08-01,0013000000JJz79AAD
1,1:M Content,001ed00000KEF5K,Agentforce,2025-03-01,2025-03-01,001ed00000KEF5KYAX
1,1:M Content,001ed00000ewRs2,Agentforce,2025-08-01,2025-08-01,001ed00000ewRs2YAE
1,1:M Content,001ed00000ezlXd,Agentforce,2025-09-01,2025-09-01,001ed00000ezlXdYAI
1,1:M Content,0013000000NQBko,Agentforce,2025-10-01,2025-10-01,0013000000NQBkoAAH
1,1:M Content,0013000001MsGKC,Agentforce,2025-11-01,2025-11-01,0013000001MsGKCAA3
8,1:M Content,001ed00000gYTXG,Agentforce,2025-09-01,2025-09-01,001ed00000gYTXGYA4
3,1:M Content,001ed00000VmDnV,Agentforce,2025-06-01,2025-06-01,001ed00000VmDnVYAV
4,1:M Content,0013y00001cTHUZ,Agentforce,2025-11-01,2025-11-01,0013y00001cTHUZQA4
7,1:M Content,0013000001HesrQ,Agentforce,2025-10-01,2025-10-01,0013000001HesrQAAR
4,1:M Content,001ed00000oRGn5,Agentforce,2025-11-01,2025-11-01,001ed00000oRGn5YAG
3,1:M Content,0013000000hIhIO,Agentforce,2025-06-01,2025-06-01,0013000000hIhIOAA0
4,1:M Content,0013000000ZlQpU,Agentforce,2025-07-01,2025-07-01,0013000000ZlQpUAAV
3,1:M Content,00100000001L6sq,Agentforce,2025-08-01,2025-08-01,00100000001L6sqAAC
2,1:M Content,0013000000NQLTv,Agentforce,2025-08-01,2025-08-01,0013000000NQLTvAAP
4,1:M Content,001ed00000GsAMA,Agentforce,2025-11-01,2025-11-01,001ed00000GsAMAYA3
3,1:M Content,001ed0000063471,Agentforce,2025-08-01,2025-08-01,001ed0000063471YAA
4,1:M Content,001ed0000067uTS,Agentforce,2025-07-01,2025-07-01,001ed0000067uTSYAY
3,1:M Content,001ed00000oR6e2,Agentforce,2025-11-01,2025-11-01,001ed00000oR6e2YAC
4,1:M Content,001ed00000cuRfa,Agentforce,2025-10-01,2025-10-01,001ed00000cuRfaYAE
2,1:M Content,0010M00001WOVnN,Agentforce,2025-08-01,2025-08-01,0010M00001WOVnNQAX
3,1:M Content,001ed00000pOHbr,Agentforce,2025-12-01,2025-12-01,001ed00000pOHbrYAG
2,1:M Content,0010M00001YambN,Agentforce,2025-08-01,2025-08-01,0010M00001YambNQAR
3,1:M Content,00130000002yFZh,Agentforce,2025-08-01,2025-08-01,00130000002yFZhAAM
3,1:M Content,0010M00001QkLof,Agentforce,2025-12-01,2025-12-01,0010M00001QkLofQAF
3,1:M Content,00130000016k8IO,Agentforce,2025-07-01,2025-07-01,00130000016k8IOAAY
2,1:M Content,0010M00001cHSfU,Agentforce,2025-09-01,2025-09-01,0010M00001cHSfUQAW
3,1:M Content,0013000000rojaG,Agentforce,2025-11-01,2025-11-01,0013000000rojaGAAQ
2,1:M Content,001ed00000egnQK,Agentforce,2025-09-01,2025-09-01,001ed00000egnQKYAY
2,1:M Content,0013000000IkXLo,Agentforce,2025-07-01,2025-07-01,0013000000IkXLoAAN
2,1:M Content,0013000000K74RD,Agentforce,2025-07-01,2025-07-01,0013000000K74RDAAZ
2,1:M Content,001ed0000067YBF,Agentforce,2025-06-01,2025-06-01,001ed0000067YBFYA2
2,1:M Content,001ed00000SjSsw,Agentforce,2025-05-01,2025-05-01,001ed00000SjSswYAF
2,1:M Content,001ed00000qnNnH,Agentforce,2025-12-01,2025-12-01,001ed00000qnNnHYAU
2,1:M Content,001ed00000a9pL7,Agentforce,2025-07-01,2025-07-01,001ed00000a9pL7YAI
1,Success Guides,0013000000Zjx02,Agentforce,2025-03-01,2025-02-01,0013000000Zjx02AAB
1,Success Guides,00130000000Fe62,Agentforce,2025-03-01,2025-02-01,00130000000Fe62AAC
1,Success Guides,0013000001JxurQ,Agentforce,2025-03-01,2025-03-01,0013000001JxurQAAR
1,Success Guides,001300000007EQ8,Agentforce,2025-03-01,2025-02-01,001300000007EQ8AAM
1,Success Guides,0013y00001cjy4j,Agentforce,2025-10-01,2025-09-01,0013y00001cjy4jQAA
1,Success Guides,0013y00001buLXe,Agentforce,2025-03-01,2025-02-01,0013y00001buLXeQAM
1,Success Guides,0013000000Zjx02,Agentforce,2025-10-01,2025-09-01,0013000000Zjx02AAB
1,Success Guides,0013000000hIqYY,Agentforce,2025-06-01,2025-06-01,0013000000hIqYYAA0
1,Success Guides,0013000001Jxxkl,Agentforce,2025-03-01,2025-03-01,0013000001JxxklAAB
1,Success Guides,0013000000NPETG,Agentforce,2025-05-01,2025-04-01,0013000000NPETGAA5
1,Success Guides,0013y00001cgwsL,Agentforce,2025-02-01,2025-01-01,0013y00001cgwsLQAQ
1,Success Guides,0013000000Hj578,Agentforce,2025-08-01,2025-07-01,0013000000Hj578AAB
1,Success Guides,0013y00001bezS5,Agentforce,2025-12-01,2025-11-01,0013y00001bezS5QAI
1,Success Guides,0013000000Hj578,Agentforce,2025-08-01,2025-08-01,0013000000Hj578AAB
1,Success Guides,0010M00001bbxsZ,Agentforce,2025-09-01,2025-09-01,0010M00001bbxsZQAQ
1,Success Guides,00100000000GOGX,Agentforce,2025-03-01,2025-03-01,00100000000GOGXAA4
1,Success Guides,0013000001GDnfm,Agentforce,2025-12-01,2025-12-01,0013000001GDnfmAAD
1,Success Guides,0013000000M2O0K,Agentforce,2025-09-01,2025-08-01,0013000000M2O0KAAV
1,Success Guides,0013000000M1LxV,Agentforce,2025-12-01,2025-08-01,0013000000M1LxVAAV
1,Success Guides,0013y00001cykGD,Agentforce,2025-08-01,2025-08-01,0013y00001cykGDQAY
1,Success Guides,0010M00001WkvBE,Agentforce,2025-06-01,2025-04-01,0010M00001WkvBEQAZ
1,Success Guides,0010M00001SJBaA,Agentforce,2026-01-01,2025-10-01,0010M00001SJBaAQAX
1,Success Guides,0013y00001cSyVh,Agentforce,2025-09-01,2025-08-01,0013y00001cSyVhQAK
1,Success Guides,00130000004YI9R,Agentforce,2025-10-01,2025-10-01,00130000004YI9RAAW
1,Success Guides,00100000000oL01,Agentforce,2025-11-01,2025-09-01,00100000000oL01AAE
1,Success Guides,0013y00001eBGHo,Agentforce,2025-07-01,2025-07-01,0013y00001eBGHoQAO
1,Success Guides,0010M00001QoJOt,Agentforce,2025-11-01,2025-09-01,0010M00001QoJOtQAN
1,Success Guides,0013000001NXj8I,Agentforce,2025-10-01,2025-09-01,0013000001NXj8IAAT
1,Success Guides,0013000000hLUot,Agentforce,2025-09-01,2025-08-01,0013000000hLUotAAG
2,Success Guides,0013y00001cgWjc,Agentforce,2025-12-01,2025-11-01,0013y00001cgWjcQAE
2,Success Guides,0013000000M2jd2,Agentforce,2025-12-01,2025-12-01,0013000000M2jd2AAB
1,1:M Content,00130000000KUht,Agentforce,2024-12-01,2024-12-01,00130000000KUhtAAG
1,1:M Content,0010M00001NYl5o,Agentforce,2025-12-01,2025-12-01,0010M00001NYl5oQAD
1,1:M Content,00100000000nPvI,Agentforce,2025-07-01,2025-07-01,00100000000nPvIAAU
1,1:M Content,001ed00000cZTVt,Agentforce,2025-11-01,2025-11-01,001ed00000cZTVtYAO
1,1:M Content,001ed00000gd1vL,Agentforce,2025-09-01,2025-09-01,001ed00000gd1vLYAQ
1,1:M Content,00130000002xXyU,Agentforce,2025-09-01,2025-09-01,00130000002xXyUAAU
1,1:M Content,001ed00000oSagU,Agentforce,2025-11-01,2025-11-01,001ed00000oSagUYAS
1,1:M Content,00130000002xXin,Agentforce,2025-12-01,2025-12-01,00130000002xXinAAE
1,1:M Content,001300000009xjy,Agentforce,2025-04-01,2025-04-01,001300000009xjyAAA
1,1:M Content,0013000000Ji54L,Agentforce,2025-06-01,2025-06-01,0013000000Ji54LAAR
1,1:M Content,0013000000RWuoR,Agentforce,2025-06-01,2025-06-01,0013000000RWuoRAAT
1,1:M Content,0010M00001Qaqro,Agentforce,2025-04-01,2025-04-01,0010M00001QaqroQAB
1,1:M Content,001ed00000f2MUf,Agentforce,2025-08-01,2025-08-01,001ed00000f2MUfYAM
1,1:M Content,001ed00000qUltD,Agentforce,2025-12-01,2025-12-01,001ed00000qUltDYAS
1,1:M Content,0013y00001d9Ey0,Agentforce,2025-08-01,2025-08-01,0013y00001d9Ey0QAE
2,1:M Content,0013000001GXbuC,Agentforce,2025-10-01,2025-10-01,0013000001GXbuCAAT
1,1:M Content,0013000001GWSm2,Agentforce,2025-06-01,2025-06-01,0013000001GWSm2AAH
1,1:M Content,0013y00001d0ptE,Agentforce,2025-09-01,2025-09-01,0013y00001d0ptEQAQ
1,1:M Content,0010M00001SJ3YK,Agentforce,2024-12-01,2024-12-01,0010M00001SJ3YKQA1
1,1:M Content,00100000001v12m,Agentforce,2025-05-01,2025-05-01,00100000001v12mAAA
1,1:M Content,0013000000RYUx4,Agentforce,2025-02-01,2025-02-01,0013000000RYUx4AAH
1,1:M Content,0013000000EjtyS,Agentforce,2025-11-01,2025-11-01,0013000000EjtySAAR
1,1:M Content,00130000000lYUT,Agentforce,2025-02-01,2025-02-01,00130000000lYUTAA2
1,1:M Content,0013y00001cCXh2,Agentforce,2024-12-01,2024-12-01,0013y00001cCXh2QAG
1,1:M Content,0013000001GXAa5,Agentforce,2025-06-01,2025-06-01,0013000001GXAa5AAH
1,1:M Content,0010M00001QndCN,Agentforce,2025-10-01,2025-10-01,0010M00001QndCNQAZ
1,1:M Content,0010M00001OzwCe,Agentforce,2025-11-01,2025-11-01,0010M00001OzwCeQAJ
1,1:M Content,0013y00001eqNC6,Agentforce,2025-01-01,2025-01-01,0013y00001eqNC6QAM
1,1:M Content,0013000000IWJG8,Agentforce,2025-08-01,2025-08-01,0013000000IWJG8AAP
1,1:M Content,00130000016iJvq,Agentforce,2025-01-01,2025-01-01,00130000016iJvqAAE
1,1:M Content,00100000001pHFs,Agentforce,2025-09-01,2025-09-01,00100000001pHFsAAM
1,1:M Content,0010M00001UUvYl,Agentforce,2025-10-01,2025-10-01,0010M00001UUvYlQAL
1,1:M Content,0013y00001dxey4,Agentforce,2025-09-01,2025-09-01,0013y00001dxey4QAA
1,1:M Content,00130000016jAyY,Agentforce,2025-02-01,2025-02-01,00130000016jAyYAAU
1,1:M Content,0013000000HFXCJ,Agentforce,2025-06-01,2025-06-01,0013000000HFXCJAA5
1,1:M Content,00130000003XMFZ,Agentforce,2025-10-01,2025-10-01,00130000003XMFZAA4
1,1:M Content,0013000001Jy00g,Agentforce,2025-08-01,2025-08-01,0013000001Jy00gAAB
1,1:M Content,001ed00000gfk8O,Agentforce,2025-09-01,2025-09-01,001ed00000gfk8OYAQ
1,1:M Content,0013000001Fj9yc,Agentforce,2025-09-01,2025-09-01,0013000001Fj9ycAAB
1,1:M Content,001ed00000cl6wz,Agentforce,2025-08-01,2025-08-01,001ed00000cl6wzYAA
1,1:M Content,001ed00000dgUpj,Agentforce,2025-09-01,2025-09-01,001ed00000dgUpjYAE
1,1:M Content,0010M00001SIxbY,Agentforce,2024-11-01,2024-11-01,0010M00001SIxbYQAT
1,1:M Content,001ed00000oRu69,Agentforce,2025-11-01,2025-11-01,001ed00000oRu69YAC
2,1:M Content,001ed00000WJmXy,Agentforce,2025-07-01,2025-07-01,001ed00000WJmXyYAL
5,1:M Content,0010M00001XyAva,Agentforce,2025-07-01,2025-07-01,0010M00001XyAvaQAF
3,1:M Content,0010M00001S9R8p,Agentforce,2025-08-01,2025-08-01,0010M00001S9R8pQAF
3,1:M Content,001ed00000e09fN,Agentforce,2025-08-01,2025-08-01,001ed00000e09fNYAQ
3,1:M Content,0013000000Ziqmj,Agentforce,2025-11-01,2025-11-01,0013000000ZiqmjAAB
2,1:M Content,0013000000K5ZGm,Agentforce,2025-07-01,2025-07-01,0013000000K5ZGmAAN
3,1:M Content,001ed00000lMp42,Agentforce,2025-10-01,2025-10-01,001ed00000lMp42YAC
4,1:M Content,00130000002xcuu,Agentforce,2025-08-01,2025-08-01,00130000002xcuuAAA
4,1:M Content,0013000001GWCBj,Agentforce,2025-11-01,2025-11-01,0013000001GWCBjAAP
5,1:M Content,00100000000oL01,Agentforce,2025-08-01,2025-08-01,00100000000oL01AAE
2,1:M Content,0010M00001JzvBB,Agentforce,2025-11-01,2025-11-01,0010M00001JzvBBQAZ
3,1:M Content,0010M00001QaLrK,Agentforce,2025-07-01,2025-07-01,0010M00001QaLrKQAV
2,1:M Content,0013000000M1d5B,Agentforce,2025-07-01,2025-07-01,0013000000M1d5BAAR
5,1:M Content,00130000002LjzK,Agentforce,2025-07-01,2025-07-01,00130000002LjzKAAS
2,1:M Content,001ed00000rZm8A,Agentforce,2025-12-01,2025-12-01,001ed00000rZm8AYAS
4,1:M Content,001ed00000qEQj3,Agentforce,2025-12-01,2025-12-01,001ed00000qEQj3YAG
2,1:M Content,001ed00000XrvV8,Agentforce,2025-06-01,2025-06-01,001ed00000XrvV8YAJ
4,1:M Content,001ed000002xOUz,Agentforce,2025-08-01,2025-08-01,001ed000002xOUzYAM
3,1:M Content,00130000000rUlV,Agentforce,2025-09-01,2025-09-01,00130000000rUlVAAU
2,1:M Content,0013000000Zjb8c,Agentforce,2025-08-01,2025-08-01,0013000000Zjb8cAAB
3,1:M Content,0013000000hMZVg,Agentforce,2025-11-01,2025-11-01,0013000000hMZVgAAO
2,1:M Content,0013000001L6g8h,Agentforce,2025-10-01,2025-10-01,0013000001L6g8hAAB
2,1:M Content,001ed00000oRhgn,Agentforce,2025-11-01,2025-11-01,001ed00000oRhgnYAC
3,1:M Content,001ed00000Go693,Agentforce,2025-11-01,2025-11-01,001ed00000Go693YAB
2,1:M Content,001300000064sSp,Agentforce,2025-07-01,2025-07-01,001300000064sSpAAI
2,1:M Content,0010M00001W8dPf,Agentforce,2024-12-01,2024-12-01,0010M00001W8dPfQAJ
2,1:M Content,001ed00000gWFdI,Agentforce,2025-09-01,2025-09-01,001ed00000gWFdIYAW
1,Success Guides,0013000001JxuIc,Agentforce,2025-10-01,2025-09-01,0013000001JxuIcAAJ
1,Success Guides,0013000001Kas8r,Agentforce,2025-05-01,2025-04-01,0013000001Kas8rAAB
1,Success Guides,0010M00001QkoWC,Agentforce,2025-04-01,2025-02-01,0010M00001QkoWCQAZ
1,Success Guides,0013y00001eDMEJ,Agentforce,2025-12-01,2025-10-01,0013y00001eDMEJQA4
1,Success Guides,00130000016iXwz,Agentforce,2025-08-01,2025-05-01,00130000016iXwzAAE
1,Success Guides,0010M00001U1ZGX,Agentforce,2025-08-01,2025-06-01,0010M00001U1ZGXQA3
1,Success Guides,0013000001GEHMh,Agentforce,2025-12-01,2025-12-01,0013000001GEHMhAAP
1,Success Guides,0013y00001epJ4x,Agentforce,2025-11-01,2025-11-01,0013y00001epJ4xQAE
1,Success Guides,00130000016gN5v,Agentforce,2025-07-01,2025-06-01,00130000016gN5vAAE
1,Success Guides,0013000000Gu2gi,Agentforce,2025-09-01,2025-08-01,0013000000Gu2giAAB
1,Success Guides,00130000000Um8M,Agentforce,2025-01-01,2024-12-01,00130000000Um8MAAS
1,Success Guides,0013y00001eXnce,Agentforce,2025-03-01,2025-02-01,0013y00001eXnceQAC
1,Success Guides,0010M00001UEPXP,Agentforce,2025-10-01,2025-09-01,0010M00001UEPXPQA5
1,Success Guides,0013000000hIs5Q,Agentforce,2025-01-01,2025-01-01,0013000000hIs5QAAS
1,Success Guides,0013y00001cIO74,Agentforce,2025-03-01,2025-02-01,0013y00001cIO74QAG
1,Success Guides,001ed000009m20j,Agentforce,2025-11-01,2025-10-01,001ed000009m20jYAA
1,Success Guides,0013000001GWhGH,Agentforce,2025-02-01,2025-01-01,0013000001GWhGHAA1
1,Success Guides,0013000001CD2zo,Agentforce,2025-10-01,2025-09-01,0013000001CD2zoAAD
1,Success Guides,00130000002xXzR,Agentforce,2025-03-01,2025-02-01,00130000002xXzRAAU
1,Success Guides,0013000000E22lb,Agentforce,2025-06-01,2025-05-01,0013000000E22lbAAB
1,Success Guides,00130000001t3FQ,Agentforce,2025-05-01,2025-02-01,00130000001t3FQAAY
1,Success Guides,0010M00001JzrW0,Agentforce,2025-08-01,2025-06-01,0010M00001JzrW0QAJ
1,Success Guides,0013000000RXJUb,Agentforce,2025-02-01,2024-12-01,0013000000RXJUbAAP
1,Success Guides,0013000000NSTFy,Agentforce,2025-11-01,2025-08-01,0013000000NSTFyAAP
15,Success Architects,,Agentforce,2025-12-01,2025-10-01
2,Success Guides,0013000001MoAoZ,Agentforce,2025-02-01,2025-02-01,0013000001MoAoZAAV
3,Success Guides,00130000002EYar,Agentforce,2025-12-01,2025-12-01,00130000002EYarAAG
2,Success Guides,00130000008phCm,Agentforce,2025-03-01,2025-03-01,00130000008phCmAAI
1,1:M Content,00100000001KsQh,Agentforce,2025-10-01,2025-10-01,00100000001KsQhAAK
1,1:M Content,001ed00000W37If,Agentforce,2025-07-01,2025-07-01,001ed00000W37IfYAJ
1,1:M Content,0013000001CAoab,Agentforce,2025-09-01,2025-09-01,0013000001CAoabAAD
1,1:M Content,001ed00000Zsp9T,Agentforce,2025-07-01,2025-07-01,001ed00000Zsp9TYAR
1,1:M Content,0010M00001ULfzf,Agentforce,2025-11-01,2025-11-01,0010M00001ULfzfQAD
1,1:M Content,0013000000GtxdO,Agentforce,2025-09-01,2025-09-01,0013000000GtxdOAAR
1,1:M Content,001ed00000ZA0iY,Agentforce,2025-07-01,2025-07-01,001ed00000ZA0iYYAT
1,1:M Content,0013y00001ce36K,Agentforce,2025-09-01,2025-09-01,0013y00001ce36KQAQ
1,1:M Content,0013000001L5xBW,Agentforce,2024-12-01,2024-12-01,0013000001L5xBWAAZ
1,1:M Content,0013000001GXBEt,Agentforce,2025-10-01,2025-10-01,0013000001GXBEtAAP
1,1:M Content,001ed00000bQK7X,Agentforce,2025-07-01,2025-07-01,001ed00000bQK7XYAW
1,1:M Content,0013000001MjTPr,Agentforce,2025-10-01,2025-10-01,0013000001MjTPrAAN
1,1:M Content,00130000007WutT,Agentforce,2025-06-01,2025-06-01,00130000007WutTAAS
1,1:M Content,00130000002xXzR,Agentforce,2025-05-01,2025-05-01,00130000002xXzRAAU
1,1:M Content,0013000000rqOAn,Agentforce,2025-01-01,2025-01-01,0013000000rqOAnAAM
1,1:M Content,0013y00001dWgh7,Agentforce,2025-06-01,2025-06-01,0013y00001dWgh7QAC
1,1:M Content,0013000000A9Vag,Agentforce,2025-02-01,2025-02-01,0013000000A9VagAAF
1,1:M Content,0013y00001c7M4K,Agentforce,2025-08-01,2025-08-01,0013y00001c7M4KQAU
1,1:M Content,001ed00000caeNk,Agentforce,2025-08-01,2025-08-01,001ed00000caeNkYAI
1,1:M Content,001ed00000bOpya,Agentforce,2025-08-01,2025-08-01,001ed00000bOpyaYAC
1,1:M Content,0010M00001SJ3KS,Agentforce,2025-07-01,2025-07-01,0010M00001SJ3KSQA1
1,1:M Content,0013000000hJlqf,Agentforce,2025-01-01,2025-01-01,0013000000hJlqfAAC
1,1:M Content,0013000000Gu5JP,Agentforce,2025-07-01,2025-07-01,0013000000Gu5JPAAZ
1,1:M Content,0013000000M1MbZ,Agentforce,2024-11-01,2024-11-01,0013000000M1MbZAAV
1,1:M Content,00130000016jSIM,Agentforce,2025-07-01,2025-07-01,00130000016jSIMAA2
1,1:M Content,0013000001JyiPO,Agentforce,2025-08-01,2025-08-01,0013000001JyiPOAAZ
1,1:M Content,0013y00001c8PH4,Agentforce,2025-10-01,2025-10-01,0013y00001c8PH4QAM
1,1:M Content,0010M00001YbMVX,Agentforce,2025-12-01,2025-12-01,0010M00001YbMVXQA3
1,1:M Content,0010M00001WJJrG,Agentforce,2025-12-01,2025-12-01,0010M00001WJJrGQAX
1,1:M Content,0013y00001goetQ,Agentforce,2025-01-01,2025-01-01,0013y00001goetQQAQ
1,1:M Content,001ed00000CmfoP,Agentforce,2024-12-01,2024-12-01,001ed00000CmfoPYAR
1,1:M Content,0013000001GVpJu,Agentforce,2025-09-01,2025-09-01,0013000001GVpJuAAL
1,1:M Content,001ed00000QIvqY,Agentforce,2025-04-01,2025-04-01,001ed00000QIvqYYAT
1,1:M Content,001ed00000gNb8O,Agentforce,2025-09-01,2025-09-01,001ed00000gNb8OYAS
1,1:M Content,001300000007aWW,Agentforce,2025-12-01,2025-12-01,001300000007aWWAAY
1,1:M Content,001ed00000PcgG4,Agentforce,2025-04-01,2025-04-01,001ed00000PcgG4YAJ
1,1:M Content,001ed00000WBr3R,Agentforce,2025-06-01,2025-06-01,001ed00000WBr3RYAT
1,1:M Content,0013000001Mj9tm,Agentforce,2025-07-01,2025-07-01,0013000001Mj9tmAAB
1,1:M Content,001ed00000ffVml,Agentforce,2025-08-01,2025-08-01,001ed00000ffVmlYAE
1,1:M Content,001ed00000qQqtA,Agentforce,2025-12-01,2025-12-01,001ed00000qQqtAYAS
1,1:M Content,001ed00000oRMVt,Agentforce,2025-12-01,2025-12-01,001ed00000oRMVtYAO
1,1:M Content,001ed00000kyeo5,Agentforce,2025-10-01,2025-10-01,001ed00000kyeo5YAA
1,1:M Content,0013000000K74Jo,Agentforce,2025-06-01,2025-06-01,0013000000K74JoAAJ
2,1:M Content,0013000000LEcwM,Agentforce,2025-07-01,2025-07-01,0013000000LEcwMAAT
2,1:M Content,0013000001GX5fs,Agentforce,2025-12-01,2025-12-01,0013000001GX5fsAAD
2,1:M Content,0013000000Zm7rB,Agentforce,2025-09-01,2025-09-01,0013000000Zm7rBAAR
3,1:M Content,001ed000000s1gg,Agentforce,2025-09-01,2025-09-01,001ed000000s1ggYAA
4,1:M Content,00130000002xUiq,Agentforce,2025-09-01,2025-09-01,00130000002xUiqAAE
5,1:M Content,0013000000HIzRy,Agentforce,2025-08-01,2025-08-01,0013000000HIzRyAAL
5,1:M Content,0013000000GIhzI,Agentforce,2025-12-01,2025-12-01,0013000000GIhzIAAT
3,1:M Content,0010M00001NYYoA,Agentforce,2025-08-01,2025-08-01,0010M00001NYYoAQAX
3,1:M Content,001ed00000dIEfd,Agentforce,2025-08-01,2025-08-01,001ed00000dIEfdYAG
3,1:M Content,0010M00001THLio,Agentforce,2025-08-01,2025-08-01,0010M00001THLioQAH
4,1:M Content,001300000085TRL,Agentforce,2025-01-01,2025-01-01,001300000085TRLAA2
3,1:M Content,00130000016jSIM,Agentforce,2025-06-01,2025-06-01,00130000016jSIMAA2
3,1:M Content,0010M00001UVLGO,Agentforce,2025-10-01,2025-10-01,0010M00001UVLGOQA5
4,1:M Content,0013y00001crf0n,Agentforce,2025-05-01,2025-05-01,0013y00001crf0nQAA
3,1:M Content,001ed00000bXH9d,Agentforce,2025-07-01,2025-07-01,001ed00000bXH9dYAG
4,1:M Content,001ed00000dY22Y,Agentforce,2025-08-01,2025-08-01,001ed00000dY22YYAS
2,1:M Content,0013000000ZmUW5,Agentforce,2025-09-01,2025-09-01,0013000000ZmUW5AAN
3,1:M Content,0013000000ZmhpZ,Agentforce,2025-12-01,2025-12-01,0013000000ZmhpZAAR
3,1:M Content,0013000001Fj2fj,Agentforce,2025-08-01,2025-08-01,0013000001Fj2fjAAB
2,1:M Content,0013000000ZjiM6,Agentforce,2025-07-01,2025-07-01,0013000000ZjiM6AAJ
3,1:M Content,0010M00001SpvYL,Agentforce,2025-09-01,2025-09-01,0010M00001SpvYLQAZ
2,1:M Content,001ed00000eGoUt,Agentforce,2025-08-01,2025-08-01,001ed00000eGoUtYAK
3,1:M Content,00130000001tlmV,Agentforce,2025-09-01,2025-09-01,00130000001tlmVAAQ
2,1:M Content,001ed00000g9ZCt,Agentforce,2025-09-01,2025-09-01,001ed00000g9ZCtYAM
2,1:M Content,0010M00001W83vD,Agentforce,2025-08-01,2025-08-01,0010M00001W83vDQAR
2,1:M Content,0013000001HesrQ,Agentforce,2025-11-01,2025-11-01,0013000001HesrQAAR
2,1:M Content,001ed00000pTafR,Agentforce,2025-11-01,2025-11-01,001ed00000pTafRYAS
3,1:M Content,001ed00000ajqli,Agentforce,2025-07-01,2025-07-01,001ed00000ajqliYAA
2,1:M Content,001ed00000SRTfJ,Agentforce,2025-06-01,2025-06-01,001ed00000SRTfJYAX
1,Success Guides,0010M00001YtuPI,Agentforce,2025-10-01,2025-09-01,0010M00001YtuPIQAZ
1,Success Guides,0010M00001WkktG,Agentforce,2025-07-01,2025-06-01,0010M00001WkktGQAR
1,Success Guides,0013000001GiKVk,Agentforce,2025-05-01,2025-04-01,0013000001GiKVkAAN
1,Success Guides,0013000000Zk3qF,Agentforce,2025-11-01,2025-10-01,0013000000Zk3qFAAR
1,Success Guides,0013000001Ih6Jg,Agentforce,2025-12-01,2025-10-01,0013000001Ih6JgAAJ
1,Success Guides,0010M00001SJ16r,Agentforce,2024-12-01,2024-11-01,0010M00001SJ16rQAD
1,Success Guides,0013000001GWf87,Agentforce,2025-12-01,2025-12-01,0013000001GWf87AAD
1,Success Guides,0013000001Hdy2y,Agentforce,2025-11-01,2025-10-01,0013000001Hdy2yAAB
1,Success Guides,0013y00001d9Iiw,Agentforce,2025-12-01,2025-10-01,0013y00001d9IiwQAE
1,Success Guides,0010M00001WYjR7,Agentforce,2025-11-01,2025-10-01,0010M00001WYjR7QAL
1,Success Guides,0013000000JIYSZ,Agentforce,2025-06-01,2025-05-01,0013000000JIYSZAA5
1,Success Guides,0010M00001WYbHX,Agentforce,2025-10-01,2025-09-01,0010M00001WYbHXQA1
1,Success Guides,00130000002bqQj,Agentforce,2025-08-01,2025-07-01,00130000002bqQjAAI
1,Success Guides,0013000000HlZoM,Agentforce,2025-09-01,2025-08-01,0013000000HlZoMAAV
1,Success Guides,001ed000007gH5F,Agentforce,2025-02-01,2025-01-01,001ed000007gH5FYAU
1,Success Guides,0010M00001THMvA,Agentforce,2025-12-01,2025-11-01,0010M00001THMvAQAX
1,Success Guides,0013000000M2MYN,Agentforce,2025-02-01,2025-02-01,0013000000M2MYNAA3
1,Success Guides,0013y00001gDkBN,Agentforce,2025-12-01,2025-12-01,0013y00001gDkBNQA0
1,Success Guides,00130000000tWrN,Agentforce,2025-09-01,2025-08-01,00130000000tWrNAAU
1,Success Guides,0013y00001cEFhb,Agentforce,2025-10-01,2025-10-01,0013y00001cEFhbQAG
1,Success Guides,00130000002xduZ,Agentforce,2025-11-01,2025-10-01,00130000002xduZAAQ
1,Success Guides,0010M00001QqujD,Agentforce,2025-10-01,2025-10-01,0010M00001QqujDQAR
1,Success Guides,0010M00001UVYTC,Agentforce,2025-10-01,2025-10-01,0010M00001UVYTCQA5
1,Success Guides,0013000000Raquy,Agentforce,2024-12-01,2024-12-01,0013000000RaquyAAB
1,Success Guides,0013000000rnIFa,Agentforce,2025-07-01,2025-05-01,0013000000rnIFaAAM
1,Success Guides,0013y00001eJVfj,Agentforce,2025-07-01,2025-05-01,0013y00001eJVfjQAG
1,Success Guides,0013000000roOwX,Agentforce,2025-05-01,2025-05-01,0013000000roOwXAAU
1,Success Guides,0010M00001WkZIC,Agentforce,2025-11-01,2025-10-01,0010M00001WkZICQA3
1,Success Guides,0010M00001Qlnej,Agentforce,2025-01-01,2025-01-01,0010M00001QlnejQAB
1,Success Guides,0013000000M1ZQb,Agentforce,2025-11-01,2025-11-01,0013000000M1ZQbAAN
1,Success Guides,0013y00001bf4XU,Agentforce,2025-11-01,2025-10-01,0013y00001bf4XUQAY
1,Success Guides,0013000001GWucj,Agentforce,2025-11-01,2025-09-01,0013000001GWucjAAD
2,Success Guides,0013000000JIYSZ,Agentforce,2025-10-01,2025-10-01,0013000000JIYSZAA5
6,Success Architects,,Agentforce,2025-12-01,2025-11-01
4,Success Architects,,Agentforce,2025-10-01,2025-10-01
2,Success Guides,0010M00001Wll4E,Agentforce,2025-07-01,2025-07-01,0010M00001Wll4EQAR
1,1:M Content,0013000001NXZw1,Agentforce,2025-07-01,2025-07-01,0013000001NXZw1AAH
1,1:M Content,001ed00000DQWeJ,Agentforce,2025-01-01,2025-01-01,001ed00000DQWeJYAX
1,1:M Content,001ed00000SjSsw,Agentforce,2025-06-01,2025-06-01,001ed00000SjSswYAF
1,1:M Content,0013000000CI9s1,Agentforce,2025-09-01,2025-09-01,0013000000CI9s1AAD
1,1:M Content,0013000000rqOU5,Agentforce,2025-05-01,2025-05-01,0013000000rqOU5AAM
1,1:M Content,001ed00000evQbX,Agentforce,2025-08-01,2025-08-01,001ed00000evQbXYAU
1,1:M Content,001ed00000sZrqL,Agentforce,2025-12-01,2025-12-01,001ed00000sZrqLYAS
1,1:M Content,001ed00000eHO6x,Agentforce,2025-08-01,2025-08-01,001ed00000eHO6xYAG
1,1:M Content,001ed00000bTJQC,Agentforce,2025-09-01,2025-09-01,001ed00000bTJQCYA4
1,1:M Content,001ed00000jNeAz,Agentforce,2025-10-01,2025-10-01,001ed00000jNeAzYAK
1,1:M Content,001ed00000EyWGM,Agentforce,2025-01-01,2025-01-01,001ed00000EyWGMYA3
1,1:M Content,001ed00000FSL7M,Agentforce,2025-01-01,2025-01-01,001ed00000FSL7MYAX
1,1:M Content,1300000020614,Agentforce,2025-03-01,2025-03-01,#VALUE!
1,1:M Content,00100000001ow6d,Agentforce,2025-07-01,2025-07-01,00100000001ow6dAAA
1,1:M Content,0013000001JeY1y,Agentforce,2025-09-01,2025-09-01,0013000001JeY1yAAF
1,1:M Content,0010M00001Qkn2N,Agentforce,2025-08-01,2025-08-01,0010M00001Qkn2NQAR
1,1:M Content,00130000016jWa9,Agentforce,2025-08-01,2025-08-01,00130000016jWa9AAE
1,1:M Content,0010M00001Wkru4,Agentforce,2024-12-01,2024-12-01,0010M00001Wkru4QAB
1,1:M Content,00130000008eaSm,Agentforce,2025-02-01,2025-02-01,00130000008eaSmAAI
1,1:M Content,001ed00000gJlKq,Agentforce,2025-09-01,2025-09-01,001ed00000gJlKqYAK
1,1:M Content,001ed00000QnsbT,Agentforce,2025-07-01,2025-07-01,001ed00000QnsbTYAR
1,1:M Content,001ed00000Qk7h7,Agentforce,2025-05-01,2025-05-01,001ed00000Qk7h7YAB
1,1:M Content,0013000001MsBH4,Agentforce,2025-05-01,2025-05-01,0013000001MsBH4AAN
1,1:M Content,0013000000ITpti,Agentforce,2025-06-01,2025-06-01,0013000000ITptiAAD
1,1:M Content,001ed00000hCQJ1,Agentforce,2025-09-01,2025-09-01,001ed00000hCQJ1YAO
1,1:M Content,0013000000AGNqP,Agentforce,2025-05-01,2025-05-01,0013000000AGNqPAAX
1,1:M Content,001ed00000oRSRd,Agentforce,2025-12-01,2025-12-01,001ed00000oRSRdYAO
1,1:M Content,001000000008QeA,Agentforce,2025-07-01,2025-07-01,001000000008QeAAAU
1,1:M Content,0010M00001UMEcX,Agentforce,2025-07-01,2025-07-01,0010M00001UMEcXQAX
1,1:M Content,0013000000AXupC,Agentforce,2025-06-01,2025-06-01,0013000000AXupCAAT
1,1:M Content,001ed000006Lple,Agentforce,2025-08-01,2025-07-01,001ed000006LpleYAC
1,1:M Content,0013000000JiG3Y,Agentforce,2025-11-01,2025-11-01,0013000000JiG3YAAV
1,1:M Content,0013000000ZjkzM,Agentforce,2024-12-01,2024-12-01,0013000000ZjkzMAAR
1,1:M Content,001ed00000bs574,Agentforce,2025-07-01,2025-07-01,001ed00000bs574YAA
1,1:M Content,001ed00000RiIGF,Agentforce,2025-05-01,2025-05-01,001ed00000RiIGFYA3
1,1:M Content,00130000000dw1I,Agentforce,2025-07-01,2025-07-01,00130000000dw1IAAQ
1,1:M Content,001ed00000KMDMX,Agentforce,2025-03-01,2025-03-01,001ed00000KMDMXYA5
1,1:M Content,0013000000M2JqV,Agentforce,2025-02-01,2025-02-01,0013000000M2JqVAAV
1,1:M Content,001ed00000DBNZh,Agentforce,2025-10-01,2025-10-01,001ed00000DBNZhYAP
1,1:M Content,001ed00000sdG4G,Agentforce,2025-12-01,2025-12-01,001ed00000sdG4GYAU
1,1:M Content,00130000016iTFE,Agentforce,2025-09-01,2025-09-01,00130000016iTFEAA2
1,1:M Content,0013000000M1aay,Agentforce,2025-07-01,2025-07-01,0013000000M1aayAAB
1,1:M Content,0013000000rqy1R,Agentforce,2025-10-01,2025-10-01,0013000000rqy1RAAQ
1,1:M Content,0010M00001QmUw9,Agentforce,2025-07-01,2025-07-01,0010M00001QmUw9QAF
1,1:M Content,0013000001CD5si,Agentforce,2025-10-01,2025-10-01,0013000001CD5siAAD
1,1:M Content,0013y00001eU1BK,Agentforce,2025-09-01,2025-09-01,0013y00001eU1BKQA0
1,1:M Content,001ed00000hGOFO,Agentforce,2025-09-01,2025-09-01,001ed00000hGOFOYA4
1,1:M Content,0010M00001QmOSz,Agentforce,2025-06-01,2025-06-01,0010M00001QmOSzQAN
1,1:M Content,0010M00001W7oWA,Agentforce,2025-11-01,2025-11-01,0010M00001W7oWAQAZ
3,1:M Content,001ed00000ok3ED,Agentforce,2025-11-01,2025-11-01,001ed00000ok3EDYAY
2,1:M Content,0013y00001dxz1B,Agentforce,2025-08-01,2025-08-01,0013y00001dxz1BQAQ
2,1:M Content,0013000001MehjQ,Agentforce,2025-05-01,2025-05-01,0013000001MehjQAAR
2,1:M Content,0013000000AXupC,Agentforce,2025-12-01,2025-12-01,0013000000AXupCAAT
3,1:M Content,0013y00001cQ9pQ,Agentforce,2025-03-01,2025-03-01,0013y00001cQ9pQQAS
6,1:M Content,00130000000awGJ,Agentforce,2025-08-01,2025-08-01,00130000000awGJAAY
2,1:M Content,001ed00000GAk3c,Agentforce,2025-02-01,2025-02-01,001ed00000GAk3cYAD
3,1:M Content,0013000000NOxGN,Agentforce,2025-11-01,2025-11-01,0013000000NOxGNAA1
4,1:M Content,00100000000Bfq2,Agentforce,2025-07-01,2025-07-01,00100000000Bfq2AAC
3,1:M Content,001ed00000KK0lR,Agentforce,2025-07-01,2025-07-01,001ed00000KK0lRYAT
4,1:M Content,001ed00000gdgDn,Agentforce,2025-09-01,2025-09-01,001ed00000gdgDnYAI
3,1:M Content,001ed0000068SlF,Agentforce,2025-12-01,2025-12-01,001ed0000068SlFYAU
2,1:M Content,0013000000RaV9g,Agentforce,2025-07-01,2025-07-01,0013000000RaV9gAAF
4,1:M Content,001ed00000eueOk,Agentforce,2025-08-01,2025-08-01,001ed00000eueOkYAI
4,1:M Content,001ed00000ev44i,Agentforce,2025-08-01,2025-08-01,001ed00000ev44iYAA
2,1:M Content,0013000000Rb2fv,Agentforce,2025-09-01,2025-09-01,0013000000Rb2fvAAB
4,1:M Content,0013000000ZlQpU,Agentforce,2025-08-01,2025-08-01,0013000000ZlQpUAAV
2,1:M Content,0013y00001Z1FDL,Agentforce,2025-08-01,2025-08-01,0013y00001Z1FDLQA3
4,1:M Content,001ed00000gdi97,Agentforce,2025-09-01,2025-09-01,001ed00000gdi97YAA
2,1:M Content,001ed00000jcwyj,Agentforce,2025-10-01,2025-10-01,001ed00000jcwyjYAA
4,1:M Content,001ed00000l935F,Agentforce,2025-12-01,2025-12-01,001ed00000l935FYAQ
2,1:M Content,001ed00000pKfHo,Agentforce,2025-11-01,2025-11-01,001ed00000pKfHoYAK
2,1:M Content,0013000001J7tjF,Agentforce,2025-10-01,2025-10-01,0013000001J7tjFAAR
2,1:M Content,001ed00000dYSui,Agentforce,2025-08-01,2025-08-01,001ed00000dYSuiYAG
2,1:M Content,001ed00000gzVeb,Agentforce,2025-10-01,2025-10-01,001ed00000gzVebYAE
2,1:M Content,001ed00000pTcan,Agentforce,2025-11-01,2025-11-01,001ed00000pTcanYAC
2,1:M Content,0010M00001Wkh9D,Agentforce,2025-09-01,2025-09-01,0010M00001Wkh9DQAR
2,1:M Content,00100000001Z2HV,Agentforce,2025-10-01,2025-10-01,00100000001Z2HVAA0
2,1:M Content,0013000000HGj86,Agentforce,2025-09-01,2025-09-01,0013000000HGj86AAD
1,Success Guides,0013y00001ce9kk,Agentforce,2025-05-01,2025-04-01,0013y00001ce9kkQAA
1,Success Guides,00130000002xTez,Agentforce,2025-02-01,2025-01-01,00130000002xTezAAE
1,Success Guides,00130000016hcDt,Agentforce,2025-11-01,2025-11-01,00130000016hcDtAAI
1,Success Guides,001000000015hqy,Agentforce,2025-11-01,2025-11-01,001000000015hqyAAA
1,Success Guides,0013000000hJ5qw,Agentforce,2025-12-01,2025-12-01,0013000000hJ5qwAAC
1,Success Guides,00100000000EKru,Agentforce,2025-08-01,2025-06-01,00100000000EKruAAG
1,Success Guides,0010M00001UV0vn,Agentforce,2025-07-01,2025-07-01,0010M00001UV0vnQAD
1,Success Guides,0013000000NQFFv,Agentforce,2025-12-01,2025-11-01,0013000000NQFFvAAP
2,Success Guides,0010M00001WZnpq,Agentforce,2025-10-01,2025-10-01,0010M00001WZnpqQAD
1,Success Guides,00130000009RrdZ,Agentforce,2025-10-01,2025-09-01,00130000009RrdZAAS
1,Success Guides,0013y00001besY5,Agentforce,2025-08-01,2025-06-01,0013y00001besY5QAI
1,Success Guides,00130000002xRiu,Agentforce,2025-11-01,2025-11-01,00130000002xRiuAAE
1,Success Guides,00100000001flmT,Agentforce,2025-11-01,2025-10-01,00100000001flmTAAQ
1,Success Guides,0013000000JhdRP,Agentforce,2025-02-01,2025-01-01,0013000000JhdRPAAZ
1,Success Guides,0013000000GLP4u,Agentforce,2025-06-01,2025-05-01,0013000000GLP4uAAH
1,Success Guides,0013000000ImkJ3,Agentforce,2025-10-01,2025-09-01,0013000000ImkJ3AAJ
1,Success Guides,00130000016gATy,Agentforce,2025-12-01,2025-11-01,00130000016gATyAAM
1,Success Guides,0013000000Fcn5b,Agentforce,2025-01-01,2025-01-01,0013000000Fcn5bAAB
1,Success Guides,0010M00001Spqst,Agentforce,2025-05-01,2025-04-01,0010M00001SpqstQAB
1,Success Guides,0013000001MioNi,Agentforce,2025-11-01,2025-11-01,0013000001MioNiAAJ
1,Success Guides,00100000001CwPP,Agentforce,2025-05-01,2025-04-01,00100000001CwPPAA0
1,Success Guides,0013000000Ey4DK,Agentforce,2025-12-01,2025-12-01,0013000000Ey4DKAAZ
1,Success Guides,0013000000JgVjL,Agentforce,2025-08-01,2025-07-01,0013000000JgVjLAAV
1,Success Guides,0013000000hLHmh,Agentforce,2025-10-01,2025-09-01,0013000000hLHmhAAG
2,Success Guides,0013000000rnIFa,Agentforce,2025-05-01,2025-04-01,0013000000rnIFaAAM
2,Success Guides,0013000000GIhsT,Agentforce,2025-12-01,2025-12-01,0013000000GIhsTAAT
1,1:M Content,0013y00001eTzrJ,Agentforce,2025-02-01,2025-02-01,0013y00001eTzrJQAS
1,1:M Content,0013y00001h7kY2,Agentforce,2025-06-01,2025-06-01,0013y00001h7kY2QAI
1,1:M Content,0013000001GVWhH,Agentforce,2025-01-01,2025-01-01,0013000001GVWhHAAX
1,1:M Content,0013000000NSTms,Agentforce,2025-12-01,2025-12-01,0013000000NSTmsAAH
1,1:M Content,001ed00000bv965,Agentforce,2025-07-01,2025-07-01,001ed00000bv965YAA
1,1:M Content,0010M00001Yb0dJ,Agentforce,2025-03-01,2025-03-01,0010M00001Yb0dJQAR
1,1:M Content,0013y00001g9hVy,Agentforce,2025-12-01,2025-12-01,0013y00001g9hVyQAI
1,1:M Content,0010M00001QlJ3w,Agentforce,2025-10-01,2025-10-01,0010M00001QlJ3wQAF
1,1:M Content,0013y00001c6WBr,Agentforce,2025-12-01,2025-12-01,0013y00001c6WBrQAM
1,1:M Content,001ed00000eeYC3,Agentforce,2025-09-01,2025-09-01,001ed00000eeYC3YAM
1,1:M Content,001ed00000pLl0A,Agentforce,2025-12-01,2025-12-01,001ed00000pLl0AYAS
1,1:M Content,001ed00000a2fLj,Agentforce,2025-07-01,2025-07-01,001ed00000a2fLjYAI
1,1:M Content,0013000000IToIq,Agentforce,2025-03-01,2025-03-01,0013000000IToIqAAL
1,1:M Content,001ed00000sklck,Agentforce,2025-12-01,2025-12-01,001ed00000sklckYAA
1,1:M Content,0013y00001dL03I,Agentforce,2025-10-01,2025-10-01,0013y00001dL03IQAS
1,1:M Content,0010M00001Z05yV,Agentforce,2025-02-01,2025-02-01,0010M00001Z05yVQAR
1,1:M Content,001ed000003ZiNr,Agentforce,2025-02-01,2025-02-01,001ed000003ZiNrYAK
1,1:M Content,001ed00000dpgA6,Agentforce,2025-08-01,2025-08-01,001ed00000dpgA6YAI
1,1:M Content,001ed00000ewRs2,Agentforce,2025-09-01,2025-09-01,001ed00000ewRs2YAE
1,1:M Content,0013000000GJcBo,Agentforce,2025-05-01,2025-05-01,0013000000GJcBoAAL
1,1:M Content,001ed00000o7UuD,Agentforce,2025-11-01,2025-11-01,001ed00000o7UuDYAU
1,1:M Content,0013000000hK0ar,Agentforce,2025-12-01,2025-12-01,0013000000hK0arAAC
1,1:M Content,0010M00001Qqibd,Agentforce,2025-10-01,2025-10-01,0010M00001QqibdQAB
1,1:M Content,0013y00001cgSyd,Agentforce,2025-12-01,2025-12-01,0013y00001cgSydQAE
1,1:M Content,001ed00000fl87N,Agentforce,2025-08-01,2025-08-01,001ed00000fl87NYAQ
1,1:M Content,0010M00001WYDHC,Agentforce,2025-02-01,2025-02-01,0010M00001WYDHCQA5
1,1:M Content,0010M00001WZSD2,Agentforce,2024-12-01,2024-12-01,0010M00001WZSD2QAP
1,1:M Content,001ed00000rdjYF,Agentforce,2025-12-01,2025-12-01,001ed00000rdjYFYAY
1,1:M Content,0013y00001dxxY8,Agentforce,2025-12-01,2025-12-01,0013y00001dxxY8QAI
1,1:M Content,001ed00000f2Vcs,Agentforce,2025-08-01,2025-08-01,001ed00000f2VcsYAE
1,1:M Content,0010M00001U44hv,Agentforce,2025-09-01,2025-09-01,0010M00001U44hvQAB
1,1:M Content,0013000001JeaYB,Agentforce,2025-12-01,2025-12-01,0013000001JeaYBAAZ
1,1:M Content,00100000001E1OP,Agentforce,2025-05-01,2025-05-01,00100000001E1OPAA0
1,1:M Content,001ed00000Z5CNq,Agentforce,2025-07-01,2025-07-01,001ed00000Z5CNqYAN
1,1:M Content,001ed00000nCifR,Agentforce,2025-10-01,2025-10-01,001ed00000nCifRYAS
1,1:M Content,001ed00000ewkEk,Agentforce,2025-08-01,2025-08-01,001ed00000ewkEkYAI
1,1:M Content,0010M00001V45tz,Agentforce,2025-07-01,2025-07-01,0010M00001V45tzQAB
1,1:M Content,001ed00000CiNDJ,Agentforce,2024-12-01,2024-12-01,001ed00000CiNDJYA3
1,1:M Content,001ed00000Oto6d,Agentforce,2025-11-01,2025-11-01,001ed00000Oto6dYAB
1,1:M Content,0013000000RZ2fO,Agentforce,2025-06-01,2025-06-01,0013000000RZ2fOAAT
1,1:M Content,0013000000ITpti,Agentforce,2025-11-01,2025-11-01,0013000000ITptiAAD
4,1:M Content,001ed00000l8rTy,Agentforce,2025-12-01,2025-12-01,001ed00000l8rTyYAI
7,1:M Content,00130000008eaHC,Agentforce,2025-06-01,2025-06-01,00130000008eaHCAAY
8,1:M Content,0013y00001fFJ54,Agentforce,2025-10-01,2025-10-01,0013y00001fFJ54QAG
4,1:M Content,001ed00000eC16A,Agentforce,2025-08-01,2025-08-01,001ed00000eC16AYAS
3,1:M Content,001ed00000KR1ap,Agentforce,2025-08-01,2025-08-01,001ed00000KR1apYAD
3,1:M Content,001ed00000cAPld,Agentforce,2025-08-01,2025-08-01,001ed00000cAPldYAG
4,1:M Content,001ed00000bdjBL,Agentforce,2025-07-01,2025-07-01,001ed00000bdjBLYAY
5,1:M Content,0013000001CDqPL,Agentforce,2025-07-01,2025-07-01,0013000001CDqPLAA1
3,1:M Content,001ed00000aq7zx,Agentforce,2025-07-01,2025-07-01,001ed00000aq7zxYAA
3,1:M Content,0013y00001c7LBP,Agentforce,2025-10-01,2025-10-01,0013y00001c7LBPQA2
2,1:M Content,001ed00000Tifl9,Agentforce,2025-05-01,2025-05-01,001ed00000Tifl9YAB
2,1:M Content,0013000001MjUav,Agentforce,2025-03-01,2025-03-01,0013000001MjUavAAF
3,1:M Content,0013y00001bdYlr,Agentforce,2025-06-01,2025-06-01,0013y00001bdYlrQAE
2,1:M Content,00130000002bqQj,Agentforce,2025-10-01,2025-10-01,00130000002bqQjAAI
2,1:M Content,001ed00000FvLez,Agentforce,2025-11-01,2025-11-01,001ed00000FvLezYAF
2,1:M Content,0013000001EZKbv,Agentforce,2025-02-01,2025-02-01,0013000001EZKbvAAH
2,1:M Content,001ed00000P2kwR,Agentforce,2025-11-01,2025-11-01,001ed00000P2kwRYAR
2,1:M Content,0013000001NWmE8,Agentforce,2025-01-01,2025-01-01,0013000001NWmE8AAL
2,1:M Content,001ed00000jcHNh,Agentforce,2025-10-01,2025-10-01,001ed00000jcHNhYAM
3,1:M Content,0010M00001Qqir2,Agentforce,2025-08-01,2025-08-01,0010M00001Qqir2QAB
3,1:M Content,001ed00000fUazM,Agentforce,2025-09-01,2025-09-01,001ed00000fUazMYAS
2,1:M Content,001ed00000T2FTh,Agentforce,2025-05-01,2025-05-01,001ed00000T2FThYAN
2,1:M Content,001ed00000ZqzCx,Agentforce,2025-07-01,2025-07-01,001ed00000ZqzCxYAJ
3,1:M Content,00130000002xFoS,Agentforce,2025-12-01,2025-12-01,00130000002xFoSAAU
2,1:M Content,001ed00000jWfUQ,Agentforce,2025-12-01,2025-12-01,001ed00000jWfUQYA0
2,1:M Content,001ed00000eIdzy,Agentforce,2025-09-01,2025-09-01,001ed00000eIdzyYAC
2,1:M Content,0013000000NRK8m,Agentforce,2025-08-01,2025-08-01,0013000000NRK8mAAH
4,1:M Content,001ed00000arAFq,Agentforce,2025-09-01,2025-09-01,001ed00000arAFqYAM
3,1:M Content,001ed00000XLBLd,Agentforce,2025-12-01,2025-12-01,001ed00000XLBLdYAP
2,1:M Content,0013y00001e5UTl,Agentforce,2025-11-01,2025-11-01,0013y00001e5UTlQAM
2,1:M Content,0013000001GVacf,Agentforce,2025-12-01,2025-12-01,0013000001GVacfAAD
2,1:M Content,0010M00001WY8ll,Agentforce,2025-08-01,2025-08-01,0010M00001WY8llQAD
3,1:M Content,001ed0000066ek5,Agentforce,2025-09-01,2025-09-01,001ed0000066ek5YAA
2,1:M Content,0013000000RWxyb,Agentforce,2025-06-01,2025-06-01,0013000000RWxybAAD
2,1:M Content,00130000003Nevx,Agentforce,2025-09-01,2025-09-01,00130000003NevxAAC
1,Success Guides,00130000002xID4,Agentforce,2025-11-01,2025-10-01,00130000002xID4AAM
1,Success Guides,0013000001JyIvW,Agentforce,2025-09-01,2025-09-01,0013000001JyIvWAAV
1,Success Guides,00130000016gyDH,Agentforce,2025-10-01,2025-08-01,00130000016gyDHAAY
1,Success Guides,0013000000hKIHf,Agentforce,2025-03-01,2025-02-01,0013000000hKIHfAAO
1,Success Guides,0013y00001cFOqS,Agentforce,2025-10-01,2025-10-01,0013y00001cFOqSQAW
1,Success Guides,0013y00001cSMI1,Agentforce,2025-06-01,2025-05-01,0013y00001cSMI1QAO
1,Success Guides,0013y00001dKzrH,Agentforce,2025-03-01,2025-02-01,0013y00001dKzrHQAS
1,Success Guides,0013000000rq0OL,Agentforce,2025-07-01,2025-06-01,0013000000rq0OLAAY
1,Success Guides,0013000000roxFA,Agentforce,2025-12-01,2025-10-01,0013000000roxFAAAY
1,Success Guides,0013000000hKO7i,Agentforce,2025-08-01,2025-07-01,0013000000hKO7iAAG
1,Success Guides,0013y00001fbhyo,Agentforce,2025-12-01,2025-11-01,0013y00001fbhyoQAA
1,Success Guides,0013y00001d2FLc,Agentforce,2025-02-01,2025-02-01,0013y00001d2FLcQAM
1,Success Guides,00130000008phCm,Agentforce,2025-04-01,2025-03-01,00130000008phCmAAI
1,Success Guides,00130000016hk0F,Agentforce,2025-12-01,2025-11-01,00130000016hk0FAAQ
1,Success Guides,0013y00001cb6Kf,Agentforce,2024-12-01,2024-11-01,0013y00001cb6KfQAI
1,Success Guides,0013000000rn8ag,Agentforce,2025-12-01,2025-11-01,0013000000rn8agAAA
1,Success Guides,0013000000M0ot6,Agentforce,2025-04-01,2025-04-01,0013000000M0ot6AAB
1,Success Guides,0013000001G0TnR,Agentforce,2025-12-01,2025-11-01,0013000001G0TnRAAV
2,Success Guides,0010M00001Xy0s6,Agentforce,2025-10-01,2025-10-01,0010M00001Xy0s6QAB
2,Success Guides,0013y00001d0h6R,Agentforce,2025-12-01,2025-11-01,0013y00001d0h6RQAQ
2,Success Guides,0013000001GUNPP,Agentforce,2025-11-01,2025-11-01,0013000001GUNPPAA5
1,1:M Content,0013y00001cCgI4,Agentforce,2025-10-01,2025-10-01,0013y00001cCgI4QAK
1,1:M Content,0010M00001QlsNe,Agentforce,2025-10-01,2025-10-01,0010M00001QlsNeQAJ
1,1:M Content,0010M00001QlnI6,Agentforce,2025-02-01,2025-02-01,0010M00001QlnI6QAJ
1,1:M Content,001ed00000EoVqF,Agentforce,2025-06-01,2025-06-01,001ed00000EoVqFYAV
1,1:M Content,00130000001gfsO,Agentforce,2025-07-01,2025-07-01,00130000001gfsOAAQ
1,1:M Content,001ed00000eHPvs,Agentforce,2025-08-01,2025-08-01,001ed00000eHPvsYAG
1,1:M Content,001ed00000Cmhv2,Agentforce,2024-12-01,2024-12-01,001ed00000Cmhv2YAB
1,1:M Content,0013000001GV8st,Agentforce,2025-08-01,2025-08-01,0013000001GV8stAAD
1,1:M Content,001ed00000hGdhQ,Agentforce,2025-09-01,2025-09-01,001ed00000hGdhQYAS
1,1:M Content,0010M00001W8O6r,Agentforce,2025-02-01,2025-02-01,0010M00001W8O6rQAF
1,1:M Content,0013000001JzI0R,Agentforce,2025-09-01,2025-09-01,0013000001JzI0RAAV
1,1:M Content,0010M00001cCXNW,Agentforce,2025-10-01,2025-10-01,0010M00001cCXNWQA4
1,1:M Content,001ed00000EIF5N,Agentforce,2025-11-01,2025-11-01,001ed00000EIF5NYAX
1,1:M Content,00100000000leZj,Agentforce,2025-09-01,2025-09-01,00100000000leZjAAI
1,1:M Content,00100000000aHKk,Agentforce,2025-12-01,2025-12-01,00100000000aHKkAAM
1,1:M Content,00130000000Vrwf,Agentforce,2025-05-01,2025-05-01,00130000000VrwfAAC
1,1:M Content,0013y00001epYpQ,Agentforce,2025-12-01,2025-12-01,0013y00001epYpQQAU
1,1:M Content,0013000000rpZHi,Agentforce,2025-07-01,2025-07-01,0013000000rpZHiAAM
1,1:M Content,0013000001Jyk8B,Agentforce,2025-07-01,2025-07-01,0013000001Jyk8BAAR
1,1:M Content,0013000000LyucI,Agentforce,2025-01-01,2025-01-01,0013000000LyucIAAR
1,1:M Content,001ed00000eHTsz,Agentforce,2025-08-01,2025-08-01,001ed00000eHTszYAG
2,1:M Content,0013000001KbP9z,Agentforce,2025-03-01,2025-03-01,0013000001KbP9zAAF
1,1:M Content,00130000005XZL6,Agentforce,2025-09-01,2025-09-01,00130000005XZL6AAO
1,1:M Content,001ed00000hJ23l,Agentforce,2025-09-01,2025-09-01,001ed00000hJ23lYAC
1,1:M Content,0013y00001cTO1e,Agentforce,2025-09-01,2025-09-01,0013y00001cTO1eQAG
1,1:M Content,001ed00000hxw8u,Agentforce,2025-09-01,2025-09-01,001ed00000hxw8uYAA
1,1:M Content,0013y00001cEFEA,Agentforce,2025-05-01,2025-05-01,0013y00001cEFEAQA4
1,1:M Content,001ed00000IeqtZ,Agentforce,2025-02-01,2025-02-01,001ed00000IeqtZYAR
1,1:M Content,00130000016ihz9,Agentforce,2025-01-01,2025-01-01,00130000016ihz9AAA
1,1:M Content,0013000001MntH4,Agentforce,2024-11-01,2024-11-01,0013000001MntH4AAJ
1,1:M Content,001ed00000YlZ5K,Agentforce,2025-07-01,2025-07-01,001ed00000YlZ5KYAV
1,1:M Content,0013000000rnfb1,Agentforce,2024-11-01,2024-11-01,0013000000rnfb1AAA
1,1:M Content,0010M00001W8NWy,Agentforce,2025-02-01,2025-02-01,0010M00001W8NWyQAN
1,1:M Content,00130000001zdVS,Agentforce,2025-07-01,2025-07-01,00130000001zdVSAAY
1,1:M Content,0013000000794Fv,Agentforce,2025-10-01,2025-10-01,0013000000794FvAAI
1,1:M Content,0013000000rr1IA,Agentforce,2024-12-01,2024-12-01,0013000000rr1IAAAY
1,1:M Content,0013000000ronUB,Agentforce,2025-02-01,2025-02-01,0013000000ronUBAAY
1,1:M Content,0013000000NRTXV,Agentforce,2025-05-01,2025-05-01,0013000000NRTXVAA5
1,1:M Content,00130000016jSIM,Agentforce,2025-11-01,2025-11-01,00130000016jSIMAA2
1,1:M Content,0010M00001MtODY,Agentforce,2025-10-01,2025-10-01,0010M00001MtODYQA3
1,1:M Content,0013000001FoQZi,Agentforce,2025-06-01,2025-06-01,0013000001FoQZiAAN
1,1:M Content,001ed00000RyxYp,Agentforce,2025-06-01,2025-06-01,001ed00000RyxYpYAJ
1,1:M Content,0013y00001e69BB,Agentforce,2025-02-01,2025-02-01,0013y00001e69BBQAY
1,1:M Content,0013y00001h6iDg,Agentforce,2025-08-01,2025-08-01,0013y00001h6iDgQAI
1,1:M Content,0013000001Jyc7q,Agentforce,2025-12-01,2025-12-01,0013000001Jyc7qAAB
1,1:M Content,0013000001GUwPD,Agentforce,2025-01-01,2025-01-01,0013000001GUwPDAA1
1,1:M Content,001ed00000dnBoh,Agentforce,2025-12-01,2025-12-01,001ed00000dnBohYAE
1,1:M Content,0010M00001PDwGd,Agentforce,2025-08-01,2025-08-01,0010M00001PDwGdQAL
1,1:M Content,0013000000rnSwj,Agentforce,2024-12-01,2024-12-01,0013000000rnSwjAAE
1,1:M Content,001ed000004beNZ,Agentforce,2025-08-01,2025-08-01,001ed000004beNZYAY
1,1:M Content,0013000000JaMmg,Agentforce,2025-12-01,2025-12-01,0013000000JaMmgAAF
4,1:M Content,0013000000I4JCA,Agentforce,2025-09-01,2025-09-01,0013000000I4JCAAA3
10,1:M Content,001ed00000l935F,Agentforce,2025-10-01,2025-10-01,001ed00000l935FYAQ
8,1:M Content,0010000000000h9,Agentforce,2025-07-01,2025-07-01,0010000000000h9AAA
3,1:M Content,001ed00000bQBgr,Agentforce,2025-09-01,2025-09-01,001ed00000bQBgrYAG
3,1:M Content,0013000001NXZw1,Agentforce,2025-09-01,2025-09-01,0013000001NXZw1AAH
2,1:M Content,0013000000Zkhwe,Agentforce,2025-09-01,2025-09-01,0013000000ZkhweAAB
3,1:M Content,0010M00001W7oWA,Agentforce,2025-12-01,2025-12-01,0010M00001W7oWAQAZ
3,1:M Content,0013y00001eyzBG,Agentforce,2025-07-01,2025-07-01,0013y00001eyzBGQAY
2,1:M Content,001ed00000gur7t,Agentforce,2025-09-01,2025-09-01,001ed00000gur7tYAA
2,1:M Content,0013000000IUPB2,Agentforce,2025-07-01,2025-07-01,0013000000IUPB2AAP
3,1:M Content,001ed00000YllMX,Agentforce,2025-07-01,2025-07-01,001ed00000YllMXYAZ
2,1:M Content,0010M00001Qm5BC,Agentforce,2025-12-01,2025-12-01,0010M00001Qm5BCQAZ
3,1:M Content,001ed00000ewP2G,Agentforce,2025-08-01,2025-08-01,001ed00000ewP2GYAU
3,1:M Content,0013000000K6JGv,Agentforce,2025-06-01,2025-06-01,0013000000K6JGvAAN
2,1:M Content,0013000001KaKyO,Agentforce,2025-10-01,2025-10-01,0013000001KaKyOAAV
2,1:M Content,001ed00000pTah3,Agentforce,2025-11-01,2025-11-01,001ed00000pTah3YAC
2,1:M Content,0013000000GqJRw,Agentforce,2025-09-01,2025-09-01,0013000000GqJRwAAN
3,1:M Content,0010M00001U3nFI,Agentforce,2025-08-01,2025-08-01,0010M00001U3nFIQAZ
2,1:M Content,001ed0000065peL,Agentforce,2025-08-01,2025-08-01,001ed0000065peLYAQ
2,1:M Content,0013000000M1pAe,Agentforce,2025-08-01,2025-08-01,0013000000M1pAeAAJ
2,1:M Content,001ed00000WGP1d,Agentforce,2025-06-01,2025-06-01,001ed00000WGP1dYAH
2,1:M Content,001ed00000fQI9q,Agentforce,2025-08-01,2025-08-01,001ed00000fQI9qYAG
3,1:M Content,0013000001GXBEt,Agentforce,2025-11-01,2025-11-01,0013000001GXBEtAAP
3,1:M Content,001ed00000gqbph,Agentforce,2025-09-01,2025-09-01,001ed00000gqbphYAA
2,1:M Content,00100000002CNGs,Agentforce,2025-09-01,2025-09-01,00100000002CNGsAAO
1,Success Guides,0013y00001ep8u2,Agentforce,2025-05-01,2025-04-01,0013y00001ep8u2QAA
1,Success Guides,0013000001CCYPW,Agentforce,2025-08-01,2025-07-01,0013000001CCYPWAA5
1,Success Guides,0013y00001cIVh5,Agentforce,2025-10-01,2025-09-01,0013y00001cIVh5QAG
1,Success Guides,0013000000LBANK,Agentforce,2024-11-01,2024-11-01,0013000000LBANKAA5
1,Success Guides,0013000001JyIvW,Agentforce,2025-08-01,2025-06-01,0013000001JyIvWAAV
1,Success Guides,0013000001CC6qE,Agentforce,2025-02-01,2025-01-01,0013000001CC6qEAAT
1,Success Guides,0013000000LCfXD,Agentforce,2025-05-01,2025-03-01,0013000000LCfXDAA1
1,Success Guides,0013000000Ijz83,Agentforce,2025-07-01,2025-06-01,0013000000Ijz83AAB
1,Success Guides,0010M00001NYupJ,Agentforce,2025-12-01,2025-12-01,0010M00001NYupJQAT
1,Success Guides,0013y00001d72Dr,Agentforce,2025-05-01,2025-04-01,0013y00001d72DrQAI
1,Success Guides,0013000000GIQ7u,Agentforce,2025-09-01,2025-08-01,0013000000GIQ7uAAH
1,Success Guides,00100000000ZNMW,Agentforce,2025-08-01,2025-07-01,00100000000ZNMWAA4
1,Success Guides,0013000001GXj8Y,Agentforce,2025-11-01,2025-10-01,0013000001GXj8YAAT
1,Success Guides,001ed000006JNLd,Agentforce,2025-11-01,2025-11-01,001ed000006JNLdYAO
1,Success Guides,0010M00001Qqti9,Agentforce,2025-04-01,2025-02-01,0010M00001Qqti9QAB
1,Success Guides,0013y00001h851W,Agentforce,2025-02-01,2025-02-01,0013y00001h851WQAQ
1,Success Guides,0013000000HIzRy,Agentforce,2025-12-01,2025-11-01,0013000000HIzRyAAL
2,Success Guides,0013y00001cfhra,Agentforce,2025-12-01,2025-12-01,0013y00001cfhraQAA
2,Success Guides,0013000000M1gwj,Agentforce,2025-08-01,2025-07-01,0013000000M1gwjAAB
1,1:M Content,0010M00001WJBlr,Agentforce,2024-12-01,2024-12-01,0010M00001WJBlrQAH
1,1:M Content,0013y00001cawDe,Agentforce,2025-01-01,2025-01-01,0013y00001cawDeQAI
1,1:M Content,0010M00001P0VKY,Agentforce,2025-12-01,2025-12-01,0010M00001P0VKYQA3
1,1:M Content,0013000001JzLy2,Agentforce,2025-05-01,2025-05-01,0013000001JzLy2AAF
1,1:M Content,001000000028r8t,Agentforce,2025-08-01,2025-08-01,001000000028r8tAAA
1,1:M Content,001ed00000ks2wp,Agentforce,2025-10-01,2025-10-01,001ed00000ks2wpYAA
1,1:M Content,001ed00000GsGGJ,Agentforce,2025-02-01,2025-02-01,001ed00000GsGGJYA3
1,1:M Content,0013000001GjDjo,Agentforce,2025-08-01,2025-08-01,0013000001GjDjoAAF
1,1:M Content,001ed00000JBQXL,Agentforce,2025-07-01,2025-07-01,001ed00000JBQXLYA5
1,1:M Content,0010M00001WZVXj,Agentforce,2025-07-01,2025-07-01,0010M00001WZVXjQAP
1,1:M Content,0013y00001YbSc5,Agentforce,2025-09-01,2025-09-01,0013y00001YbSc5QAF
1,1:M Content,0010M00001V4BgI,Agentforce,2025-11-01,2025-11-01,0010M00001V4BgIQAV
1,1:M Content,0013000000GL3cb,Agentforce,2025-05-01,2025-05-01,0013000000GL3cbAAD
1,1:M Content,001ed00000Zwd6T,Agentforce,2025-06-01,2025-06-01,001ed00000Zwd6TYAR
1,1:M Content,001ed00000hql27,Agentforce,2025-09-01,2025-09-01,001ed00000hql27YAA
1,1:M Content,001ed00000izr1H,Agentforce,2025-10-01,2025-10-01,001ed00000izr1HYAQ
1,1:M Content,0010M00001WYmBM,Agentforce,2025-08-01,2025-08-01,0010M00001WYmBMQA1
1,1:M Content,001ed00000NsQI4,Agentforce,2025-06-01,2025-06-01,001ed00000NsQI4YAN
1,1:M Content,0013000000M2AHD,Agentforce,2025-11-01,2025-11-01,0013000000M2AHDAA3
1,1:M Content,001ed00000gyg7U,Agentforce,2025-09-01,2025-09-01,001ed00000gyg7UYAQ
1,1:M Content,0013y00001emOh8,Agentforce,2025-01-01,2025-01-01,0013y00001emOh8QAE
1,1:M Content,001ed00000eJQr5,Agentforce,2025-08-01,2025-08-01,001ed00000eJQr5YAG
1,1:M Content,001ed00000Ef9iQ,Agentforce,2025-01-01,2025-01-01,001ed00000Ef9iQYAR
1,1:M Content,001000000027vN5,Agentforce,2025-11-01,2025-11-01,001000000027vN5AAI
1,1:M Content,0010M00001JzoyQ,Agentforce,2024-12-01,2024-12-01,0010M00001JzoyQQAR
1,1:M Content,0013000001GiKVk,Agentforce,2025-04-01,2025-04-01,0013000001GiKVkAAN
1,1:M Content,001ed00000R7ltt,Agentforce,2025-06-01,2025-06-01,001ed00000R7lttYAB
1,1:M Content,0013y00001gERPk,Agentforce,2025-07-01,2025-07-01,0013y00001gERPkQAO
1,1:M Content,0013y00001f61BI,Agentforce,2025-09-01,2025-09-01,0013y00001f61BIQAY
1,1:M Content,001ed00000oREzl,Agentforce,2025-11-01,2025-11-01,001ed00000oREzlYAG
1,1:M Content,001ed00000gQTsc,Agentforce,2025-09-01,2025-09-01,001ed00000gQTscYAG
1,1:M Content,0010M00001QlxJ8,Agentforce,2025-11-01,2025-11-01,0010M00001QlxJ8QAJ
1,1:M Content,0013000000ITZOU,Agentforce,2025-12-01,2025-12-01,0013000000ITZOUAA5
1,1:M Content,0013y00001c7M4K,Agentforce,2025-09-01,2025-09-01,0013y00001c7M4KQAU
1,1:M Content,001ed00000YJ0SA,Agentforce,2025-06-01,2025-06-01,001ed00000YJ0SAYA1
1,1:M Content,001ed00000q0vRx,Agentforce,2025-12-01,2025-12-01,001ed00000q0vRxYAI
1,1:M Content,0010M00001YFgFe,Agentforce,2025-07-01,2025-07-01,0010M00001YFgFeQAL
1,1:M Content,001ed00000CM7tc,Agentforce,2025-01-01,2025-01-01,001ed00000CM7tcYAD
1,1:M Content,0013000000AXupC,Agentforce,2025-08-01,2025-08-01,0013000000AXupCAAT
1,1:M Content,0013y00001f9XcU,Agentforce,2025-02-01,2025-02-01,0013y00001f9XcUQAU
1,1:M Content,001ed00000P32VB,Agentforce,2025-12-01,2025-12-01,001ed00000P32VBYAZ
1,1:M Content,0013000000Gqirp,Agentforce,2025-01-01,2025-01-01,0013000000GqirpAAB
1,1:M Content,001ed00000ErgIq,Agentforce,2025-12-01,2025-12-01,001ed00000ErgIqYAJ
1,1:M Content,0010M00001VMbwV,Agentforce,2025-01-01,2025-01-01,0010M00001VMbwVQAT
1,1:M Content,0013y00001cMpgM,Agentforce,2025-10-01,2025-10-01,0013y00001cMpgMQAS
1,1:M Content,001000000011pq4,Agentforce,2025-10-01,2025-10-01,001000000011pq4AAA
1,1:M Content,001ed00000TzGs8,Agentforce,2025-06-01,2025-06-01,001ed00000TzGs8YAF
1,1:M Content,001ed00000qrNGf,Agentforce,2025-12-01,2025-12-01,001ed00000qrNGfYAM
1,1:M Content,001ed00000ipRg0,Agentforce,2025-10-01,2025-10-01,001ed00000ipRg0YAE
1,1:M Content,001ed00000q98Wf,Agentforce,2025-11-01,2025-11-01,001ed00000q98WfYAI
1,1:M Content,0010M00001Qjq3W,Agentforce,2025-08-01,2025-08-01,0010M00001Qjq3WQAR
1,1:M Content,001ed00000XLBLd,Agentforce,2025-10-01,2025-10-01,001ed00000XLBLdYAP
1,1:M Content,0010M00001NYYFZ,Agentforce,2024-12-01,2024-12-01,0010M00001NYYFZQA5
3,1:M Content,0013y00001eHwgI,Agentforce,2025-12-01,2025-12-01,0013y00001eHwgIQAS
4,1:M Content,00130000002xChB,Agentforce,2025-11-01,2025-11-01,00130000002xChBAAU
3,1:M Content,0013y00001eVMJt,Agentforce,2025-07-01,2025-07-01,0013y00001eVMJtQAO
4,1:M Content,0013y00001cTL3X,Agentforce,2025-09-01,2025-09-01,0013y00001cTL3XQAW
3,1:M Content,00100000000nE9A,Agentforce,2025-06-01,2025-06-01,00100000000nE9AAAU
4,1:M Content,001ed00000eeP8l,Agentforce,2025-08-01,2025-08-01,001ed00000eeP8lYAE
3,1:M Content,0013y00001dy0uW,Agentforce,2025-08-01,2025-08-01,0013y00001dy0uWQAQ
4,1:M Content,001ed00000dWiQu,Agentforce,2025-08-01,2025-08-01,001ed00000dWiQuYAK
3,1:M Content,001ed00000ZFGQ5,Agentforce,2025-07-01,2025-07-01,001ed00000ZFGQ5YAP
8,1:M Content,001ed00000bjIbP,Agentforce,2025-08-01,2025-08-01,001ed00000bjIbPYAU
4,1:M Content,0013000000JIZP4,Agentforce,2025-12-01,2025-12-01,0013000000JIZP4AAP
5,1:M Content,0013000001FoRw2,Agentforce,2025-12-01,2025-12-01,0013000001FoRw2AAF
4,1:M Content,001ed00000XR5tR,Agentforce,2025-06-01,2025-06-01,001ed00000XR5tRYAT
4,1:M Content,001ed00000ebmMu,Agentforce,2025-08-01,2025-08-01,001ed00000ebmMuYAI
3,1:M Content,00130000000QNUS,Agentforce,2025-08-01,2025-08-01,00130000000QNUSAA4
3,1:M Content,001ed0000062gKm,Agentforce,2025-08-01,2025-08-01,001ed0000062gKmYAI
3,1:M Content,0010M00001QkjWQ,Agentforce,2025-09-01,2025-09-01,0010M00001QkjWQQAZ
3,1:M Content,0013y00001cUQaV,Agentforce,2025-11-01,2025-11-01,0013y00001cUQaVQAW
4,1:M Content,0010M00001WYRv8,Agentforce,2025-12-01,2025-12-01,0010M00001WYRv8QAH
2,1:M Content,00130000016izNe,Agentforce,2025-08-01,2025-08-01,00130000016izNeAAI
2,1:M Content,001ed00000d7G81,Agentforce,2025-08-01,2025-08-01,001ed00000d7G81YAE
2,1:M Content,00130000016hMrZ,Agentforce,2025-11-01,2025-11-01,00130000016hMrZAAU
2,1:M Content,001ed00000frDqj,Agentforce,2025-08-01,2025-08-01,001ed00000frDqjYAE
2,1:M Content,0013y00001ce3xe,Agentforce,2025-05-01,2025-05-01,0013y00001ce3xeQAA
2,1:M Content,001ed00000YJsXP,Agentforce,2025-06-01,2025-06-01,001ed00000YJsXPYA1
2,1:M Content,0013000000NQsdP,Agentforce,2025-07-01,2025-07-01,0013000000NQsdPAAT
2,1:M Content,00100000001L60P,Agentforce,2025-03-01,2025-03-01,00100000001L60PAAS
2,1:M Content,001ed00000a1dtq,Agentforce,2025-07-01,2025-07-01,001ed00000a1dtqYAA
1,Success Guides,0013000000JgVjL,Agentforce,2025-06-01,2025-06-01,0013000000JgVjLAAV
1,Success Guides,0013000000Fcn5b,Agentforce,2025-05-01,2025-05-01,0013000000Fcn5bAAB
1,Success Guides,0013000000Em4Wk,Agentforce,2025-06-01,2025-05-01,0013000000Em4WkAAJ
1,Success Guides,0010M00001SIuNJ,Agentforce,2025-09-01,2025-07-01,0010M00001SIuNJQA1
1,Success Guides,0013000001GiKVk,Agentforce,2025-09-01,2025-08-01,0013000001GiKVkAAN
1,Success Guides,0013y00001es28d,Agentforce,2025-10-01,2025-09-01,0013y00001es28dQAA
1,Success Guides,0013y00001c86MO,Agentforce,2025-09-01,2025-09-01,0013y00001c86MOQAY
1,Success Guides,0013000001GWWh0,Agentforce,2025-12-01,2025-10-01,0013000001GWWh0AAH
1,Success Guides,0013000000Em4Wk,Agentforce,2025-12-01,2025-11-01,0013000000Em4WkAAJ
1,Success Guides,0013000000NRjVc,Agentforce,2025-09-01,2025-07-01,0013000000NRjVcAAL
1,Success Guides,0013000000roB4f,Agentforce,2025-12-01,2025-11-01,0013000000roB4fAAE
1,Success Guides,0010M00001Z0DWh,Agentforce,2025-01-01,2024-12-01,0010M00001Z0DWhQAN
1,Success Guides,0010M00001QqcP8,Agentforce,2025-12-01,2025-11-01,0010M00001QqcP8QAJ
1,Success Guides,00100000001jSom,Agentforce,2025-03-01,2025-02-01,00100000001jSomAAE
1,Success Guides,00130000002xcgH,Agentforce,2025-09-01,2025-08-01,00130000002xcgHAAQ
1,Success Guides,0013y00001fF79p,Agentforce,2025-09-01,2025-09-01,0013y00001fF79pQAC
1,Success Guides,0010M00001QaCvc,Agentforce,2025-07-01,2025-06-01,0010M00001QaCvcQAF
1,Success Guides,0013000001CD6f6,Agentforce,2025-12-01,2025-11-01,0013000001CD6f6AAD
1,Success Guides,0013000000Fcn5b,Agentforce,2025-05-01,2025-04-01,0013000000Fcn5bAAB
1,Success Guides,0013000000NT1nl,Agentforce,2025-12-01,2025-11-01,0013000000NT1nlAAD
1,Success Guides,0013000000Zjy2f,Agentforce,2025-03-01,2025-03-01,0013000000Zjy2fAAB
1,Success Guides,0013000000hJOox,Agentforce,2025-07-01,2025-06-01,0013000000hJOoxAAG
1,Success Guides,0013000000ZlXBy,Agentforce,2025-02-01,2025-02-01,0013000000ZlXByAAN
1,Success Guides,0013000000M1gwj,Agentforce,2025-11-01,2025-09-01,0013000000M1gwjAAB
1,Success Guides,00130000004mv1i,Agentforce,2025-02-01,2025-01-01,00130000004mv1iAAA
1,Success Guides,0010M00001QaXU2,Agentforce,2025-10-01,2025-09-01,0010M00001QaXU2QAN
1,Success Guides,0013y00001be6NH,Agentforce,2025-07-01,2025-06-01,0013y00001be6NHQAY
1,Success Guides,0013000001NXDUP,Agentforce,2025-06-01,2025-05-01,0013000001NXDUPAA5
1,Success Guides,00100000000D6sI,Agentforce,2025-04-01,2025-04-01,00100000000D6sIAAS
1,Success Guides,00130000003mxU9,Agentforce,2025-12-01,2025-12-01,00130000003mxU9AAI
1,Success Guides,0013y00001cmYC4,Agentforce,2025-12-01,2025-11-01,0013y00001cmYC4QAM
1,Success Guides,0013000001Fg7e3,Agentforce,2025-08-01,2025-05-01,0013000001Fg7e3AAB
1,Success Guides,0013000001NXvK1,Agentforce,2025-02-01,2025-02-01,0013000001NXvK1AAL
2,Success Guides,0013000000ZmXzF,Agentforce,2025-11-01,2025-11-01,0013000000ZmXzFAAV
2,Success Guides,0013000000LBUYf,Agentforce,2025-11-01,2025-11-01,0013000000LBUYfAAP
1,1:M Content,001ed00000mJ7AJ,Agentforce,2025-12-01,2025-12-01,001ed00000mJ7AJYA0
1,1:M Content,0013000000M2Oj4,Agentforce,2025-11-01,2025-11-01,0013000000M2Oj4AAF
1,1:M Content,0013000001NXjin,Agentforce,2025-02-01,2025-02-01,0013000001NXjinAAD
1,1:M Content,001000000027wBg,Agentforce,2025-10-01,2025-10-01,001000000027wBgAAI
1,1:M Content,00130000003jYat,Agentforce,2025-10-01,2025-10-01,00130000003jYatAAE
1,1:M Content,0010M00001JzikW,Agentforce,2025-11-01,2025-11-01,0010M00001JzikWQAR
1,1:M Content,001ed00000c0vel,Agentforce,2025-07-01,2025-07-01,001ed00000c0velYAA
1,1:M Content,0010M00001YuI0J,Agentforce,2025-07-01,2025-07-01,0010M00001YuI0JQAV
1,1:M Content,0010M00001UEVHu,Agentforce,2025-07-01,2025-07-01,0010M00001UEVHuQAP
1,1:M Content,001ed00000Xhopm,Agentforce,2025-06-01,2025-06-01,001ed00000XhopmYAB
1,1:M Content,0013000001Fitbn,Agentforce,2025-07-01,2025-07-01,0013000001FitbnAAB
1,1:M Content,0013000001J7Rh5,Agentforce,2025-01-01,2025-01-01,0013000001J7Rh5AAF
1,1:M Content,001ed00000EK3Uk,Agentforce,2025-09-01,2025-09-01,001ed00000EK3UkYAL
1,1:M Content,00130000008ea9K,Agentforce,2025-11-01,2025-11-01,00130000008ea9KAAQ
1,1:M Content,0010M00001SIQLl,Agentforce,2025-11-01,2025-11-01,0010M00001SIQLlQAP
1,1:M Content,001ed00000bYj3u,Agentforce,2025-07-01,2025-07-01,001ed00000bYj3uYAC
2,1:M Content,0010M00001U3mWc,Agentforce,2025-08-01,2025-08-01,0010M00001U3mWcQAJ
1,1:M Content,0013y00001cwAWu,Agentforce,2025-09-01,2025-09-01,0013y00001cwAWuQAM
1,1:M Content,00100000002CNGs,Agentforce,2025-08-01,2025-08-01,00100000002CNGsAAO
1,1:M Content,00130000002xcgH,Agentforce,2025-09-01,2025-09-01,00130000002xcgHAAQ
1,1:M Content,00100000000nEYi,Agentforce,2025-12-01,2025-12-01,00100000000nEYiAAM
1,1:M Content,0010M00001PE2XN,Agentforce,2025-11-01,2025-11-01,0010M00001PE2XNQA1
1,1:M Content,00100000001e2SX,Agentforce,2025-08-01,2025-08-01,00100000001e2SXAAY
1,1:M Content,001ed00000nhkGJ,Agentforce,2025-11-01,2025-11-01,001ed00000nhkGJYAY
1,1:M Content,001ed00000g3VFD,Agentforce,2025-09-01,2025-09-01,001ed00000g3VFDYA2
1,1:M Content,0013000000LzN0f,Agentforce,2025-12-01,2025-12-01,0013000000LzN0fAAF
1,1:M Content,001ed00000POhyK,Agentforce,2025-06-01,2025-06-01,001ed00000POhyKYAT
1,1:M Content,0013000000M2AHD,Agentforce,2025-12-01,2025-12-01,0013000000M2AHDAA3
1,1:M Content,001ed00000hf2jR,Agentforce,2025-09-01,2025-09-01,001ed00000hf2jRYAQ
1,1:M Content,0010M00001THLtS,Agentforce,2024-12-01,2024-12-01,0010M00001THLtSQAX
1,1:M Content,0013000000092BT,Agentforce,2025-01-01,2025-01-01,0013000000092BTAAY
2,1:M Content,001ed00000gXL77,Agentforce,2025-09-01,2025-09-01,001ed00000gXL77YAG
1,1:M Content,0013y00001c6qft,Agentforce,2025-07-01,2025-07-01,0013y00001c6qftQAA
1,1:M Content,0013000000HmKvO,Agentforce,2025-08-01,2025-08-01,0013000000HmKvOAAV
1,1:M Content,0010M00001SIeeH,Agentforce,2025-12-01,2025-12-01,0010M00001SIeeHQAT
1,1:M Content,00100000000uLa4,Agentforce,2025-10-01,2025-10-01,00100000000uLa4AAE
1,1:M Content,001ed00000Lf3vZ,Agentforce,2025-03-01,2025-03-01,001ed00000Lf3vZYAR
1,1:M Content,001ed00000U7XCW,Agentforce,2025-06-01,2025-06-01,001ed00000U7XCWYA3
1,1:M Content,001ed00000QRHNZ,Agentforce,2025-04-01,2025-04-01,001ed00000QRHNZYA5
1,1:M Content,001ed00000h9Ax7,Agentforce,2025-09-01,2025-09-01,001ed00000h9Ax7YAE
1,1:M Content,0010M00001QnLIP,Agentforce,2025-11-01,2025-11-01,0010M00001QnLIPQA3
2,1:M Content,0013000001CD4KG,Agentforce,2025-08-01,2025-08-01,0013000001CD4KGAA1
4,1:M Content,0013000000hLidY,Agentforce,2025-08-01,2025-08-01,0013000000hLidYAAS
4,1:M Content,0013y00001hE7YZ,Agentforce,2025-08-01,2025-08-01,0013y00001hE7YZQA0
2,1:M Content,0013000000rpIzs,Agentforce,2025-08-01,2025-08-01,0013000000rpIzsAAE
2,1:M Content,0013y00001cUVR0,Agentforce,2025-09-01,2025-09-01,0013y00001cUVR0QAO
2,1:M Content,0013000000NRbrw,Agentforce,2025-06-01,2025-06-01,0013000000NRbrwAAD
3,1:M Content,001ed00000Iqa0E,Agentforce,2025-06-01,2025-06-01,001ed00000Iqa0EYAR
2,1:M Content,001ed00000bXLOi,Agentforce,2025-09-01,2025-09-01,001ed00000bXLOiYAO
4,1:M Content,001ed00000dYLmk,Agentforce,2025-08-01,2025-08-01,001ed00000dYLmkYAG
2,1:M Content,0010M00001JzikW,Agentforce,2025-06-01,2025-06-01,0010M00001JzikWQAR
2,1:M Content,001ed00000RhPMz,Agentforce,2025-05-01,2025-05-01,001ed00000RhPMzYAN
4,1:M Content,001ed00000oQIJ7,Agentforce,2025-11-01,2025-11-01,001ed00000oQIJ7YAO
4,1:M Content,0013y00001bexAO,Agentforce,2025-10-01,2025-10-01,0013y00001bexAOQAY
2,1:M Content,001ed00000Pr6KE,Agentforce,2025-07-01,2025-07-01,001ed00000Pr6KEYAZ
4,1:M Content,0010M00001THIv9,Agentforce,2025-06-01,2025-06-01,0010M00001THIv9QAH
2,1:M Content,001ed00000NnEhK,Agentforce,2025-07-01,2025-07-01,001ed00000NnEhKYAV
2,1:M Content,0013y00001gFFfE,Agentforce,2025-07-01,2025-07-01,0013y00001gFFfEQAW
2,1:M Content,001ed00000gQEtm,Agentforce,2025-09-01,2025-09-01,001ed00000gQEtmYAG
2,1:M Content,001ed000006505d,Agentforce,2025-08-01,2025-08-01,001ed000006505dYAA
2,1:M Content,0013000000J4xE3,Agentforce,2025-12-01,2025-12-01,0013000000J4xE3AAJ
1,Success Guides,0013000000hK7u2,Agentforce,2025-11-01,2025-10-01,0013000000hK7u2AAC
1,Success Guides,0013y00001cMkj6,Agentforce,2025-09-01,2025-08-01,0013y00001cMkj6QAC
1,Success Guides,0013000001MoCqM,Agentforce,2025-12-01,2025-10-01,0013000001MoCqMAAV
1,Success Guides,0013000001M1LJH,Agentforce,2025-02-01,2025-01-01,0013000001M1LJHAA3
1,Success Guides,0013y00001cjxs5,Agentforce,2025-06-01,2025-05-01,0013y00001cjxs5QAA
1,Success Guides,0013000001IetQ6,Agentforce,2025-10-01,2025-08-01,0013000001IetQ6AAJ
1,Success Guides,0013000000Fcn5b,Agentforce,2025-01-01,2024-12-01,0013000000Fcn5bAAB
1,Success Guides,0010M00001THHUG,Agentforce,2025-08-01,2025-07-01,0010M00001THHUGQA5
1,Success Guides,00100000002ECwq,Agentforce,2025-03-01,2025-02-01,00100000002ECwqAAG
1,Success Guides,0010M00001QkvWz,Agentforce,2025-02-01,2025-01-01,0010M00001QkvWzQAJ
1,Success Guides,0013000000hJd32,Agentforce,2025-10-01,2025-09-01,0013000000hJd32AAC
1,Success Guides,0013000000Lj7M3,Agentforce,2025-06-01,2025-05-01,0013000000Lj7M3AAJ
1,Success Guides,0013000001MjGVo,Agentforce,2025-07-01,2025-03-01,0013000001MjGVoAAN
1,Success Guides,0013000000M1ou4,Agentforce,2025-07-01,2025-05-01,0013000000M1ou4AAB
1,Success Guides,00130000016jWa9,Agentforce,2025-07-01,2025-06-01,00130000016jWa9AAE
1,Success Guides,00130000003Tamo,Agentforce,2025-05-01,2025-04-01,00130000003TamoAAC
1,Success Guides,0010M00001QkPUS,Agentforce,2025-12-01,2025-11-01,0010M00001QkPUSQA3
1,Success Guides,0013000000AnD1x,Agentforce,2025-02-01,2025-02-01,0013000000AnD1xAAF
1,Success Guides,0013000000M24El,Agentforce,2025-10-01,2025-08-01,0013000000M24ElAAJ
1,Success Guides,00100000001ow6d,Agentforce,2025-02-01,2025-01-01,00100000001ow6dAAA
1,Success Guides,0013y00001cMkj6,Agentforce,2025-12-01,2025-09-01,0013y00001cMkj6QAC
1,Success Guides,0010M00001QmbVn,Agentforce,2025-12-01,2025-12-01,0010M00001QmbVnQAJ
2,Success Guides,00130000000mvuJ,Agentforce,2025-10-01,2025-09-01,00130000000mvuJAAQ
1,1:M Content,0013000001Mswi1,Agentforce,2025-06-01,2025-06-01,0013000001Mswi1AAB
1,1:M Content,0013000000Zl9bF,Agentforce,2025-06-01,2025-06-01,0013000000Zl9bFAAR
1,1:M Content,001ed00000ebBqJ,Agentforce,2025-08-01,2025-08-01,001ed00000ebBqJYAU
1,1:M Content,001ed00000oJchX,Agentforce,2025-11-01,2025-11-01,001ed00000oJchXYAS
1,1:M Content,001ed00000dr5r7,Agentforce,2025-08-01,2025-08-01,001ed00000dr5r7YAA
1,1:M Content,00130000000TCmw,Agentforce,2025-08-01,2025-08-01,00130000000TCmwAAG
1,1:M Content,0010M00001UMbaQ,Agentforce,2025-12-01,2025-12-01,0010M00001UMbaQQAT
1,1:M Content,001ed00000Zh87q,Agentforce,2025-07-01,2025-07-01,001ed00000Zh87qYAB
1,1:M Content,0013000000rpHI3,Agentforce,2025-08-01,2025-08-01,0013000000rpHI3AAM
1,1:M Content,001ed00000bv4kl,Agentforce,2025-07-01,2025-07-01,001ed00000bv4klYAA
1,1:M Content,0013y00001cb6Kf,Agentforce,2024-11-01,2024-11-01,0013y00001cb6KfQAI
1,1:M Content,00130000000h1Jm,Agentforce,2025-09-01,2025-09-01,00130000000h1JmAAI
1,1:M Content,0013y00001cYFys,Agentforce,2025-07-01,2025-07-01,0013y00001cYFysQAG
1,1:M Content,0013y00001dONnd,Agentforce,2025-07-01,2025-07-01,0013y00001dONndQAG
1,1:M Content,0013000000NSegZ,Agentforce,2025-10-01,2025-10-01,0013000000NSegZAAT
1,1:M Content,0010M00001WJjrA,Agentforce,2025-12-01,2025-12-01,0010M00001WJjrAQAT
1,1:M Content,001ed00000igJWL,Agentforce,2025-10-01,2025-10-01,001ed00000igJWLYA2
1,1:M Content,0013y00001foh0m,Agentforce,2025-07-01,2025-07-01,0013y00001foh0mQAA
1,1:M Content,001ed00000QTboT,Agentforce,2025-11-01,2025-11-01,001ed00000QTboTYAT
1,1:M Content,0010M00001blyLO,Agentforce,2024-12-01,2024-12-01,0010M00001blyLOQAY
1,1:M Content,00130000004n6wn,Agentforce,2025-03-01,2025-03-01,00130000004n6wnAAA
1,1:M Content,0013000001C9y8A,Agentforce,2025-07-01,2025-07-01,0013000001C9y8AAAR
1,1:M Content,0013000000M2Tlt,Agentforce,2025-10-01,2025-10-01,0013000000M2TltAAF
1,1:M Content,001ed00000szevu,Agentforce,2025-12-01,2025-12-01,001ed00000szevuYAA
1,1:M Content,0013000000Zih3f,Agentforce,2025-04-01,2025-04-01,0013000000Zih3fAAB
1,1:M Content,0010M00001WYBox,Agentforce,2025-07-01,2025-07-01,0010M00001WYBoxQAH
1,1:M Content,001ed00000NLI37,Agentforce,2025-08-01,2025-08-01,001ed00000NLI37YAH
1,1:M Content,0013000001GiOvg,Agentforce,2025-09-01,2025-09-01,0013000001GiOvgAAF
1,1:M Content,001ed00000F0EFF,Agentforce,2025-01-01,2025-01-01,001ed00000F0EFFYA3
1,1:M Content,001ed00000J1MDT,Agentforce,2025-02-01,2025-02-01,001ed00000J1MDTYA3
1,1:M Content,001ed00000R6FJO,Agentforce,2025-07-01,2025-07-01,001ed00000R6FJOYA3
1,1:M Content,0013000000rpZAw,Agentforce,2025-09-01,2025-09-01,0013000000rpZAwAAM
1,1:M Content,0013y00001e5xYd,Agentforce,2025-12-01,2025-12-01,0013y00001e5xYdQAI
1,1:M Content,0013000000ZmWzS,Agentforce,2025-03-01,2025-03-01,0013000000ZmWzSAAV
1,1:M Content,0013y00001XzUz5,Agentforce,2025-06-01,2025-06-01,0013y00001XzUz5QAF
1,1:M Content,0013000000RWxyb,Agentforce,2025-07-01,2025-07-01,0013000000RWxybAAD
1,1:M Content,0010M00001QqQu3,Agentforce,2025-07-01,2025-07-01,0010M00001QqQu3QAF
1,1:M Content,00130000016h7rQ,Agentforce,2025-10-01,2025-10-01,00130000016h7rQAAQ
1,1:M Content,001ed00000E5Mfo,Agentforce,2025-01-01,2025-01-01,001ed00000E5MfoYAF
1,1:M Content,001ed00000Iyk5e,Agentforce,2025-02-01,2025-02-01,001ed00000Iyk5eYAB
1,1:M Content,001ed00000btety,Agentforce,2025-07-01,2025-07-01,001ed00000btetyYAA
1,1:M Content,0013y00001dWue5,Agentforce,2025-07-01,2025-07-01,0013y00001dWue5QAC
1,1:M Content,0013000000HF5Cz,Agentforce,2025-05-01,2025-05-01,0013000000HF5CzAAL
3,1:M Content,0013000001MnryZ,Agentforce,2025-12-01,2025-12-01,0013000001MnryZAAR
2,1:M Content,0013000001CDqPL,Agentforce,2025-10-01,2025-10-01,0013000001CDqPLAA1
3,1:M Content,001ed00000bbMAm,Agentforce,2025-07-01,2025-07-01,001ed00000bbMAmYAM
5,1:M Content,0013000000KtPsS,Agentforce,2025-11-01,2025-11-01,0013000000KtPsSAAV
8,1:M Content,0010M00001QmOSz,Agentforce,2025-10-01,2025-10-01,0010M00001QmOSzQAN
4,1:M Content,001ed00000VBIhN,Agentforce,2025-09-01,2025-09-01,001ed00000VBIhNYAX
4,1:M Content,001ed00000eB5tQ,Agentforce,2025-08-01,2025-08-01,001ed00000eB5tQYAS
3,1:M Content,0013000000ZkxOn,Agentforce,2025-11-01,2025-11-01,0013000000ZkxOnAAJ
2,1:M Content,0013000000RYi2R,Agentforce,2025-07-01,2025-07-01,0013000000RYi2RAAT
4,1:M Content,001ed00000Q3G9M,Agentforce,2025-06-01,2025-06-01,001ed00000Q3G9MYAV
4,1:M Content,001ed00000edo2k,Agentforce,2025-08-01,2025-08-01,001ed00000edo2kYAA
3,1:M Content,0010M00001QaJWA,Agentforce,2025-11-01,2025-11-01,0010M00001QaJWAQA3
2,1:M Content,001ed00000gA7b7,Agentforce,2025-09-01,2025-09-01,001ed00000gA7b7YAC
3,1:M Content,0013y00001cgwCY,Agentforce,2025-06-01,2025-06-01,0013y00001cgwCYQAY
2,1:M Content,0013y00001YbVF9,Agentforce,2025-09-01,2025-09-01,0013y00001YbVF9QAN
4,1:M Content,001ed000006K4C8,Agentforce,2025-07-01,2025-07-01,001ed000006K4C8YAK
2,1:M Content,0010M00001WJFfO,Agentforce,2025-07-01,2025-07-01,0010M00001WJFfOQAX
2,1:M Content,001ed00000rco0V,Agentforce,2025-12-01,2025-12-01,001ed00000rco0VYAQ
2,1:M Content,001ed00000eERHS,Agentforce,2025-08-01,2025-08-01,001ed00000eERHSYA4
3,1:M Content,001ed00000ojI42,Agentforce,2025-11-01,2025-11-01,001ed00000ojI42YAE
2,1:M Content,00100000001rsZy,Agentforce,2025-09-01,2025-09-01,00100000001rsZyAAI
2,1:M Content,00130000002bqQj,Agentforce,2025-09-01,2025-09-01,00130000002bqQjAAI
2,1:M Content,001ed00000SmKKT,Agentforce,2025-05-01,2025-05-01,001ed00000SmKKTYA3
2,1:M Content,0013000001NXnk5,Agentforce,2025-06-01,2025-06-01,0013000001NXnk5AAD
2,1:M Content,0013000000269RR,Agentforce,2025-06-01,2025-06-01,0013000000269RRAAY
2,1:M Content,0013000000ZjcO4,Agentforce,2025-08-01,2025-08-01,0013000000ZjcO4AAJ
2,1:M Content,00130000000OmBh,Agentforce,2024-12-01,2024-12-01,00130000000OmBhAAK
2,1:M Content,001ed00000iotpZ,Agentforce,2025-10-01,2025-10-01,001ed00000iotpZYAQ
1,Success Guides,0013000000NQ4Sq,Agentforce,2025-07-01,2025-05-01,0013000000NQ4SqAAL
1,Success Guides,0013y00001d24mF,Agentforce,2025-02-01,2025-01-01,0013y00001d24mFQAQ
1,Success Guides,0013000000HIDGJ,Agentforce,2025-11-01,2025-10-01,0013000000HIDGJAA5
1,Success Guides,0013y00001cU2S1,Agentforce,2025-08-01,2025-07-01,0013y00001cU2S1QAK
1,Success Guides,00100000000tKHP,Agentforce,2025-12-01,2025-10-01,00100000000tKHPAA2
1,Success Guides,0013000000Zjac0,Agentforce,2025-05-01,2025-05-01,0013000000Zjac0AAB
1,Success Guides,0013000001Mipkx,Agentforce,2025-11-01,2025-09-01,0013000001MipkxAAB
1,Success Guides,0010M00001OzwCA,Agentforce,2025-06-01,2025-05-01,0010M00001OzwCAQAZ
1,Success Guides,0013000000K72Xb,Agentforce,2025-06-01,2025-06-01,0013000000K72XbAAJ
1,Success Guides,0013000000rpk7v,Agentforce,2025-11-01,2025-11-01,0013000000rpk7vAAA
1,Success Guides,0013000000M2PIA,Agentforce,2025-11-01,2025-07-01,0013000000M2PIAAA3
1,Success Guides,00130000003VpAP,Agentforce,2025-08-01,2025-07-01,00130000003VpAPAA0
1,Success Guides,0013000000M0f9i,Agentforce,2025-03-01,2025-02-01,0013000000M0f9iAAB
1,Success Guides,0010M00001QqoNw,Agentforce,2025-10-01,2025-10-01,0010M00001QqoNwQAJ
1,Success Guides,0013000001FoTDs,Agentforce,2025-09-01,2025-09-01,0013000001FoTDsAAN
1,Success Guides,0013000000RY6Me,Agentforce,2025-05-01,2025-04-01,0013000000RY6MeAAL
1,Success Guides,00100000001pHFs,Agentforce,2025-11-01,2025-10-01,00100000001pHFsAAM
1,Success Guides,0013y00001f995C,Agentforce,2025-09-01,2025-09-01,0013y00001f995CQAQ
1,Success Guides,0013y00001cFRig,Agentforce,2025-07-01,2025-06-01,0013y00001cFRigQAG
1,Success Guides,0013y00001cNN4b,Agentforce,2025-10-01,2025-09-01,0013y00001cNN4bQAG
1,Success Guides,0013y00001c5Q2z,Agentforce,2025-11-01,2025-09-01,0013y00001c5Q2zQAE
1,Success Guides,0013y00001chZIn,Agentforce,2025-11-01,2025-10-01,0013y00001chZInQAM
1,Success Guides,0013y00001eU9kJ,Agentforce,2025-02-01,2025-01-01,0013y00001eU9kJQAS
1,Success Guides,00130000009zecv,Agentforce,2025-11-01,2025-10-01,00130000009zecvAAA
1,Success Guides,001300000064qa4,Agentforce,2025-09-01,2025-09-01,001300000064qa4AAA
1,Success Guides,00130000016iMI3,Agentforce,2025-12-01,2025-12-01,00130000016iMI3AAM
1,Success Guides,0013000000hJOi1,Agentforce,2025-02-01,2025-02-01,0013000000hJOi1AAG
1,Success Guides,0013y00001dNGSM,Agentforce,2025-12-01,2025-11-01,0013y00001dNGSMQA4
2,Success Guides,0013y00001XzVEZ,Agentforce,2025-09-01,2025-09-01,0013y00001XzVEZQA3
1,1:M Content,0013000000AXupC,Agentforce,2025-05-01,2025-05-01,0013000000AXupCAAT
1,1:M Content,0013000000C2WVo,Agentforce,2025-01-01,2025-01-01,0013000000C2WVoAAN
1,1:M Content,001ed00000cTFqb,Agentforce,2025-08-01,2025-08-01,001ed00000cTFqbYAG
1,1:M Content,001ed00000t3Dx7,Agentforce,2025-12-01,2025-12-01,001ed00000t3Dx7YAE
1,1:M Content,0013000001CD2Wr,Agentforce,2025-10-01,2025-10-01,0013000001CD2WrAAL
1,1:M Content,001ed00000fWdjN,Agentforce,2025-08-01,2025-08-01,001ed00000fWdjNYAS
1,1:M Content,0013000001CDqCC,Agentforce,2025-07-01,2025-07-01,0013000001CDqCCAA1
1,1:M Content,0010M00001QoJ37,Agentforce,2025-10-01,2025-10-01,0010M00001QoJ37QAF
1,1:M Content,001ed00000WHkGw,Agentforce,2025-07-01,2025-07-01,001ed00000WHkGwYAL
1,1:M Content,0010M00001WAANe,Agentforce,2025-07-01,2025-07-01,0010M00001WAANeQAP
1,1:M Content,0010M00001UUxxT,Agentforce,2024-12-01,2024-12-01,0010M00001UUxxTQAT
1,1:M Content,0013y00001dWJNQ,Agentforce,2025-12-01,2025-12-01,0013y00001dWJNQQA4
1,1:M Content,00100000001Y4Kj,Agentforce,2025-10-01,2025-10-01,00100000001Y4KjAAK
1,1:M Content,00100000000BIm3,Agentforce,2025-12-01,2025-12-01,00100000000BIm3AAG
1,1:M Content,001ed00000bS63a,Agentforce,2025-08-01,2025-08-01,001ed00000bS63aYAC
1,1:M Content,0013000001CBhu3,Agentforce,2025-01-01,2025-01-01,0013000001CBhu3AAD
1,1:M Content,001ed00000Uqp6q,Agentforce,2025-06-01,2025-06-01,001ed00000Uqp6qYAB
1,1:M Content,001ed00000cJdHZ,Agentforce,2025-08-01,2025-08-01,001ed00000cJdHZYA0
1,1:M Content,001ed00000p5uFV,Agentforce,2025-11-01,2025-11-01,001ed00000p5uFVYAY
1,1:M Content,001ed00000WEVUY,Agentforce,2025-06-01,2025-06-01,001ed00000WEVUYYA5
1,1:M Content,001ed00000YQ30I,Agentforce,2025-08-01,2025-08-01,001ed00000YQ30IYAT
1,1:M Content,0013y00001ewKKO,Agentforce,2025-09-01,2025-09-01,0013y00001ewKKOQA2
1,1:M Content,00100000000ktis,Agentforce,2025-06-01,2025-06-01,00100000000ktisAAA
1,1:M Content,001ed00000gdDOe,Agentforce,2025-09-01,2025-09-01,001ed00000gdDOeYAM
1,1:M Content,0010M00001WaQ3i,Agentforce,2025-12-01,2025-12-01,0010M00001WaQ3iQAF
1,1:M Content,001ed00000gHV2R,Agentforce,2025-09-01,2025-09-01,001ed00000gHV2RYAW
1,1:M Content,0010M00001SpsJ7,Agentforce,2025-10-01,2025-10-01,0010M00001SpsJ7QAJ
1,1:M Content,0013000000ZkIVY,Agentforce,2025-08-01,2025-08-01,0013000000ZkIVYAA3
1,1:M Content,001ed00000dp3jn,Agentforce,2025-08-01,2025-08-01,001ed00000dp3jnYAA
1,1:M Content,0010M00001ULiD0,Agentforce,2025-05-01,2025-05-01,0010M00001ULiD0QAL
1,1:M Content,00130000016hI02,Agentforce,2025-09-01,2025-09-01,00130000016hI02AAE
1,1:M Content,0010M00001cCVKt,Agentforce,2025-08-01,2025-08-01,0010M00001cCVKtQAO
1,1:M Content,001ed00000bvIir,Agentforce,2025-07-01,2025-07-01,001ed00000bvIirYAE
1,1:M Content,0013000000rpodV,Agentforce,2025-12-01,2025-12-01,0013000000rpodVAAQ
1,1:M Content,001ed00000emXPF,Agentforce,2025-09-01,2025-09-01,001ed00000emXPFYA2
1,1:M Content,001300000025ReU,Agentforce,2025-09-01,2025-09-01,001300000025ReUAAU
1,1:M Content,001ed00000ZwjAI,Agentforce,2025-07-01,2025-07-01,001ed00000ZwjAIYAZ
1,1:M Content,0010M00001UEVri,Agentforce,2025-02-01,2025-02-01,0010M00001UEVriQAH
1,1:M Content,0010M00001WIOmK,Agentforce,2025-05-01,2025-05-01,0010M00001WIOmKQAX
1,1:M Content,001ed00000eju5U,Agentforce,2025-08-01,2025-08-01,001ed00000eju5UYAQ
1,1:M Content,001ed00000rf08o,Agentforce,2025-12-01,2025-12-01,001ed00000rf08oYAA
1,1:M Content,0013000000KxTcm,Agentforce,2025-08-01,2025-08-01,0013000000KxTcmAAF
1,1:M Content,0013000001J4zkC,Agentforce,2025-02-01,2025-02-01,0013000001J4zkCAAR
1,1:M Content,0013y00001cffQX,Agentforce,2025-05-01,2025-05-01,0013y00001cffQXQAY
1,1:M Content,00130000016iljm,Agentforce,2025-11-01,2025-11-01,00130000016iljmAAA
1,1:M Content,0013000000ZmIYy,Agentforce,2025-07-01,2025-07-01,0013000000ZmIYyAAN
1,1:M Content,001ed00000XWvpm,Agentforce,2025-06-01,2025-06-01,001ed00000XWvpmYAD
1,1:M Content,0010M00001PDwGd,Agentforce,2025-06-01,2025-06-01,0010M00001PDwGdQAL
1,1:M Content,0013y00001d1zfT,Agentforce,2025-11-01,2025-11-01,0013y00001d1zfTQAQ
1,1:M Content,0013000000hJ0o1,Agentforce,2025-08-01,2025-08-01,0013000000hJ0o1AAC
1,1:M Content,0013y00001dKf8o,Agentforce,2024-12-01,2024-12-01,0013y00001dKf8oQAC
1,1:M Content,0013y00001dKzis,Agentforce,2025-09-01,2025-09-01,0013y00001dKzisQAC
1,1:M Content,0013000000rojaG,Agentforce,2025-08-01,2025-08-01,0013000000rojaGAAQ
1,1:M Content,001ed00000dFvCP,Agentforce,2025-12-01,2025-12-01,001ed00000dFvCPYA0
1,1:M Content,0013y00001ck5IV,Agentforce,2025-11-01,2025-11-01,0013y00001ck5IVQAY
1,1:M Content,0013y00001caChE,Agentforce,2025-08-01,2025-08-01,0013y00001caChEQAU
4,1:M Content,0010M00001JzikW,Agentforce,2025-10-01,2025-10-01,0010M00001JzikWQAR
2,1:M Content,0013000000NPBTY,Agentforce,2025-02-01,2025-02-01,0013000000NPBTYAA5
4,1:M Content,001ed00000gxQfu,Agentforce,2025-09-01,2025-09-01,001ed00000gxQfuYAE
3,1:M Content,001ed00000hBlEC,Agentforce,2025-09-01,2025-09-01,001ed00000hBlECYA0
2,1:M Content,001ed00000dlG2s,Agentforce,2025-08-01,2025-08-01,001ed00000dlG2sYAE
5,1:M Content,0013000000rnP36,Agentforce,2025-05-01,2025-05-01,0013000000rnP36AAE
2,1:M Content,0013y00001cQ1z9,Agentforce,2025-11-01,2025-11-01,0013y00001cQ1z9QAC
2,1:M Content,001ed00000o9Lel,Agentforce,2025-11-01,2025-11-01,001ed00000o9LelYAE
4,1:M Content,0013000000GKsSu,Agentforce,2025-08-01,2025-08-01,0013000000GKsSuAAL
2,1:M Content,0013y00001fFILd,Agentforce,2025-09-01,2025-09-01,0013y00001fFILdQAO
6,1:M Content,0013000001GVAmf,Agentforce,2025-07-01,2025-07-01,0013000001GVAmfAAH
2,1:M Content,0013000001FalrW,Agentforce,2025-11-01,2025-11-01,0013000001FalrWAAR
3,1:M Content,001ed00000Zke80,Agentforce,2025-08-01,2025-08-01,001ed00000Zke80YAB
2,1:M Content,0013000000JJvBg,Agentforce,2025-11-01,2025-11-01,0013000000JJvBgAAL
3,1:M Content,0013y00001cw0p7,Agentforce,2025-06-01,2025-06-01,0013y00001cw0p7QAA
3,1:M Content,0013000001CAoab,Agentforce,2025-08-01,2025-08-01,0013000001CAoabAAD
2,1:M Content,0013000000hJSRo,Agentforce,2025-11-01,2025-11-01,0013000000hJSRoAAO
3,1:M Content,0013000000794Fv,Agentforce,2025-07-01,2025-07-01,0013000000794FvAAI
2,1:M Content,0010M00001WZrTG,Agentforce,2025-08-01,2025-08-01,0010M00001WZrTGQA1
4,1:M Content,001ed00000ZxWNu,Agentforce,2025-07-01,2025-07-01,001ed00000ZxWNuYAN
2,1:M Content,0013y00001dLB4w,Agentforce,2025-10-01,2025-10-01,0013y00001dLB4wQAG
2,1:M Content,001ed00000WJmXy,Agentforce,2025-06-01,2025-06-01,001ed00000WJmXyYAL
3,1:M Content,0013000000NPdSv,Agentforce,2025-06-01,2025-06-01,0013000000NPdSvAAL
3,1:M Content,0010M00001QaVKF,Agentforce,2025-07-01,2025-07-01,0010M00001QaVKFQA3
3,1:M Content,001ed00000p78OT,Agentforce,2025-11-01,2025-11-01,001ed00000p78OTYAY
2,1:M Content,0010M00001SIkRG,Agentforce,2025-01-01,2025-01-01,0010M00001SIkRGQA1
2,1:M Content,001ed00000bx4Tl,Agentforce,2025-08-01,2025-08-01,001ed00000bx4TlYAI
2,1:M Content,0013000000M125F,Agentforce,2025-12-01,2025-12-01,0013000000M125FAAR
1,Success Guides,0010M00001WaICN,Agentforce,2025-10-01,2025-10-01,0010M00001WaICNQA3
1,Success Architects,0010M00001WZVXj,Agentforce,2025-02-01,2024-11-01,0010M00001WZVXjQAP
1,Success Guides,0010M00001UVXgx,Agentforce,2025-09-01,2025-09-01,0010M00001UVXgxQAH
1,Success Guides,0010M00001SIpaw,Agentforce,2025-10-01,2025-09-01,0010M00001SIpawQAD
1,Success Guides,0013y00001cSM8G,Agentforce,2025-11-01,2025-11-01,0013y00001cSM8GQAW
1,Success Guides,0013000000LBKic,Agentforce,2025-11-01,2025-11-01,0013000000LBKicAAH
1,Success Guides,0013000001FipqH,Agentforce,2025-08-01,2025-06-01,0013000001FipqHAAR
1,Success Guides,0013000001CD0Vk,Agentforce,2025-09-01,2025-09-01,0013000001CD0VkAAL
1,Success Guides,0013000000hJFEu,Agentforce,2025-10-01,2025-09-01,0013000000hJFEuAAO
1,Success Guides,0013000000hLifF,Agentforce,2025-11-01,2025-10-01,0013000000hLifFAAS
1,Success Guides,0013000001GURb5,Agentforce,2025-11-01,2025-10-01,0013000001GURb5AAH
1,Success Guides,00130000016gfd5,Agentforce,2025-12-01,2025-11-01,00130000016gfd5AAA
1,Success Guides,0013000000hJvwn,Agentforce,2025-11-01,2025-10-01,0013000000hJvwnAAC
1,Success Guides,0013000000JIYSZ,Agentforce,2025-11-01,2025-11-01,0013000000JIYSZAA5
1,Success Guides,0013y00001c4azU,Agentforce,2025-09-01,2025-07-01,0013y00001c4azUQAQ
1,Success Guides,0013y00001f8Ax5,Agentforce,2025-07-01,2025-07-01,0013y00001f8Ax5QAE
1,Success Guides,0010M00001SJRM7,Agentforce,2025-11-01,2025-09-01,0010M00001SJRM7QAP
1,Success Guides,0013000000ZjgCw,Agentforce,2025-12-01,2025-10-01,0013000000ZjgCwAAJ
1,Success Guides,0013000000092BT,Agentforce,2025-08-01,2025-06-01,0013000000092BTAAY
1,1:M Content,001ed00000oQxnf,Agentforce,2025-11-01,2025-11-01,001ed00000oQxnfYAC
1,1:M Content,0010M00001SIxbY,Agentforce,2024-12-01,2024-12-01,0010M00001SIxbYQAT
1,1:M Content,0013000001GW4Z9,Agentforce,2025-11-01,2025-11-01,0013000001GW4Z9AAL
1,1:M Content,0010M00001QmTyY,Agentforce,2025-08-01,2025-08-01,0010M00001QmTyYQAV
1,1:M Content,001ed00000RSg9g,Agentforce,2025-05-01,2025-05-01,001ed00000RSg9gYAD
1,1:M Content,0013y00001gDJYu,Agentforce,2025-11-01,2025-11-01,0013y00001gDJYuQAO
1,1:M Content,001ed00000fp0Pq,Agentforce,2025-09-01,2025-09-01,001ed00000fp0PqYAI
1,1:M Content,0010M00001SHtuH,Agentforce,2025-11-01,2025-11-01,0010M00001SHtuHQAT
1,1:M Content,0013y00001c4mli,Agentforce,2025-05-01,2025-05-01,0013y00001c4mliQAA
1,1:M Content,001000000017PhD,Agentforce,2025-12-01,2025-12-01,001000000017PhDAAU
1,1:M Content,00130000002xANG,Agentforce,2025-07-01,2025-07-01,00130000002xANGAA2
1,1:M Content,0013y00001eMO4D,Agentforce,2025-10-01,2025-10-01,0013y00001eMO4DQAW
1,1:M Content,001ed00000cE89v,Agentforce,2025-07-01,2025-07-01,001ed00000cE89vYAC
1,1:M Content,0010M00001V47rb,Agentforce,2025-06-01,2025-06-01,0010M00001V47rbQAB
1,1:M Content,0013000000Zjac0,Agentforce,2024-11-01,2024-11-01,0013000000Zjac0AAB
1,1:M Content,0013y00001buHUl,Agentforce,2025-09-01,2025-09-01,0013y00001buHUlQAM
1,1:M Content,0013000000rqFQv,Agentforce,2025-09-01,2025-09-01,0013000000rqFQvAAM
1,1:M Content,0013000000rojaG,Agentforce,2025-06-01,2025-06-01,0013000000rojaGAAQ
1,1:M Content,001000000000wCb,Agentforce,2025-10-01,2025-10-01,001000000000wCbAAI
1,1:M Content,001ed00000ok3ZB,Agentforce,2025-12-01,2025-12-01,001ed00000ok3ZBYAY
1,1:M Content,001ed00000t1BUo,Agentforce,2025-12-01,2025-12-01,001ed00000t1BUoYAM
1,1:M Content,0010M00001c4Qjg,Agentforce,2025-08-01,2025-08-01,0010M00001c4QjgQAE
1,1:M Content,0010M00001XxylH,Agentforce,2025-04-01,2025-04-01,0010M00001XxylHQAR
1,1:M Content,0013000001CDw6D,Agentforce,2025-08-01,2025-08-01,0013000001CDw6DAAT
1,1:M Content,001ed00000Yun7K,Agentforce,2025-07-01,2025-07-01,001ed00000Yun7KYAR
1,1:M Content,001ed00000Zx2uT,Agentforce,2025-07-01,2025-07-01,001ed00000Zx2uTYAR
1,1:M Content,001ed00000AnEk4,Agentforce,2025-07-01,2025-07-01,001ed00000AnEk4YAF
1,1:M Content,0010M00001XyI6L,Agentforce,2025-02-01,2025-02-01,0010M00001XyI6LQAV
1,1:M Content,001ed00000Jl1Dt,Agentforce,2025-02-01,2025-02-01,001ed00000Jl1DtYAJ
1,1:M Content,001ed00000pXzQk,Agentforce,2025-12-01,2025-12-01,001ed00000pXzQkYAK
1,1:M Content,001ed00000Qbeyp,Agentforce,2025-06-01,2025-06-01,001ed00000QbeypYAB
1,1:M Content,0010M00001WAANe,Agentforce,2025-11-01,2025-11-01,0010M00001WAANeQAP
1,1:M Content,001ed00000Zan7i,Agentforce,2025-07-01,2025-07-01,001ed00000Zan7iYAB
1,1:M Content,0013000001IgPLa,Agentforce,2025-03-01,2025-03-01,0013000001IgPLaAAN
1,1:M Content,001ed00000rZjv1,Agentforce,2025-12-01,2025-12-01,001ed00000rZjv1YAC
1,1:M Content,0013y00001cTL3X,Agentforce,2025-06-01,2025-06-01,0013y00001cTL3XQAW
1,1:M Content,00100000000uKGx,Agentforce,2025-09-01,2025-09-01,00100000000uKGxAAM
1,1:M Content,00100000001jSom,Agentforce,2025-03-01,2025-03-01,00100000001jSomAAE
1,1:M Content,001ed00000bdZVF,Agentforce,2025-07-01,2025-07-01,001ed00000bdZVFYA2
1,1:M Content,0013000001GiKVk,Agentforce,2025-08-01,2025-07-01,0013000001GiKVkAAN
1,1:M Content,001ed00000ZrGiR,Agentforce,2025-07-01,2025-07-01,001ed00000ZrGiRYAV
8,1:M Content,00130000008ea4N,Agentforce,2025-07-01,2025-07-01,00130000008ea4NAAQ
4,1:M Content,001ed00000gq9Ws,Agentforce,2025-09-01,2025-09-01,001ed00000gq9WsYAI
3,1:M Content,001ed00000dpgA6,Agentforce,2025-09-01,2025-09-01,001ed00000dpgA6YAI
3,1:M Content,001ed00000p4fX7,Agentforce,2025-12-01,2025-12-01,001ed00000p4fX7YAI
4,1:M Content,0013000000RZ2Ls,Agentforce,2025-12-01,2025-12-01,0013000000RZ2LsAAL
4,1:M Content,0013000000rnIFa,Agentforce,2025-04-01,2025-04-01,0013000000rnIFaAAM
14,1:M Content,0013000000rpZHi,Agentforce,2025-06-01,2025-06-01,0013000000rpZHiAAM
3,1:M Content,0013000001NX8to,Agentforce,2025-08-01,2025-08-01,0013000001NX8toAAD
2,1:M Content,0010M00001YFcWS,Agentforce,2025-09-01,2025-09-01,0010M00001YFcWSQA1
3,1:M Content,001ed00000gNyZa,Agentforce,2025-09-01,2025-09-01,001ed00000gNyZaYAK
4,1:M Content,001ed00000on92B,Agentforce,2025-11-01,2025-11-01,001ed00000on92BYAQ
4,1:M Content,001ed00000oRJ0A,Agentforce,2025-11-01,2025-11-01,001ed00000oRJ0AYAW
2,1:M Content,00100000001hgYG,Agentforce,2025-06-01,2025-06-01,00100000001hgYGAAY
2,1:M Content,001ed00000TcDQA,Agentforce,2025-06-01,2025-06-01,001ed00000TcDQAYA3
2,1:M Content,00130000002xRui,Agentforce,2025-10-01,2025-10-01,00130000002xRuiAAE
2,1:M Content,0013y00001cftnc,Agentforce,2025-02-01,2025-02-01,0013y00001cftncQAA
2,1:M Content,00130000002xaJ3,Agentforce,2025-07-01,2025-07-01,00130000002xaJ3AAI
2,1:M Content,001ed00000bjIbP,Agentforce,2025-07-01,2025-07-01,001ed00000bjIbPYAU
2,1:M Content,0013000000ZmW0i,Agentforce,2025-08-01,2025-08-01,0013000000ZmW0iAAF
2,1:M Content,001ed00000fQFdK,Agentforce,2025-08-01,2025-08-01,001ed00000fQFdKYAW
4,1:M Content,001ed00000oQZbg,Agentforce,2025-11-01,2025-11-01,001ed00000oQZbgYAG
2,1:M Content,001ed00000omJml,Agentforce,2025-11-01,2025-11-01,001ed00000omJmlYAE
2,1:M Content,0013000000NPlxL,Agentforce,2025-09-01,2025-09-01,0013000000NPlxLAAT
2,1:M Content,0013y00001cCfvK,Agentforce,2025-09-01,2025-09-01,0013y00001cCfvKQAS
2,1:M Content,0010M00001QmOSz,Agentforce,2025-11-01,2025-11-01,0010M00001QmOSzQAN
2,1:M Content,001ed00000ioF92,Agentforce,2025-10-01,2025-10-01,001ed00000ioF92YAE
2,1:M Content,001ed00000gVEWN,Agentforce,2025-09-01,2025-09-01,001ed00000gVEWNYA4
2,1:M Content,001ed00000UUyGp,Agentforce,2025-06-01,2025-06-01,001ed00000UUyGpYAL
2,1:M Content,001ed00000qoVSU,Agentforce,2025-12-01,2025-12-01,001ed00000qoVSUYA2
2,1:M Content,0013000000JKobH,Agentforce,2025-08-01,2025-08-01,0013000000JKobHAAT
3,1:M Content,0013000000ZkNk7,Agentforce,2025-08-01,2025-08-01,0013000000ZkNk7AAF
2,1:M Content,0013000001L6GgX,Agentforce,2025-06-01,2025-06-01,0013000001L6GgXAAV
2,1:M Content,0013000000HFbxu,Agentforce,2025-08-01,2025-08-01,0013000000HFbxuAAD
2,1:M Content,0013000000JwxIp,Agentforce,2025-10-01,2025-10-01,0013000000JwxIpAAJ
2,1:M Content,0010M00001SemY6,Agentforce,2025-10-01,2025-10-01,0010M00001SemY6QAJ
2,1:M Content,0013000000RWxyb,Agentforce,2025-08-01,2025-08-01,0013000000RWxybAAD
1,Success Guides,00130000002bqQj,Agentforce,2025-09-01,2025-08-01,00130000002bqQjAAI
1,Success Guides,0013000000M0pap,Agentforce,2024-12-01,2024-11-01,0013000000M0papAAB
1,Success Guides,00130000008phCm,Agentforce,2024-12-01,2024-12-01,00130000008phCmAAI
1,Success Guides,0013000000ZjFdx,Agentforce,2025-10-01,2025-06-01,0013000000ZjFdxAAF
1,Success Guides,0013000000AnD1x,Agentforce,2025-11-01,2025-10-01,0013000000AnD1xAAF
1,Success Guides,001ed00000Kb0qM,Agentforce,2025-06-01,2025-06-01,001ed00000Kb0qMYAR
1,Success Guides,0013000000Jgo2R,Agentforce,2025-11-01,2025-11-01,0013000000Jgo2RAAR
1,Success Guides,0013y00001cfhra,Agentforce,2025-12-01,2025-10-01,0013y00001cfhraQAA
1,Success Guides,0013000001GW6Cl,Agentforce,2025-07-01,2025-06-01,0013000001GW6ClAAL
1,Success Guides,0013000000RXmon,Agentforce,2025-04-01,2025-03-01,0013000000RXmonAAD
1,Success Guides,0013000000hJtem,Agentforce,2025-06-01,2025-05-01,0013000000hJtemAAC
1,Success Guides,0013000000hL5Ms,Agentforce,2025-06-01,2025-05-01,0013000000hL5MsAAK
1,Success Guides,0013000000hKqBc,Agentforce,2025-03-01,2025-03-01,0013000000hKqBcAAK
1,Success Guides,0013000001Iflrd,Agentforce,2025-04-01,2025-04-01,0013000001IflrdAAB
1,Success Guides,0013000000hLHmh,Agentforce,2025-11-01,2025-09-01,0013000000hLHmhAAG
1,Success Guides,00130000002xJA9,Agentforce,2025-08-01,2025-07-01,00130000002xJA9AAM
1,Success Guides,0013000000M2UOx,Agentforce,2025-11-01,2025-10-01,0013000000M2UOxAAN
1,Success Guides,0013y00001cyk7G,Agentforce,2025-09-01,2025-08-01,0013y00001cyk7GQAQ
1,Success Guides,001ed000004beNZ,Agentforce,2025-08-01,2025-07-01,001ed000004beNZYAY
1,Success Guides,0013000000RX53V,Agentforce,2025-10-01,2025-08-01,0013000000RX53VAAT
1,Success Guides,0013y00001cSyVh,Agentforce,2025-12-01,2025-12-01,0013y00001cSyVhQAK
1,Success Guides,0013000000JiMpa,Agentforce,2025-03-01,2025-03-01,0013000000JiMpaAAF
1,Success Guides,0013000000HFFem,Agentforce,2025-07-01,2025-05-01,0013000000HFFemAAH
1,Success Guides,0010M00001XxuYc,Agentforce,2025-07-01,2025-06-01,0010M00001XxuYcQAJ
2,Success Guides,0013000000ZmAel,Agentforce,2025-09-01,2025-09-01,0013000000ZmAelAAF
2,Success Guides,0010M00001WYAbY,Agentforce,2025-11-01,2025-11-01,0010M00001WYAbYQAX
1,1:M Content,001ed00000aJr3u,Agentforce,2025-07-01,2025-07-01,001ed00000aJr3uYAC
1,1:M Content,0013y00001beCGp,Agentforce,2025-06-01,2025-06-01,0013y00001beCGpQAM
1,1:M Content,00130000000o5y9,Agentforce,2025-01-01,2025-01-01,00130000000o5y9AAA
1,1:M Content,001ed00000fnBpB,Agentforce,2025-08-01,2025-08-01,001ed00000fnBpBYAU
1,1:M Content,0010M00001S9L5A,Agentforce,2025-12-01,2025-12-01,0010M00001S9L5AQAV
1,1:M Content,0013y00001f9Fg3,Agentforce,2025-04-01,2025-04-01,0013y00001f9Fg3QAE
1,1:M Content,0010000000164Oi,Agentforce,2025-12-01,2025-12-01,0010000000164OiAAI
1,1:M Content,001ed00000AtP8C,Agentforce,2025-06-01,2025-06-01,001ed00000AtP8CYAV
1,1:M Content,001ed00000QO8By,Agentforce,2025-07-01,2025-07-01,001ed00000QO8ByYAL
1,1:M Content,0010M00001WXznn,Agentforce,2025-08-01,2025-08-01,0010M00001WXznnQAD
1,1:M Content,001ed00000dzSvN,Agentforce,2025-09-01,2025-09-01,001ed00000dzSvNYAU
1,1:M Content,0013000001NX3jL,Agentforce,2025-07-01,2025-07-01,0013000001NX3jLAAT
1,1:M Content,0010M00001QmrXw,Agentforce,2025-01-01,2025-01-01,0010M00001QmrXwQAJ
1,1:M Content,0013y00001f9E0o,Agentforce,2025-06-01,2025-06-01,0013y00001f9E0oQAE
1,1:M Content,0013000000HFbzL,Agentforce,2025-09-01,2025-09-01,0013000000HFbzLAAT
1,1:M Content,0010M00001QmFmc,Agentforce,2025-08-01,2025-08-01,0010M00001QmFmcQAF
1,1:M Content,0013000000HI3g3,Agentforce,2025-09-01,2025-09-01,0013000000HI3g3AAD
1,1:M Content,0013y00001dxxpd,Agentforce,2025-09-01,2025-09-01,0013y00001dxxpdQAA
1,1:M Content,0013000000hKm5T,Agentforce,2025-12-01,2025-12-01,0013000000hKm5TAAS
1,1:M Content,001ed00000ebeYv,Agentforce,2025-08-01,2025-08-01,001ed00000ebeYvYAI
1,1:M Content,001ed00000il45H,Agentforce,2025-09-01,2025-09-01,001ed00000il45HYAQ
1,1:M Content,0010M00001QoJl7,Agentforce,2025-08-01,2025-08-01,0010M00001QoJl7QAF
1,1:M Content,0013y00001c6uRv,Agentforce,2025-08-01,2025-08-01,0013y00001c6uRvQAI
1,1:M Content,001ed00000D90cP,Agentforce,2024-12-01,2024-12-01,001ed00000D90cPYAR
1,1:M Content,0010M00001Sq9Ot,Agentforce,2025-01-01,2025-01-01,0010M00001Sq9OtQAJ
1,1:M Content,0013y00001dOK8L,Agentforce,2025-08-01,2025-08-01,0013y00001dOK8LQAW
1,1:M Content,00130000016hqBv,Agentforce,2025-03-01,2025-03-01,00130000016hqBvAAI
1,1:M Content,0013y00001chGHG,Agentforce,2025-10-01,2025-10-01,0013y00001chGHGQA2
1,1:M Content,001ed00000gHoEn,Agentforce,2025-09-01,2025-09-01,001ed00000gHoEnYAK
1,1:M Content,001ed00000t5RCn,Agentforce,2025-12-01,2025-12-01,001ed00000t5RCnYAM
1,1:M Content,001ed00000jc5RO,Agentforce,2025-10-01,2025-10-01,001ed00000jc5ROYAY
1,1:M Content,001ed00000doGHd,Agentforce,2025-08-01,2025-08-01,001ed00000doGHdYAM
1,1:M Content,0010M00001QmnNx,Agentforce,2025-06-01,2025-06-01,0010M00001QmnNxQAJ
1,1:M Content,001ed00000fhl5j,Agentforce,2025-08-01,2025-08-01,001ed00000fhl5jYAA
1,1:M Content,0013000000hLlWg,Agentforce,2025-07-01,2025-07-01,0013000000hLlWgAAK
1,1:M Content,0013000001JcwR2,Agentforce,2025-08-01,2025-08-01,0013000001JcwR2AAJ
1,1:M Content,00130000007tgIq,Agentforce,2025-10-01,2025-10-01,00130000007tgIqAAI
1,1:M Content,001ed00000obxyr,Agentforce,2025-12-01,2025-12-01,001ed00000obxyrYAA
1,1:M Content,00130000005tQ9v,Agentforce,2025-08-01,2025-08-01,00130000005tQ9vAAE
1,1:M Content,0010M00001SILnz,Agentforce,2025-04-01,2025-04-01,0010M00001SILnzQAH
1,1:M Content,0013000000HFbxu,Agentforce,2025-09-01,2025-09-01,0013000000HFbxuAAD
1,1:M Content,0013000000NOxGN,Agentforce,2025-09-01,2025-09-01,0013000000NOxGNAA1
1,1:M Content,0013000000Em41v,Agentforce,2024-12-01,2024-12-01,0013000000Em41vAAB
1,1:M Content,0013000000NR8fI,Agentforce,2025-11-01,2025-11-01,0013000000NR8fIAAT
1,1:M Content,0013y00001e60Cd,Agentforce,2025-09-01,2025-09-01,0013y00001e60CdQAI
1,1:M Content,001ed00000TWreo,Agentforce,2025-08-01,2025-08-01,001ed00000TWreoYAD
1,1:M Content,0013000001KaKyO,Agentforce,2025-11-01,2025-11-01,0013000001KaKyOAAV
1,1:M Content,0010M00001WICV8,Agentforce,2025-02-01,2025-02-01,0010M00001WICV8QAP
1,1:M Content,0013000001CAFGS,Agentforce,2025-09-01,2025-09-01,0013000001CAFGSAA5
1,1:M Content,0013000001CAts6,Agentforce,2025-01-01,2025-01-01,0013000001CAts6AAD
1,1:M Content,0013000000ZmhpZ,Agentforce,2025-08-01,2025-08-01,0013000000ZmhpZAAR
1,1:M Content,0013000000794Fv,Agentforce,2025-11-01,2025-11-01,0013000000794FvAAI
1,1:M Content,00130000002x8G8,Agentforce,2025-01-01,2025-01-01,00130000002x8G8AAI
3,1:M Content,0013000000Zkhwe,Agentforce,2025-08-01,2025-08-01,0013000000ZkhweAAB
4,1:M Content,001ed00000h0TcM,Agentforce,2025-09-01,2025-09-01,001ed00000h0TcMYAU
3,1:M Content,0013000001LYxQL,Agentforce,2025-07-01,2025-07-01,0013000001LYxQLAA1
4,1:M Content,0013000001Gj504,Agentforce,2025-08-01,2025-08-01,0013000001Gj504AAB
5,1:M Content,0013000001CC9dB,Agentforce,2025-12-01,2025-12-01,0013000001CC9dBAAT
5,1:M Content,00130000016hMrZ,Agentforce,2025-10-01,2025-10-01,00130000016hMrZAAU
4,1:M Content,001ed00000edwra,Agentforce,2025-08-01,2025-08-01,001ed00000edwraYAA
4,1:M Content,0013000000FeB1i,Agentforce,2025-07-01,2025-07-01,0013000000FeB1iAAF
2,1:M Content,001ed00000eCi9Y,Agentforce,2025-08-01,2025-08-01,001ed00000eCi9YYAS
2,1:M Content,0013000001LYxQL,Agentforce,2025-06-01,2025-06-01,0013000001LYxQLAA1
2,1:M Content,0013y00001cTHUZ,Agentforce,2025-10-01,2025-10-01,0013y00001cTHUZQA4
4,1:M Content,001ed00000dYt8V,Agentforce,2025-08-01,2025-08-01,001ed00000dYt8VYAS
3,1:M Content,00130000002x95n,Agentforce,2025-08-01,2025-08-01,00130000002x95nAAA
2,1:M Content,001ed00000aAYba,Agentforce,2025-07-01,2025-07-01,001ed00000aAYbaYAG
3,1:M Content,001ed00000gOPEo,Agentforce,2025-09-01,2025-09-01,001ed00000gOPEoYAO
2,1:M Content,0013y00001fZqyt,Agentforce,2025-08-01,2025-08-01,0013y00001fZqytQAC
2,1:M Content,001ed00000RaLT1,Agentforce,2025-05-01,2025-05-01,001ed00000RaLT1YAN
2,1:M Content,0013000000IkQD7,Agentforce,2025-08-01,2025-08-01,0013000000IkQD7AAN
2,1:M Content,001ed00000bws17,Agentforce,2025-07-01,2025-07-01,001ed00000bws17YAA
3,1:M Content,0013y00001cfeGH,Agentforce,2025-08-01,2025-08-01,0013y00001cfeGHQAY
2,1:M Content,0013000000M0ot6,Agentforce,2025-02-01,2025-02-01,0013000000M0ot6AAB
2,1:M Content,0010M00001WZ29s,Agentforce,2025-09-01,2025-09-01,0010M00001WZ29sQAD
2,1:M Content,0013000001CA8Y8,Agentforce,2025-10-01,2025-10-01,0013000001CA8Y8AAL
2,1:M Content,0010M00001THIgO,Agentforce,2024-12-01,2024-12-01,0010M00001THIgOQAX
1,Success Guides,00130000002xFwD,Agentforce,2025-11-01,2025-10-01,00130000002xFwDAAU
1,Success Guides,0013000000LzUpI,Agentforce,2025-09-01,2025-06-01,0013000000LzUpIAAV
1,Success Guides,0010M00001S9GBw,Agentforce,2025-09-01,2025-08-01,0010M00001S9GBwQAN
1,Success Guides,00100000001KsNa,Agentforce,2025-02-01,2025-02-01,00100000001KsNaAAK
1,Success Guides,0010M00001Qjq3W,Agentforce,2025-08-01,2025-07-01,0010M00001Qjq3WQAR
1,Success Guides,0013y00001c4azU,Agentforce,2025-03-01,2025-03-01,0013y00001c4azUQAQ
1,Success Guides,0013y00001eHvDJ,Agentforce,2025-10-01,2025-09-01,0013y00001eHvDJQA0
1,Success Guides,0013000000NPOSM,Agentforce,2025-07-01,2025-06-01,0013000000NPOSMAA5
1,Success Guides,0010M00001QqtNQ,Agentforce,2025-07-01,2025-05-01,0010M00001QqtNQQAZ
1,Success Guides,001ed00000EyWGM,Agentforce,2025-02-01,2025-01-01,001ed00000EyWGMYA3
1,Success Guides,001ed000005GfFd,Agentforce,2025-08-01,2025-07-01,001ed000005GfFdYAK
1,Success Guides,0013000001C9xLc,Agentforce,2025-11-01,2025-10-01,0013000001C9xLcAAJ
1,Success Guides,0010M00001QqtNQ,Agentforce,2025-11-01,2025-11-01,0010M00001QqtNQQAZ
1,Success Guides,0013000001LV2tR,Agentforce,2025-01-01,2024-12-01,0013000001LV2tRAAT
1,Success Guides,0013y00001cbET2,Agentforce,2025-06-01,2025-05-01,0013y00001cbET2QAM
1,Success Guides,0013000000IlzuT,Agentforce,2025-03-01,2025-02-01,0013000000IlzuTAAR
1,Success Guides,0010M00001SJSXa,Agentforce,2025-11-01,2025-10-01,0010M00001SJSXaQAP
1,Success Guides,00130000016ixZ4,Agentforce,2025-12-01,2025-11-01,00130000016ixZ4AAI
1,Success Guides,0013000000RX1GV,Agentforce,2025-12-01,2025-12-01,0013000000RX1GVAA1
1,Success Guides,0013y00001bdnED,Agentforce,2025-12-01,2025-11-01,0013y00001bdnEDQAY
1,Success Guides,00100000002CNGA,Agentforce,2025-09-01,2025-08-01,00100000002CNGAAA4
1,Success Guides,0010M00001WYAbY,Agentforce,2025-11-01,2025-10-01,0010M00001WYAbYQAX
1,Success Guides,0013y00001cSejz,Agentforce,2025-11-01,2025-10-01,0013y00001cSejzQAC
1,Success Guides,0010M00001QaKRB,Agentforce,2025-10-01,2025-08-01,0010M00001QaKRBQA3
1,Success Guides,00100000000oL01,Agentforce,2026-01-01,2025-12-01,00100000000oL01AAE
1,Success Guides,0013000001Fa1VT,Agentforce,2024-12-01,2024-11-01,0013000001Fa1VTAAZ
1,Success Guides,0013000000ZjgCw,Agentforce,2025-10-01,2025-09-01,0013000000ZjgCwAAJ
1,Success Guides,00130000000tWrN,Agentforce,2025-12-01,2025-10-01,00130000000tWrNAAU
1,Success Guides,00130000016hD2Z,Agentforce,2025-06-01,2025-06-01,00130000016hD2ZAAU
1,Success Guides,0010M00001QmrIf,Agentforce,2025-10-01,2025-09-01,0010M00001QmrIfQAJ
3,Success Guides,00100000001ow6d,Agentforce,2025-04-01,2025-04-01,00100000001ow6dAAA
2,Success Guides,0013000000rnIFa,Agentforce,2025-01-01,2025-01-01,0013000000rnIFaAAM
1,1:M Content,00130000004bZDk,Agentforce,2025-11-01,2025-11-01,00130000004bZDkAAM
1,1:M Content,0013y00001c8Lgn,Agentforce,2025-07-01,2025-07-01,0013y00001c8LgnQAE
1,1:M Content,0013000000RaLyD,Agentforce,2025-08-01,2025-07-01,0013000000RaLyDAAV
1,1:M Content,001ed00000RJt2t,Agentforce,2025-06-01,2025-06-01,001ed00000RJt2tYAD
1,1:M Content,0013y00001d2BMd,Agentforce,2025-05-01,2025-05-01,0013y00001d2BMdQAM
1,1:M Content,001ed00000pgU4L,Agentforce,2025-11-01,2025-11-01,001ed00000pgU4LYAU
1,1:M Content,0013000000JybBW,Agentforce,2025-07-01,2025-07-01,0013000000JybBWAAZ
1,1:M Content,001ed00000IhHWI,Agentforce,2025-02-01,2025-02-01,001ed00000IhHWIYA3
1,1:M Content,0013y00001cZdXB,Agentforce,2025-07-01,2025-07-01,0013y00001cZdXBQA0
1,1:M Content,0013000001CAoen,Agentforce,2025-09-01,2025-09-01,0013000001CAoenAAD
1,1:M Content,001ed00000hYD8a,Agentforce,2025-09-01,2025-09-01,001ed00000hYD8aYAG
1,1:M Content,001ed00000eTVHY,Agentforce,2025-08-01,2025-08-01,001ed00000eTVHYYA4
1,1:M Content,0013000001GVbd0,Agentforce,2025-11-01,2025-11-01,0013000001GVbd0AAD
1,1:M Content,001ed00000F1Csy,Agentforce,2025-01-01,2025-01-01,001ed00000F1CsyYAF
1,1:M Content,0013000000rpk2w,Agentforce,2025-07-01,2025-07-01,0013000000rpk2wAAA
1,1:M Content,0013000001Igs1f,Agentforce,2025-09-01,2025-09-01,0013000001Igs1fAAB
1,1:M Content,0013000000M2SL1,Agentforce,2025-07-01,2025-07-01,0013000000M2SL1AAN
1,1:M Content,0013y00001d0aMa,Agentforce,2025-01-01,2025-01-01,0013y00001d0aMaQAI
1,1:M Content,00100000001e2SX,Agentforce,2025-11-01,2025-11-01,00100000001e2SXAAY
1,1:M Content,001ed00000sgrla,Agentforce,2025-12-01,2025-12-01,001ed00000sgrlaYAA
1,1:M Content,0013y00001eTz4W,Agentforce,2025-02-01,2025-02-01,0013y00001eTz4WQAS
1,1:M Content,001ed00000d6vuq,Agentforce,2025-08-01,2025-08-01,001ed00000d6vuqYAA
1,1:M Content,00130000016iKV0,Agentforce,2024-12-01,2024-12-01,00130000016iKV0AAM
1,1:M Content,001ed00000oR1pg,Agentforce,2025-12-01,2025-12-01,001ed00000oR1pgYAC
1,1:M Content,0013y00001dWLCK,Agentforce,2025-08-01,2025-08-01,0013y00001dWLCKQA4
1,1:M Content,0010M00001NYYoA,Agentforce,2025-12-01,2025-12-01,0010M00001NYYoAQAX
1,1:M Content,0010M00001U3wGP,Agentforce,2025-08-01,2025-08-01,0010M00001U3wGPQAZ
1,1:M Content,0013y00001cJ1ja,Agentforce,2025-07-01,2025-07-01,0013y00001cJ1jaQAC
1,1:M Content,001ed00000sfeyW,Agentforce,2025-12-01,2025-12-01,001ed00000sfeyWYAQ
1,1:M Content,001ed00000OqpAL,Agentforce,2025-04-01,2025-04-01,001ed00000OqpALYAZ
1,1:M Content,0013000000rojaG,Agentforce,2025-10-01,2025-10-01,0013000000rojaGAAQ
1,1:M Content,001ed00000pGtKz,Agentforce,2025-11-01,2025-11-01,001ed00000pGtKzYAK
1,1:M Content,001ed00000dpQ8T,Agentforce,2025-08-01,2025-08-01,001ed00000dpQ8TYAU
1,1:M Content,00130000016ghM9,Agentforce,2025-07-01,2025-07-01,00130000016ghM9AAI
1,1:M Content,0013000001LXvzq,Agentforce,2025-08-01,2025-08-01,0013000001LXvzqAAD
1,1:M Content,0013y00001cjtQZ,Agentforce,2025-10-01,2025-10-01,0013y00001cjtQZQAY
1,1:M Content,0013000000AbNTl,Agentforce,2025-06-01,2025-06-01,0013000000AbNTlAAN
1,1:M Content,0013000000I3on0,Agentforce,2025-11-01,2025-11-01,0013000000I3on0AAB
1,1:M Content,0013000001NX8dH,Agentforce,2025-11-01,2025-11-01,0013000001NX8dHAAT
1,1:M Content,001ed00000aTLHJ,Agentforce,2025-07-01,2025-07-01,001ed00000aTLHJYA4
1,1:M Content,0010M00001WZ3Eo,Agentforce,2025-12-01,2025-12-01,0010M00001WZ3EoQAL
1,1:M Content,0013000000HFbxu,Agentforce,2025-10-01,2025-10-01,0013000000HFbxuAAD
1,1:M Content,0010M00001V4379,Agentforce,2025-05-01,2025-05-01,0010M00001V4379QAB
1,1:M Content,0010M00001PDxAR,Agentforce,2025-05-01,2025-05-01,0010M00001PDxARQA1
1,1:M Content,0010M00001P09aj,Agentforce,2025-12-01,2025-12-01,0010M00001P09ajQAB
1,1:M Content,0010M00001XxrHp,Agentforce,2025-10-01,2025-10-01,0010M00001XxrHpQAJ
1,1:M Content,001ed00000DPuu3,Agentforce,2025-01-01,2025-01-01,001ed00000DPuu3YAD
1,1:M Content,0013000000M1aOP,Agentforce,2025-07-01,2025-07-01,0013000000M1aOPAAZ
1,1:M Content,00130000000K7vP,Agentforce,2025-01-01,2025-01-01,00130000000K7vPAAS
1,1:M Content,0013000000hJhZv,Agentforce,2025-12-01,2025-12-01,0013000000hJhZvAAK
1,1:M Content,001ed00000Ys8xt,Agentforce,2025-07-01,2025-07-01,001ed00000Ys8xtYAB
1,1:M Content,0013y00001d0YvG,Agentforce,2025-12-01,2025-12-01,0013y00001d0YvGQAU
1,1:M Content,00130000002xdOK,Agentforce,2025-05-01,2025-05-01,00130000002xdOKAAY
1,1:M Content,0013y00001Xz3m9,Agentforce,2025-10-01,2025-10-01,0013y00001Xz3m9QAB
1,1:M Content,001ed00000oRZ4v,Agentforce,2025-11-01,2025-11-01,001ed00000oRZ4vYAG
1,1:M Content,001ed00000c53Na,Agentforce,2025-08-01,2025-08-01,001ed00000c53NaYAI
1,1:M Content,001ed00000d22KE,Agentforce,2025-08-01,2025-08-01,001ed00000d22KEYAY
1,1:M Content,0010M00001Xy983,Agentforce,2025-08-01,2025-08-01,0010M00001Xy983QAB
1,1:M Content,0010M00001QkBfM,Agentforce,2025-05-01,2025-05-01,0010M00001QkBfMQAV
2,1:M Content,001ed00000Zwcwn,Agentforce,2025-06-01,2025-06-01,001ed00000ZwcwnYAB
6,1:M Content,0013y00001cbBXF,Agentforce,2025-09-01,2025-09-01,0013y00001cbBXFQA2
4,1:M Content,001ed00000oRNVB,Agentforce,2025-11-01,2025-11-01,001ed00000oRNVBYA4
4,1:M Content,001ed00000jTAAB,Agentforce,2025-10-01,2025-10-01,001ed00000jTAABYA4
2,1:M Content,0013y00001ceASc,Agentforce,2025-11-01,2025-11-01,0013y00001ceAScQAM
3,1:M Content,0013000000RZ2Ls,Agentforce,2025-11-01,2025-11-01,0013000000RZ2LsAAL
4,1:M Content,00130000016hk0F,Agentforce,2025-11-01,2025-11-01,00130000016hk0FAAQ
4,1:M Content,00130000016ji2o,Agentforce,2025-08-01,2025-08-01,00130000016ji2oAAA
2,1:M Content,0010M00001PDxAR,Agentforce,2025-12-01,2025-12-01,0010M00001PDxARQA1
4,1:M Content,001ed00000eAF5C,Agentforce,2025-08-01,2025-08-01,001ed00000eAF5CYAW
4,1:M Content,001ed00000jLqbE,Agentforce,2025-10-01,2025-10-01,001ed00000jLqbEYAS
4,1:M Content,0013000000NQLTv,Agentforce,2025-07-01,2025-07-01,0013000000NQLTvAAP
4,1:M Content,001ed00000jBiqJ,Agentforce,2025-09-01,2025-09-01,001ed00000jBiqJYAS
4,1:M Content,001ed00000fxdk8,Agentforce,2025-09-01,2025-09-01,001ed00000fxdk8YAA
4,1:M Content,001ed00000c9nri,Agentforce,2025-11-01,2025-11-01,001ed00000c9nriYAA
4,1:M Content,001ed00000XOX7x,Agentforce,2025-06-01,2025-06-01,001ed00000XOX7xYAH
4,1:M Content,001ed00000Zl6fL,Agentforce,2025-07-01,2025-07-01,001ed00000Zl6fLYAR
2,1:M Content,0010M00001SekzA,Agentforce,2024-12-01,2024-12-01,0010M00001SekzAQAR
3,1:M Content,0010M00001QlyvF,Agentforce,2025-01-01,2025-01-01,0010M00001QlyvFQAR
2,1:M Content,0010M00001Qqv1R,Agentforce,2025-10-01,2025-10-01,0010M00001Qqv1RQAR
2,1:M Content,0010M00001Qjx80,Agentforce,2025-08-01,2025-08-01,0010M00001Qjx80QAB
3,1:M Content,001ed00000Tw02D,Agentforce,2025-06-01,2025-06-01,001ed00000Tw02DYAR
2,1:M Content,0010M00001WYmBM,Agentforce,2025-07-01,2025-07-01,0010M00001WYmBMQA1
3,1:M Content,0013000001GWzMY,Agentforce,2025-08-01,2025-08-01,0013000001GWzMYAA1
2,1:M Content,001ed00000sO4Ra,Agentforce,2025-12-01,2025-12-01,001ed00000sO4RaYAK
2,1:M Content,0013000000rqRwL,Agentforce,2025-10-01,2025-10-01,0013000000rqRwLAAU
2,1:M Content,0013000001CBw6N,Agentforce,2025-09-01,2025-09-01,0013000001CBw6NAAT
2,1:M Content,0013000000Ziqmj,Agentforce,2025-12-01,2025-12-01,0013000000ZiqmjAAB
2,1:M Content,00130000016jDzn,Agentforce,2025-08-01,2025-08-01,00130000016jDznAAE
2,1:M Content,001ed00000dS42F,Agentforce,2025-09-01,2025-09-01,001ed00000dS42FYAS
2,1:M Content,001ed00000iQraQ,Agentforce,2025-09-01,2025-09-01,001ed00000iQraQYAS
2,1:M Content,0013000001Msupc,Agentforce,2025-06-01,2025-06-01,0013000001MsupcAAB
2,1:M Content,001ed00000onLWL,Agentforce,2025-12-01,2025-12-01,001ed00000onLWLYA2
1,Success Guides,0013000000hJvwn,Agentforce,2025-11-01,2025-11-01,0013000000hJvwnAAC
1,Success Guides,0013000000M2OoT,Agentforce,2025-10-01,2025-10-01,0013000000M2OoTAAV
1,Success Guides,0010M00001S9H6H,Agentforce,2025-01-01,2025-01-01,0010M00001S9H6HQAV
1,Success Guides,0013000001HfIBJ,Agentforce,2025-12-01,2025-11-01,0013000001HfIBJAA3
1,Success Guides,0013y00001cYFys,Agentforce,2025-07-01,2025-07-01,0013y00001cYFysQAG
1,Success Guides,0013000001M1hVL,Agentforce,2025-02-01,2025-02-01,0013000001M1hVLAAZ
1,Success Guides,00100000001azxY,Agentforce,2024-12-01,2024-12-01,00100000001azxYAAQ
1,Success Guides,0013000001J7nn1,Agentforce,2025-01-01,2025-01-01,0013000001J7nn1AAB
1,Success Guides,0010M00001QaTHJ,Agentforce,2025-08-01,2025-07-01,0010M00001QaTHJQA3
1,Success Guides,0013000001FoTs2,Agentforce,2025-04-01,2025-03-01,0013000001FoTs2AAF
1,Success Guides,0013000000GLN8I,Agentforce,2025-07-01,2025-06-01,0013000000GLN8IAAX
1,Success Guides,0013000000Gpu4s,Agentforce,2025-11-01,2025-11-01,0013000000Gpu4sAAB
1,Success Guides,0013000001J4lme,Agentforce,2025-03-01,2025-03-01,0013000001J4lmeAAB
1,Success Guides,0013y00001c84w9,Agentforce,2025-11-01,2025-09-01,0013y00001c84w9QAA
1,Success Guides,0013000000hKO7i,Agentforce,2025-03-01,2025-02-01,0013000000hKO7iAAG
1,Success Guides,0013000000NQ4Sq,Agentforce,2025-05-01,2025-05-01,0013000000NQ4SqAAL
1,Success Guides,0010M00001SIuNJ,Agentforce,2025-01-01,2025-01-01,0010M00001SIuNJQA1
1,Success Guides,0013000000Rb1v2,Agentforce,2025-06-01,2025-04-01,0013000000Rb1v2AAB
1,Success Guides,0013000000Fcn5b,Agentforce,2025-03-01,2025-02-01,0013000000Fcn5bAAB
1,Success Guides,0010M00001QmlPm,Agentforce,2025-03-01,2025-03-01,0010M00001QmlPmQAJ
1,Success Guides,0013000000092BT,Agentforce,2025-06-01,2025-05-01,0013000000092BTAAY
1,Success Guides,0010M00001V47I7,Agentforce,2025-11-01,2025-10-01,0010M00001V47I7QAJ
1,Success Guides,0013y00001f8AHF,Agentforce,2025-12-01,2025-11-01,0013y00001f8AHFQA2
1,Success Guides,0013y00001dKuj6,Agentforce,2026-01-01,2025-11-01,0013y00001dKuj6QAC
1,Success Guides,0013y00001gccbp,Agentforce,2025-07-01,2025-06-01,0013y00001gccbpQAA
1,Success Guides,0010M00001SIxbY,Agentforce,2024-12-01,2024-11-01,0010M00001SIxbYQAT
1,Success Guides,0010M00001cHTQG,Agentforce,2025-07-01,2025-07-01,0010M00001cHTQGQA4
1,Success Guides,0013y00001cELVH,Agentforce,2025-11-01,2025-10-01,0013y00001cELVHQA4
1,Success Guides,0010M00001YuNfv,Agentforce,2025-12-01,2025-11-01,0010M00001YuNfvQAF
1,Success Guides,00130000016g05u,Agentforce,2025-06-01,2025-04-01,00130000016g05uAAA
1,1:M Content,0013y00001eBd6H,Agentforce,2024-12-01,2024-12-01,0013y00001eBd6HQAS
1,1:M Content,0013y00001cSRkv,Agentforce,2025-06-01,2025-06-01,0013y00001cSRkvQAG
1,1:M Content,0010M00001SIpaw,Agentforce,2025-10-01,2025-10-01,0010M00001SIpawQAD
1,1:M Content,0013000000K74RD,Agentforce,2025-08-01,2025-08-01,0013000000K74RDAAZ
1,1:M Content,001ed00000Myrnx,Agentforce,2025-04-01,2025-04-01,001ed00000MyrnxYAB
1,1:M Content,0013000000HlZoM,Agentforce,2025-10-01,2025-10-01,0013000000HlZoMAAV
1,1:M Content,001ed00000F0X8E,Agentforce,2025-01-01,2025-01-01,001ed00000F0X8EYAV
1,1:M Content,0013000000HIzRy,Agentforce,2025-11-01,2025-11-01,0013000000HIzRyAAL
1,1:M Content,001ed00000i7A9N,Agentforce,2025-10-01,2025-10-01,001ed00000i7A9NYAU
1,1:M Content,001ed00000eU2II,Agentforce,2025-08-01,2025-08-01,001ed00000eU2IIYA0
1,1:M Content,0010M00001W7yiq,Agentforce,2025-10-01,2025-10-01,0010M00001W7yiqQAB
1,1:M Content,0013000000NQsdP,Agentforce,2025-11-01,2025-11-01,0013000000NQsdPAAT
1,1:M Content,0013000000LEcwM,Agentforce,2025-08-01,2025-08-01,0013000000LEcwMAAT
1,1:M Content,0010M00001QmI8q,Agentforce,2025-11-01,2025-11-01,0010M00001QmI8qQAF
2,1:M Content,00130000001KZbK,Agentforce,2025-10-01,2025-10-01,00130000001KZbKAAW
1,1:M Content,0013000000M1aOP,Agentforce,2025-09-01,2025-09-01,0013000000M1aOPAAZ
1,1:M Content,001ed00000QNPmj,Agentforce,2025-05-01,2025-04-01,001ed00000QNPmjYAH
1,1:M Content,001ed000003jtBY,Agentforce,2025-08-01,2025-08-01,001ed000003jtBYYAY
1,1:M Content,001ed00000QFcUJ,Agentforce,2025-07-01,2025-07-01,001ed00000QFcUJYA1
1,1:M Content,0010M00001SHnsv,Agentforce,2025-10-01,2025-10-01,0010M00001SHnsvQAD
1,1:M Content,001ed00000GkpKx,Agentforce,2025-02-01,2025-02-01,001ed00000GkpKxYAJ
1,1:M Content,0010M00001QlMlX,Agentforce,2025-02-01,2025-02-01,0010M00001QlMlXQAV
1,1:M Content,0010M00001WZMm6,Agentforce,2025-10-01,2025-10-01,0010M00001WZMm6QAH
1,1:M Content,0013000000NQOUQ,Agentforce,2025-02-01,2025-02-01,0013000000NQOUQAA5
1,1:M Content,001ed00000h7kn2,Agentforce,2025-09-01,2025-09-01,001ed00000h7kn2YAA
1,1:M Content,001ed00000gdC9F,Agentforce,2025-09-01,2025-09-01,001ed00000gdC9FYAU
1,1:M Content,001ed00000OcSAL,Agentforce,2025-04-01,2025-04-01,001ed00000OcSALYA3
1,1:M Content,001ed00000dp2RA,Agentforce,2025-08-01,2025-08-01,001ed00000dp2RAYAY
1,1:M Content,0013000000M2ohB,Agentforce,2025-08-01,2025-08-01,0013000000M2ohBAAR
1,1:M Content,001ed00000VJQD4,Agentforce,2025-08-01,2025-08-01,001ed00000VJQD4YAP
1,1:M Content,0013000000hLHmh,Agentforce,2025-07-01,2025-07-01,0013000000hLHmhAAG
1,1:M Content,00130000004IFXF,Agentforce,2025-12-01,2025-12-01,00130000004IFXFAA4
1,1:M Content,001ed00000biIYb,Agentforce,2025-07-01,2025-07-01,001ed00000biIYbYAM
1,1:M Content,0013y00001crTK9,Agentforce,2025-01-01,2025-01-01,0013y00001crTK9QAM
1,1:M Content,0013y00001cjuAI,Agentforce,2025-07-01,2025-07-01,0013y00001cjuAIQAY
1,1:M Content,0013000001GkjxR,Agentforce,2025-09-01,2025-09-01,0013000001GkjxRAAR
1,1:M Content,0013000000B2P8d,Agentforce,2025-07-01,2025-07-01,0013000000B2P8dAAF
1,1:M Content,0013000000hLT07,Agentforce,2025-11-01,2025-11-01,0013000000hLT07AAG
1,1:M Content,0010M00001QnFSD,Agentforce,2025-08-01,2025-07-01,0010M00001QnFSDQA3
1,1:M Content,0013000000hKMMx,Agentforce,2025-12-01,2025-12-01,0013000000hKMMxAAO
1,1:M Content,0013000000HIi4u,Agentforce,2025-12-01,2025-12-01,0013000000HIi4uAAD
1,1:M Content,0013000000Zjb8c,Agentforce,2025-09-01,2025-09-01,0013000000Zjb8cAAB
1,1:M Content,0013000001MoAoZ,Agentforce,2025-02-01,2025-02-01,0013000001MoAoZAAV
2,1:M Content,00130000004IFXF,Agentforce,2025-11-01,2025-11-01,00130000004IFXFAA4
2,1:M Content,0010M00001QaZ2H,Agentforce,2025-12-01,2025-12-01,0010M00001QaZ2HQAV
2,1:M Content,00130000016iOdF,Agentforce,2025-08-01,2025-08-01,00130000016iOdFAAU
3,1:M Content,0010M00001QnkDn,Agentforce,2025-09-01,2025-09-01,0010M00001QnkDnQAJ
5,1:M Content,0013000000NS9ku,Agentforce,2025-07-01,2025-07-01,0013000000NS9kuAAD
3,1:M Content,001ed00000SRTfJ,Agentforce,2025-05-01,2025-05-01,001ed00000SRTfJYAX
4,1:M Content,00130000002x8j8,Agentforce,2025-12-01,2025-12-01,00130000002x8j8AAA
2,1:M Content,0013y00001bexAO,Agentforce,2025-11-01,2025-11-01,0013y00001bexAOQAY
2,1:M Content,001ed00000MJ7Qw,Agentforce,2025-10-01,2025-10-01,001ed00000MJ7QwYAL
2,1:M Content,0010M00001QaZwP,Agentforce,2025-12-01,2025-12-01,0010M00001QaZwPQAV
2,1:M Content,001ed00000ZcAyI,Agentforce,2025-07-01,2025-07-01,001ed00000ZcAyIYAV
3,1:M Content,001ed00000oLczy,Agentforce,2025-12-01,2025-12-01,001ed00000oLczyYAC
2,1:M Content,0013y00001cTKKm,Agentforce,2025-09-01,2025-09-01,0013y00001cTKKmQAO
3,1:M Content,0013000000ZjtJv,Agentforce,2025-11-01,2025-11-01,0013000000ZjtJvAAJ
3,1:M Content,0013000000hLtcF,Agentforce,2025-09-01,2025-09-01,0013000000hLtcFAAS
2,1:M Content,0013000001CAwEE,Agentforce,2025-07-01,2025-07-01,0013000001CAwEEAA1
2,1:M Content,001ed00000f5Wu6,Agentforce,2025-08-01,2025-08-01,001ed00000f5Wu6YAE
2,1:M Content,0013000001FKz6m,Agentforce,2024-12-01,2024-12-01,0013000001FKz6mAAD
3,1:M Content,0013000001L67Q7,Agentforce,2025-12-01,2025-12-01,0013000001L67Q7AAJ
2,1:M Content,001ed00000pb5cr,Agentforce,2025-11-01,2025-11-01,001ed00000pb5crYAA
2,1:M Content,001ed00000d9sU9,Agentforce,2025-08-01,2025-08-01,001ed00000d9sU9YAI
2,1:M Content,0013y00001cb8Ye,Agentforce,2025-07-01,2025-07-01,0013y00001cb8YeQAI
2,1:M Content,001ed00000o39QC,Agentforce,2025-11-01,2025-11-01,001ed00000o39QCYAY
2,1:M Content,0013y00001c85y7,Agentforce,2025-07-01,2025-07-01,0013y00001c85y7QAA
2,1:M Content,00130000016gN5v,Agentforce,2025-05-01,2025-05-01,00130000016gN5vAAE
2,1:M Content,00130000004JdIw,Agentforce,2025-11-01,2025-11-01,00130000004JdIwAAK
2,1:M Content,0013000001KZfZq,Agentforce,2025-07-01,2025-07-01,0013000001KZfZqAAL
1,Success Guides,0010M00001UEYG3,Agentforce,2025-07-01,2025-04-01,0010M00001UEYG3QAP
1,Success Guides,0010M00001SpnZe,Agentforce,2025-02-01,2025-02-01,0010M00001SpnZeQAJ
1,Success Guides,0010M00001NYugb,Agentforce,2025-01-01,2025-01-01,0010M00001NYugbQAD
1,Success Guides,0013000001GXAa5,Agentforce,2024-11-01,2024-11-01,0013000001GXAa5AAH
1,Success Guides,0010M00001THHUG,Agentforce,2025-06-01,2025-05-01,0010M00001THHUGQA5
1,Success Guides,0010M00001Z0C0k,Agentforce,2025-10-01,2025-09-01,0010M00001Z0C0kQAF
1,Success Guides,0013000001NXptY,Agentforce,2025-10-01,2025-09-01,0013000001NXptYAAT
1,Success Guides,0010M00001QkM7Z,Agentforce,2025-12-01,2025-11-01,0010M00001QkM7ZQAV
1,Success Guides,0013000001GXFhT,Agentforce,2025-06-01,2025-05-01,0013000001GXFhTAAX
1,Success Guides,0013000000NRJqP,Agentforce,2025-02-01,2025-01-01,0013000000NRJqPAAX
1,Success Guides,001ed000009m20j,Agentforce,2025-11-01,2025-11-01,001ed000009m20jYAA
1,Success Guides,0010M00001SHiUT,Agentforce,2025-10-01,2025-09-01,0010M00001SHiUTQA1
1,Success Guides,001000000002WRv,Agentforce,2025-03-01,2025-03-01,001000000002WRvAAM
1,Success Guides,0013000000M1ZQb,Agentforce,2025-10-01,2025-09-01,0013000000M1ZQbAAN
1,Success Guides,0013000000ZlIgo,Agentforce,2025-12-01,2025-10-01,0013000000ZlIgoAAF
1,Success Guides,0013000000M0ot6,Agentforce,2025-07-01,2025-07-01,0013000000M0ot6AAB
1,Success Guides,0010M00001UUxxT,Agentforce,2024-12-01,2024-12-01,0010M00001UUxxTQAT
1,Success Guides,0013000001MiY64,Agentforce,2025-01-01,2024-11-01,0013000001MiY64AAF
1,Success Guides,0010M00001Seoc5,Agentforce,2025-04-01,2025-03-01,0010M00001Seoc5QAB
1,Success Guides,00130000002bqQj,Agentforce,2025-09-01,2025-09-01,00130000002bqQjAAI
1,Success Guides,0013000001KaWBZ,Agentforce,2025-10-01,2025-10-01,0013000001KaWBZAA3
1,Success Guides,0010M00001W7iZR,Agentforce,2025-03-01,2025-02-01,0010M00001W7iZRQAZ
1,Success Guides,0010M00001THLmR,Agentforce,2025-11-01,2025-10-01,0010M00001THLmRQAX
1,Success Guides,00130000000mvuJ,Agentforce,2025-08-01,2025-07-01,00130000000mvuJAAQ
1,Success Guides,0010000000282Re,Agentforce,2025-12-01,2025-10-01,0010000000282ReAAI
1,Success Guides,0010M00001QajAa,Agentforce,2025-06-01,2025-06-01,0010M00001QajAaQAJ
1,Success Guides,00130000004XWTH,Agentforce,2025-02-01,2024-12-01,00130000004XWTHAA4
1,Success Guides,0013000001HeWB5,Agentforce,2025-11-01,2025-10-01,0013000001HeWB5AAN
1,Success Guides,0013y00001c4fAa,Agentforce,2025-03-01,2025-02-01,0013y00001c4fAaQAI
1,Success Guides,0013000001MiXdb,Agentforce,2025-11-01,2025-10-01,0013000001MiXdbAAF
1,Success Guides,00130000002xbeU,Agentforce,2025-12-01,2025-11-01,00130000002xbeUAAQ
1,Success Guides,0013000001Hdy2y,Agentforce,2025-10-01,2025-09-01,0013000001Hdy2yAAB
1,1:M Content,0013000001L5pBf,Agentforce,2025-07-01,2025-07-01,0013000001L5pBfAAJ
1,1:M Content,001ed00000qBAsY,Agentforce,2025-11-01,2025-11-01,001ed00000qBAsYYAW
1,1:M Content,0013000000LBWiq,Agentforce,2025-01-01,2025-01-01,0013000000LBWiqAAH
1,1:M Content,001ed00000XorHS,Agentforce,2025-06-01,2025-06-01,001ed00000XorHSYAZ
1,1:M Content,0010M00001XxlbU,Agentforce,2025-01-01,2025-01-01,0010M00001XxlbUQAR
1,1:M Content,001ed00000J5e8S,Agentforce,2025-02-01,2025-02-01,001ed00000J5e8SYAR
1,1:M Content,0013000001LWzB6,Agentforce,2025-09-01,2025-09-01,0013000001LWzB6AAL
1,1:M Content,0013000001CCExD,Agentforce,2025-09-01,2025-09-01,0013000001CCExDAAX
1,1:M Content,001ed00000hMYjy,Agentforce,2025-10-01,2025-10-01,001ed00000hMYjyYAG
1,1:M Content,001ed00000Z4yPe,Agentforce,2025-07-01,2025-07-01,001ed00000Z4yPeYAJ
1,1:M Content,0013000000hJEKh,Agentforce,2025-07-01,2025-07-01,0013000000hJEKhAAO
1,1:M Content,001ed00000hinaX,Agentforce,2025-10-01,2025-10-01,001ed00000hinaXYAQ
1,1:M Content,0010M00001SemY6,Agentforce,2025-08-01,2025-08-01,0010M00001SemY6QAJ
1,1:M Content,001ed00000ekprh,Agentforce,2025-08-01,2025-08-01,001ed00000ekprhYAA
1,1:M Content,0013000000M1UOp,Agentforce,2025-08-01,2025-08-01,0013000000M1UOpAAN
1,1:M Content,0013y00001buO5Y,Agentforce,2024-12-01,2024-12-01,0013y00001buO5YQAU
1,1:M Content,001ed00000bRsiB,Agentforce,2025-09-01,2025-09-01,001ed00000bRsiBYAS
1,1:M Content,00130000000lYUT,Agentforce,2025-01-01,2025-01-01,00130000000lYUTAA2
1,1:M Content,001ed00000dOOds,Agentforce,2025-08-01,2025-08-01,001ed00000dOOdsYAG
1,1:M Content,001300000041E6I,Agentforce,2025-05-01,2025-05-01,001300000041E6IAAU
1,1:M Content,00130000001UvYk,Agentforce,2025-03-01,2025-03-01,00130000001UvYkAAK
1,1:M Content,001ed00000busoP,Agentforce,2025-08-01,2025-08-01,001ed00000busoPYAQ
1,1:M Content,001ed00000bZud7,Agentforce,2025-07-01,2025-07-01,001ed00000bZud7YAC
1,1:M Content,0013000000LzUpI,Agentforce,2025-01-01,2025-01-01,0013000000LzUpIAAV
1,1:M Content,00130000002xTez,Agentforce,2025-05-01,2025-05-01,00130000002xTezAAE
1,1:M Content,001ed00000YZvG0,Agentforce,2025-09-01,2025-09-01,001ed00000YZvG0YAL
1,1:M Content,001ed00000q0vRx,Agentforce,2025-11-01,2025-11-01,001ed00000q0vRxYAI
1,1:M Content,001ed00000sDe3n,Agentforce,2025-12-01,2025-12-01,001ed00000sDe3nYAC
1,1:M Content,001ed00000par0T,Agentforce,2025-11-01,2025-11-01,001ed00000par0TYAQ
1,1:M Content,0010M00001PDwFf,Agentforce,2025-07-01,2025-07-01,0010M00001PDwFfQAL
1,1:M Content,001ed00000fupcx,Agentforce,2025-09-01,2025-09-01,001ed00000fupcxYAA
1,1:M Content,0010M00001QkwSp,Agentforce,2025-01-01,2025-01-01,0010M00001QkwSpQAJ
1,1:M Content,001ed00000qdmN0,Agentforce,2025-12-01,2025-12-01,001ed00000qdmN0YAI
1,1:M Content,001ed00000dFqHZ,Agentforce,2025-08-01,2025-08-01,001ed00000dFqHZYA0
1,1:M Content,0013y00001cfeGH,Agentforce,2025-09-01,2025-09-01,0013y00001cfeGHQAY
1,1:M Content,0013000000RaMc7,Agentforce,2025-03-01,2025-03-01,0013000000RaMc7AAF
18,1:M Content,00130000002bqQj,Agentforce,2025-08-01,2025-08-01,00130000002bqQjAAI
6,1:M Content,0013y00001c4mli,Agentforce,2025-07-01,2025-07-01,0013y00001c4mliQAA
3,1:M Content,001ed00000oRMyv,Agentforce,2025-11-01,2025-11-01,001ed00000oRMyvYAG
3,1:M Content,0013y00001cFXMw,Agentforce,2025-07-01,2025-07-01,0013y00001cFXMwQAO
5,1:M Content,0013000000JIBWV,Agentforce,2025-10-01,2025-10-01,0013000000JIBWVAA5
3,1:M Content,0013000000GLQpL,Agentforce,2025-08-01,2025-08-01,0013000000GLQpLAAX
3,1:M Content,00130000016gWA4,Agentforce,2025-01-01,2025-01-01,00130000016gWA4AAM
4,1:M Content,001ed00000Yw9k7,Agentforce,2025-07-01,2025-07-01,001ed00000Yw9k7YAB
3,1:M Content,001ed00000Y9dbH,Agentforce,2025-07-01,2025-07-01,001ed00000Y9dbHYAR
4,1:M Content,0010M00001SJRwo,Agentforce,2025-06-01,2025-06-01,0010M00001SJRwoQAH
2,1:M Content,001ed00000eXW5J,Agentforce,2025-08-01,2025-08-01,001ed00000eXW5JYAW
4,1:M Content,001ed00000gVQne,Agentforce,2025-09-01,2025-09-01,001ed00000gVQneYAG
2,1:M Content,00130000005WAcx,Agentforce,2025-09-01,2025-09-01,00130000005WAcxAAG
2,1:M Content,001ed00000SinWM,Agentforce,2025-05-01,2025-05-01,001ed00000SinWMYAZ
2,1:M Content,001ed00000mB3Wt,Agentforce,2025-11-01,2025-11-01,001ed00000mB3WtYAK
2,1:M Content,001ed00000gUPIZ,Agentforce,2025-09-01,2025-09-01,001ed00000gUPIZYA4
3,1:M Content,0010M00001Jzfze,Agentforce,2025-10-01,2025-10-01,0010M00001JzfzeQAB
3,1:M Content,001ed00000oumy2,Agentforce,2025-11-01,2025-11-01,001ed00000oumy2YAA
2,1:M Content,0010M00001WZjZf,Agentforce,2025-09-01,2025-09-01,0010M00001WZjZfQAL
2,1:M Content,0010M00001UEcXa,Agentforce,2025-08-01,2025-08-01,0010M00001UEcXaQAL
3,1:M Content,0013y00001cCgI4,Agentforce,2025-07-01,2025-07-01,0013y00001cCgI4QAK
2,1:M Content,001ed00000WEBqr,Agentforce,2025-06-01,2025-06-01,001ed00000WEBqrYAH
2,1:M Content,0013y00001cHWTm,Agentforce,2025-09-01,2025-09-01,0013y00001cHWTmQAO
2,1:M Content,00130000016g5TW,Agentforce,2025-11-01,2025-11-01,00130000016g5TWAAY
2,1:M Content,0013000001CDqPL,Agentforce,2025-06-01,2025-06-01,0013000001CDqPLAA1
3,1:M Content,001ed00000ojrma,Agentforce,2025-11-01,2025-11-01,001ed00000ojrmaYAA
2,1:M Content,001ed00000hEkVL,Agentforce,2025-09-01,2025-09-01,001ed00000hEkVLYA0
2,1:M Content,0010M00001SIbbJ,Agentforce,2025-06-01,2025-06-01,0010M00001SIbbJQAT
2,1:M Content,0013000000HFbxJ,Agentforce,2025-07-01,2025-07-01,0013000000HFbxJAAT
2,1:M Content,0013000001CAkV1,Agentforce,2025-06-01,2025-06-01,0013000001CAkV1AAL
1,Success Guides,0013000001LVprv,Agentforce,2025-11-01,2025-09-01,0013000001LVprvAAD
1,Success Guides,0013y00001dWue5,Agentforce,2025-08-01,2025-07-01,0013y00001dWue5QAC
1,Success Guides,0013y00001fT24V,Agentforce,2025-12-01,2025-10-01,0013y00001fT24VQAS
1,Success Guides,0013y00001fTAq8,Agentforce,2025-01-01,2024-12-01,0013y00001fTAq8QAG
1,Success Guides,0013000000rqrFB,Agentforce,2025-05-01,2025-03-01,0013000000rqrFBAAY
1,Success Guides,0013y00001fSwEZ,Agentforce,2025-11-01,2025-10-01,0013y00001fSwEZQA0
1,Success Guides,0010M00001QkM7Z,Agentforce,2025-11-01,2025-10-01,0010M00001QkM7ZQAV
1,Success Guides,0013000001CCIQ2,Agentforce,2025-01-01,2024-11-01,0013000001CCIQ2AAP
1,Success Guides,0013000000KxNQN,Agentforce,2025-09-01,2025-09-01,0013000000KxNQNAA3
1,Success Guides,0010M00001S9KS8,Agentforce,2024-12-01,2024-11-01,0010M00001S9KS8QAN
1,Success Guides,0013000000NSPSf,Agentforce,2025-09-01,2025-08-01,0013000000NSPSfAAP
1,Success Guides,0013000000ZjRbo,Agentforce,2025-02-01,2025-01-01,0013000000ZjRboAAF
1,Success Guides,00130000002xCbN,Agentforce,2025-12-01,2025-12-01,00130000002xCbNAAU
1,Success Guides,0013000000RXMU4,Agentforce,2025-10-01,2025-09-01,0013000000RXMU4AAP
1,Success Guides,0010M00001WkmnU,Agentforce,2025-03-01,2025-01-01,0010M00001WkmnUQAR
1,Success Guides,0013000001Jz47q,Agentforce,2025-10-01,2025-10-01,0013000001Jz47qAAB
1,Success Guides,00130000000LpSR,Agentforce,2025-06-01,2025-05-01,00130000000LpSRAA0
1,Success Guides,001ed00000OYDeZ,Agentforce,2026-01-01,2025-12-01,001ed00000OYDeZYAX
1,Success Guides,0013000001If8NZ,Agentforce,2025-03-01,2025-02-01,0013000001If8NZAAZ
1,Success Guides,0013000001GXFhT,Agentforce,2025-05-01,2025-04-01,0013000001GXFhTAAX
1,Success Guides,0010M00001P0KWz,Agentforce,2024-12-01,2024-11-01,0010M00001P0KWzQAN
1,Success Guides,00100000000y4SW,Agentforce,2025-03-01,2025-02-01,00100000000y4SWAAY
1,Success Guides,0010M00001Qkq0h,Agentforce,2025-12-01,2025-12-01,0010M00001Qkq0hQAB
3,Success Guides,00100000001ow6d,Agentforce,2025-05-01,2025-05-01,00100000001ow6dAAA
2,1:M Content,001ed00000lHSHn,Agentforce,2025-10-01,2025-10-01,001ed00000lHSHnYAO
1,1:M Content,00130000016jHkx,Agentforce,2025-08-01,2025-08-01,00130000016jHkxAAE
1,1:M Content,001ed00000at4Pd,Agentforce,2025-07-01,2025-07-01,001ed00000at4PdYAI
1,1:M Content,0013000000ZkI62,Agentforce,2025-08-01,2025-08-01,0013000000ZkI62AAF
1,1:M Content,0010M00001QlVkP,Agentforce,2024-12-01,2024-12-01,0010M00001QlVkPQAV
1,1:M Content,001ed00000a9oiS,Agentforce,2025-07-01,2025-07-01,001ed00000a9oiSYAQ
1,1:M Content,001ed00000WA4Hi,Agentforce,2025-06-01,2025-06-01,001ed00000WA4HiYAL
1,1:M Content,0013000000NPrjH,Agentforce,2025-03-01,2025-03-01,0013000000NPrjHAAT
1,1:M Content,0013000001GW4v5,Agentforce,2025-02-01,2025-02-01,0013000001GW4v5AAD
1,1:M Content,0013000000Lj72x,Agentforce,2025-06-01,2025-06-01,0013000000Lj72xAAB
1,1:M Content,0010M00001QnN0N,Agentforce,2025-08-01,2025-08-01,0010M00001QnN0NQAV
1,1:M Content,0010M00001QmnYJ,Agentforce,2025-07-01,2025-07-01,0010M00001QmnYJQAZ
1,1:M Content,0013000000B2P8d,Agentforce,2025-12-01,2025-12-01,0013000000B2P8dAAF
1,1:M Content,0010M00001UEYG3,Agentforce,2025-08-01,2025-08-01,0010M00001UEYG3QAP
1,1:M Content,001ed00000KXPx0,Agentforce,2025-03-01,2025-03-01,001ed00000KXPx0YAH
1,1:M Content,001ed00000FB0Lr,Agentforce,2025-08-01,2025-08-01,001ed00000FB0LrYAL
1,1:M Content,001ed00000qlf55,Agentforce,2025-11-01,2025-11-01,001ed00000qlf55YAA
1,1:M Content,0013000001JyBtD,Agentforce,2024-11-01,2024-11-01,0013000001JyBtDAAV
1,1:M Content,0013000000NRviZ,Agentforce,2025-11-01,2025-11-01,0013000000NRviZAAT
1,1:M Content,0013y00001caXag,Agentforce,2025-06-01,2025-06-01,0013y00001caXagQAE
1,1:M Content,0010M00001WYJON,Agentforce,2025-04-01,2025-04-01,0010M00001WYJONQA5
1,1:M Content,00130000006vKKB,Agentforce,2025-10-01,2025-10-01,00130000006vKKBAA2
1,1:M Content,00100000001KsQh,Agentforce,2025-05-01,2025-05-01,00100000001KsQhAAK
1,1:M Content,0013000000rpZHi,Agentforce,2025-08-01,2025-08-01,0013000000rpZHiAAM
1,1:M Content,00100000001OPTr,Agentforce,2025-07-01,2025-07-01,00100000001OPTrAAO
1,1:M Content,0010M00001SILes,Agentforce,2024-12-01,2024-12-01,0010M00001SILesQAH
1,1:M Content,0013y00001d1mvN,Agentforce,2025-02-01,2025-02-01,0013y00001d1mvNQAQ
1,1:M Content,0013000001FbV0E,Agentforce,2025-04-01,2025-04-01,0013000001FbV0EAAV
1,1:M Content,0013y00001cg3Ry,Agentforce,2025-09-01,2025-09-01,0013y00001cg3RyQAI
1,1:M Content,0013000001LWXRE,Agentforce,2025-09-01,2025-09-01,0013000001LWXREAA5
1,1:M Content,001ed00000rJKfg,Agentforce,2025-12-01,2025-12-01,001ed00000rJKfgYAG
1,1:M Content,0013000001MiqKl,Agentforce,2024-12-01,2024-12-01,0013000001MiqKlAAJ
1,1:M Content,0013y00001cEG8w,Agentforce,2025-10-01,2025-10-01,0013y00001cEG8wQAG
1,1:M Content,0013000000M28YF,Agentforce,2025-11-01,2025-11-01,0013000000M28YFAAZ
1,1:M Content,001ed00000XH6Zl,Agentforce,2025-06-01,2025-06-01,001ed00000XH6ZlYAL
1,1:M Content,0010M00001XyIy0,Agentforce,2025-07-01,2025-07-01,0010M00001XyIy0QAF
1,1:M Content,0010M00001Z0UxK,Agentforce,2025-01-01,2025-01-01,0010M00001Z0UxKQAV
1,1:M Content,001ed00000i0POV,Agentforce,2025-09-01,2025-09-01,001ed00000i0POVYA2
1,1:M Content,001ed00000hMYjy,Agentforce,2025-09-01,2025-09-01,001ed00000hMYjyYAG
1,1:M Content,001ed00000oRJ8F,Agentforce,2025-11-01,2025-11-01,001ed00000oRJ8FYAW
1,1:M Content,0013000000Zkjm7,Agentforce,2025-01-01,2025-01-01,0013000000Zkjm7AAB
1,1:M Content,0013000000CIZjD,Agentforce,2025-08-01,2025-08-01,0013000000CIZjDAAX
1,1:M Content,001ed00000DjzFy,Agentforce,2024-12-01,2024-12-01,001ed00000DjzFyYAJ
1,1:M Content,0010M00001YtzhS,Agentforce,2025-09-01,2025-09-01,0010M00001YtzhSQAR
1,1:M Content,001ed00000ezY4C,Agentforce,2025-09-01,2025-09-01,001ed00000ezY4CYAU
1,1:M Content,0013y00001d1ji7,Agentforce,2025-10-01,2025-10-01,0013y00001d1ji7QAA
4,1:M Content,001ed00000g6C82,Agentforce,2025-09-01,2025-09-01,001ed00000g6C82YAE
9,1:M Content,0013y00001cCgI4,Agentforce,2025-12-01,2025-12-01,0013y00001cCgI4QAK
2,1:M Content,0013y00001Y0KUV,Agentforce,2025-08-01,2025-08-01,0013y00001Y0KUVQA3
3,1:M Content,001ed00000oRMVt,Agentforce,2025-11-01,2025-11-01,001ed00000oRMVtYAO
3,1:M Content,001ed00000oUKm5,Agentforce,2025-11-01,2025-11-01,001ed00000oUKm5YAG
4,1:M Content,0013000001CA8Y8,Agentforce,2025-11-01,2025-11-01,0013000001CA8Y8AAL
4,1:M Content,001ed00000l0IA2,Agentforce,2025-10-01,2025-10-01,001ed00000l0IA2YAM
5,1:M Content,0013y00001cTGTz,Agentforce,2025-11-01,2025-11-01,0013y00001cTGTzQAO
2,1:M Content,0013000000JbNoe,Agentforce,2025-12-01,2025-12-01,0013000000JbNoeAAF
2,1:M Content,0013y00001d2DNK,Agentforce,2025-07-01,2025-07-01,0013y00001d2DNKQA2
2,1:M Content,001ed00000h7uEX,Agentforce,2025-09-01,2025-09-01,001ed00000h7uEXYAY
2,1:M Content,00130000006P5Py,Agentforce,2025-10-01,2025-10-01,00130000006P5PyAAK
3,1:M Content,0010M00001NYupJ,Agentforce,2025-11-01,2025-11-01,0010M00001NYupJQAT
2,1:M Content,00130000016gmWq,Agentforce,2024-12-01,2024-12-01,00130000016gmWqAAI
2,1:M Content,001ed00000eK9Mf,Agentforce,2025-08-01,2025-08-01,001ed00000eK9MfYAK
3,1:M Content,001ed00000bRmw6,Agentforce,2025-07-01,2025-07-01,001ed00000bRmw6YAC
3,1:M Content,001ed00000ctrPC,Agentforce,2025-08-01,2025-08-01,001ed00000ctrPCYAY
2,1:M Content,001ed0000063jd4,Agentforce,2025-08-01,2025-08-01,001ed0000063jd4YAA
2,1:M Content,0013000000M1bxt,Agentforce,2025-11-01,2025-11-01,0013000000M1bxtAAB
2,1:M Content,00130000002xU2x,Agentforce,2025-09-01,2025-09-01,00130000002xU2xAAE
3,1:M Content,001000000016PN5,Agentforce,2025-08-01,2025-08-01,001000000016PN5AAM
2,1:M Content,001300000025ReU,Agentforce,2025-10-01,2025-10-01,001300000025ReUAAU
2,1:M Content,0013000000INKJe,Agentforce,2025-05-01,2025-05-01,0013000000INKJeAAP
2,1:M Content,0013000000rotsE,Agentforce,2025-08-01,2025-08-01,0013000000rotsEAAQ
3,1:M Content,001ed00000PQFMp,Agentforce,2025-07-01,2025-07-01,001ed00000PQFMpYAP
1,Success Guides,0013000000M2oAL,Agentforce,2025-08-01,2025-08-01,0013000000M2oALAAZ
1,Success Guides,0010M00001Qqm0v,Agentforce,2024-12-01,2024-12-01,0010M00001Qqm0vQAB
1,Success Guides,00130000002xbgX,Agentforce,2025-02-01,2024-12-01,00130000002xbgXAAQ
1,Success Guides,0013000000RX53V,Agentforce,2025-11-01,2025-11-01,0013000000RX53VAAT
1,Success Guides,0013000000rpsTK,Agentforce,2025-03-01,2025-02-01,0013000000rpsTKAAY
1,Success Guides,0013y00001cVLPb,Agentforce,2025-06-01,2025-04-01,0013y00001cVLPbQAO
1,Success Guides,0010M00001Z0VQg,Agentforce,2025-02-01,2025-01-01,0010M00001Z0VQgQAN
1,Success Guides,0013000000hLbEj,Agentforce,2025-10-01,2025-09-01,0013000000hLbEjAAK
1,Success Guides,00130000016iYD7,Agentforce,2025-03-01,2025-03-01,00130000016iYD7AAM
1,Success Guides,0013000000JzTEJ,Agentforce,2025-09-01,2025-07-01,0013000000JzTEJAA3
1,Success Guides,0010M00001W8Vfl,Agentforce,2025-08-01,2025-08-01,0010M00001W8VflQAF
1,Success Guides,0013000001CAVMq,Agentforce,2025-10-01,2025-09-01,0013000001CAVMqAAP
1,Success Guides,0013000001MsPdL,Agentforce,2025-07-01,2025-06-01,0013000001MsPdLAAV
1,Success Guides,0010M00001OzwCA,Agentforce,2025-03-01,2025-03-01,0010M00001OzwCAQAZ
8,Success Guides,00130000002EYar,Agentforce,2025-11-01,2025-11-01,00130000002EYarAAG
2,Success Architects,,Agentforce,2025-11-01,2025-08-01
1,1:M Content,0010M00001WY4m1,Agentforce,2025-09-01,2025-09-01,0010M00001WY4m1QAD
1,1:M Content,0010M00001ULsv5,Agentforce,2025-12-01,2025-12-01,0010M00001ULsv5QAD
1,1:M Content,0013000001NX3jL,Agentforce,2025-03-01,2025-03-01,0013000001NX3jLAAT
1,1:M Content,0013y00001eWzvB,Agentforce,2024-12-01,2024-12-01,0013y00001eWzvBQAS
1,1:M Content,0013y00001YbVF9,Agentforce,2025-08-01,2025-08-01,0013y00001YbVF9QAN
1,1:M Content,0013000000M2fzt,Agentforce,2025-12-01,2025-12-01,0013000000M2fztAAB
1,1:M Content,0010M00001V4F1Y,Agentforce,2025-08-01,2025-08-01,0010M00001V4F1YQAV
1,1:M Content,001ed00000UmfFr,Agentforce,2025-07-01,2025-07-01,001ed00000UmfFrYAJ
1,1:M Content,001ed00000fREgt,Agentforce,2025-08-01,2025-08-01,001ed00000fREgtYAG
1,1:M Content,001ed00000ihwaY,Agentforce,2025-10-01,2025-10-01,001ed00000ihwaYYAQ
1,1:M Content,001ed00000gJuZN,Agentforce,2025-09-01,2025-09-01,001ed00000gJuZNYA0
1,1:M Content,001ed00000YNNl8,Agentforce,2025-07-01,2025-07-01,001ed00000YNNl8YAH
1,1:M Content,001ed00000YQPon,Agentforce,2025-06-01,2025-06-01,001ed00000YQPonYAH
1,1:M Content,0010M00001Qjsi2,Agentforce,2025-03-01,2025-03-01,0010M00001Qjsi2QAB
1,1:M Content,001ed00000EzvuB,Agentforce,2025-01-01,2025-01-01,001ed00000EzvuBYAR
1,1:M Content,00130000001g96n,Agentforce,2025-07-01,2025-07-01,00130000001g96nAAA
1,1:M Content,0013000000NSPRc,Agentforce,2025-08-01,2025-08-01,0013000000NSPRcAAP
1,1:M Content,0013y00001Y0nnM,Agentforce,2025-11-01,2025-11-01,0013y00001Y0nnMQAR
1,1:M Content,00130000004aj0z,Agentforce,2025-07-01,2025-07-01,00130000004aj0zAAA
1,1:M Content,0010M00001Sq6Dt,Agentforce,2025-08-01,2025-07-01,0010M00001Sq6DtQAJ
1,1:M Content,0010M00001WZlPS,Agentforce,2025-11-01,2025-11-01,0010M00001WZlPSQA1
1,1:M Content,001ed00000AtP8C,Agentforce,2025-10-01,2025-10-01,001ed00000AtP8CYAV
1,1:M Content,001ed00000acwCm,Agentforce,2025-07-01,2025-07-01,001ed00000acwCmYAI
1,1:M Content,0013000001MsvTR,Agentforce,2025-12-01,2025-12-01,0013000001MsvTRAAZ
1,1:M Content,0010M00001V4FRR,Agentforce,2025-05-01,2025-05-01,0010M00001V4FRRQA3
1,1:M Content,0010M00001Wafvb,Agentforce,2025-04-01,2025-04-01,0010M00001WafvbQAB
1,1:M Content,001ed00000hjO3q,Agentforce,2025-09-01,2025-09-01,001ed00000hjO3qYAE
1,1:M Content,001ed00000bfuqZ,Agentforce,2025-07-01,2025-07-01,001ed00000bfuqZYAQ
1,1:M Content,001ed00000PUekq,Agentforce,2025-10-01,2025-10-01,001ed00000PUekqYAD
1,1:M Content,001ed00000R6E41,Agentforce,2025-07-01,2025-07-01,001ed00000R6E41YAF
1,1:M Content,00100000001hgGw,Agentforce,2025-05-01,2025-05-01,00100000001hgGwAAI
1,1:M Content,001ed00000Zgr8b,Agentforce,2025-07-01,2025-07-01,001ed00000Zgr8bYAB
1,1:M Content,0013y00001cSM8G,Agentforce,2025-09-01,2025-09-01,0013y00001cSM8GQAW
1,1:M Content,0013y00001hQSeF,Agentforce,2025-07-01,2025-07-01,0013y00001hQSeFQAW
1,1:M Content,001ed00000Jggb0,Agentforce,2025-02-01,2025-02-01,001ed00000Jggb0YAB
1,1:M Content,00130000002xTN1,Agentforce,2025-02-01,2025-02-01,00130000002xTN1AAM
1,1:M Content,0013000000rpFSi,Agentforce,2025-06-01,2025-06-01,0013000000rpFSiAAM
1,1:M Content,0013000001LXxho,Agentforce,2025-07-01,2025-07-01,0013000001LXxhoAAD
1,1:M Content,0010M00001SIhbD,Agentforce,2025-01-01,2025-01-01,0010M00001SIhbDQAT
1,1:M Content,0010M00001WYRv8,Agentforce,2025-11-01,2025-11-01,0010M00001WYRv8QAH
1,1:M Content,0013000000E3PN9,Agentforce,2025-06-01,2025-06-01,0013000000E3PN9AAN
1,1:M Content,0010M00001WHz5C,Agentforce,2025-08-01,2025-08-01,0010M00001WHz5CQAT
1,1:M Content,0010000000206in,Agentforce,2025-10-01,2025-10-01,0010000000206inAAA
1,1:M Content,0013y00001Y0fKE,Agentforce,2025-05-01,2025-05-01,0013y00001Y0fKEQAZ
1,1:M Content,0010M00001W825y,Agentforce,2025-06-01,2025-06-01,0010M00001W825yQAB
9,1:M Content,0013000000RXdRy,Agentforce,2025-12-01,2025-12-01,0013000000RXdRyAAL
8,1:M Content,0013000001NX8to,Agentforce,2025-10-01,2025-10-01,0013000001NX8toAAD
3,1:M Content,001ed00000edzW3,Agentforce,2025-08-01,2025-08-01,001ed00000edzW3YAI
4,1:M Content,001ed00000gORF3,Agentforce,2025-09-01,2025-09-01,001ed00000gORF3YAO
3,1:M Content,0013000000Jht3f,Agentforce,2025-08-01,2025-08-01,0013000000Jht3fAAB
3,1:M Content,0010M00001NYbU9,Agentforce,2025-07-01,2025-07-01,0010M00001NYbU9QAL
3,1:M Content,0013y00001d6yhi,Agentforce,2025-09-01,2025-09-01,0013y00001d6yhiQAA
2,1:M Content,0013000000RYZJE,Agentforce,2025-02-01,2025-02-01,0013000000RYZJEAA5
3,1:M Content,001ed00000oichV,Agentforce,2025-11-01,2025-11-01,001ed00000oichVYAQ
4,1:M Content,001ed00000enor8,Agentforce,2025-08-01,2025-08-01,001ed00000enor8YAA
2,1:M Content,0010M00001Ozynh,Agentforce,2025-08-01,2025-08-01,0010M00001OzynhQAB
5,1:M Content,001ed00000JgzPA,Agentforce,2025-07-01,2025-07-01,001ed00000JgzPAYAZ
2,1:M Content,001ed00000U3F7i,Agentforce,2025-05-01,2025-05-01,001ed00000U3F7iYAF
3,1:M Content,001ed00000dQS5S,Agentforce,2025-08-01,2025-08-01,001ed00000dQS5SYAW
2,1:M Content,0013000001GWzMY,Agentforce,2025-07-01,2025-07-01,0013000001GWzMYAA1
3,1:M Content,001ed00000eSaxa,Agentforce,2025-08-01,2025-08-01,001ed00000eSaxaYAC
2,1:M Content,001ed00000dveX3,Agentforce,2025-08-01,2025-08-01,001ed00000dveX3YAI
3,1:M Content,001ed00000gdeAM,Agentforce,2025-09-01,2025-09-01,001ed00000gdeAMYAY
2,1:M Content,0013000000Zl6Lq,Agentforce,2025-08-01,2025-08-01,0013000000Zl6LqAAJ
2,1:M Content,001ed00000nGROI,Agentforce,2025-11-01,2025-11-01,001ed00000nGROIYA4
2,1:M Content,00100000001hgGw,Agentforce,2025-06-01,2025-06-01,00100000001hgGwAAI
2,1:M Content,0010M00001QqSCi,Agentforce,2025-07-01,2025-07-01,0010M00001QqSCiQAN
2,1:M Content,0010M00001V48w9,Agentforce,2025-05-01,2025-05-01,0010M00001V48w9QAB
2,1:M Content,0013y00001bemdY,Agentforce,2025-08-01,2025-08-01,0013y00001bemdYQAQ
2,1:M Content,0010M00001V45tz,Agentforce,2025-08-01,2025-08-01,0010M00001V45tzQAB
2,1:M Content,001ed00000eBq4K,Agentforce,2025-08-01,2025-08-01,001ed00000eBq4KYAS
2,1:M Content,001300000025ReU,Agentforce,2025-11-01,2025-11-01,001300000025ReUAAU
2,1:M Content,001ed00000jMsMT,Agentforce,2025-10-01,2025-10-01,001ed00000jMsMTYA0
2,1:M Content,001ed00000hJqrm,Agentforce,2025-09-01,2025-09-01,001ed00000hJqrmYAC
1,Success Guides,0010M00001YtszS,Agentforce,2025-10-01,2025-10-01,0010M00001YtszSQAR
1,Success Guides,001000000014qGQ,Agentforce,2025-01-01,2025-01-01,001000000014qGQAAY
1,Success Guides,00100000001gOh7,Agentforce,2025-05-01,2025-05-01,00100000001gOh7AAE
1,Success Guides,0013y00001eqNC6,Agentforce,2025-01-01,2025-01-01,0013y00001eqNC6QAM
1,Success Guides,0013000001KYQGk,Agentforce,2025-12-01,2025-11-01,0013000001KYQGkAAP
1,Success Guides,0013000000rqy1R,Agentforce,2024-12-01,2024-11-01,0013000000rqy1RAAQ
1,Success Guides,0013y00001dVsQJ,Agentforce,2025-08-01,2025-07-01,0013y00001dVsQJQA0
1,Success Guides,00130000016hMKt,Agentforce,2025-11-01,2025-10-01,00130000016hMKtAAM
1,Success Guides,0013000001CBG73,Agentforce,2025-12-01,2025-09-01,0013000001CBG73AAH
1,Success Guides,0013y00001f6DNE,Agentforce,2025-10-01,2025-09-01,0013y00001f6DNEQA2
1,Success Guides,0013000001NWmE8,Agentforce,2025-08-01,2025-07-01,0013000001NWmE8AAL
1,Success Guides,0013000001GXFhT,Agentforce,2025-10-01,2025-10-01,0013000001GXFhTAAX
1,Success Guides,0013000000KamPC,Agentforce,2025-04-01,2025-03-01,0013000000KamPCAAZ
1,Success Guides,0010M00001Yu2xH,Agentforce,2025-06-01,2025-05-01,0010M00001Yu2xHQAR
1,Success Guides,0013y00001cbAds,Agentforce,2025-07-01,2025-06-01,0013y00001cbAdsQAE
1,Success Guides,0013000001MiXdb,Agentforce,2024-12-01,2024-12-01,0013000001MiXdbAAF
1,Success Guides,00100000002ElXx,Agentforce,2025-12-01,2025-11-01,00100000002ElXxAAK
1,Success Guides,0013000001KzEVs,Agentforce,2025-06-01,2025-05-01,0013000001KzEVsAAN
1,Success Guides,0013000000M1ZCI,Agentforce,2025-06-01,2025-04-01,0013000000M1ZCIAA3
1,Success Guides,0010M00001WYAw7,Agentforce,2025-09-01,2025-09-01,0010M00001WYAw7QAH
1,Success Guides,0010M00001Qmbo8,Agentforce,2025-12-01,2025-11-01,0010M00001Qmbo8QAB
1,1:M Content,001000000015hqy,Agentforce,2025-07-01,2025-07-01,001000000015hqyAAA
1,1:M Content,0013000001CAuHL,Agentforce,2025-10-01,2025-10-01,0013000001CAuHLAA1
1,1:M Content,0013y00001YbZaN,Agentforce,2025-07-01,2025-07-01,0013y00001YbZaNQAV
1,1:M Content,0010M00001WIJGP,Agentforce,2025-09-01,2025-09-01,0010M00001WIJGPQA5
1,1:M Content,001ed00000cOJbW,Agentforce,2025-08-01,2025-08-01,001ed00000cOJbWYAW
1,1:M Content,0013y00001d9IGi,Agentforce,2025-05-01,2025-05-01,0013y00001d9IGiQAM
1,1:M Content,001ed00000KK0lR,Agentforce,2025-06-01,2025-06-01,001ed00000KK0lRYAT
1,1:M Content,001ed00000Appp9,Agentforce,2024-11-01,2024-11-01,001ed00000Appp9YAB
1,1:M Content,001ed00000cD3gZ,Agentforce,2025-07-01,2025-07-01,001ed00000cD3gZYAS
1,1:M Content,0013000001IeuPV,Agentforce,2025-08-01,2025-08-01,0013000001IeuPVAAZ
1,1:M Content,00100000002Em7H,Agentforce,2025-10-01,2025-10-01,00100000002Em7HAAS
1,1:M Content,0010000000000h9,Agentforce,2025-09-01,2025-09-01,0010000000000h9AAA
1,1:M Content,001000000004zjO,Agentforce,2025-05-01,2025-05-01,001000000004zjOAAQ
1,1:M Content,001ed00000oqfzy,Agentforce,2025-12-01,2025-12-01,001ed00000oqfzyYAA
1,1:M Content,0013000000IkVaF,Agentforce,2025-02-01,2025-02-01,0013000000IkVaFAAV
1,1:M Content,001ed00000XOkQ5,Agentforce,2025-06-01,2025-06-01,001ed00000XOkQ5YAL
1,1:M Content,0013000000M1UOp,Agentforce,2025-09-01,2025-09-01,0013000000M1UOpAAN
1,1:M Content,0013000001CA73J,Agentforce,2025-02-01,2025-02-01,0013000001CA73JAAT
1,1:M Content,001ed00000h8NWY,Agentforce,2025-09-01,2025-09-01,001ed00000h8NWYYA2
1,1:M Content,001ed00000iouP5,Agentforce,2025-10-01,2025-10-01,001ed00000iouP5YAI
1,1:M Content,00130000002xDx9,Agentforce,2025-11-01,2025-11-01,00130000002xDx9AAE
1,1:M Content,001ed00000W3BR8,Agentforce,2025-06-01,2025-06-01,001ed00000W3BR8YAN
1,1:M Content,0013000000IkXLo,Agentforce,2025-06-01,2025-06-01,0013000000IkXLoAAN
1,1:M Content,0013000001CApWB,Agentforce,2025-10-01,2025-10-01,0013000001CApWBAA1
1,1:M Content,001ed000003pfPC,Agentforce,2025-07-01,2025-07-01,001ed000003pfPCYAY
1,1:M Content,0013y00001etRyA,Agentforce,2025-08-01,2025-08-01,0013y00001etRyAQAU
1,1:M Content,0013000000M1aMb,Agentforce,2025-09-01,2025-09-01,0013000000M1aMbAAJ
1,1:M Content,001ed00000RaLT1,Agentforce,2025-06-01,2025-06-01,001ed00000RaLT1YAN
1,1:M Content,001ed00000F8NtK,Agentforce,2025-12-01,2025-12-01,001ed00000F8NtKYAV
1,1:M Content,001ed00000EKa2V,Agentforce,2025-10-01,2025-10-01,001ed00000EKa2VYAT
1,1:M Content,001ed00000CptRl,Agentforce,2025-01-01,2025-01-01,001ed00000CptRlYAJ
1,1:M Content,0013000000LEaIO,Agentforce,2025-07-01,2025-07-01,0013000000LEaIOAA1
1,1:M Content,0010M00001bbxsZ,Agentforce,2025-10-01,2025-10-01,0010M00001bbxsZQAQ
1,1:M Content,001ed00000raJqP,Agentforce,2025-12-01,2025-12-01,001ed00000raJqPYAU
1,1:M Content,0013000000hLc3V,Agentforce,2025-09-01,2025-09-01,0013000000hLc3VAAS
1,1:M Content,001ed00000Iqa0E,Agentforce,2025-07-01,2025-07-01,001ed00000Iqa0EYAR
1,1:M Content,0010M00001SJ4x6,Agentforce,2025-09-01,2025-09-01,0010M00001SJ4x6QAD
1,1:M Content,0013000000Lj8iB,Agentforce,2025-12-01,2025-12-01,0013000000Lj8iBAAR
1,1:M Content,0013y00001cVpZh,Agentforce,2025-09-01,2025-09-01,0013y00001cVpZhQAK
1,1:M Content,001ed00000gmSl1,Agentforce,2025-09-01,2025-09-01,001ed00000gmSl1YAE
1,1:M Content,0010M00001ULiD0,Agentforce,2025-07-01,2025-07-01,0010M00001ULiD0QAL
1,1:M Content,001ed0000069FUD,Agentforce,2025-09-01,2025-09-01,001ed0000069FUDYA2
1,1:M Content,00130000016jG2Z,Agentforce,2024-11-01,2024-11-01,00130000016jG2ZAAU
1,1:M Content,001ed00000rPhPq,Agentforce,2025-12-01,2025-12-01,001ed00000rPhPqYAK
1,1:M Content,001ed00000QCizE,Agentforce,2025-05-01,2025-05-01,001ed00000QCizEYAT
1,1:M Content,0010M00001W8dPf,Agentforce,2025-01-01,2025-01-01,0010M00001W8dPfQAJ
1,1:M Content,0013000000NSNjz,Agentforce,2025-12-01,2025-12-01,0013000000NSNjzAAH
1,1:M Content,001ed00000ak5Ub,Agentforce,2025-07-01,2025-07-01,001ed00000ak5UbYAI
1,1:M Content,001ed00000XSs2V,Agentforce,2025-07-01,2025-07-01,001ed00000XSs2VYAT
1,1:M Content,0010M00001X8HML,Agentforce,2025-04-01,2025-04-01,0010M00001X8HMLQA3
1,1:M Content,0010M00001W861r,Agentforce,2025-01-01,2025-01-01,0010M00001W861rQAB
1,1:M Content,001ed00000HJGVa,Agentforce,2025-02-01,2025-02-01,001ed00000HJGVaYAP
1,1:M Content,0013000000M0lvH,Agentforce,2025-11-01,2025-11-01,0013000000M0lvHAAR
1,1:M Content,0013000000Jx86u,Agentforce,2025-05-01,2025-05-01,0013000000Jx86uAAB
1,1:M Content,0010M00001QkgSW,Agentforce,2025-12-01,2025-12-01,0010M00001QkgSWQAZ
3,1:M Content,001ed00000aJ6Px,Agentforce,2025-07-01,2025-07-01,001ed00000aJ6PxYAK
3,1:M Content,0010M00001Jzhfa,Agentforce,2025-10-01,2025-10-01,0010M00001JzhfaQAB
2,1:M Content,0013000000M1b5M,Agentforce,2025-10-01,2025-10-01,0013000000M1b5MAAR
6,1:M Content,0013000000IkqwQ,Agentforce,2025-07-01,2025-07-01,0013000000IkqwQAAR
8,1:M Content,0013y00001c8NLi,Agentforce,2025-07-01,2025-07-01,0013y00001c8NLiQAM
4,1:M Content,0013000000HI3g3,Agentforce,2025-05-01,2025-05-01,0013000000HI3g3AAD
11,1:M Content,0013y00001dy5aB,Agentforce,2025-08-01,2025-08-01,0013y00001dy5aBQAQ
8,1:M Content,0010M00001XyAva,Agentforce,2025-09-01,2025-09-01,0010M00001XyAvaQAF
2,1:M Content,001ed00000eVUdw,Agentforce,2025-12-01,2025-12-01,001ed00000eVUdwYAG
2,1:M Content,00130000016iWl7,Agentforce,2025-01-01,2025-01-01,00130000016iWl7AAE
3,1:M Content,001ed00000dZ1Qz,Agentforce,2025-08-01,2025-08-01,001ed00000dZ1QzYAK
2,1:M Content,0013000000HlAOj,Agentforce,2025-09-01,2025-09-01,0013000000HlAOjAAN
4,1:M Content,0013000001JyIvW,Agentforce,2025-07-01,2025-07-01,0013000001JyIvWAAV
3,1:M Content,0013000000LCvPN,Agentforce,2025-09-01,2025-09-01,0013000000LCvPNAA1
3,1:M Content,0013000000RZ32z,Agentforce,2025-07-01,2025-07-01,0013000000RZ32zAAD
2,1:M Content,001ed00000Zgr8b,Agentforce,2025-08-01,2025-08-01,001ed00000Zgr8bYAB
10,1:M Content,0013000000Ziqmj,Agentforce,2025-09-01,2025-09-01,0013000000ZiqmjAAB
4,1:M Content,0010M00001SpsJ7,Agentforce,2025-11-01,2025-11-01,0010M00001SpsJ7QAJ
3,1:M Content,001ed00000dcPoX,Agentforce,2025-08-01,2025-08-01,001ed00000dcPoXYAU
2,1:M Content,00130000002xKan,Agentforce,2025-08-01,2025-08-01,00130000002xKanAAE
3,1:M Content,001ed00000bXV6D,Agentforce,2025-08-01,2025-08-01,001ed00000bXV6DYAW
2,1:M Content,0013000001J7vE8,Agentforce,2025-01-01,2025-01-01,0013000001J7vE8AAJ
2,1:M Content,0013000000Ija6Q,Agentforce,2025-10-01,2025-10-01,0013000000Ija6QAAR
3,1:M Content,0013000000ExP7a,Agentforce,2025-08-01,2025-08-01,0013000000ExP7aAAF
2,1:M Content,0013y00001gDjro,Agentforce,2025-07-01,2025-07-01,0013y00001gDjroQAC
2,1:M Content,00130000002xChB,Agentforce,2025-12-01,2025-12-01,00130000002xChBAAU
3,1:M Content,001ed00000bjROZ,Agentforce,2025-08-01,2025-08-01,001ed00000bjROZYA2
2,1:M Content,0010M00001cCTU5,Agentforce,2025-08-01,2025-08-01,0010M00001cCTU5QAO
2,1:M Content,0013000000JzTEJ,Agentforce,2025-08-01,2025-08-01,0013000000JzTEJAA3
3,1:M Content,001ed00000qbBg9,Agentforce,2025-12-01,2025-12-01,001ed00000qbBg9YAE
2,1:M Content,001ed00000YMZ5D,Agentforce,2025-07-01,2025-07-01,001ed00000YMZ5DYAX
1,Success Guides,00130000000Pq5A,Agentforce,2025-11-01,2025-11-01,00130000000Pq5AAAS
1,Success Guides,0010M00001V48w9,Agentforce,2025-12-01,2025-11-01,0010M00001V48w9QAB
1,Success Guides,0013000001GXHSB,Agentforce,2025-06-01,2025-05-01,0013000001GXHSBAA5
1,Success Guides,0013y00001h7wYF,Agentforce,2025-11-01,2025-10-01,0013y00001h7wYFQAY
1,Success Guides,0013y00001cjy4j,Agentforce,2025-12-01,2025-10-01,0013y00001cjy4jQAA
1,Success Guides,0010M00001QkCfp,Agentforce,2025-04-01,2025-04-01,0010M00001QkCfpQAF
1,Success Guides,0013000001GVjGX,Agentforce,2025-10-01,2025-10-01,0013000001GVjGXAA1
1,Success Guides,0013000000hJ5qw,Agentforce,2025-12-01,2025-11-01,0013000000hJ5qwAAC
1,Success Guides,0010M00001VKcpa,Agentforce,2024-12-01,2024-11-01,0010M00001VKcpaQAD
1,Success Guides,00100000001SVHX,Agentforce,2025-11-01,2025-10-01,00100000001SVHXAA4
1,Success Guides,00130000016hA4v,Agentforce,2025-05-01,2025-02-01,00130000016hA4vAAE
1,Success Guides,00130000008l1H6,Agentforce,2025-12-01,2025-10-01,00130000008l1H6AAI
1,Success Guides,00130000016gN5v,Agentforce,2025-11-01,2025-10-01,00130000016gN5vAAE
1,Success Guides,0013y00001cSbWp,Agentforce,2025-11-01,2025-10-01,0013y00001cSbWpQAK
1,Success Guides,0013000001GXFhT,Agentforce,2025-02-01,2025-02-01,0013000001GXFhTAAX
1,Success Guides,001ed00000RZUba,Agentforce,2025-08-01,2025-07-01,001ed00000RZUbaYAH
1,Success Guides,0013000001J7Rh5,Agentforce,2025-02-01,2025-01-01,0013000001J7Rh5AAF
1,Success Guides,0013000000HjO3l,Agentforce,2025-10-01,2025-10-01,0013000000HjO3lAAF
1,Success Guides,0013000000EzWRs,Agentforce,2025-11-01,2025-10-01,0013000000EzWRsAAN
1,Success Guides,0013000001CB6g6,Agentforce,2025-08-01,2025-07-01,0013000001CB6g6AAD
1,Success Guides,0013000000M1YFI,Agentforce,2025-12-01,2025-11-01,0013000000M1YFIAA3
1,Success Guides,0013000000M2Nw7,Agentforce,2025-12-01,2025-11-01,0013000000M2Nw7AAF
1,Success Guides,0013000001Fb8lZ,Agentforce,2025-09-01,2025-09-01,0013000001Fb8lZAAR
1,Success Guides,0013000001MsmgJ,Agentforce,2025-12-01,2025-08-01,0013000001MsmgJAAR
1,Success Guides,00130000000mwEG,Agentforce,2025-03-01,2025-02-01,00130000000mwEGAAY
1,Success Guides,00130000002xeNw,Agentforce,2025-10-01,2025-10-01,00130000002xeNwAAI
1,Success Guides,0013000000LCnBH,Agentforce,2025-12-01,2025-12-01,0013000000LCnBHAA1
4,Success Guides,00100000001ow6d,Agentforce,2025-06-01,2025-06-01,00100000001ow6dAAA
1,1:M Content,001ed00000ma04L,Agentforce,2025-10-01,2025-10-01,001ed00000ma04LYAQ
1,1:M Content,001ed00000ZKnIA,Agentforce,2025-12-01,2025-12-01,001ed00000ZKnIAYA1
1,1:M Content,0010M00001SJRwo,Agentforce,2025-08-01,2025-08-01,0010M00001SJRwoQAH
1,1:M Content,0010M00001S9Ljo,Agentforce,2024-12-01,2024-12-01,0010M00001S9LjoQAF
1,1:M Content,0010M00001Smwk4,Agentforce,2025-02-01,2025-02-01,0010M00001Smwk4QAB
1,1:M Content,0013000000JIBWV,Agentforce,2025-06-01,2025-06-01,0013000000JIBWVAA5
1,1:M Content,0010M00001WkPuQ,Agentforce,2025-02-01,2025-02-01,0010M00001WkPuQQAV
1,1:M Content,001ed00000U3kLF,Agentforce,2025-08-01,2025-08-01,001ed00000U3kLFYAZ
1,1:M Content,0010M00001Jzfze,Agentforce,2025-11-01,2025-11-01,0010M00001JzfzeQAB
1,1:M Content,0013y00001cIURp,Agentforce,2024-12-01,2024-12-01,0013y00001cIURpQAO
1,1:M Content,0013000001NX8to,Agentforce,2025-11-01,2025-11-01,0013000001NX8toAAD
1,1:M Content,0013000001LX1NW,Agentforce,2025-11-01,2025-11-01,0013000001LX1NWAA1
1,1:M Content,0010M00001QmrIf,Agentforce,2025-09-01,2025-09-01,0010M00001QmrIfQAJ
1,1:M Content,0013000000Eyvmu,Agentforce,2025-10-01,2025-10-01,0013000000EyvmuAAB
1,1:M Content,0013y00001c7Su9,Agentforce,2025-12-01,2025-12-01,0013y00001c7Su9QAE
1,1:M Content,00130000016gl7Z,Agentforce,2025-10-01,2025-10-01,00130000016gl7ZAAQ
1,1:M Content,0013000001GGD4Z,Agentforce,2025-08-01,2025-08-01,0013000001GGD4ZAAX
1,1:M Content,00100000001VEHL,Agentforce,2025-07-01,2025-07-01,00100000001VEHLAA4
1,1:M Content,001000000015hqy,Agentforce,2025-05-01,2025-05-01,001000000015hqyAAA
1,1:M Content,0013y00001c8O4z,Agentforce,2025-07-01,2025-07-01,0013y00001c8O4zQAE
1,1:M Content,001ed00000h3rVF,Agentforce,2025-10-01,2025-10-01,001ed00000h3rVFYAY
1,1:M Content,001ed00000gMcsx,Agentforce,2025-09-01,2025-09-01,001ed00000gMcsxYAC
1,1:M Content,00130000003J495,Agentforce,2025-01-01,2025-01-01,00130000003J495AAC
1,1:M Content,0010M00001WHuPu,Agentforce,2025-08-01,2025-08-01,0010M00001WHuPuQAL
1,1:M Content,00130000004CtvC,Agentforce,2025-10-01,2025-10-01,00130000004CtvCAAS
1,1:M Content,0010M00001WII7b,Agentforce,2025-12-01,2025-12-01,0010M00001WII7bQAH
1,1:M Content,001ed00000YGs5i,Agentforce,2025-07-01,2025-07-01,001ed00000YGs5iYAD
1,1:M Content,0013y00001eZH45,Agentforce,2025-07-01,2025-07-01,0013y00001eZH45QAG
1,1:M Content,0010M00001QqTyx,Agentforce,2025-01-01,2025-01-01,0010M00001QqTyxQAF
1,1:M Content,001ed00000LqcJh,Agentforce,2025-12-01,2025-12-01,001ed00000LqcJhYAJ
1,1:M Content,001ed00000RHZpp,Agentforce,2025-06-01,2025-06-01,001ed00000RHZppYAH
1,1:M Content,0013000001CAoab,Agentforce,2025-11-01,2025-11-01,0013000001CAoabAAD
1,1:M Content,0013000000NQB1U,Agentforce,2025-12-01,2025-12-01,0013000000NQB1UAAX
1,1:M Content,001ed00000seaox,Agentforce,2025-12-01,2025-12-01,001ed00000seaoxYAA
1,1:M Content,0013000000Lzb1m,Agentforce,2025-10-01,2025-10-01,0013000000Lzb1mAAB
1,1:M Content,0013000001Fg7e3,Agentforce,2025-09-01,2025-09-01,0013000001Fg7e3AAB
1,1:M Content,0013000000269RR,Agentforce,2025-08-01,2025-08-01,0013000000269RRAAY
1,1:M Content,00100000001hgEz,Agentforce,2025-10-01,2025-10-01,00100000001hgEzAAI
1,1:M Content,0013y00001dYVPg,Agentforce,2025-08-01,2025-08-01,0013y00001dYVPgQAO
1,1:M Content,0013000001CBOdX,Agentforce,2025-10-01,2025-10-01,0013000001CBOdXAAX
1,1:M Content,0013y00001fSxAX,Agentforce,2025-01-01,2025-01-01,0013y00001fSxAXQA0
1,1:M Content,001ed00000smTyI,Agentforce,2025-12-01,2025-12-01,001ed00000smTyIYAU
1,1:M Content,001ed00000oR6ni,Agentforce,2025-11-01,2025-11-01,001ed00000oR6niYAC
3,1:M Content,00100000000BIm3,Agentforce,2025-11-01,2025-11-01,00100000000BIm3AAG
2,1:M Content,0010M00001PE6uG,Agentforce,2025-01-01,2025-01-01,0010M00001PE6uGQAT
3,1:M Content,001ed00000hv0c1,Agentforce,2025-09-01,2025-09-01,001ed00000hv0c1YAA
3,1:M Content,0010M00001QmTyY,Agentforce,2025-10-01,2025-10-01,0010M00001QmTyYQAV
10,1:M Content,0013000000I4JCA,Agentforce,2025-12-01,2025-12-01,0013000000I4JCAAA3
5,1:M Content,001300000014ffm,Agentforce,2025-08-01,2025-08-01,001300000014ffmAAA
3,1:M Content,0013y00001h6cJs,Agentforce,2025-07-01,2025-07-01,0013y00001h6cJsQAI
2,1:M Content,001ed00000qXAM2,Agentforce,2025-11-01,2025-11-01,001ed00000qXAM2YAO
4,1:M Content,0013000000ZkDYe,Agentforce,2025-09-01,2025-09-01,0013000000ZkDYeAAN
2,1:M Content,0013000000LZRuo,Agentforce,2025-07-01,2025-07-01,0013000000LZRuoAAH
4,1:M Content,001ed00000XP4bh,Agentforce,2025-06-01,2025-06-01,001ed00000XP4bhYAD
5,1:M Content,0010M00001QaLrK,Agentforce,2025-06-01,2025-06-01,0010M00001QaLrKQAV
4,1:M Content,001ed00000gdRUr,Agentforce,2025-09-01,2025-09-01,001ed00000gdRUrYAM
3,1:M Content,0013000001GXaVu,Agentforce,2025-08-01,2025-08-01,0013000001GXaVuAAL
2,1:M Content,001ed00000q2Mxl,Agentforce,2025-12-01,2025-12-01,001ed00000q2MxlYAE
3,1:M Content,0010M00001WI5Ty,Agentforce,2025-11-01,2025-11-01,0010M00001WI5TyQAL
2,1:M Content,001ed00000gUOZP,Agentforce,2025-09-01,2025-09-01,001ed00000gUOZPYA4
2,1:M Content,00100000001E0jo,Agentforce,2025-09-01,2025-09-01,00100000001E0joAAC
2,1:M Content,001ed00000mMx4I,Agentforce,2025-10-01,2025-10-01,001ed00000mMx4IYAS
2,1:M Content,001ed00000RSg9g,Agentforce,2025-06-01,2025-06-01,001ed00000RSg9gYAD
2,1:M Content,0013000001JyoVv,Agentforce,2025-10-01,2025-10-01,0013000001JyoVvAAJ
2,1:M Content,001ed00000OtT0L,Agentforce,2025-10-01,2025-10-01,001ed00000OtT0LYAV
2,1:M Content,0013000001Fj4Ph,Agentforce,2025-10-01,2025-10-01,0013000001Fj4PhAAJ
1,Success Guides,0013000001CA9kL,Agentforce,2025-11-01,2025-10-01,0013000001CA9kLAAT
1,Success Guides,0013000001Mibba,Agentforce,2025-12-01,2025-11-01,0013000001MibbaAAB
1,Success Guides,00130000016gN5v,Agentforce,2025-11-01,2025-11-01,00130000016gN5vAAE
1,Success Guides,0010M00001QmWgu,Agentforce,2025-04-01,2025-02-01,0010M00001QmWguQAF
1,Success Guides,0010M00001Spx7O,Agentforce,2025-08-01,2025-07-01,0010M00001Spx7OQAR
1,Success Guides,0013000000NPOSM,Agentforce,2025-11-01,2025-10-01,0013000000NPOSMAA5
1,Success Guides,0013000000NS1iT,Agentforce,2025-06-01,2025-05-01,0013000000NS1iTAAT
1,Success Guides,00130000016imMS,Agentforce,2025-08-01,2025-08-01,00130000016imMSAAY
1,Success Guides,0013000000Em379,Agentforce,2025-11-01,2025-10-01,0013000000Em379AAB
1,Success Guides,00130000002xDvj,Agentforce,2025-11-01,2025-10-01,00130000002xDvjAAE
1,Success Guides,0013000000rqsgK,Agentforce,2025-12-01,2025-12-01,0013000000rqsgKAAQ
1,Success Guides,0013y00001eqHQD,Agentforce,2025-08-01,2025-07-01,0013y00001eqHQDQA2
1,Success Guides,0013000000GJtFl,Agentforce,2025-11-01,2025-10-01,0013000000GJtFlAAL
1,Success Guides,00100000000jLgx,Agentforce,2024-12-01,2024-11-01,00100000000jLgxAAE
1,Success Guides,0013y00001cFZgt,Agentforce,2025-09-01,2025-08-01,0013y00001cFZgtQAG
1,Success Guides,001000000012Tyo,Agentforce,2025-02-01,2025-01-01,001000000012TyoAAE
1,Success Guides,0013000001JymkK,Agentforce,2025-11-01,2025-11-01,0013000001JymkKAAR
1,Success Guides,0013y00001cVLPb,Agentforce,2025-06-01,2025-06-01,0013y00001cVLPbQAO
1,Success Guides,001300000025ReU,Agentforce,2025-06-01,2025-05-01,001300000025ReUAAU
1,Success Guides,0013000000hMgl3,Agentforce,2025-02-01,2025-01-01,0013000000hMgl3AAC
1,Success Guides,0013y00001g4eEN,Agentforce,2025-03-01,2025-03-01,0013y00001g4eENQAY
1,Success Guides,0013000000EOXDz,Agentforce,2025-03-01,2025-01-01,0013000000EOXDzAAP
1,Success Guides,0013y00001dy2En,Agentforce,2025-11-01,2025-10-01,0013y00001dy2EnQAI
1,Success Guides,00100000001L6qX,Agentforce,2025-06-01,2025-05-01,00100000001L6qXAAS
1,Success Guides,0010M00001WkmnU,Agentforce,2025-03-01,2025-03-01,0010M00001WkmnUQAR
1,Success Guides,0010M00001YtszS,Agentforce,2025-10-01,2025-09-01,0010M00001YtszSQAR
1,Success Guides,0013y00001ceA3w,Agentforce,2025-05-01,2025-04-01,0013y00001ceA3wQAE
1,Success Guides,0010M00001ULpyc,Agentforce,2024-11-01,2024-11-01,0010M00001ULpycQAD
1,Success Guides,0013y00001d2FLc,Agentforce,2025-07-01,2025-04-01,0013y00001d2FLcQAM
1,Success Guides,00130000002xUbt,Agentforce,2025-11-01,2025-10-01,00130000002xUbtAAE
1,Success Guides,00130000016ip17,Agentforce,2025-07-01,2025-05-01,00130000016ip17AAA
1,Success Guides,0013000000JJz79,Agentforce,2025-10-01,2025-10-01,0013000000JJz79AAD
22,Success Architects,,Agentforce,2025-11-01,2025-10-01
2,Success Guides,0013000000I4uri,Agentforce,2025-10-01,2025-09-01,0013000000I4uriAAB
2,Success Guides,001000000028ckW,Agentforce,2025-04-01,2025-03-01,001000000028ckWAAQ
1,1:M Content,0013000001C9wPx,Agentforce,2025-08-01,2025-08-01,0013000001C9wPxAAJ
1,1:M Content,0013y00001eqDDm,Agentforce,2025-01-01,2025-01-01,0013y00001eqDDmQAM
1,1:M Content,0013000000Zl3zg,Agentforce,2025-02-01,2025-02-01,0013000000Zl3zgAAB
1,1:M Content,0013y00001c4iEJ,Agentforce,2025-12-01,2025-12-01,0013y00001c4iEJQAY
1,1:M Content,001ed00000ey4uZ,Agentforce,2025-08-01,2025-08-01,001ed00000ey4uZYAQ
1,1:M Content,001ed00000YSVen,Agentforce,2025-07-01,2025-07-01,001ed00000YSVenYAH
1,1:M Content,001ed00000sdf9A,Agentforce,2025-12-01,2025-12-01,001ed00000sdf9AYAQ
1,1:M Content,001ed00000eCk8C,Agentforce,2025-08-01,2025-08-01,001ed00000eCk8CYAS
1,1:M Content,0010M00001WkpEi,Agentforce,2025-07-01,2025-07-01,0010M00001WkpEiQAJ
1,1:M Content,0013000000RYbwv,Agentforce,2025-02-01,2025-02-01,0013000000RYbwvAAD
1,1:M Content,001ed00000gX83S,Agentforce,2025-09-01,2025-09-01,001ed00000gX83SYAS
1,1:M Content,0013000000hKOpk,Agentforce,2025-08-01,2025-08-01,0013000000hKOpkAAG
1,1:M Content,0013000000ZjtJv,Agentforce,2025-12-01,2025-12-01,0013000000ZjtJvAAJ
1,1:M Content,0010M00001Sn2fa,Agentforce,2025-08-01,2025-08-01,0010M00001Sn2faQAB
1,1:M Content,0013000001CA9sU,Agentforce,2025-08-01,2025-08-01,0013000001CA9sUAAT
1,1:M Content,0013y00001dX2ix,Agentforce,2025-10-01,2025-10-01,0013y00001dX2ixQAC
1,1:M Content,00100000001U2Dw,Agentforce,2025-07-01,2025-07-01,00100000001U2DwAAK
1,1:M Content,0013y00001bdceh,Agentforce,2025-10-01,2025-10-01,0013y00001bdcehQAA
1,1:M Content,0013y00001cfj0J,Agentforce,2025-11-01,2025-11-01,0013y00001cfj0JQAQ
1,1:M Content,0013000000JXlsa,Agentforce,2025-11-01,2025-11-01,0013000000JXlsaAAD
1,1:M Content,00130000001F9pY,Agentforce,2025-09-01,2025-09-01,00130000001F9pYAAS
1,1:M Content,0013000000I5vdD,Agentforce,2025-03-01,2025-03-01,0013000000I5vdDAAR
1,1:M Content,00130000002xVSE,Agentforce,2025-11-01,2025-11-01,00130000002xVSEAA2
1,1:M Content,0010M00001SpsWk,Agentforce,2025-09-01,2025-09-01,0010M00001SpsWkQAJ
1,1:M Content,001ed00000eKCsR,Agentforce,2025-08-01,2025-08-01,001ed00000eKCsRYAW
1,1:M Content,001ed00000i2ClJ,Agentforce,2025-09-01,2025-09-01,001ed00000i2ClJYAU
1,1:M Content,001ed00000DNHoh,Agentforce,2024-12-01,2024-12-01,001ed00000DNHohYAH
1,1:M Content,0013y00001fzocz,Agentforce,2025-11-01,2025-11-01,0013y00001fzoczQAA
1,1:M Content,001ed00000dU3q1,Agentforce,2025-08-01,2025-08-01,001ed00000dU3q1YAC
1,1:M Content,001ed00000cB2Wr,Agentforce,2025-09-01,2025-09-01,001ed00000cB2WrYAK
1,1:M Content,0013000000M2qqG,Agentforce,2025-02-01,2025-02-01,0013000000M2qqGAAR
1,1:M Content,0013y00001Xz3vb,Agentforce,2025-08-01,2025-08-01,0013y00001Xz3vbQAB
1,1:M Content,001ed000009iqH6,Agentforce,2025-08-01,2025-08-01,001ed000009iqH6YAI
1,1:M Content,001ed00000ekO8M,Agentforce,2025-08-01,2025-08-01,001ed00000ekO8MYAU
1,1:M Content,0010M00001WZ0DE,Agentforce,2025-08-01,2025-08-01,0010M00001WZ0DEQA1
1,1:M Content,001ed00000YgBoH,Agentforce,2025-07-01,2025-07-01,001ed00000YgBoHYAV
1,1:M Content,0013000000ZmNdM,Agentforce,2025-05-01,2025-05-01,0013000000ZmNdMAAV
1,1:M Content,001ed00000foM8z,Agentforce,2025-08-01,2025-08-01,001ed00000foM8zYAE
1,1:M Content,0013y00001cgMYg,Agentforce,2025-04-01,2025-04-01,0013y00001cgMYgQAM
1,1:M Content,001ed00000gxRaI,Agentforce,2025-09-01,2025-09-01,001ed00000gxRaIYAU
1,1:M Content,001ed00000HXw9t,Agentforce,2025-02-01,2025-02-01,001ed00000HXw9tYAD
1,1:M Content,0013000001NXnfy,Agentforce,2025-07-01,2025-07-01,0013000001NXnfyAAD
1,1:M Content,001ed00000fyh46,Agentforce,2025-09-01,2025-09-01,001ed00000fyh46YAA
1,1:M Content,0010M00001Qm5BC,Agentforce,2025-11-01,2025-11-01,0010M00001Qm5BCQAZ
1,1:M Content,001ed00000crj4S,Agentforce,2025-08-01,2025-08-01,001ed00000crj4SYAQ
1,1:M Content,001000000027wFN,Agentforce,2025-11-01,2025-11-01,001000000027wFNAAY
1,1:M Content,001ed00000dhk2o,Agentforce,2025-10-01,2025-10-01,001ed00000dhk2oYAA
1,1:M Content,0013000000DS9Ho,Agentforce,2025-05-01,2025-05-01,0013000000DS9HoAAL
4,1:M Content,00100000000kt36,Agentforce,2025-08-01,2025-08-01,00100000000kt36AAA
2,1:M Content,00100000001dhww,Agentforce,2025-08-01,2025-08-01,00100000001dhwwAAA
3,1:M Content,001ed00000ojJuY,Agentforce,2025-11-01,2025-11-01,001ed00000ojJuYYAU
3,1:M Content,001ed00000nl336,Agentforce,2025-11-01,2025-11-01,001ed00000nl336YAA
3,1:M Content,0010M00001NYZdS,Agentforce,2025-09-01,2025-09-01,0010M00001NYZdSQAX
3,1:M Content,001ed00000haMR5,Agentforce,2025-09-01,2025-09-01,001ed00000haMR5YAM
2,1:M Content,0013y00001cQ3Cd,Agentforce,2025-11-01,2025-11-01,0013y00001cQ3CdQAK
4,1:M Content,0013000000I4Ktt,Agentforce,2025-07-01,2025-07-01,0013000000I4KttAAF
4,1:M Content,0013000001JdE2R,Agentforce,2025-07-01,2025-07-01,0013000001JdE2RAAV
3,1:M Content,0010M00001QmohR,Agentforce,2025-12-01,2025-12-01,0010M00001QmohRQAR
4,1:M Content,001ed00000oQeuk,Agentforce,2025-11-01,2025-11-01,001ed00000oQeukYAC
3,1:M Content,001ed00000cqHYN,Agentforce,2025-08-01,2025-08-01,001ed00000cqHYNYA2
3,1:M Content,001ed00000hfnVS,Agentforce,2025-11-01,2025-11-01,001ed00000hfnVSYAY
4,1:M Content,0013000000hMTt7,Agentforce,2025-07-01,2025-07-01,0013000000hMTt7AAG
2,1:M Content,0010M00001Yb0dJ,Agentforce,2025-12-01,2025-12-01,0010M00001Yb0dJQAR
2,1:M Content,001ed00000RTtcg,Agentforce,2025-06-01,2025-06-01,001ed00000RTtcgYAD
2,1:M Content,001ed00000du4c0,Agentforce,2025-08-01,2025-08-01,001ed00000du4c0YAA
2,1:M Content,00130000016hD2Z,Agentforce,2025-12-01,2025-12-01,00130000016hD2ZAAU
4,1:M Content,00130000009aNB2,Agentforce,2025-11-01,2025-11-01,00130000009aNB2AAM
2,1:M Content,0010M00001SIJdY,Agentforce,2025-01-01,2025-01-01,0010M00001SIJdYQAX
3,1:M Content,0013y00001XzVz6,Agentforce,2025-08-01,2025-08-01,0013y00001XzVz6QAF
2,1:M Content,001ed00000i0GOP,Agentforce,2025-09-01,2025-09-01,001ed00000i0GOPYA2
3,1:M Content,001ed00000ErgIq,Agentforce,2025-11-01,2025-11-01,001ed00000ErgIqYAJ
2,1:M Content,0013000001J7tjF,Agentforce,2025-08-01,2025-08-01,0013000001J7tjFAAR
2,1:M Content,00130000016hk0F,Agentforce,2025-07-01,2025-07-01,00130000016hk0FAAQ
2,1:M Content,0013y00001c4i7h,Agentforce,2025-07-01,2025-07-01,0013y00001c4i7hQAA
2,1:M Content,0013y00001fSvHk,Agentforce,2025-09-01,2025-09-01,0013y00001fSvHkQAK
2,1:M Content,001ed00000il45H,Agentforce,2025-10-01,2025-10-01,001ed00000il45HYAQ
2,1:M Content,0013000000ro8zj,Agentforce,2025-09-01,2025-09-01,0013000000ro8zjAAA
1,Success Guides,0013y00001d0eT3,Agentforce,2025-02-01,2025-02-01,0013y00001d0eT3QAI
1,Success Guides,0013000000M1YFI,Agentforce,2024-12-01,2024-11-01,0013000000M1YFIAA3
1,Success Guides,0013y00001cCXv9,Agentforce,2025-11-01,2025-11-01,0013y00001cCXv9QAG
1,Success Guides,0010M00001WOQvL,Agentforce,2025-07-01,2025-06-01,0010M00001WOQvLQAX
1,Success Guides,0010M00001Y5R0d,Agentforce,2025-03-01,2025-02-01,0010M00001Y5R0dQAF
1,Success Guides,0010M00001Qlxya,Agentforce,2025-09-01,2025-08-01,0010M00001QlxyaQAB
1,Success Guides,0013000000Jx86u,Agentforce,2025-01-01,2025-01-01,0013000000Jx86uAAB
1,Success Guides,0010M00001WY0R9,Agentforce,2025-02-01,2025-01-01,0010M00001WY0R9QAL
1,Success Guides,00130000016h1H9,Agentforce,2025-02-01,2025-01-01,00130000016h1H9AAI
1,Success Guides,0010M00001Qqm0v,Agentforce,2025-11-01,2025-10-01,0010M00001Qqm0vQAB
1,Success Guides,0013y00001ceA3w,Agentforce,2025-10-01,2025-10-01,0013y00001ceA3wQAE
1,Success Guides,0013000000hJ5qw,Agentforce,2025-09-01,2025-08-01,0013000000hJ5qwAAC
1,Success Guides,0010M00001Spqst,Agentforce,2025-04-01,2025-04-01,0010M00001SpqstQAB
1,Success Guides,00130000000Pq5A,Agentforce,2025-08-01,2025-07-01,00130000000Pq5AAAS
1,Success Guides,0013000001MjUav,Agentforce,2025-03-01,2025-02-01,0013000001MjUavAAF
1,Success Guides,0010M00001WI0sP,Agentforce,2025-12-01,2025-12-01,0010M00001WI0sPQAT
1,Success Guides,001ed000001Oe5S,Agentforce,2025-07-01,2025-06-01,001ed000001Oe5SYAS
1,Success Guides,0013000001NWmE8,Agentforce,2025-11-01,2025-11-01,0013000001NWmE8AAL
1,Success Guides,00130000016iljm,Agentforce,2025-11-01,2025-11-01,00130000016iljmAAA
1,Success Guides,00130000008eb9y,Agentforce,2025-12-01,2025-10-01,00130000008eb9yAAA
1,Success Guides,0013y00001f95hB,Agentforce,2025-08-01,2025-08-01,0013y00001f95hBQAQ
1,Success Guides,0013y00001ca2n3,Agentforce,2025-11-01,2025-07-01,0013y00001ca2n3QAA
1,Success Guides,0013000000Zlg4F,Agentforce,2025-09-01,2025-08-01,0013000000Zlg4FAAR
1,Success Guides,00130000001rM7Z,Agentforce,2025-11-01,2025-10-01,00130000001rM7ZAAU
1,Success Guides,0013000000M2I45,Agentforce,2025-10-01,2025-09-01,0013000000M2I45AAF
1,Success Guides,0013000001KZjDf,Agentforce,2025-03-01,2025-02-01,0013000001KZjDfAAL
1,Success Guides,0013000001C9vbi,Agentforce,2025-11-01,2025-10-01,0013000001C9vbiAAB
1,Success Guides,00130000016iljm,Agentforce,2025-12-01,2025-11-01,00130000016iljmAAA
1,Success Guides,00130000016gnKN,Agentforce,2025-07-01,2025-05-01,00130000016gnKNAAY
1,Success Guides,001000000015Uxh,Agentforce,2025-10-01,2025-07-01,001000000015UxhAAE
1,Success Guides,00130000016iKV0,Agentforce,2025-10-01,2025-09-01,00130000016iKV0AAM
1,1:M Content,0013000001GUX0i,Agentforce,2025-09-01,2025-09-01,0013000001GUX0iAAH
1,1:M Content,0010M00001S9L5A,Agentforce,2025-10-01,2025-10-01,0010M00001S9L5AQAV
1,1:M Content,0010M00001ULgv5,Agentforce,2025-03-01,2025-03-01,0010M00001ULgv5QAD
1,1:M Content,0013000001CAikA,Agentforce,2025-08-01,2025-08-01,0013000001CAikAAAT
1,1:M Content,001ed00000W37If,Agentforce,2025-08-01,2025-08-01,001ed00000W37IfYAJ
1,1:M Content,0010M00001UESEM,Agentforce,2025-01-01,2025-01-01,0010M00001UESEMQA5
1,1:M Content,001000000004aOo,Agentforce,2025-08-01,2025-08-01,001000000004aOoAAI
1,1:M Content,0010M00001SIskf,Agentforce,2024-12-01,2024-12-01,0010M00001SIskfQAD
1,1:M Content,001ed00000nOl4n,Agentforce,2025-11-01,2025-11-01,001ed00000nOl4nYAC
1,1:M Content,0010M00001UMe5a,Agentforce,2025-05-01,2025-05-01,0010M00001UMe5aQAD
1,1:M Content,00100000000leZj,Agentforce,2025-10-01,2025-10-01,00100000000leZjAAI
1,1:M Content,0010M00001QmKtt,Agentforce,2025-09-01,2025-09-01,0010M00001QmKttQAF
1,1:M Content,0013000000LZRuo,Agentforce,2025-12-01,2025-12-01,0013000000LZRuoAAH
1,1:M Content,0013000000hKvpo,Agentforce,2025-08-01,2025-08-01,0013000000hKvpoAAC
1,1:M Content,00100000002AuZO,Agentforce,2025-07-01,2025-07-01,00100000002AuZOAA0
1,1:M Content,001ed00000Qz9nR,Agentforce,2025-05-01,2025-05-01,001ed00000Qz9nRYAR
1,1:M Content,001ed000005k9S1,Agentforce,2025-06-01,2025-06-01,001ed000005k9S1YAI
1,1:M Content,00130000002eHBY,Agentforce,2025-07-01,2025-07-01,00130000002eHBYAA2
1,1:M Content,0010M00001Qmat5,Agentforce,2025-02-01,2025-02-01,0010M00001Qmat5QAB
1,1:M Content,001ed00000XR6O5,Agentforce,2025-06-01,2025-06-01,001ed00000XR6O5YAL
1,1:M Content,0013000000Zji8B,Agentforce,2025-10-01,2025-10-01,0013000000Zji8BAAR
1,1:M Content,001ed00000byG30,Agentforce,2025-08-01,2025-08-01,001ed00000byG30YAE
1,1:M Content,0013y00001dKx9x,Agentforce,2025-07-01,2025-07-01,0013y00001dKx9xQAC
1,1:M Content,001ed00000QYIA8,Agentforce,2025-05-01,2025-05-01,001ed00000QYIA8YAP
1,1:M Content,001ed00000rrU9Z,Agentforce,2025-12-01,2025-12-01,001ed00000rrU9ZYAU
1,1:M Content,001ed00000RQIZg,Agentforce,2025-07-01,2025-07-01,001ed00000RQIZgYAP
1,1:M Content,0013y00001bdelB,Agentforce,2025-01-01,2025-01-01,0013y00001bdelBQAQ
1,1:M Content,001ed00000QUlsA,Agentforce,2025-06-01,2025-06-01,001ed00000QUlsAYAT
1,1:M Content,0013000000Em7Tf,Agentforce,2025-11-01,2025-11-01,0013000000Em7TfAAJ
1,1:M Content,00130000016hA4v,Agentforce,2025-12-01,2025-12-01,00130000016hA4vAAE
1,1:M Content,00130000002xcjP,Agentforce,2025-04-01,2025-04-01,00130000002xcjPAAQ
1,1:M Content,001ed00000ewP5R,Agentforce,2025-08-01,2025-08-01,001ed00000ewP5RYAU
1,1:M Content,001ed0000045HcH,Agentforce,2025-06-01,2025-06-01,001ed0000045HcHYAU
1,1:M Content,0013000001GXSvB,Agentforce,2024-11-01,2024-11-01,0013000001GXSvBAAX
1,1:M Content,0013000000hIhIO,Agentforce,2025-10-01,2025-10-01,0013000000hIhIOAA0
1,1:M Content,00100000002JlrN,Agentforce,2025-08-01,2025-08-01,00100000002JlrNAAS
1,1:M Content,0013000001NX8to,Agentforce,2025-06-01,2025-06-01,0013000001NX8toAAD
1,1:M Content,001ed00000sV6mr,Agentforce,2025-12-01,2025-12-01,001ed00000sV6mrYAC
1,1:M Content,0013y00001cw0P8,Agentforce,2025-04-01,2025-04-01,0013y00001cw0P8QAI
1,1:M Content,0013000001CA9kL,Agentforce,2025-10-01,2025-10-01,0013000001CA9kLAAT
1,1:M Content,0013y00001cbxzO,Agentforce,2025-08-01,2025-08-01,0013y00001cbxzOQAQ
1,1:M Content,0010M00001Yb0dJ,Agentforce,2025-06-01,2025-06-01,0010M00001Yb0dJQAR
1,1:M Content,0010M00001WIGiV,Agentforce,2025-11-01,2025-11-01,0010M00001WIGiVQAX
4,1:M Content,00130000002xRiA,Agentforce,2025-10-01,2025-10-01,00130000002xRiAAAU
3,1:M Content,001ed00000ggPUt,Agentforce,2025-09-01,2025-09-01,001ed00000ggPUtYAM
6,1:M Content,0013000000Ziqmj,Agentforce,2025-08-01,2025-08-01,0013000000ZiqmjAAB
4,1:M Content,0010M00001Qa7m1,Agentforce,2025-10-01,2025-10-01,0010M00001Qa7m1QAB
3,1:M Content,001ed00000Ys5FH,Agentforce,2025-07-01,2025-07-01,001ed00000Ys5FHYAZ
3,1:M Content,0013y00001c6WBr,Agentforce,2025-11-01,2025-11-01,0013y00001c6WBrQAM
4,1:M Content,0013000000rpZHi,Agentforce,2025-09-01,2025-09-01,0013000000rpZHiAAM
4,1:M Content,0010M00001P0Vy8,Agentforce,2025-12-01,2025-12-01,0010M00001P0Vy8QAF
5,1:M Content,0010M00001WaRTm,Agentforce,2025-08-01,2025-08-01,0010M00001WaRTmQAN
3,1:M Content,001ed00000Vu0hp,Agentforce,2025-06-01,2025-06-01,001ed00000Vu0hpYAB
2,1:M Content,0013000001Jy76X,Agentforce,2025-07-01,2025-07-01,0013000001Jy76XAAR
2,1:M Content,001ed00000gAnYj,Agentforce,2025-09-01,2025-09-01,001ed00000gAnYjYAK
2,1:M Content,00130000000vbQd,Agentforce,2025-07-01,2025-07-01,00130000000vbQdAAI
2,1:M Content,0010M00001QkQle,Agentforce,2025-05-01,2025-05-01,0010M00001QkQleQAF
3,1:M Content,0010M00001Z0PIV,Agentforce,2025-08-01,2025-08-01,0010M00001Z0PIVQA3
4,1:M Content,001ed00000RhUed,Agentforce,2025-09-01,2025-09-01,001ed00000RhUedYAF
3,1:M Content,001ed00000eRnqn,Agentforce,2025-08-01,2025-08-01,001ed00000eRnqnYAC
4,1:M Content,0013y00001bdelB,Agentforce,2025-07-01,2025-07-01,0013y00001bdelBQAQ
4,1:M Content,0013000000RY4o9,Agentforce,2025-09-01,2025-09-01,0013000000RY4o9AAD
3,1:M Content,0013000001L5pnH,Agentforce,2025-09-01,2025-09-01,0013000001L5pnHAAR
2,1:M Content,0013y00001gDkBN,Agentforce,2025-02-01,2025-02-01,0013y00001gDkBNQA0
3,1:M Content,001ed00000gMjuN,Agentforce,2025-09-01,2025-09-01,001ed00000gMjuNYAS
3,1:M Content,001ed00000jMMPn,Agentforce,2025-10-01,2025-10-01,001ed00000jMMPnYAO
2,1:M Content,0013y00001cg6x6,Agentforce,2025-06-01,2025-06-01,0013y00001cg6x6QAA
2,1:M Content,00100000001pHFs,Agentforce,2025-05-01,2025-05-01,00100000001pHFsAAM
3,1:M Content,001ed00000UP9jb,Agentforce,2025-06-01,2025-06-01,001ed00000UP9jbYAD
2,1:M Content,0010M00001XxxHG,Agentforce,2025-11-01,2025-11-01,0010M00001XxxHGQAZ
2,1:M Content,001ed00000KK0lR,Agentforce,2025-08-01,2025-08-01,001ed00000KK0lRYAT
2,1:M Content,001ed00000ZUef4,Agentforce,2025-07-01,2025-07-01,001ed00000ZUef4YAD
1,Success Guides,0010M00001UViVZ,Agentforce,2026-01-01,2025-10-01,0010M00001UViVZQA1
1,Success Guides,0013000001CDrEx,Agentforce,2025-12-01,2025-12-01,0013000001CDrExAAL
1,Success Guides,0013000001CBPn9,Agentforce,2025-12-01,2025-11-01,0013000001CBPn9AAH
1,Success Guides,0013000001NXTbz,Agentforce,2025-01-01,2024-12-01,0013000001NXTbzAAH
1,Success Guides,00130000004jNPq,Agentforce,2025-05-01,2025-03-01,00130000004jNPqAAM
1,Success Guides,0010M00001QkxbT,Agentforce,2025-06-01,2025-05-01,0010M00001QkxbTQAR
1,Success Guides,0010M00001WZfNo,Agentforce,2025-12-01,2025-11-01,0010M00001WZfNoQAL
1,Success Guides,0013y00001c8MOG,Agentforce,2025-08-01,2025-08-01,0013y00001c8MOGQA2
1,Success Guides,0013000000RYw7T,Agentforce,2025-05-01,2025-04-01,0013000000RYw7TAAT
1,Success Guides,0013000001J4lme,Agentforce,2025-12-01,2025-10-01,0013000001J4lmeAAB
1,Success Guides,0013000000JITsr,Agentforce,2025-11-01,2025-10-01,0013000000JITsrAAH
1,Success Guides,00100000001L6u4,Agentforce,2025-07-01,2025-06-01,00100000001L6u4AAC
1,Success Guides,0013000001J7OQ2,Agentforce,2025-10-01,2025-08-01,0013000001J7OQ2AAN
1,Success Guides,0013000000IUPEE,Agentforce,2025-05-01,2025-05-01,0013000000IUPEEAA5
1,Success Guides,001ed00000W4kRf,Agentforce,2025-12-01,2025-11-01,001ed00000W4kRfYAJ
1,Success Guides,0010M00001WZifN,Agentforce,2025-06-01,2025-04-01,0010M00001WZifNQAT
1,Success Guides,00130000001Kn1e,Agentforce,2025-03-01,2025-01-01,00130000001Kn1eAAC
1,Success Guides,00130000016iWl7,Agentforce,2025-02-01,2025-01-01,00130000016iWl7AAE
1,Success Guides,0013000001J7nn1,Agentforce,2025-03-01,2025-02-01,0013000001J7nn1AAB
1,Success Guides,0013000001MjT8g,Agentforce,2025-09-01,2025-08-01,0013000001MjT8gAAF
1,Success Guides,0010M00001Qm6Fy,Agentforce,2024-12-01,2024-11-01,0010M00001Qm6FyQAJ
1,Success Guides,00130000002xVS0,Agentforce,2025-07-01,2025-07-01,00130000002xVS0AAM
1,Success Guides,0013y00001e69BB,Agentforce,2025-04-01,2025-03-01,0013y00001e69BBQAY
1,Success Guides,0010M00001WJN3t,Agentforce,2025-10-01,2025-09-01,0010M00001WJN3tQAH
1,Success Guides,0013y00001cSwOA,Agentforce,2025-11-01,2025-10-01,0013y00001cSwOAQA0
1,Success Guides,00100000001ULqk,Agentforce,2025-02-01,2025-02-01,00100000001ULqkAAG
1,Success Guides,0010M00001YzwA6,Agentforce,2025-03-01,2024-11-01,0010M00001YzwA6QAJ
1,Success Guides,0013000000M2MHK,Agentforce,2025-12-01,2025-11-01,0013000000M2MHKAA3
2,Success Guides,0013000001GVn45,Agentforce,2025-08-01,2025-08-01,0013000001GVn45AAD
1,1:M Content,001ed00000FfcWv,Agentforce,2025-01-01,2025-01-01,001ed00000FfcWvYAJ
1,1:M Content,0013000000GIZoh,Agentforce,2024-12-01,2024-12-01,0013000000GIZohAAH
1,1:M Content,0013000000Kuf3P,Agentforce,2025-11-01,2025-11-01,0013000000Kuf3PAAR
1,1:M Content,0013000000Jht3f,Agentforce,2025-07-01,2025-07-01,0013000000Jht3fAAB
1,1:M Content,001ed0000069GyC,Agentforce,2025-05-01,2025-05-01,001ed0000069GyCYAU
1,1:M Content,001000000016PN5,Agentforce,2025-09-01,2025-09-01,001000000016PN5AAM
1,1:M Content,00100000001qYN7,Agentforce,2025-09-01,2025-09-01,00100000001qYN7AAM
1,1:M Content,001ed00000eLPxG,Agentforce,2025-08-01,2025-08-01,001ed00000eLPxGYAW
1,1:M Content,0013y00001Z1HEV,Agentforce,2025-06-01,2025-06-01,0013y00001Z1HEVQA3
1,1:M Content,0010M00001SIXTv,Agentforce,2025-01-01,2025-01-01,0010M00001SIXTvQAP
1,1:M Content,001ed00000KvBHs,Agentforce,2025-08-01,2025-08-01,001ed00000KvBHsYAN
1,1:M Content,00130000000K7vP,Agentforce,2024-12-01,2024-12-01,00130000000K7vPAAS
1,1:M Content,0010M00001SnB5w,Agentforce,2024-12-01,2024-12-01,0010M00001SnB5wQAF
1,1:M Content,0013000000ZmW0i,Agentforce,2025-12-01,2025-12-01,0013000000ZmW0iAAF
1,1:M Content,0010M00001Qah09,Agentforce,2025-09-01,2025-09-01,0010M00001Qah09QAB
1,1:M Content,001ed00000qb1la,Agentforce,2025-12-01,2025-12-01,001ed00000qb1laYAA
1,1:M Content,0013000000E3PN9,Agentforce,2025-09-01,2025-09-01,0013000000E3PN9AAN
1,1:M Content,0013000000ZlVbT,Agentforce,2025-06-01,2025-06-01,0013000000ZlVbTAAV
1,1:M Content,0013000001CCAJP,Agentforce,2025-07-01,2025-07-01,0013000001CCAJPAA5
1,1:M Content,0010M00001WJQdA,Agentforce,2025-10-01,2025-10-01,0010M00001WJQdAQAX
1,1:M Content,0013000001IetBa,Agentforce,2025-01-01,2025-01-01,0013000001IetBaAAJ
1,1:M Content,0010M00001So9Yf,Agentforce,2025-08-01,2025-07-01,0010M00001So9YfQAJ
1,1:M Content,0013000000LDluk,Agentforce,2025-09-01,2025-09-01,0013000000LDlukAAD
1,1:M Content,001ed00000hnKjB,Agentforce,2025-09-01,2025-09-01,001ed00000hnKjBYAU
1,1:M Content,0013000000RYFON,Agentforce,2025-02-01,2025-02-01,0013000000RYFONAA5
1,1:M Content,001ed00000bXV6D,Agentforce,2025-09-01,2025-09-01,001ed00000bXV6DYAW
1,1:M Content,001ed00000Ys8zV,Agentforce,2025-07-01,2025-07-01,001ed00000Ys8zVYAR
1,1:M Content,0010M00001UVDFl,Agentforce,2025-12-01,2025-12-01,0010M00001UVDFlQAP
1,1:M Content,0010M00001QqSCi,Agentforce,2025-11-01,2025-11-01,0010M00001QqSCiQAN
1,1:M Content,00130000004aj0z,Agentforce,2025-11-01,2025-11-01,00130000004aj0zAAA
1,1:M Content,001ed00000nfhHk,Agentforce,2025-11-01,2025-11-01,001ed00000nfhHkYAI
1,1:M Content,0013000000ZmDK3,Agentforce,2025-10-01,2025-10-01,0013000000ZmDK3AAN
1,1:M Content,0010M00001TyYb8,Agentforce,2025-02-01,2025-02-01,0010M00001TyYb8QAF
1,1:M Content,0013y00001d2Blj,Agentforce,2025-08-01,2025-08-01,0013y00001d2BljQAE
1,1:M Content,0013000000FKpgU,Agentforce,2025-03-01,2025-03-01,0013000000FKpgUAAT
1,1:M Content,0013y00001XzOUL,Agentforce,2025-09-01,2025-09-01,0013y00001XzOULQA3
1,1:M Content,00130000002xDx9,Agentforce,2025-12-01,2025-12-01,00130000002xDx9AAE
2,1:M Content,0013000001GWgUR,Agentforce,2025-10-01,2025-10-01,0013000001GWgURAA1
4,1:M Content,0013y00001gCoZo,Agentforce,2025-08-01,2025-08-01,0013y00001gCoZoQAK
3,1:M Content,0010M00001cCUO1,Agentforce,2025-07-01,2025-07-01,0010M00001cCUO1QAO
4,1:M Content,0013000000M1tEU,Agentforce,2025-07-01,2025-07-01,0013000000M1tEUAAZ
4,1:M Content,001ed00000VyV78,Agentforce,2025-06-01,2025-06-01,001ed00000VyV78YAF
3,1:M Content,001ed00000hsz8z,Agentforce,2025-09-01,2025-09-01,001ed00000hsz8zYAA
4,1:M Content,001ed00000eAzpe,Agentforce,2025-08-01,2025-08-01,001ed00000eAzpeYAC
4,1:M Content,00130000002xL6L,Agentforce,2025-12-01,2025-12-01,00130000002xL6LAAU
4,1:M Content,0010000000164Oi,Agentforce,2025-10-01,2025-10-01,0010000000164OiAAI
5,1:M Content,0013000000RX3sV,Agentforce,2025-12-01,2025-12-01,0013000000RX3sVAAT
2,1:M Content,00130000002686x,Agentforce,2025-03-01,2025-03-01,00130000002686xAAA
3,1:M Content,0010M00001S9Krc,Agentforce,2025-06-01,2025-06-01,0010M00001S9KrcQAF
3,1:M Content,001ed00000outJZ,Agentforce,2025-11-01,2025-11-01,001ed00000outJZYAY
2,1:M Content,00130000004Hexu,Agentforce,2025-09-01,2025-09-01,00130000004HexuAAC
2,1:M Content,0013000001GVpJu,Agentforce,2025-08-01,2025-08-01,0013000001GVpJuAAL
3,1:M Content,001ed00000pfK78,Agentforce,2025-12-01,2025-12-01,001ed00000pfK78YAE
3,1:M Content,0013000001Ms73t,Agentforce,2025-07-01,2025-07-01,0013000001Ms73tAAB
2,1:M Content,001ed00000PNCJq,Agentforce,2025-09-01,2025-09-01,001ed00000PNCJqYAP
3,1:M Content,001ed00000l3PDJ,Agentforce,2025-10-01,2025-10-01,001ed00000l3PDJYA2
2,1:M Content,0010M00001SIZ9N,Agentforce,2025-12-01,2025-12-01,0010M00001SIZ9NQAX
4,1:M Content,0013000000JbNoe,Agentforce,2025-08-01,2025-08-01,0013000000JbNoeAAF
3,1:M Content,0010M00001P0PDn,Agentforce,2025-05-01,2025-05-01,0010M00001P0PDnQAN
2,1:M Content,0013y00001g9c4x,Agentforce,2025-06-01,2025-06-01,0013y00001g9c4xQAA
3,1:M Content,001ed00000eyEFb,Agentforce,2025-08-01,2025-08-01,001ed00000eyEFbYAM
3,1:M Content,0013000000NQz2I,Agentforce,2025-12-01,2025-12-01,0013000000NQz2IAAT
2,1:M Content,0013y00001cTJoH,Agentforce,2025-06-01,2025-06-01,0013y00001cTJoHQAW
2,1:M Content,0010M00001Yb0dJ,Agentforce,2025-09-01,2025-09-01,0010M00001Yb0dJQAR
2,1:M Content,0010M00001UEcXa,Agentforce,2025-09-01,2025-09-01,0010M00001UEcXaQAL
2,1:M Content,001ed00000QTboT,Agentforce,2025-08-01,2025-08-01,001ed00000QTboTYAT
2,1:M Content,001ed00000rJPNZ,Agentforce,2025-12-01,2025-12-01,001ed00000rJPNZYA4
2,1:M Content,001ed00000RTCuR,Agentforce,2025-06-01,2025-06-01,001ed00000RTCuRYAX
2,1:M Content,00100000000nDzD,Agentforce,2025-08-01,2025-08-01,00100000000nDzDAAU
2,1:M Content,0013000000hLHmh,Agentforce,2025-01-01,2025-01-01,0013000000hLHmhAAG
2,1:M Content,0013000000GtvcC,Agentforce,2025-06-01,2025-06-01,0013000000GtvcCAAR
2,1:M Content,00130000000OuS7,Agentforce,2025-12-01,2025-12-01,00130000000OuS7AAK
1,Success Guides,0013y00001f6DNE,Agentforce,2025-04-01,2025-03-01,0013y00001f6DNEQA2
1,Success Guides,0010M00001Seoc5,Agentforce,2025-05-01,2025-05-01,0010M00001Seoc5QAB
1,Success Guides,0013y00001Xyz30,Agentforce,2025-02-01,2025-02-01,0013y00001Xyz30QAB
1,Success Guides,0013000001CAFzX,Agentforce,2025-11-01,2025-11-01,0013000001CAFzXAAX
1,Success Guides,0013000001GUbtG,Agentforce,2025-11-01,2025-09-01,0013000001GUbtGAAT
1,Success Guides,0010M00001Sq4xI,Agentforce,2025-11-01,2025-10-01,0010M00001Sq4xIQAR
1,Success Guides,0013y00001f97sb,Agentforce,2025-05-01,2025-05-01,0013y00001f97sbQAA
1,Success Guides,0013y00001gERPk,Agentforce,2025-06-01,2025-05-01,0013y00001gERPkQAO
1,Success Guides,0013000000K8RsZ,Agentforce,2025-03-01,2025-02-01,0013000000K8RsZAAV
1,Success Guides,0013000000J7r0w,Agentforce,2025-09-01,2025-09-01,0013000000J7r0wAAB
1,Success Guides,0013000000roQBK,Agentforce,2025-10-01,2025-08-01,0013000000roQBKAA2
1,Success Guides,0013000000hKi2T,Agentforce,2025-01-01,2024-12-01,0013000000hKi2TAAS
1,Success Guides,0010M00001YaqdS,Agentforce,2025-10-01,2025-08-01,0010M00001YaqdSQAR
1,Success Guides,0013y00001cFRig,Agentforce,2025-02-01,2024-12-01,0013y00001cFRigQAG
1,Success Guides,0010M00001WI620,Agentforce,2025-11-01,2025-08-01,0010M00001WI620QAD
1,Success Guides,0010M00001UVYTC,Agentforce,2025-10-01,2025-09-01,0010M00001UVYTCQA5
1,Success Guides,0013000001JyB0G,Agentforce,2025-02-01,2025-01-01,0013000001JyB0GAAV
1,Success Guides,0013000000RXBDP,Agentforce,2025-07-01,2025-04-01,0013000000RXBDPAA5
1,Success Guides,0013000000FIFKI,Agentforce,2025-08-01,2025-07-01,0013000000FIFKIAA5
1,Success Guides,0013000000Dlf18,Agentforce,2025-09-01,2025-09-01,0013000000Dlf18AAB
1,Success Guides,0010M00001QlCUv,Agentforce,2025-02-01,2025-01-01,0010M00001QlCUvQAN
1,Success Guides,001ed00000RZUba,Agentforce,2025-07-01,2025-06-01,001ed00000RZUbaYAH
1,Success Guides,0013000000JIYSZ,Agentforce,2025-10-01,2025-09-01,0013000000JIYSZAA5
2,Success Guides,00130000000pqJi,Agentforce,2025-03-01,2025-03-01,00130000000pqJiAAI
2,Success Guides,0010M00001YFhwq,Agentforce,2025-08-01,2025-07-01,0010M00001YFhwqQAD
1,1:M Content,0013000000J7vtC,Agentforce,2025-03-01,2025-03-01,0013000000J7vtCAAR
1,1:M Content,0010M00001UVj7e,Agentforce,2025-08-01,2025-08-01,0010M00001UVj7eQAD
1,1:M Content,001ed000003AYOV,Agentforce,2025-11-01,2025-11-01,001ed000003AYOVYA4
1,1:M Content,0013000001CD4KG,Agentforce,2025-05-01,2025-05-01,0013000001CD4KGAA1
1,1:M Content,0013000000NPdSv,Agentforce,2025-07-01,2025-07-01,0013000000NPdSvAAL
1,1:M Content,001ed00000lULQa,Agentforce,2025-10-01,2025-10-01,001ed00000lULQaYAO
1,1:M Content,0013000001GYTnf,Agentforce,2025-06-01,2025-06-01,0013000001GYTnfAAH
1,1:M Content,001ed00000eF73r,Agentforce,2025-08-01,2025-08-01,001ed00000eF73rYAC
1,1:M Content,0010M00001QkQle,Agentforce,2025-12-01,2025-12-01,0010M00001QkQleQAF
1,1:M Content,001ed00000mVcGf,Agentforce,2025-12-01,2025-12-01,001ed00000mVcGfYAK
1,1:M Content,001ed00000QO8By,Agentforce,2025-06-01,2025-06-01,001ed00000QO8ByYAL
1,1:M Content,001ed00000iQ9pY,Agentforce,2025-10-01,2025-10-01,001ed00000iQ9pYYAS
1,1:M Content,00130000000OuS7,Agentforce,2025-11-01,2025-11-01,00130000000OuS7AAK
1,1:M Content,0013000000KMGhz,Agentforce,2025-08-01,2025-08-01,0013000000KMGhzAAH
1,1:M Content,0010M00001Yb0y2,Agentforce,2025-10-01,2025-10-01,0010M00001Yb0y2QAB
1,1:M Content,001ed00000ojIqP,Agentforce,2025-11-01,2025-11-01,001ed00000ojIqPYAU
1,1:M Content,0013000001LX6pV,Agentforce,2025-07-01,2025-07-01,0013000001LX6pVAAT
1,1:M Content,0010M00001PE6uG,Agentforce,2025-04-01,2025-04-01,0010M00001PE6uGQAT
1,1:M Content,001ed00000hnnbV,Agentforce,2025-09-01,2025-09-01,001ed00000hnnbVYAQ
1,1:M Content,001300000043S2M,Agentforce,2025-10-01,2025-10-01,001300000043S2MAAU
1,1:M Content,001ed00000YrkSY,Agentforce,2025-07-01,2025-07-01,001ed00000YrkSYYAZ
1,1:M Content,001ed00000hGUMP,Agentforce,2025-09-01,2025-09-01,001ed00000hGUMPYA4
1,1:M Content,0013000000Lz6mP,Agentforce,2025-01-01,2025-01-01,0013000000Lz6mPAAR
1,1:M Content,001ed00000fd1RJ,Agentforce,2025-08-01,2025-08-01,001ed00000fd1RJYAY
1,1:M Content,0013000000J4xE3,Agentforce,2025-05-01,2025-05-01,0013000000J4xE3AAJ
1,1:M Content,001ed00000DAfyX,Agentforce,2024-12-01,2024-12-01,001ed00000DAfyXYAT
1,1:M Content,001ed00000Llqbl,Agentforce,2025-07-01,2025-07-01,001ed00000LlqblYAB
1,1:M Content,0013y00001eqNC6,Agentforce,2025-03-01,2025-03-01,0013y00001eqNC6QAM
1,1:M Content,0013000000RXHJh,Agentforce,2025-02-01,2025-02-01,0013000000RXHJhAAP
1,1:M Content,0013y00001gD1xH,Agentforce,2025-03-01,2025-03-01,0013y00001gD1xHQAS
1,1:M Content,0013000001JcMey,Agentforce,2025-10-01,2025-10-01,0013000001JcMeyAAF
1,1:M Content,00130000016gnKN,Agentforce,2025-10-01,2025-10-01,00130000016gnKNAAY
1,1:M Content,001ed000004OThl,Agentforce,2025-09-01,2025-09-01,001ed000004OThlYAG
1,1:M Content,001ed00000EUxPG,Agentforce,2025-01-01,2025-01-01,001ed00000EUxPGYA1
1,1:M Content,001000000007X4y,Agentforce,2025-11-01,2025-11-01,001000000007X4yAAE
1,1:M Content,001ed00000h9HAX,Agentforce,2025-12-01,2025-12-01,001ed00000h9HAXYA2
1,1:M Content,0013000000LW6Xz,Agentforce,2025-02-01,2025-02-01,0013000000LW6XzAAL
1,1:M Content,001ed00000EYD64,Agentforce,2025-01-01,2025-01-01,001ed00000EYD64YAH
1,1:M Content,0013000000M15Dz,Agentforce,2025-02-01,2025-02-01,0013000000M15DzAAJ
1,1:M Content,0013000000hJCdh,Agentforce,2025-12-01,2025-12-01,0013000000hJCdhAAG
1,1:M Content,00130000016hL1k,Agentforce,2025-10-01,2025-10-01,00130000016hL1kAAE
1,1:M Content,0013000000M1aOP,Agentforce,2025-08-01,2025-08-01,0013000000M1aOPAAZ
1,1:M Content,0013y00001cb8Ye,Agentforce,2025-08-01,2025-07-01,0013y00001cb8YeQAI
1,1:M Content,0013y00001ert6x,Agentforce,2024-12-01,2024-12-01,0013y00001ert6xQAA
1,1:M Content,001ed00000e0TuD,Agentforce,2025-08-01,2025-08-01,001ed00000e0TuDYAU
1,1:M Content,0013000000rnlWw,Agentforce,2025-12-01,2025-12-01,0013000000rnlWwAAI
1,1:M Content,0013000000hLTSq,Agentforce,2024-12-01,2024-12-01,0013000000hLTSqAAO
1,1:M Content,0013000000Ra3o2,Agentforce,2025-09-01,2025-09-01,0013000000Ra3o2AAB
1,1:M Content,0013000000RYtet,Agentforce,2025-04-01,2025-04-01,0013000000RYtetAAD
1,1:M Content,00100000000nEYi,Agentforce,2025-05-01,2025-05-01,00100000000nEYiAAM
1,1:M Content,0013y00001cYGgp,Agentforce,2025-07-01,2025-07-01,0013y00001cYGgpQAG
1,1:M Content,0013y00001f9DXg,Agentforce,2025-12-01,2025-12-01,0013y00001f9DXgQAM
1,1:M Content,00130000016jeiN,Agentforce,2025-06-01,2025-06-01,00130000016jeiNAAQ
1,1:M Content,00130000000HPWV,Agentforce,2025-08-01,2025-08-01,00130000000HPWVAA4
1,1:M Content,001ed00000W0zu0,Agentforce,2025-06-01,2025-06-01,001ed00000W0zu0YAB
1,1:M Content,0010M00001SJDrp,Agentforce,2025-08-01,2025-08-01,0010M00001SJDrpQAH
1,1:M Content,0010M00001QaX1P,Agentforce,2025-01-01,2025-01-01,0010M00001QaX1PQAV
1,1:M Content,001ed00000bmisf,Agentforce,2025-08-01,2025-08-01,001ed00000bmisfYAA
1,1:M Content,001ed00000eRJQx,Agentforce,2025-08-01,2025-08-01,001ed00000eRJQxYAO
8,1:M Content,0010M00001Jzva1,Agentforce,2025-10-01,2025-10-01,0010M00001Jzva1QAB
10,1:M Content,0013000000GIhzI,Agentforce,2025-11-01,2025-11-01,0013000000GIhzIAAT
11,1:M Content,0010000000000h9,Agentforce,2025-08-01,2025-08-01,0010000000000h9AAA
3,1:M Content,001ed00000oRNIH,Agentforce,2025-11-01,2025-11-01,001ed00000oRNIHYA4
7,1:M Content,0010M00001NYarl,Agentforce,2025-11-01,2025-11-01,0010M00001NYarlQAD
2,1:M Content,0013000000ExgM8,Agentforce,2025-12-01,2025-12-01,0013000000ExgM8AAJ
4,1:M Content,0013y00001cwAWu,Agentforce,2025-07-01,2025-07-01,0013y00001cwAWuQAM
3,1:M Content,0013y00001dVsQJ,Agentforce,2025-08-01,2025-08-01,0013y00001dVsQJQA0
9,1:M Content,0010M00001QkLof,Agentforce,2025-08-01,2025-08-01,0010M00001QkLofQAF
5,1:M Content,0010M00001QaBKV,Agentforce,2025-08-01,2025-08-01,0010M00001QaBKVQA3
8,1:M Content,0010M00001Qm5BC,Agentforce,2025-10-01,2025-10-01,0010M00001Qm5BCQAZ
2,1:M Content,001ed00000TNUxa,Agentforce,2025-06-01,2025-06-01,001ed00000TNUxaYAH
5,1:M Content,001000000001cUL,Agentforce,2025-11-01,2025-11-01,001000000001cULAAY
4,1:M Content,001ed00000oQTw8,Agentforce,2025-11-01,2025-11-01,001ed00000oQTw8YAG
4,1:M Content,001ed00000eyHbf,Agentforce,2025-08-01,2025-08-01,001ed00000eyHbfYAE
3,1:M Content,0013y00001d9NE8,Agentforce,2025-09-01,2025-09-01,0013y00001d9NE8QAM
3,1:M Content,0010M00001QmhDj,Agentforce,2025-08-01,2025-08-01,0010M00001QmhDjQAJ
4,1:M Content,001ed00000exTyD,Agentforce,2025-08-01,2025-08-01,001ed00000exTyDYAU
2,1:M Content,0013000000hIsMY,Agentforce,2025-09-01,2025-09-01,0013000000hIsMYAA0
3,1:M Content,00130000008ea9K,Agentforce,2025-10-01,2025-10-01,00130000008ea9KAAQ
2,1:M Content,0010M00001WZ98N,Agentforce,2025-07-01,2025-07-01,0010M00001WZ98NQAT
4,1:M Content,001ed00000ftkYr,Agentforce,2025-11-01,2025-11-01,001ed00000ftkYrYAI
3,1:M Content,0013y00001g9iAr,Agentforce,2025-10-01,2025-10-01,0013y00001g9iArQAI
4,1:M Content,0010M00001WagIV,Agentforce,2025-07-01,2025-07-01,0010M00001WagIVQAZ
2,1:M Content,0013000000LZIqJ,Agentforce,2025-11-01,2025-11-01,0013000000LZIqJAAX
4,1:M Content,001ed00000LjOgP,Agentforce,2025-08-01,2025-08-01,001ed00000LjOgPYAV
2,1:M Content,0013000001MrdHF,Agentforce,2025-05-01,2025-05-01,0013000001MrdHFAAZ
2,1:M Content,0013000000JIYSZ,Agentforce,2025-07-01,2025-07-01,0013000000JIYSZAA5
2,1:M Content,0013y00001cV9tu,Agentforce,2025-07-01,2025-07-01,0013y00001cV9tuQAC
2,1:M Content,0013000001MsPdL,Agentforce,2025-01-01,2025-01-01,0013000001MsPdLAAV
2,1:M Content,0010M00001V47rb,Agentforce,2025-07-01,2025-07-01,0010M00001V47rbQAB
1,Success Guides,0010M00001Jzlwl,Agentforce,2025-09-01,2025-09-01,0010M00001JzlwlQAB
1,Success Guides,0013000000NP5Cp,Agentforce,2025-09-01,2025-07-01,0013000000NP5CpAAL
1,Success Guides,00130000002bqQj,Agentforce,2025-08-01,2025-06-01,00130000002bqQjAAI
1,Success Guides,00130000016j8eC,Agentforce,2025-11-01,2025-10-01,00130000016j8eCAAQ
1,Success Guides,0010M00001QkeiK,Agentforce,2025-02-01,2025-02-01,0010M00001QkeiKQAR
1,Success Guides,001000000029tAD,Agentforce,2025-12-01,2025-11-01,001000000029tADAAY
1,Success Guides,0013000001CAFzX,Agentforce,2025-09-01,2025-09-01,0013000001CAFzXAAX
1,Success Guides,0010M00001WZmx6,Agentforce,2025-12-01,2025-11-01,0010M00001WZmx6QAD
1,Success Guides,0013000000I3tcx,Agentforce,2025-08-01,2025-07-01,0013000000I3tcxAAB
1,Success Guides,0013000001Mo0c0,Agentforce,2025-12-01,2025-12-01,0013000001Mo0c0AAB
1,Success Guides,00130000002xRrg,Agentforce,2025-11-01,2025-09-01,00130000002xRrgAAE
1,Success Guides,0010M00001WaZkp,Agentforce,2025-05-01,2025-04-01,0010M00001WaZkpQAF
1,Success Guides,0010M00001WYN0V,Agentforce,2025-01-01,2025-01-01,0010M00001WYN0VQAX
1,Success Guides,0013y00001fEsXV,Agentforce,2025-12-01,2025-10-01,0013y00001fEsXVQA0
1,Success Guides,0013000000DmkTR,Agentforce,2025-02-01,2025-02-01,0013000000DmkTRAAZ
1,Success Guides,0013000000hKiKN,Agentforce,2025-12-01,2025-09-01,0013000000hKiKNAA0
1,Success Guides,0013y00001e5yx9,Agentforce,2025-12-01,2025-11-01,0013y00001e5yx9QAA
1,Success Guides,00120000000034G,Agentforce,2025-10-01,2025-09-01,00120000000034GAAQ
1,Success Guides,00130000002xdRb,Agentforce,2025-09-01,2025-09-01,00130000002xdRbAAI
1,Success Guides,0010M00001Sq4xI,Agentforce,2025-07-01,2025-07-01,0010M00001Sq4xIQAR
1,Success Guides,0010M00001PDxNa,Agentforce,2025-10-01,2025-09-01,0010M00001PDxNaQAL
1,Success Guides,0013000000M1MbZ,Agentforce,2025-07-01,2025-05-01,0013000000M1MbZAAV
1,Success Guides,0013000000FcxFw,Agentforce,2025-12-01,2025-11-01,0013000000FcxFwAAJ
1,Success Guides,00130000002okoh,Agentforce,2025-08-01,2025-07-01,00130000002okohAAA
2,1:M Content,0013000000M1W92,Agentforce,2025-05-01,2025-05-01,0013000000M1W92AAF
1,1:M Content,0013000000ZinA7,Agentforce,2025-04-01,2025-04-01,0013000000ZinA7AAJ
1,1:M Content,0013y00001cEFhb,Agentforce,2025-03-01,2025-03-01,0013y00001cEFhbQAG
1,1:M Content,00100000001T7qG,Agentforce,2025-08-01,2025-08-01,00100000001T7qGAAS
1,1:M Content,001ed00000aui85,Agentforce,2025-11-01,2025-11-01,001ed00000aui85YAA
1,1:M Content,0013000001L6XZV,Agentforce,2025-10-01,2025-10-01,0013000001L6XZVAA3
1,1:M Content,001ed00000pQ8fi,Agentforce,2025-12-01,2025-12-01,001ed00000pQ8fiYAC
1,1:M Content,0013000000LzMql,Agentforce,2025-10-01,2025-10-01,0013000000LzMqlAAF
1,1:M Content,00130000000Iwfv,Agentforce,2025-02-01,2025-02-01,00130000000IwfvAAC
1,1:M Content,0010M00001QaJLg,Agentforce,2025-01-01,2025-01-01,0010M00001QaJLgQAN
1,1:M Content,001ed00000rub9f,Agentforce,2025-12-01,2025-12-01,001ed00000rub9fYAA
1,1:M Content,001ed00000eHk4D,Agentforce,2025-08-01,2025-08-01,001ed00000eHk4DYAS
1,1:M Content,0013y00001cb8Ye,Agentforce,2025-08-01,2025-08-01,0013y00001cb8YeQAI
1,1:M Content,001ed00000mVS9G,Agentforce,2025-11-01,2025-11-01,001ed00000mVS9GYAW
1,1:M Content,001ed00000gcPej,Agentforce,2025-09-01,2025-09-01,001ed00000gcPejYAE
1,1:M Content,001ed00000Y27cv,Agentforce,2025-06-01,2025-06-01,001ed00000Y27cvYAB
1,1:M Content,0010M00001WHz5C,Agentforce,2025-07-01,2025-07-01,0010M00001WHz5CQAT
1,1:M Content,0013000000RY7sM,Agentforce,2025-12-01,2025-12-01,0013000000RY7sMAAT
1,1:M Content,0010M00001WYRv8,Agentforce,2025-07-01,2025-07-01,0010M00001WYRv8QAH
1,1:M Content,0013000001CD93U,Agentforce,2025-07-01,2025-07-01,0013000001CD93UAAT
1,1:M Content,0013000001Mswi1,Agentforce,2025-09-01,2025-09-01,0013000001Mswi1AAB
1,1:M Content,0013y00001Z0gKD,Agentforce,2025-07-01,2025-07-01,0013y00001Z0gKDQAZ
1,1:M Content,001ed00000MOVpD,Agentforce,2025-03-01,2025-03-01,001ed00000MOVpDYAX
1,1:M Content,0010M00001QkE2S,Agentforce,2025-07-01,2025-07-01,0010M00001QkE2SQAV
1,1:M Content,0013000001MrMeQ,Agentforce,2025-08-01,2025-08-01,0013000001MrMeQAAV
1,1:M Content,001ed00000ss3Mt,Agentforce,2025-12-01,2025-12-01,001ed00000ss3MtYAI
1,1:M Content,001ed00000egMmf,Agentforce,2025-08-01,2025-08-01,001ed00000egMmfYAE
1,1:M Content,001ed00000gWsjR,Agentforce,2025-09-01,2025-09-01,001ed00000gWsjRYAS
1,1:M Content,00130000000LAFw,Agentforce,2025-09-01,2025-09-01,00130000000LAFwAAO
1,1:M Content,001ed00000eQXPX,Agentforce,2025-09-01,2025-09-01,001ed00000eQXPXYA4
1,1:M Content,001ed00000sXNRq,Agentforce,2025-12-01,2025-12-01,001ed00000sXNRqYAO
1,1:M Content,0013y00001e5tym,Agentforce,2025-11-01,2025-11-01,0013y00001e5tymQAA
1,1:M Content,0010M00001Qk8Q8,Agentforce,2025-09-01,2025-09-01,0010M00001Qk8Q8QAJ
1,1:M Content,0013000001MrtdX,Agentforce,2025-10-01,2025-10-01,0013000001MrtdXAAR
1,1:M Content,001ed00000pPr2B,Agentforce,2025-11-01,2025-11-01,001ed00000pPr2BYAS
1,1:M Content,00130000016jYIC,Agentforce,2025-05-01,2025-05-01,00130000016jYICAA2
1,1:M Content,001ed00000DQUMM,Agentforce,2025-01-01,2025-01-01,001ed00000DQUMMYA5
3,1:M Content,001ed00000T8J1a,Agentforce,2025-08-01,2025-08-01,001ed00000T8J1aYAF
2,1:M Content,0013000000Zlg4F,Agentforce,2025-09-01,2025-09-01,0013000000Zlg4FAAR
2,1:M Content,0010M00001QmhPG,Agentforce,2025-12-01,2025-12-01,0010M00001QmhPGQAZ
2,1:M Content,0013000000ZkS5Z,Agentforce,2025-03-01,2025-03-01,0013000000ZkS5ZAAV
3,1:M Content,0010M00001WOWbh,Agentforce,2025-09-01,2025-09-01,0010M00001WOWbhQAH
4,1:M Content,0013000000Eyvmu,Agentforce,2025-11-01,2025-11-01,0013000000EyvmuAAB
2,1:M Content,00130000016jl2t,Agentforce,2025-07-01,2025-07-01,00130000016jl2tAAA
4,1:M Content,001ed00000hyIpJ,Agentforce,2025-09-01,2025-09-01,001ed00000hyIpJYAU
6,1:M Content,001ed00000gemSM,Agentforce,2025-09-01,2025-09-01,001ed00000gemSMYAY
3,1:M Content,001ed00000rdgLu,Agentforce,2025-12-01,2025-12-01,001ed00000rdgLuYAI
3,1:M Content,001ed00000gUsFh,Agentforce,2025-09-01,2025-09-01,001ed00000gUsFhYAK
4,1:M Content,001ed00000mJ7AJ,Agentforce,2025-11-01,2025-11-01,001ed00000mJ7AJYA0
5,1:M Content,0013000000RXXIf,Agentforce,2025-08-01,2025-08-01,0013000000RXXIfAAP
5,1:M Content,0013000000GIhzI,Agentforce,2025-10-01,2025-10-01,0013000000GIhzIAAT
2,1:M Content,0013y00001g9hVy,Agentforce,2025-11-01,2025-11-01,0013y00001g9hVyQAI
2,1:M Content,00130000002xItA,Agentforce,2025-01-01,2025-01-01,00130000002xItAAAU
3,1:M Content,0013000001GWvZK,Agentforce,2025-08-01,2025-08-01,0013000001GWvZKAA1
2,1:M Content,0013y00001cSyNI,Agentforce,2024-12-01,2024-12-01,0013y00001cSyNIQA0
3,1:M Content,001ed00000ryLfn,Agentforce,2025-12-01,2025-12-01,001ed00000ryLfnYAE
2,1:M Content,0013000000CHhsB,Agentforce,2025-11-01,2025-11-01,0013000000CHhsBAAT
2,1:M Content,001ed00000baGyh,Agentforce,2025-09-01,2025-09-01,001ed00000baGyhYAE
2,1:M Content,0013000001Msvlp,Agentforce,2025-03-01,2025-03-01,0013000001MsvlpAAB
3,1:M Content,0013000000794Fv,Agentforce,2025-06-01,2025-06-01,0013000000794FvAAI
2,1:M Content,001ed00000mB3Wt,Agentforce,2025-10-01,2025-10-01,001ed00000mB3WtYAK
2,1:M Content,001ed0000068dNJ,Agentforce,2025-11-01,2025-11-01,001ed0000068dNJYAY
2,1:M Content,0010M00001U3zEC,Agentforce,2025-08-01,2025-08-01,0010M00001U3zECQAZ
2,1:M Content,0013000001GXJTY,Agentforce,2025-08-01,2025-08-01,0013000001GXJTYAA5
2,1:M Content,0010M00001WZrTG,Agentforce,2025-07-01,2025-07-01,0010M00001WZrTGQA1
2,1:M Content,0010M00001QkjWQ,Agentforce,2025-10-01,2025-10-01,0010M00001QkjWQQAZ
1,Success Guides,0013000000RZ2fO,Agentforce,2026-01-01,2025-12-01,0013000000RZ2fOAAT
1,Success Guides,0013000000LBUYf,Agentforce,2025-10-01,2025-09-01,0013000000LBUYfAAP
1,Success Guides,0010M00001XyH1z,Agentforce,2025-06-01,2025-05-01,0010M00001XyH1zQAF
1,Success Guides,00100000000iSR5,Agentforce,2025-12-01,2025-11-01,00100000000iSR5AAM
1,Success Guides,0013y00001cNPM4,Agentforce,2025-11-01,2025-09-01,0013y00001cNPM4QAO
1,Success Guides,0013000000ZlQpU,Agentforce,2025-07-01,2025-05-01,0013000000ZlQpUAAV
1,Success Guides,0013000000269RR,Agentforce,2025-08-01,2025-07-01,0013000000269RRAAY
1,Success Guides,0010M00001QaTnU,Agentforce,2025-10-01,2025-08-01,0010M00001QaTnUQAV
1,Success Guides,0013000000J4xE3,Agentforce,2025-05-01,2025-03-01,0013000000J4xE3AAJ
1,Success Guides,0010M00001P0EVX,Agentforce,2025-11-01,2025-09-01,0010M00001P0EVXQA3
1,Success Guides,0013000001HfIme,Agentforce,2025-12-01,2025-11-01,0013000001HfImeAAF
1,Success Guides,00130000003mxU9,Agentforce,2025-09-01,2025-08-01,00130000003mxU9AAI
1,Success Guides,0013000000M2Nw7,Agentforce,2025-01-01,2025-01-01,0013000000M2Nw7AAF
1,Success Guides,0013y00001d0aMa,Agentforce,2025-01-01,2025-01-01,0013y00001d0aMaQAI
1,Success Guides,001ed00000iOI45,Agentforce,2025-11-01,2025-10-01,001ed00000iOI45YAG
1,Success Guides,0013000000ZmSSU,Agentforce,2025-05-01,2025-05-01,0013000000ZmSSUAA3
1,Success Guides,0013000000rp1Td,Agentforce,2025-02-01,2025-01-01,0013000000rp1TdAAI
1,Success Guides,00130000004IFV0,Agentforce,2025-10-01,2025-10-01,00130000004IFV0AAO
1,Success Guides,0013000000ZllqN,Agentforce,2025-11-01,2025-10-01,0013000000ZllqNAAR
1,Success Guides,0010M00001QmbqK,Agentforce,2025-12-01,2025-10-01,0010M00001QmbqKQAR
1,Success Guides,0013000000NP5Cp,Agentforce,2025-11-01,2025-09-01,0013000000NP5CpAAL
1,Success Guides,00130000016gXhx,Agentforce,2025-11-01,2025-11-01,00130000016gXhxAAE
1,Success Guides,0010M00001QqgPB,Agentforce,2025-03-01,2025-02-01,0010M00001QqgPBQAZ
2,Success Guides,0013y00001ck5IV,Agentforce,2025-11-01,2025-11-01,0013y00001ck5IVQAY
1,1:M Content,00100000001kdz6,Agentforce,2025-11-01,2025-11-01,00100000001kdz6AAA
1,1:M Content,0010M00001QmOSz,Agentforce,2024-12-01,2024-12-01,0010M00001QmOSzQAN
1,1:M Content,0013y00001fEi5l,Agentforce,2025-02-01,2025-02-01,0013y00001fEi5lQAC
1,1:M Content,00130000008UtFc,Agentforce,2025-10-01,2025-10-01,00130000008UtFcAAK
1,1:M Content,0013y00001YbSA6,Agentforce,2025-12-01,2025-12-01,0013y00001YbSA6QAN
1,1:M Content,001ed00000dwI7m,Agentforce,2025-08-01,2025-08-01,001ed00000dwI7mYAE
1,1:M Content,0013y00001e2oeo,Agentforce,2025-04-01,2025-04-01,0013y00001e2oeoQAA
1,1:M Content,0010M00001W8edr,Agentforce,2025-06-01,2025-06-01,0010M00001W8edrQAB
1,1:M Content,001ed00000fOwCw,Agentforce,2025-08-01,2025-08-01,001ed00000fOwCwYAK
1,1:M Content,001ed00000mAX78,Agentforce,2025-10-01,2025-10-01,001ed00000mAX78YAG
1,1:M Content,001ed00000mEM0K,Agentforce,2025-10-01,2025-10-01,001ed00000mEM0KYAW
1,1:M Content,001ed00000UKqKa,Agentforce,2025-06-01,2025-06-01,001ed00000UKqKaYAL
1,1:M Content,001ed00000qWSRX,Agentforce,2025-12-01,2025-12-01,001ed00000qWSRXYA4
1,1:M Content,0010M00001UMgLL,Agentforce,2025-09-01,2025-09-01,0010M00001UMgLLQA1
1,1:M Content,0013000000ZlKRQ,Agentforce,2025-06-01,2025-06-01,0013000000ZlKRQAA3
1,1:M Content,001ed00000p6bmH,Agentforce,2025-12-01,2025-12-01,001ed00000p6bmHYAQ
1,1:M Content,00130000002xJCB,Agentforce,2025-08-01,2025-08-01,00130000002xJCBAA2
1,1:M Content,0013y00001cIVtB,Agentforce,2025-10-01,2025-10-01,0013y00001cIVtBQAW
1,1:M Content,0013000000hKnkB,Agentforce,2025-10-01,2025-10-01,0013000000hKnkBAAS
1,1:M Content,0013000000IkqwQ,Agentforce,2025-05-01,2025-05-01,0013000000IkqwQAAR
1,1:M Content,001ed00000GIwM7,Agentforce,2025-01-01,2025-01-01,001ed00000GIwM7YAL
1,1:M Content,001ed000009iqH6,Agentforce,2025-07-01,2025-07-01,001ed000009iqH6YAI
1,1:M Content,0010M00001QmOSz,Agentforce,2025-08-01,2025-08-01,0010M00001QmOSzQAN
1,1:M Content,001ed00000nr5Wp,Agentforce,2025-11-01,2025-11-01,001ed00000nr5WpYAI
2,1:M Content,001ed00000kuANB,Agentforce,2025-10-01,2025-10-01,001ed00000kuANBYA2
1,1:M Content,0013000000ZmE0O,Agentforce,2025-03-01,2025-03-01,0013000000ZmE0OAAV
1,1:M Content,0013000000rqy1R,Agentforce,2025-09-01,2025-09-01,0013000000rqy1RAAQ
1,1:M Content,001ed00000d6Jsk,Agentforce,2025-08-01,2025-08-01,001ed00000d6JskYAE
1,1:M Content,0013y00001Xz603,Agentforce,2025-01-01,2025-01-01,0013y00001Xz603QAB
1,1:M Content,00130000002xGVW,Agentforce,2025-02-01,2025-02-01,00130000002xGVWAA2
1,1:M Content,00130000016k8IO,Agentforce,2025-05-01,2025-05-01,00130000016k8IOAAY
1,1:M Content,001ed00000mWLtm,Agentforce,2025-10-01,2025-10-01,001ed00000mWLtmYAG
1,1:M Content,0013000000JJvBg,Agentforce,2025-10-01,2025-10-01,0013000000JJvBgAAL
1,1:M Content,0013000000M1p9E,Agentforce,2025-07-01,2025-07-01,0013000000M1p9EAAR
1,1:M Content,0013y00001cgKox,Agentforce,2025-07-01,2025-07-01,0013y00001cgKoxQAE
1,1:M Content,001ed00000KMait,Agentforce,2025-04-01,2025-04-01,001ed00000KMaitYAD
1,1:M Content,0013000000Zld7h,Agentforce,2025-01-01,2025-01-01,0013000000Zld7hAAB
1,1:M Content,001ed00000bbN0Q,Agentforce,2025-08-01,2025-08-01,001ed00000bbN0QYAU
1,1:M Content,001ed00000M7iVv,Agentforce,2025-08-01,2025-08-01,001ed00000M7iVvYAJ
1,1:M Content,001ed00000Tiwu2,Agentforce,2025-05-01,2025-05-01,001ed00000Tiwu2YAB
1,1:M Content,001ed00000f036L,Agentforce,2025-08-01,2025-08-01,001ed00000f036LYAQ
1,1:M Content,0013y00001eU9kJ,Agentforce,2025-01-01,2025-01-01,0013y00001eU9kJQAS
1,1:M Content,0013000000rpFSi,Agentforce,2025-07-01,2025-07-01,0013000000rpFSiAAM
1,1:M Content,0013000000INKJe,Agentforce,2025-12-01,2025-12-01,0013000000INKJeAAP
1,1:M Content,0010M00001U1gsu,Agentforce,2025-11-01,2025-11-01,0010M00001U1gsuQAB
1,1:M Content,0013000000Ezv1U,Agentforce,2025-05-01,2025-05-01,0013000000Ezv1UAAR
2,1:M Content,0013000001CCIQC,Agentforce,2025-08-01,2025-08-01,0013000001CCIQCAA5
4,1:M Content,001ed00000eHOTW,Agentforce,2025-08-01,2025-08-01,001ed00000eHOTWYA4
4,1:M Content,001ed00000EKY3t,Agentforce,2025-08-01,2025-08-01,001ed00000EKY3tYAH
6,1:M Content,0013000000JIBWV,Agentforce,2025-12-01,2025-12-01,0013000000JIBWVAA5
3,1:M Content,001ed00000dgyXd,Agentforce,2025-08-01,2025-08-01,001ed00000dgyXdYAI
6,1:M Content,00130000002xG6d,Agentforce,2025-08-01,2025-08-01,00130000002xG6dAAE
4,1:M Content,001ed000001dokO,Agentforce,2025-09-01,2025-09-01,001ed000001dokOYAQ
2,1:M Content,001ed0000063tJ5,Agentforce,2025-11-01,2025-11-01,001ed0000063tJ5YAI
3,1:M Content,001ed00000pb5cr,Agentforce,2025-12-01,2025-12-01,001ed00000pb5crYAA
4,1:M Content,0013000000ImTX9,Agentforce,2025-09-01,2025-09-01,0013000000ImTX9AAN
2,1:M Content,001ed00000qnptI,Agentforce,2025-12-01,2025-12-01,001ed00000qnptIYAQ
6,1:M Content,001300000007aWW,Agentforce,2025-11-01,2025-11-01,001300000007aWWAAY
2,1:M Content,0013000001Gl309,Agentforce,2025-04-01,2025-04-01,0013000001Gl309AAB
2,1:M Content,0010M00001QlyvF,Agentforce,2025-02-01,2025-02-01,0010M00001QlyvFQAR
2,1:M Content,0013000000rnSwj,Agentforce,2025-08-01,2025-08-01,0013000000rnSwjAAE
2,1:M Content,0013000001NWmJD,Agentforce,2025-11-01,2025-11-01,0013000001NWmJDAA1
5,1:M Content,0010M00001QkwSp,Agentforce,2025-09-01,2025-09-01,0010M00001QkwSpQAJ
4,1:M Content,001ed00000hu57a,Agentforce,2025-09-01,2025-09-01,001ed00000hu57aYAA
2,1:M Content,0013y00001cYGgp,Agentforce,2025-08-01,2025-08-01,0013y00001cYGgpQAG
2,1:M Content,001ed00000eJQr5,Agentforce,2025-10-01,2025-10-01,001ed00000eJQr5YAG
5,1:M Content,0010M00001UVVio,Agentforce,2025-07-01,2025-07-01,0010M00001UVVioQAH
3,1:M Content,001ed00000bT1TG,Agentforce,2025-08-01,2025-08-01,001ed00000bT1TGYA0
7,1:M Content,0010M00001WZ3om,Agentforce,2025-09-01,2025-09-01,0010M00001WZ3omQAD
2,1:M Content,001ed00000mGYF7,Agentforce,2025-10-01,2025-10-01,001ed00000mGYF7YAO
2,1:M Content,0010M00001SJ0ug,Agentforce,2025-05-01,2025-05-01,0010M00001SJ0ugQAD
3,1:M Content,0013000000GKRTK,Agentforce,2025-12-01,2025-12-01,0013000000GKRTKAA5
2,1:M Content,001ed00000epZ7y,Agentforce,2025-09-01,2025-09-01,001ed00000epZ7yYAE
2,1:M Content,001ed00000bdKpa,Agentforce,2025-08-01,2025-08-01,001ed00000bdKpaYAE
2,1:M Content,001ed00000XQktt,Agentforce,2025-06-01,2025-06-01,001ed00000XQkttYAD
4,1:M Content,0010M00001NYS4h,Agentforce,2025-09-01,2025-09-01,0010M00001NYS4hQAH
2,1:M Content,001ed00000foM8z,Agentforce,2025-09-01,2025-09-01,001ed00000foM8zYAE
2,1:M Content,0010M00001Sq0KG,Agentforce,2025-12-01,2025-12-01,0010M00001Sq0KGQAZ
2,1:M Content,0013y00001cFNJD,Agentforce,2025-02-01,2025-02-01,0013y00001cFNJDQA4
2,1:M Content,001ed00000qqkYf,Agentforce,2025-12-01,2025-12-01,001ed00000qqkYfYAI
2,1:M Content,0013y00001foaGN,Agentforce,2025-07-01,2025-07-01,0013y00001foaGNQAY
2,1:M Content,001ed00000oSMbx,Agentforce,2025-11-01,2025-11-01,001ed00000oSMbxYAG
3,1:M Content,0013y00001c4mli,Agentforce,2025-09-01,2025-09-01,0013y00001c4mliQAA
2,1:M Content,0013y00001beBNp,Agentforce,2025-10-01,2025-10-01,0013y00001beBNpQAM
3,1:M Content,001ed00000bff8M,Agentforce,2025-08-01,2025-08-01,001ed00000bff8MYAQ
2,1:M Content,0013000000HIzRy,Agentforce,2025-06-01,2025-06-01,0013000000HIzRyAAL
2,1:M Content,001ed00000ebW8M,Agentforce,2025-09-01,2025-09-01,001ed00000ebW8MYAU
2,1:M Content,001ed00000pTalt,Agentforce,2025-11-01,2025-11-01,001ed00000pTaltYAC
2,1:M Content,0013000000ZiZY8,Agentforce,2025-12-01,2025-12-01,0013000000ZiZY8AAN
2,1:M Content,0013y00001c4mli,Agentforce,2025-08-01,2025-08-01,0013y00001c4mliQAA
2,1:M Content,001ed0000068oiY,Agentforce,2025-07-01,2025-07-01,001ed0000068oiYYAQ
1,Success Guides,0013000000RZH0i,Agentforce,2025-04-01,2025-03-01,0013000000RZH0iAAH
1,Success Guides,0010M00001SJ16r,Agentforce,2025-04-01,2025-04-01,0010M00001SJ16rQAD
1,Success Guides,0010M00001WZH2r,Agentforce,2025-08-01,2025-07-01,0010M00001WZH2rQAH
1,Success Guides,0013000000LBKic,Agentforce,2025-12-01,2025-10-01,0013000000LBKicAAH
1,Success Guides,0013y00001cVLPb,Agentforce,2025-08-01,2025-07-01,0013y00001cVLPbQAO
1,Success Guides,0013y00001cU6cj,Agentforce,2025-04-01,2025-03-01,0013y00001cU6cjQAC
1,Success Guides,00130000002ihBO,Agentforce,2025-05-01,2025-03-01,00130000002ihBOAAY
1,Success Guides,0013000000hKtDD,Agentforce,2025-11-01,2025-09-01,0013000000hKtDDAA0
1,Success Guides,0013000001GUfQv,Agentforce,2025-09-01,2025-09-01,0013000001GUfQvAAL
1,Success Guides,0013000000RWuoR,Agentforce,2025-10-01,2025-09-01,0013000000RWuoRAAT
1,Success Guides,0013y00001eBwKU,Agentforce,2025-11-01,2025-09-01,0013y00001eBwKUQA0
1,Success Guides,0010M00001Qkb4g,Agentforce,2025-08-01,2025-08-01,0010M00001Qkb4gQAB
1,Success Guides,0010M00001THLmR,Agentforce,2025-07-01,2025-06-01,0010M00001THLmRQAX
1,Success Architects,00130000002xIP9,Agentforce,2025-01-01,2024-12-01,00130000002xIP9AAM
1,Success Guides,0010M00001V48w9,Agentforce,2025-10-01,2025-10-01,0010M00001V48w9QAB
1,Success Guides,00100000001ILBE,Agentforce,2025-08-01,2025-05-01,00100000001ILBEAA4
1,Success Guides,0013000000J7r0w,Agentforce,2025-07-01,2025-07-01,0013000000J7r0wAAB
1,Success Guides,0010M00001Spqst,Agentforce,2025-12-01,2025-12-01,0010M00001SpqstQAB
1,Success Guides,001ed00000MVrHv,Agentforce,2025-12-01,2025-11-01,001ed00000MVrHvYAL
1,Success Guides,00130000007L315,Agentforce,2025-02-01,2024-12-01,00130000007L315AAC
1,Success Guides,0013000000rpHI3,Agentforce,2025-10-01,2025-09-01,0013000000rpHI3AAM
1,Success Guides,0013000001CBIiK,Agentforce,2025-07-01,2025-06-01,0013000001CBIiKAAX
1,Success Guides,0010M00001QlNAw,Agentforce,2025-10-01,2025-10-01,0010M00001QlNAwQAN
1,Success Guides,0013000000M15Dz,Agentforce,2025-04-01,2025-03-01,0013000000M15DzAAJ
1,Success Guides,0013000000M2RxR,Agentforce,2025-02-01,2025-02-01,0013000000M2RxRAAV
1,Success Guides,0013000000HlBCa,Agentforce,2025-08-01,2025-07-01,0013000000HlBCaAAN
1,Success Guides,0010M00001SnFFq,Agentforce,2025-08-01,2025-05-01,0010M00001SnFFqQAN
1,Success Guides,0013y00001crJuM,Agentforce,2025-01-01,2025-01-01,0013y00001crJuMQAU
1,Success Guides,0013y00001cjxs5,Agentforce,2025-09-01,2025-09-01,0013y00001cjxs5QAA
2,Success Guides,0013y00001ewGjz,Agentforce,2025-11-01,2025-11-01,0013y00001ewGjzQAE
1,1:M Content,001ed00000fnkv2,Agentforce,2025-09-01,2025-09-01,001ed00000fnkv2YAA
1,1:M Content,0013000000hMdZc,Agentforce,2025-02-01,2025-02-01,0013000000hMdZcAAK
1,1:M Content,00130000016g5TW,Agentforce,2025-12-01,2025-12-01,00130000016g5TWAAY
1,1:M Content,0013000000K13F4,Agentforce,2025-12-01,2025-12-01,0013000000K13F4AAJ
1,1:M Content,001ed00000aBDoR,Agentforce,2025-07-01,2025-07-01,001ed00000aBDoRYAW
1,1:M Content,001ed000009gtz0,Agentforce,2025-08-01,2025-08-01,001ed000009gtz0YAA
1,1:M Content,001ed00000eHb91,Agentforce,2025-08-01,2025-08-01,001ed00000eHb91YAC
1,1:M Content,001ed00000dhpyV,Agentforce,2025-09-01,2025-09-01,001ed00000dhpyVYAQ
1,1:M Content,001ed00000cnXky,Agentforce,2025-08-01,2025-08-01,001ed00000cnXkyYAE
1,1:M Content,001ed00000OH2nZ,Agentforce,2025-04-01,2025-04-01,001ed00000OH2nZYAT
1,1:M Content,001300000006zSD,Agentforce,2025-02-01,2025-02-01,001300000006zSDAAY
1,1:M Content,0013y00001cYHKY,Agentforce,2025-06-01,2025-06-01,0013y00001cYHKYQA4
1,1:M Content,0013000000RXXIf,Agentforce,2025-12-01,2025-12-01,0013000000RXXIfAAP
1,1:M Content,0010M00001NYmyv,Agentforce,2025-03-01,2025-03-01,0010M00001NYmyvQAD
1,1:M Content,00100000001CwNp,Agentforce,2025-10-01,2025-10-01,00100000001CwNpAAK
1,1:M Content,001ed0000068oiY,Agentforce,2025-11-01,2025-11-01,001ed0000068oiYYAQ
1,1:M Content,001ed00000RACLM,Agentforce,2025-05-01,2025-05-01,001ed00000RACLMYA5
1,1:M Content,0010M00001QkLof,Agentforce,2025-11-01,2025-11-01,0010M00001QkLofQAF
1,1:M Content,0013000000ZmkZ5,Agentforce,2025-07-01,2025-07-01,0013000000ZmkZ5AAJ
1,1:M Content,001ed00000XSOsT,Agentforce,2025-06-01,2025-06-01,001ed00000XSOsTYAX
1,1:M Content,0010M00001W8Zfp,Agentforce,2025-03-01,2025-03-01,0010M00001W8ZfpQAF
1,1:M Content,001ed00000lLP1x,Agentforce,2025-10-01,2025-10-01,001ed00000lLP1xYAG
1,1:M Content,0013000000hIsMY,Agentforce,2025-10-01,2025-10-01,0013000000hIsMYAA0
1,1:M Content,0013000001JcqQW,Agentforce,2025-09-01,2025-09-01,0013000001JcqQWAAZ
1,1:M Content,001000000008QeA,Agentforce,2025-09-01,2025-09-01,001000000008QeAAAU
1,1:M Content,0010M00001S9LXi,Agentforce,2025-02-01,2025-02-01,0010M00001S9LXiQAN
1,1:M Content,0013000001KakBg,Agentforce,2024-12-01,2024-12-01,0013000001KakBgAAJ
1,1:M Content,0010M00001QnklF,Agentforce,2025-04-01,2025-04-01,0010M00001QnklFQAR
1,1:M Content,001ed00000eHSTt,Agentforce,2025-08-01,2025-08-01,001ed00000eHSTtYAO
1,1:M Content,0013000001J7nn1,Agentforce,2025-01-01,2025-01-01,0013000001J7nn1AAB
1,1:M Content,001ed00000OTRwf,Agentforce,2025-04-01,2025-04-01,001ed00000OTRwfYAH
1,1:M Content,0010M00001XxnjA,Agentforce,2025-08-01,2025-08-01,0010M00001XxnjAQAR
1,1:M Content,001ed00000fulPf,Agentforce,2025-08-01,2025-08-01,001ed00000fulPfYAI
1,1:M Content,001ed00000mw5ep,Agentforce,2025-11-01,2025-11-01,001ed00000mw5epYAA
1,1:M Content,00100000001T7nr,Agentforce,2025-11-01,2025-11-01,00100000001T7nrAAC
1,1:M Content,0013000000JK00Y,Agentforce,2024-12-01,2024-12-01,0013000000JK00YAAT
1,1:M Content,0013y00001f9ZdG,Agentforce,2025-07-01,2025-07-01,0013y00001f9ZdGQAU
1,1:M Content,001ed00000aQZDX,Agentforce,2025-07-01,2025-07-01,001ed00000aQZDXYA4
1,1:M Content,00100000001UKxw,Agentforce,2025-11-01,2025-11-01,00100000001UKxwAAG
1,1:M Content,0010M00001QkS4o,Agentforce,2025-09-01,2025-09-01,0010M00001QkS4oQAF
1,1:M Content,0013000000HGA1A,Agentforce,2025-11-01,2025-11-01,0013000000HGA1AAAX
1,1:M Content,0010M00001SIebh,Agentforce,2025-09-01,2025-09-01,0010M00001SIebhQAD
1,1:M Content,001ed00000cs7y1,Agentforce,2025-08-01,2025-08-01,001ed00000cs7y1YAA
3,1:M Content,001ed00000gNPTy,Agentforce,2025-09-01,2025-09-01,001ed00000gNPTyYAO
2,1:M Content,001ed00000eJeu0,Agentforce,2025-08-01,2025-08-01,001ed00000eJeu0YAC
3,1:M Content,0013000000RYuOh,Agentforce,2025-07-01,2025-07-01,0013000000RYuOhAAL
4,1:M Content,001ed00000YKWRZ,Agentforce,2025-07-01,2025-07-01,001ed00000YKWRZYA5
2,1:M Content,001ed00000XvwVh,Agentforce,2025-07-01,2025-07-01,001ed00000XvwVhYAJ
2,1:M Content,0013000000Zjatg,Agentforce,2025-12-01,2025-12-01,0013000000ZjatgAAB
4,1:M Content,001ed00000UDItt,Agentforce,2025-06-01,2025-06-01,001ed00000UDIttYAH
4,1:M Content,001ed00000g7HiJ,Agentforce,2025-09-01,2025-09-01,001ed00000g7HiJYAU
4,1:M Content,001ed00000gE68c,Agentforce,2025-09-01,2025-09-01,001ed00000gE68cYAC
3,1:M Content,0010M00001XyAva,Agentforce,2025-12-01,2025-12-01,0010M00001XyAvaQAF
2,1:M Content,001ed00000Zzs7R,Agentforce,2025-07-01,2025-07-01,001ed00000Zzs7RYAR
2,1:M Content,00100000000NyQm,Agentforce,2025-07-01,2025-07-01,00100000000NyQmAAK
3,1:M Content,001000000015hqy,Agentforce,2025-08-01,2025-08-01,001000000015hqyAAA
4,1:M Content,0013000000NPEtp,Agentforce,2025-05-01,2025-05-01,0013000000NPEtpAAH
2,1:M Content,0013000001CBpyb,Agentforce,2025-12-01,2025-12-01,0013000001CBpybAAD
3,1:M Content,001ed00000GhkhW,Agentforce,2025-11-01,2025-11-01,001ed00000GhkhWYAR
4,1:M Content,0013000001CBbjc,Agentforce,2025-08-01,2025-08-01,0013000001CBbjcAAD
3,1:M Content,0013000000RZ2fO,Agentforce,2025-08-01,2025-08-01,0013000000RZ2fOAAT
5,1:M Content,0010M00001Qjq9y,Agentforce,2025-09-01,2025-09-01,0010M00001Qjq9yQAB
5,1:M Content,0013000001NXvdr,Agentforce,2025-08-01,2025-08-01,0013000001NXvdrAAD
3,1:M Content,0013000000Lwd92,Agentforce,2025-10-01,2025-10-01,0013000000Lwd92AAB
3,1:M Content,00130000002xb7o,Agentforce,2025-07-01,2025-07-01,00130000002xb7oAAA
2,1:M Content,0013000001JyriP,Agentforce,2025-07-01,2025-07-01,0013000001JyriPAAR
3,1:M Content,0013000000JJz79,Agentforce,2025-09-01,2025-09-01,0013000000JJz79AAD
3,1:M Content,00130000016j5bj,Agentforce,2025-11-01,2025-11-01,00130000016j5bjAAA
2,1:M Content,0013000000M1LxV,Agentforce,2025-08-01,2025-08-01,0013000000M1LxVAAV
2,1:M Content,0013y00001cQAqm,Agentforce,2025-07-01,2025-07-01,0013y00001cQAqmQAG
3,1:M Content,001ed00000qOYfO,Agentforce,2025-12-01,2025-12-01,001ed00000qOYfOYAW
2,1:M Content,0013000000hMMab,Agentforce,2025-01-01,2025-01-01,0013000000hMMabAAG
3,1:M Content,0013y00001erNGX,Agentforce,2025-12-01,2025-12-01,0013y00001erNGXQA2
3,1:M Content,001ed00000ZmMuv,Agentforce,2025-07-01,2025-07-01,001ed00000ZmMuvYAF
2,1:M Content,001ed00000kr9HB,Agentforce,2025-10-01,2025-10-01,001ed00000kr9HBYAY
2,1:M Content,0013000001CCSMX,Agentforce,2025-03-01,2025-03-01,0013000001CCSMXAA5
2,1:M Content,0013y00001e646z,Agentforce,2025-07-01,2025-07-01,0013y00001e646zQAA
2,1:M Content,0013000001Meckh,Agentforce,2025-08-01,2025-08-01,0013000001MeckhAAB
1,Success Guides,0013000001LXjKm,Agentforce,2025-10-01,2025-10-01,0013000001LXjKmAAL
1,Success Guides,0013000000rq9GF,Agentforce,2025-12-01,2025-10-01,0013000000rq9GFAAY
1,Success Guides,0013000000hKD2k,Agentforce,2025-01-01,2024-11-01,0013000000hKD2kAAG
1,Success Guides,00130000016iWl7,Agentforce,2025-11-01,2025-10-01,00130000016iWl7AAE
1,Success Guides,0013000001CD0Y0,Agentforce,2025-04-01,2025-02-01,0013000001CD0Y0AAL
1,Success Guides,0013000001M1LJH,Agentforce,2025-08-01,2025-05-01,0013000001M1LJHAA3
1,Success Guides,0013000001CCtDP,Agentforce,2025-01-01,2025-01-01,0013000001CCtDPAA1
1,Success Guides,0013000001J5yBE,Agentforce,2025-05-01,2025-04-01,0013000001J5yBEAAZ
1,Success Guides,00130000002xG8C,Agentforce,2025-07-01,2025-07-01,00130000002xG8CAAU
1,Success Guides,0013y00001cot3Q,Agentforce,2025-12-01,2025-12-01,0013y00001cot3QQAQ
1,Success Guides,00130000016jy5V,Agentforce,2025-12-01,2025-11-01,00130000016jy5VAAQ
1,Success Guides,0013000001L5vll,Agentforce,2025-12-01,2025-11-01,0013000001L5vllAAB
1,Success Guides,0013000000hJJJw,Agentforce,2025-12-01,2025-12-01,0013000000hJJJwAAO
1,Success Guides,0013000000M2OoT,Agentforce,2025-10-01,2025-09-01,0013000000M2OoTAAV
1,Success Guides,0013y00001f995C,Agentforce,2025-07-01,2025-05-01,0013y00001f995CQAQ
1,Success Guides,0013000000M1oYj,Agentforce,2025-11-01,2025-10-01,0013000000M1oYjAAJ
2,Success Guides,0013000001GXFhT,Agentforce,2025-10-01,2025-09-01,0013000001GXFhTAAX
1,1:M Content,0013000000ITYlq,Agentforce,2025-10-01,2025-10-01,0013000000ITYlqAAH
1,1:M Content,0013y00001dNlJb,Agentforce,2024-12-01,2024-12-01,0013y00001dNlJbQAK
1,1:M Content,00130000000QNUS,Agentforce,2025-10-01,2025-10-01,00130000000QNUSAA4
1,1:M Content,001ed00000hv0c1,Agentforce,2025-10-01,2025-10-01,001ed00000hv0c1YAA
1,1:M Content,0013000000NSyIV,Agentforce,2025-10-01,2025-10-01,0013000000NSyIVAA1
1,1:M Content,0013y00001c8Ptu,Agentforce,2025-10-01,2025-10-01,0013y00001c8PtuQAE
1,1:M Content,001ed00000apO3d,Agentforce,2025-07-01,2025-07-01,001ed00000apO3dYAE
1,1:M Content,0013000000ZlQp1,Agentforce,2025-10-01,2025-10-01,0013000000ZlQp1AAF
1,1:M Content,001ed00000iZbY4,Agentforce,2025-10-01,2025-10-01,001ed00000iZbY4YAK
1,1:M Content,00130000016h4g5,Agentforce,2025-01-01,2025-01-01,00130000016h4g5AAA
1,1:M Content,001ed00000ecYZV,Agentforce,2025-08-01,2025-08-01,001ed00000ecYZVYA2
1,1:M Content,00130000000lYUT,Agentforce,2025-05-01,2025-04-01,00130000000lYUTAA2
1,1:M Content,0010M00001WZ3Eo,Agentforce,2025-10-01,2025-10-01,0010M00001WZ3EoQAL
1,1:M Content,0013000000IUApq,Agentforce,2025-10-01,2025-10-01,0013000000IUApqAAH
1,1:M Content,001ed00000gk5nn,Agentforce,2025-09-01,2025-09-01,001ed00000gk5nnYAA
1,1:M Content,00130000003zkNH,Agentforce,2025-07-01,2025-07-01,00130000003zkNHAAY
1,1:M Content,001ed00000Ni9lW,Agentforce,2025-04-01,2025-04-01,001ed00000Ni9lWYAR
1,1:M Content,0010M00001SISaJ,Agentforce,2025-09-01,2025-09-01,0010M00001SISaJQAX
1,1:M Content,0013000001Fa1VT,Agentforce,2025-08-01,2025-08-01,0013000001Fa1VTAAZ
1,1:M Content,0013000000JIBWV,Agentforce,2025-09-01,2025-09-01,0013000000JIBWVAA5
1,1:M Content,001ed00000Qbeyp,Agentforce,2025-05-01,2025-05-01,001ed00000QbeypYAB
1,1:M Content,001ed00000nXKdI,Agentforce,2025-11-01,2025-11-01,001ed00000nXKdIYAW
1,1:M Content,0013000000NRYIU,Agentforce,2025-12-01,2025-12-01,0013000000NRYIUAA5
1,1:M Content,0010M00001JzmbF,Agentforce,2024-12-01,2024-12-01,0010M00001JzmbFQAR
1,1:M Content,0013000000A9Vag,Agentforce,2025-01-01,2025-01-01,0013000000A9VagAAF
1,1:M Content,001ed00000HDfZu,Agentforce,2025-02-01,2025-02-01,001ed00000HDfZuYAL
1,1:M Content,0010M00001QkQle,Agentforce,2025-10-01,2025-10-01,0010M00001QkQleQAF
1,1:M Content,0013000000ITigf,Agentforce,2025-08-01,2025-08-01,0013000000ITigfAAD
1,1:M Content,0013y00001cCeao,Agentforce,2025-02-01,2025-02-01,0013y00001cCeaoQAC
1,1:M Content,001ed00000BvPwD,Agentforce,2024-12-01,2024-12-01,001ed00000BvPwDYAV
1,1:M Content,001ed00000YXJ3Y,Agentforce,2025-06-01,2025-06-01,001ed00000YXJ3YYAX
1,1:M Content,0013000000JHv1p,Agentforce,2025-11-01,2025-11-01,0013000000JHv1pAAD
1,1:M Content,0013000000roof1,Agentforce,2025-03-01,2025-03-01,0013000000roof1AAA
1,1:M Content,0013y00001cShoj,Agentforce,2025-08-01,2025-08-01,0013y00001cShojQAC
1,1:M Content,0013000000NS9ku,Agentforce,2025-06-01,2025-06-01,0013000000NS9kuAAD
1,1:M Content,0013000000ZjcPk,Agentforce,2025-08-01,2025-08-01,0013000000ZjcPkAAJ
1,1:M Content,0010M00001WaLzS,Agentforce,2025-05-01,2025-05-01,0010M00001WaLzSQAV
1,1:M Content,001ed0000069FUD,Agentforce,2025-08-01,2025-08-01,001ed0000069FUDYA2
1,1:M Content,0010M00001NYrHX,Agentforce,2025-08-01,2025-08-01,0010M00001NYrHXQA1
1,1:M Content,001ed00000jYY3l,Agentforce,2025-11-01,2025-11-01,001ed00000jYY3lYAG
1,1:M Content,0013000001JyDCn,Agentforce,2025-11-01,2025-11-01,0013000001JyDCnAAN
1,1:M Content,001ed00000iXSPB,Agentforce,2025-09-01,2025-09-01,001ed00000iXSPBYA4
1,1:M Content,00130000004Oe0P,Agentforce,2025-05-01,2025-05-01,00130000004Oe0PAAS
1,1:M Content,001ed00000V3P9h,Agentforce,2025-06-01,2025-06-01,001ed00000V3P9hYAF
1,1:M Content,00130000016iOdF,Agentforce,2025-07-01,2025-07-01,00130000016iOdFAAU
3,1:M Content,0013y00001d2Blj,Agentforce,2025-07-01,2025-07-01,0013y00001d2BljQAE
12,1:M Content,0013000000I4JCA,Agentforce,2025-07-01,2025-07-01,0013000000I4JCAAA3
2,1:M Content,0010M00001V6YPp,Agentforce,2025-07-01,2025-07-01,0010M00001V6YPpQAN
6,1:M Content,0013000001CD4KG,Agentforce,2025-09-01,2025-09-01,0013000001CD4KGAA1
2,1:M Content,0013000000Zkhwe,Agentforce,2025-06-01,2025-06-01,0013000000ZkhweAAB
2,1:M Content,001ed00000TDV6z,Agentforce,2025-05-01,2025-05-01,001ed00000TDV6zYAH
3,1:M Content,001ed00000O0Eht,Agentforce,2025-08-01,2025-08-01,001ed00000O0EhtYAF
2,1:M Content,001ed00000dOuFW,Agentforce,2025-08-01,2025-08-01,001ed00000dOuFWYA0
2,1:M Content,001ed00000gqJw2,Agentforce,2025-09-01,2025-09-01,001ed00000gqJw2YAE
2,1:M Content,0013000000GLN8I,Agentforce,2025-08-01,2025-08-01,0013000000GLN8IAAX
2,1:M Content,0010M00001U3wGP,Agentforce,2025-05-01,2025-05-01,0010M00001U3wGPQAZ
3,1:M Content,0010M00001S9GBw,Agentforce,2025-07-01,2025-07-01,0010M00001S9GBwQAN
3,1:M Content,001ed00000iQraQ,Agentforce,2025-10-01,2025-10-01,001ed00000iQraQYAS
2,1:M Content,001ed00000egnQK,Agentforce,2025-08-01,2025-08-01,001ed00000egnQKYAY
2,1:M Content,001ed00000cInve,Agentforce,2025-08-01,2025-08-01,001ed00000cInveYAC
3,1:M Content,00100000001axha,Agentforce,2025-10-01,2025-10-01,00100000001axhaAAA
2,1:M Content,0013y00001c8Oal,Agentforce,2025-08-01,2025-08-01,0013y00001c8OalQAE
2,1:M Content,001ed00000eDpnK,Agentforce,2025-08-01,2025-08-01,001ed00000eDpnKYAS
2,1:M Content,0010M00001W7qgR,Agentforce,2025-09-01,2025-09-01,0010M00001W7qgRQAR
3,1:M Content,0013000001GiKVk,Agentforce,2025-07-01,2025-07-01,0013000001GiKVkAAN
3,1:M Content,001ed00000ixESH,Agentforce,2025-10-01,2025-10-01,001ed00000ixESHYA2
2,1:M Content,001ed00000ecMuy,Agentforce,2025-08-01,2025-08-01,001ed00000ecMuyYAE
2,1:M Content,0013y00001cFZgt,Agentforce,2025-10-01,2025-10-01,0013y00001cFZgtQAG
2,1:M Content,0013000001GXFhT,Agentforce,2025-12-01,2025-12-01,0013000001GXFhTAAX
2,1:M Content,0013y00001d0eT3,Agentforce,2025-01-01,2025-01-01,0013y00001d0eT3QAI
1,Success Guides,001ed000001Oe5S,Agentforce,2025-11-01,2025-10-01,001ed000001Oe5SYAS
1,Success Guides,0013y00001cNRCe,Agentforce,2025-12-01,2025-10-01,0013y00001cNRCeQAO
1,Success Guides,0010M00001WITnX,Agentforce,2025-08-01,2025-07-01,0010M00001WITnXQAX
1,Success Guides,0013000000J4xE3,Agentforce,2025-03-01,2025-03-01,0013000000J4xE3AAJ
1,Success Guides,0013000001CCfdp,Agentforce,2025-05-01,2025-03-01,0013000001CCfdpAAD
1,Success Guides,0013000000M2MHK,Agentforce,2025-11-01,2025-11-01,0013000000M2MHKAA3
1,Success Guides,0010M00001JzikW,Agentforce,2025-02-01,2025-01-01,0010M00001JzikWQAR
1,Success Guides,0010M00001QkWL1,Agentforce,2025-12-01,2025-11-01,0010M00001QkWL1QAN
1,Success Guides,001000000027wGt,Agentforce,2025-02-01,2025-02-01,001000000027wGtAAI
1,Success Guides,0010M00001WHxYR,Agentforce,2025-06-01,2025-05-01,0010M00001WHxYRQA1
1,Success Guides,0010M00001QmbVn,Agentforce,2025-12-01,2025-11-01,0010M00001QmbVnQAJ
1,Success Architects,0013000000hJrzc,Agentforce,2024-12-01,2024-11-01,0013000000hJrzcAAC
1,Success Guides,0013000000RWuoR,Agentforce,2025-11-01,2025-10-01,0013000000RWuoRAAT
1,Success Guides,0013000000ZjacR,Agentforce,2025-12-01,2025-11-01,0013000000ZjacRAAR
1,Success Guides,0010M00001QlHmZ,Agentforce,2025-12-01,2025-12-01,0010M00001QlHmZQAV
1,Success Guides,0013y00001dkmTQ,Agentforce,2025-11-01,2025-09-01,0013y00001dkmTQQAY
1,Success Guides,0013000000KxNQN,Agentforce,2025-02-01,2025-01-01,0013000000KxNQNAA3
1,Success Guides,0010M00001WIEQ0,Agentforce,2025-11-01,2025-11-01,0010M00001WIEQ0QAP
1,Success Guides,00100000000oL01,Agentforce,2025-08-01,2025-08-01,00100000000oL01AAE
1,Success Guides,00130000002xdRb,Agentforce,2025-09-01,2025-08-01,00130000002xdRbAAI
1,Success Guides,0013y00001cZdXB,Agentforce,2025-04-01,2025-03-01,0013y00001cZdXBQA0
1,1:M Content,001ed00000nGROI,Agentforce,2025-12-01,2025-12-01,001ed00000nGROIYA4
1,1:M Content,0013000001CB0cQ,Agentforce,2025-10-01,2025-10-01,0013000001CB0cQAAT
1,1:M Content,001ed00000cvP2F,Agentforce,2025-10-01,2025-10-01,001ed00000cvP2FYAU
1,1:M Content,001ed00000TJOly,Agentforce,2025-05-01,2025-05-01,001ed00000TJOlyYAH
1,1:M Content,0013y00001cjtQZ,Agentforce,2025-11-01,2025-11-01,0013y00001cjtQZQAY
1,1:M Content,00100000000tKHP,Agentforce,2025-07-01,2025-07-01,00100000000tKHPAA2
1,1:M Content,0013y00001Xzbaw,Agentforce,2025-05-01,2025-05-01,0013y00001XzbawQAB
1,1:M Content,0013y00001eJXuW,Agentforce,2025-07-01,2025-07-01,0013y00001eJXuWQAW
1,1:M Content,0013000001CCon3,Agentforce,2025-01-01,2025-01-01,0013000001CCon3AAD
1,1:M Content,0013000001NWoOO,Agentforce,2025-07-01,2025-07-01,0013000001NWoOOAA1
1,1:M Content,0013000000JaMmg,Agentforce,2025-06-01,2025-06-01,0013000000JaMmgAAF
1,1:M Content,0010M00001WA2jQ,Agentforce,2024-12-01,2024-12-01,0010M00001WA2jQQAT
1,1:M Content,0013y00001cgTVG,Agentforce,2025-08-01,2025-08-01,0013y00001cgTVGQA2
1,1:M Content,0013000000J4xE3,Agentforce,2025-09-01,2025-09-01,0013000000J4xE3AAJ
1,1:M Content,0013y00001cTHUZ,Agentforce,2025-12-01,2025-12-01,0013y00001cTHUZQA4
1,1:M Content,0010M00001UVBdb,Agentforce,2025-09-01,2025-09-01,0010M00001UVBdbQAH
1,1:M Content,00130000000Tz6Y,Agentforce,2025-06-01,2025-06-01,00130000000Tz6YAAS
1,1:M Content,001300000029j2z,Agentforce,2025-10-01,2025-10-01,001300000029j2zAAA
1,1:M Content,001ed00000oRMyv,Agentforce,2025-12-01,2025-12-01,001ed00000oRMyvYAG
1,1:M Content,0013y00001fSw2D,Agentforce,2025-02-01,2025-02-01,0013y00001fSw2DQAS
1,1:M Content,00130000016iljN,Agentforce,2025-03-01,2025-03-01,00130000016iljNAAQ
1,1:M Content,0013000000ZiZY8,Agentforce,2025-08-01,2025-08-01,0013000000ZiZY8AAN
1,1:M Content,0010M00001Qlnej,Agentforce,2025-12-01,2025-12-01,0010M00001QlnejQAB
1,1:M Content,0013y00001c5Q2z,Agentforce,2025-07-01,2025-07-01,0013y00001c5Q2zQAE
1,1:M Content,0013000001CApWB,Agentforce,2025-07-01,2025-07-01,0013000001CApWBAA1
1,1:M Content,0010M00001NYarl,Agentforce,2025-06-01,2025-06-01,0010M00001NYarlQAD
1,1:M Content,0013000001IfyG0,Agentforce,2025-04-01,2025-04-01,0013000001IfyG0AAJ
1,1:M Content,0010M00001NYarl,Agentforce,2025-12-01,2025-12-01,0010M00001NYarlQAD
1,1:M Content,0010M00001Qaqro,Agentforce,2025-05-01,2025-05-01,0010M00001QaqroQAB
1,1:M Content,001ed00000hITkV,Agentforce,2025-09-01,2025-09-01,001ed00000hITkVYAW
1,1:M Content,0010M00001UEVHu,Agentforce,2025-06-01,2025-06-01,0010M00001UEVHuQAP
1,1:M Content,0013000001Megot,Agentforce,2025-05-01,2025-05-01,0013000001MegotAAB
1,1:M Content,0013000000LyucI,Agentforce,2025-02-01,2025-02-01,0013000000LyucIAAR
1,1:M Content,0013000001GkjxR,Agentforce,2024-12-01,2024-12-01,0013000001GkjxRAAR
1,1:M Content,0013000000NQHxP,Agentforce,2025-06-01,2025-06-01,0013000000NQHxPAAX
1,1:M Content,0010M00001W7jE5,Agentforce,2025-07-01,2025-07-01,0010M00001W7jE5QAJ
1,1:M Content,0013000001MeQL8,Agentforce,2025-08-01,2025-08-01,0013000001MeQL8AAN
1,1:M Content,0013y00001ck5uA,Agentforce,2025-01-01,2025-01-01,0013y00001ck5uAQAQ
1,1:M Content,001ed00000F0Ngk,Agentforce,2025-01-01,2025-01-01,001ed00000F0NgkYAF
1,1:M Content,0013000000hMbXo,Agentforce,2025-07-01,2025-07-01,0013000000hMbXoAAK
1,1:M Content,0010M00001YbB3l,Agentforce,2025-02-01,2025-02-01,0010M00001YbB3lQAF
1,1:M Content,0013000000HFbxJ,Agentforce,2025-05-01,2025-05-01,0013000000HFbxJAAT
1,1:M Content,0013y00001cTEtI,Agentforce,2025-07-01,2025-07-01,0013y00001cTEtIQAW
1,1:M Content,0010M00001P0BQC,Agentforce,2025-10-01,2025-10-01,0010M00001P0BQCQA3
1,1:M Content,001ed000000s1gg,Agentforce,2025-08-01,2025-08-01,001ed000000s1ggYAA
1,1:M Content,0010M00001U9q5j,Agentforce,2025-01-01,2025-01-01,0010M00001U9q5jQAB
1,1:M Content,0013000000NSWUc,Agentforce,2025-04-01,2025-04-01,0013000000NSWUcAAP
1,1:M Content,001ed00000bf65m,Agentforce,2025-07-01,2025-07-01,001ed00000bf65mYAA
1,1:M Content,0010M00001Qlc5s,Agentforce,2025-07-01,2025-07-01,0010M00001Qlc5sQAB
1,1:M Content,0013y00001eU79E,Agentforce,2025-02-01,2025-02-01,0013y00001eU79EQAS
2,1:M Content,0013000000rmrfJ,Agentforce,2025-12-01,2025-12-01,0013000000rmrfJAAQ
7,1:M Content,0013000000ZkEsU,Agentforce,2025-09-01,2025-09-01,0013000000ZkEsUAAV
4,1:M Content,001ed00000oTkVh,Agentforce,2025-11-01,2025-11-01,001ed00000oTkVhYAK
6,1:M Content,00130000016gN5v,Agentforce,2025-10-01,2025-10-01,00130000016gN5vAAE
4,1:M Content,00130000002xc43,Agentforce,2025-11-01,2025-11-01,00130000002xc43AAA
4,1:M Content,0010M00001Sq1HI,Agentforce,2025-06-01,2025-06-01,0010M00001Sq1HIQAZ
9,1:M Content,001ed00000l8rTy,Agentforce,2025-10-01,2025-10-01,001ed00000l8rTyYAI
4,1:M Content,001ed00000oi6Za,Agentforce,2025-11-01,2025-11-01,001ed00000oi6ZaYAI
7,1:M Content,0010M00001P0RyD,Agentforce,2025-07-01,2025-07-01,0010M00001P0RyDQAV
3,1:M Content,0013y00001c8NLi,Agentforce,2025-06-01,2025-06-01,0013y00001c8NLiQAM
4,1:M Content,00130000002xcgH,Agentforce,2025-10-01,2025-10-01,00130000002xcgHAAQ
3,1:M Content,0013000000RX8ZR,Agentforce,2025-10-01,2025-10-01,0013000000RX8ZRAA1
7,1:M Content,0010M00001WYRv8,Agentforce,2025-10-01,2025-10-01,0010M00001WYRv8QAH
3,1:M Content,0013000000rnIFa,Agentforce,2025-02-01,2025-02-01,0013000000rnIFaAAM
3,1:M Content,001ed00000nO38f,Agentforce,2025-11-01,2025-11-01,001ed00000nO38fYAC
2,1:M Content,0013000000LZRuo,Agentforce,2025-08-01,2025-08-01,0013000000LZRuoAAH
4,1:M Content,001ed00000BNJ5F,Agentforce,2025-11-01,2025-11-01,001ed00000BNJ5FYAX
2,1:M Content,0013000000ZlQpU,Agentforce,2025-10-01,2025-10-01,0013000000ZlQpUAAV
2,1:M Content,0013000000Iktqx,Agentforce,2025-08-01,2025-08-01,0013000000IktqxAAB
4,1:M Content,001ed0000061rDK,Agentforce,2025-11-01,2025-11-01,001ed0000061rDKYAY
2,1:M Content,0010M00001UEVHu,Agentforce,2025-08-01,2025-08-01,0010M00001UEVHuQAP
3,1:M Content,00130000016gd7Q,Agentforce,2025-12-01,2025-12-01,00130000016gd7QAAQ
2,1:M Content,001ed00000eyCH2,Agentforce,2025-08-01,2025-08-01,001ed00000eyCH2YAM
2,1:M Content,001ed00000gTKXp,Agentforce,2025-09-01,2025-09-01,001ed00000gTKXpYAO
2,1:M Content,0010M00001JzmuW,Agentforce,2025-08-01,2025-08-01,0010M00001JzmuWQAR
2,1:M Content,001ed00000duU8I,Agentforce,2025-08-01,2025-08-01,001ed00000duU8IYAU
2,1:M Content,001ed00000gN4Is,Agentforce,2025-09-01,2025-09-01,001ed00000gN4IsYAK
2,1:M Content,0013000000Raquy,Agentforce,2025-12-01,2025-12-01,0013000000RaquyAAB
2,1:M Content,0013000000ITpti,Agentforce,2025-10-01,2025-10-01,0013000000ITptiAAD
2,1:M Content,0013000001MjTPr,Agentforce,2025-12-01,2025-12-01,0013000001MjTPrAAN
2,1:M Content,0010M00001V49XQ,Agentforce,2025-12-01,2025-12-01,0010M00001V49XQQAZ
2,1:M Content,001ed00000fMcv7,Agentforce,2025-08-01,2025-08-01,001ed00000fMcv7YAC
2,1:M Content,0013000000ITYlq,Agentforce,2025-11-01,2025-11-01,0013000000ITYlqAAH
1,Success Guides,00130000002xWYy,Agentforce,2025-09-01,2025-09-01,00130000002xWYyAAM
1,Success Guides,0010M00001JzvBB,Agentforce,2025-09-01,2025-08-01,0010M00001JzvBBQAZ
1,Success Guides,0013000000ZkPdh,Agentforce,2025-10-01,2025-09-01,0013000000ZkPdhAAF
1,Success Guides,0013000000GtwIS,Agentforce,2025-11-01,2025-10-01,0013000000GtwISAAZ
1,Success Guides,0013y00001Z0g9F,Agentforce,2025-09-01,2025-09-01,0013y00001Z0g9FQAR
1,Success Guides,0010M00001UV04y,Agentforce,2025-02-01,2025-01-01,0010M00001UV04yQAD
1,Success Guides,0013y00001f80Et,Agentforce,2025-12-01,2025-10-01,0013y00001f80EtQAI
1,Success Guides,001ed00000SIsEk,Agentforce,2025-10-01,2025-08-01,001ed00000SIsEkYAL
1,Success Guides,0013000001GWf4M,Agentforce,2025-11-01,2025-11-01,0013000001GWf4MAAT
1,Success Guides,0013y00001eq529,Agentforce,2025-06-01,2025-05-01,0013y00001eq529QAA
1,Success Guides,001ed00000geVD9,Agentforce,2025-12-01,2025-11-01,001ed00000geVD9YAM
1,Success Guides,0010M00001TyZu3,Agentforce,2025-09-01,2025-08-01,0010M00001TyZu3QAF
1,Success Guides,00100000001KsNj,Agentforce,2025-07-01,2025-06-01,00100000001KsNjAAK
1,Success Guides,0013000000ZlXBy,Agentforce,2025-12-01,2025-11-01,0013000000ZlXByAAN
1,Success Guides,0013y00001dWtia,Agentforce,2025-10-01,2025-05-01,0013y00001dWtiaQAC
1,Success Guides,0013y00001buHGy,Agentforce,2025-06-01,2025-05-01,0013y00001buHGyQAM
1,Success Guides,00130000002xAPi,Agentforce,2025-07-01,2025-05-01,00130000002xAPiAAM
1,Success Guides,0013000000JJTHE,Agentforce,2025-09-01,2025-09-01,0013000000JJTHEAA5
1,Success Guides,00100000001fo8C,Agentforce,2025-11-01,2025-09-01,00100000001fo8CAAQ
1,Success Guides,0010M00001QlUPf,Agentforce,2025-06-01,2025-05-01,0010M00001QlUPfQAN
1,Success Guides,0013y00001gDjiu,Agentforce,2025-12-01,2025-11-01,0013y00001gDjiuQAC
1,Success Guides,00100000001ow6d,Agentforce,2025-07-01,2025-07-01,00100000001ow6dAAA
1,Success Guides,0013000000ZjRbo,Agentforce,2024-12-01,2024-12-01,0013000000ZjRboAAF
1,Success Guides,001000000029t9U,Agentforce,2025-04-01,2025-04-01,001000000029t9UAAQ
2,Success Guides,0013000000IlzuT,Agentforce,2025-07-01,2025-06-01,0013000000IlzuTAAR
1,1:M Content,0013000000Zl6JG,Agentforce,2025-08-01,2025-08-01,0013000000Zl6JGAAZ
1,1:M Content,0010M00001WHqeQ,Agentforce,2025-12-01,2025-12-01,0010M00001WHqeQQAT
1,1:M Content,0010M00001cHSfU,Agentforce,2025-11-01,2025-11-01,0010M00001cHSfUQAW
1,1:M Content,001ed00000gqqAT,Agentforce,2025-09-01,2025-09-01,001ed00000gqqATYAY
1,1:M Content,0010000000000h9,Agentforce,2025-12-01,2025-12-01,0010000000000h9AAA
1,1:M Content,0013000001MjUav,Agentforce,2025-02-01,2025-02-01,0013000001MjUavAAF
1,1:M Content,0013000001CCYPW,Agentforce,2025-04-01,2025-04-01,0013000001CCYPWAA5
1,1:M Content,0010M00001QaTvs,Agentforce,2024-12-01,2024-12-01,0010M00001QaTvsQAF
1,1:M Content,001ed000006LXVO,Agentforce,2025-06-01,2025-06-01,001ed000006LXVOYA4
1,1:M Content,0013000001JdOSc,Agentforce,2025-11-01,2025-11-01,0013000001JdOScAAN
1,1:M Content,0010M00001QniFu,Agentforce,2025-08-01,2025-08-01,0010M00001QniFuQAJ
1,1:M Content,0013000000M1uwt,Agentforce,2025-12-01,2025-12-01,0013000000M1uwtAAB
1,1:M Content,001ed00000fFsmr,Agentforce,2025-08-01,2025-08-01,001ed00000fFsmrYAC
1,1:M Content,001ed00000NF8xi,Agentforce,2025-03-01,2025-03-01,001ed00000NF8xiYAD
1,1:M Content,001ed00000oAXh5,Agentforce,2025-11-01,2025-11-01,001ed00000oAXh5YAG
1,1:M Content,00130000016hXMu,Agentforce,2025-04-01,2025-04-01,00130000016hXMuAAM
1,1:M Content,0013000001NXpJP,Agentforce,2025-08-01,2025-08-01,0013000001NXpJPAA1
1,1:M Content,00130000002xEvg,Agentforce,2024-12-01,2024-12-01,00130000002xEvgAAE
1,1:M Content,0013y00001cQI83,Agentforce,2025-01-01,2025-01-01,0013y00001cQI83QAG
1,1:M Content,0013000000EOOy1,Agentforce,2025-11-01,2025-11-01,0013000000EOOy1AAH
1,1:M Content,0010M00001WIJGP,Agentforce,2025-07-01,2025-07-01,0010M00001WIJGPQA5
1,1:M Content,001ed00000DKZ3m,Agentforce,2024-12-01,2024-12-01,001ed00000DKZ3mYAH
1,1:M Content,001ed00000bZWuE,Agentforce,2025-07-01,2025-07-01,001ed00000bZWuEYAW
1,1:M Content,001ed00000s24LP,Agentforce,2025-12-01,2025-12-01,001ed00000s24LPYAY
1,1:M Content,0013000000JHzfW,Agentforce,2024-12-01,2024-12-01,0013000000JHzfWAAT
1,1:M Content,0010M00001Wa6hd,Agentforce,2024-12-01,2024-12-01,0010M00001Wa6hdQAB
1,1:M Content,0013y00001e67f5,Agentforce,2025-03-01,2025-03-01,0013y00001e67f5QAA
1,1:M Content,001ed00000ar7oE,Agentforce,2025-09-01,2025-09-01,001ed00000ar7oEYAQ
1,1:M Content,0013000000HlKlD,Agentforce,2025-06-01,2025-06-01,0013000000HlKlDAAV
1,1:M Content,0010M00001SeZHQ,Agentforce,2025-02-01,2025-02-01,0010M00001SeZHQQA3
1,1:M Content,00100000001ILBE,Agentforce,2025-10-01,2025-10-01,00100000001ILBEAA4
1,1:M Content,001ed00000Rj18U,Agentforce,2025-06-01,2025-06-01,001ed00000Rj18UYAR
1,1:M Content,001ed00000ipGix,Agentforce,2025-09-01,2025-09-01,001ed00000ipGixYAE
1,1:M Content,001ed00000U3kLF,Agentforce,2025-07-01,2025-07-01,001ed00000U3kLFYAZ
1,1:M Content,0010M00001NYrHX,Agentforce,2025-09-01,2025-09-01,0010M00001NYrHXQA1
1,1:M Content,0010M00001JzqDl,Agentforce,2025-10-01,2025-10-01,0010M00001JzqDlQAJ
1,1:M Content,0010M00001Yu2bL,Agentforce,2025-07-01,2025-07-01,0010M00001Yu2bLQAR
1,1:M Content,0013y00001d6yhi,Agentforce,2025-10-01,2025-10-01,0013y00001d6yhiQAA
1,1:M Content,0013y00001e2pK6,Agentforce,2025-02-01,2025-02-01,0013y00001e2pK6QAI
1,1:M Content,001ed00000bWmlo,Agentforce,2025-07-01,2025-07-01,001ed00000bWmloYAC
1,1:M Content,0010M00001NYeZb,Agentforce,2025-09-01,2025-09-01,0010M00001NYeZbQAL
1,1:M Content,0013y00001caf1N,Agentforce,2025-03-01,2025-03-01,0013y00001caf1NQAQ
1,1:M Content,001ed00000U7Fh1,Agentforce,2025-05-01,2025-05-01,001ed00000U7Fh1YAF
1,1:M Content,0013000001Jc1Du,Agentforce,2025-02-01,2025-02-01,0013000001Jc1DuAAJ
1,1:M Content,0013000000Gty4A,Agentforce,2025-12-01,2025-12-01,0013000000Gty4AAAR
1,1:M Content,0013000000roxQP,Agentforce,2025-11-01,2025-11-01,0013000000roxQPAAY
1,1:M Content,001ed00000eNikV,Agentforce,2025-08-01,2025-08-01,001ed00000eNikVYAS
1,1:M Content,00130000016h7rQ,Agentforce,2025-11-01,2025-11-01,00130000016h7rQAAQ
6,1:M Content,0010M00001Yb0dJ,Agentforce,2025-08-01,2025-08-01,0010M00001Yb0dJQAR
4,1:M Content,001ed00000d6kJT,Agentforce,2025-08-01,2025-08-01,001ed00000d6kJTYAY
3,1:M Content,0010M00001WYH6I,Agentforce,2025-11-01,2025-11-01,0010M00001WYH6IQAX
5,1:M Content,0013000000hJJJw,Agentforce,2025-08-01,2025-08-01,0013000000hJJJwAAO
3,1:M Content,0010M00001QjuYZ,Agentforce,2025-08-01,2025-08-01,0010M00001QjuYZQAZ
10,1:M Content,00130000002xAOd,Agentforce,2025-06-01,2025-06-01,00130000002xAOdAAM
5,1:M Content,001ed00000e9zzh,Agentforce,2025-08-01,2025-08-01,001ed00000e9zzhYAA
2,1:M Content,001ed00000rJGsC,Agentforce,2025-12-01,2025-12-01,001ed00000rJGsCYAW
4,1:M Content,001ed00000OEgpf,Agentforce,2025-08-01,2025-08-01,001ed00000OEgpfYAD
2,1:M Content,001ed00000cWreP,Agentforce,2025-08-01,2025-08-01,001ed00000cWrePYAS
4,1:M Content,001ed00000gpt78,Agentforce,2025-09-01,2025-09-01,001ed00000gpt78YAA
3,1:M Content,0013y00001dy5aB,Agentforce,2025-10-01,2025-10-01,0013y00001dy5aBQAQ
3,1:M Content,001ed00000gyrnd,Agentforce,2025-09-01,2025-09-01,001ed00000gyrndYAA
6,1:M Content,001ed00000aTRT9,Agentforce,2025-07-01,2025-07-01,001ed00000aTRT9YAO
4,1:M Content,001ed00000oQyYT,Agentforce,2025-11-01,2025-11-01,001ed00000oQyYTYA0
3,1:M Content,001ed00000U3kLF,Agentforce,2025-09-01,2025-09-01,001ed00000U3kLFYAZ
2,1:M Content,0013000001CBMml,Agentforce,2025-05-01,2025-05-01,0013000001CBMmlAAH
2,1:M Content,001ed00000bar6y,Agentforce,2025-08-01,2025-08-01,001ed00000bar6yYAA
2,1:M Content,001ed00000MR1eV,Agentforce,2025-09-01,2025-09-01,001ed00000MR1eVYAT
3,1:M Content,001ed00000sRS4M,Agentforce,2025-12-01,2025-12-01,001ed00000sRS4MYAW
2,1:M Content,00100000001qYN7,Agentforce,2025-10-01,2025-10-01,00100000001qYN7AAM
2,1:M Content,001ed00000Jai62,Agentforce,2025-02-01,2025-02-01,001ed00000Jai62YAB
2,1:M Content,001ed00000bar6y,Agentforce,2025-07-01,2025-07-01,001ed00000bar6yYAA
2,1:M Content,001ed00000Peq1Z,Agentforce,2025-05-01,2025-05-01,001ed00000Peq1ZYAR
2,1:M Content,0010M00001S9InT,Agentforce,2025-08-01,2025-08-01,0010M00001S9InTQAV
2,1:M Content,00130000016hA4v,Agentforce,2025-06-01,2025-06-01,00130000016hA4vAAE
2,1:M Content,0010M00001WI6zg,Agentforce,2025-02-01,2025-02-01,0010M00001WI6zgQAD
2,1:M Content,001ed00000dFvCP,Agentforce,2025-08-01,2025-08-01,001ed00000dFvCPYA0
2,1:M Content,0013000001KbP9z,Agentforce,2025-08-01,2025-08-01,0013000001KbP9zAAF
2,1:M Content,001ed00000FRFYe,Agentforce,2025-01-01,2025-01-01,001ed00000FRFYeYAP
2,1:M Content,001ed0000068YnS,Agentforce,2025-01-01,2025-01-01,001ed0000068YnSYAU
1,Success Guides,0013000000FcxFw,Agentforce,2026-01-01,2025-12-01,0013000000FcxFwAAJ
1,Success Guides,0013000001J4lme,Agentforce,2025-12-01,2025-12-01,0013000001J4lmeAAB
1,Success Guides,0013000001IgZwp,Agentforce,2025-12-01,2025-11-01,0013000001IgZwpAAF
1,Success Guides,0013y00001fSpS3,Agentforce,2025-02-01,2025-01-01,0013y00001fSpS3QAK
1,Success Guides,0010M00001YFcEn,Agentforce,2025-07-01,2025-07-01,0010M00001YFcEnQAL
1,Success Guides,00130000002xdOK,Agentforce,2025-09-01,2025-08-01,00130000002xdOKAAY
1,Success Guides,00100000002CuDz,Agentforce,2025-05-01,2025-05-01,00100000002CuDzAAK
1,Success Guides,0010M00001SIpaw,Agentforce,2025-11-01,2025-09-01,0010M00001SIpawQAD
1,Success Guides,00130000009JOmz,Agentforce,2025-08-01,2025-06-01,00130000009JOmzAAG
1,Success Guides,0013000000rqpf4,Agentforce,2025-12-01,2025-11-01,0013000000rqpf4AAA
1,Success Guides,0013000000NRamY,Agentforce,2025-10-01,2025-09-01,0013000000NRamYAAT
1,Success Guides,0013000000hMgl3,Agentforce,2025-06-01,2025-06-01,0013000000hMgl3AAC
1,Success Guides,0013000000EzxNF,Agentforce,2025-07-01,2025-07-01,0013000000EzxNFAAZ
1,Success Guides,00100000001CwSv,Agentforce,2025-11-01,2025-10-01,00100000001CwSvAAK
1,Success Guides,0010M00001WIUWh,Agentforce,2025-07-01,2025-06-01,0010M00001WIUWhQAP
1,Success Guides,0013000001NXvK1,Agentforce,2025-01-01,2025-01-01,0013000001NXvK1AAL
1,Success Guides,00100000001wmrF,Agentforce,2025-09-01,2025-08-01,00100000001wmrFAAQ
1,Success Guides,0010M00001WY3n8,Agentforce,2025-11-01,2025-11-01,0010M00001WY3n8QAD
1,Success Guides,0013000000EzxNF,Agentforce,2025-09-01,2025-08-01,0013000000EzxNFAAZ
1,Success Guides,0013y00001Xzeim,Agentforce,2025-04-01,2025-04-01,0013y00001XzeimQAB
1,Success Guides,0010M00001Jzhfa,Agentforce,2025-11-01,2025-10-01,0010M00001JzhfaQAB
1,Success Guides,0013000000AnD1x,Agentforce,2025-10-01,2025-09-01,0013000000AnD1xAAF
1,Success Guides,0013y00001ca2n3,Agentforce,2025-08-01,2025-08-01,0013y00001ca2n3QAA
1,Success Guides,0010M00001Qa8Qa,Agentforce,2025-08-01,2025-07-01,0010M00001Qa8QaQAJ
1,Success Guides,0013y00001f8F6C,Agentforce,2025-11-01,2025-10-01,0013y00001f8F6CQAU
1,Success Guides,0013y00001Z1KCc,Agentforce,2025-11-01,2025-10-01,0013y00001Z1KCcQAN
9,Success Architects,,Agentforce,2025-09-01,2025-09-01
2,Success Guides,0013000000NSsKR,Agentforce,2025-10-01,2025-10-01,0013000000NSsKRAA1
1,1:M Content,001ed00000EDQz8,Agentforce,2025-01-01,2025-01-01,001ed00000EDQz8YAH
1,1:M Content,0013y00001cbEEb,Agentforce,2025-06-01,2025-06-01,0013y00001cbEEbQAM
1,1:M Content,0013y00001g0xg5,Agentforce,2025-07-01,2025-07-01,0013y00001g0xg5QAA
1,1:M Content,0010M00001U433u,Agentforce,2025-07-01,2025-07-01,0010M00001U433uQAB
1,1:M Content,0010M00001U9qGD,Agentforce,2025-02-01,2025-02-01,0010M00001U9qGDQAZ
1,1:M Content,001ed00000GAmN7,Agentforce,2025-01-01,2025-01-01,001ed00000GAmN7YAL
1,1:M Content,0010M00001Qloeu,Agentforce,2025-09-01,2025-09-01,0010M00001QloeuQAB
1,1:M Content,001ed00000GIwM7,Agentforce,2025-02-01,2025-02-01,001ed00000GIwM7YAL
1,1:M Content,0013y00001c8BgD,Agentforce,2025-07-01,2025-07-01,0013y00001c8BgDQAU
1,1:M Content,001ed00000aTACA,Agentforce,2025-07-01,2025-07-01,001ed00000aTACAYA4
1,1:M Content,001ed00000f3zKI,Agentforce,2025-09-01,2025-09-01,001ed00000f3zKIYAY
1,1:M Content,0013y00001c5Q2z,Agentforce,2025-11-01,2025-11-01,0013y00001c5Q2zQAE
1,1:M Content,0013000001L5n1x,Agentforce,2024-12-01,2024-12-01,0013000001L5n1xAAB
1,1:M Content,001ed00000JiwNC,Agentforce,2025-02-01,2025-02-01,001ed00000JiwNCYAZ
1,1:M Content,0013000000M2Oj4,Agentforce,2025-10-01,2025-10-01,0013000000M2Oj4AAF
1,1:M Content,001ed00000evQbX,Agentforce,2025-10-01,2025-10-01,001ed00000evQbXYAU
1,1:M Content,001ed00000J5e8S,Agentforce,2025-03-01,2025-03-01,001ed00000J5e8SYAR
1,1:M Content,001ed00000gh8YS,Agentforce,2025-09-01,2025-09-01,001ed00000gh8YSYAY
1,1:M Content,0013y00001c84WV,Agentforce,2025-04-01,2025-04-01,0013y00001c84WVQAY
1,1:M Content,001ed00000eeHKr,Agentforce,2025-08-01,2025-08-01,001ed00000eeHKrYAM
1,1:M Content,001ed00000Clj9I,Agentforce,2024-12-01,2024-12-01,001ed00000Clj9IYAR
1,1:M Content,0010M00001QaQtR,Agentforce,2025-07-01,2025-07-01,0010M00001QaQtRQAV
1,1:M Content,001ed00000eHIG3,Agentforce,2025-08-01,2025-08-01,001ed00000eHIG3YAO
1,1:M Content,0013y00001dLlhC,Agentforce,2025-09-01,2025-09-01,0013y00001dLlhCQAS
1,1:M Content,0013000000rmuMb,Agentforce,2025-09-01,2025-09-01,0013000000rmuMbAAI
1,1:M Content,0013000000RYz7e,Agentforce,2025-06-01,2025-06-01,0013000000RYz7eAAD
1,1:M Content,001ed00000PqNbd,Agentforce,2025-04-01,2025-04-01,001ed00000PqNbdYAF
1,1:M Content,0010M00001QmhDj,Agentforce,2025-07-01,2025-07-01,0010M00001QmhDjQAJ
1,1:M Content,0010M00001Yu2bL,Agentforce,2025-10-01,2025-10-01,0010M00001Yu2bLQAR
1,1:M Content,0013y00001dWgh7,Agentforce,2025-12-01,2025-12-01,0013y00001dWgh7QAC
1,1:M Content,001ed00000dtx0z,Agentforce,2025-12-01,2025-12-01,001ed00000dtx0zYAA
1,1:M Content,001ed00000bcniM,Agentforce,2025-07-01,2025-07-01,001ed00000bcniMYAQ
1,1:M Content,00130000002xFwD,Agentforce,2025-02-01,2025-02-01,00130000002xFwDAAU
1,1:M Content,001ed00000Idj1J,Agentforce,2025-02-01,2025-02-01,001ed00000Idj1JYAR
1,1:M Content,0013000000Gtvss,Agentforce,2025-12-01,2025-12-01,0013000000GtvssAAB
1,1:M Content,0013y00001d0rYr,Agentforce,2025-05-01,2025-05-01,0013y00001d0rYrQAI
1,1:M Content,0013000000JIYSZ,Agentforce,2025-06-01,2025-06-01,0013000000JIYSZAA5
1,1:M Content,0010M00001SpsJ7,Agentforce,2025-08-01,2025-08-01,0010M00001SpsJ7QAJ
2,1:M Content,0013000000GIaEX,Agentforce,2025-07-01,2025-07-01,0013000000GIaEXAA1
4,1:M Content,0013000001M1WLj,Agentforce,2025-09-01,2025-09-01,0013000001M1WLjAAN
2,1:M Content,0010M00001V4BgI,Agentforce,2025-10-01,2025-10-01,0010M00001V4BgIQAV
2,1:M Content,001ed00000lB0st,Agentforce,2025-10-01,2025-10-01,001ed00000lB0stYAC
9,1:M Content,0013y00001dy5aB,Agentforce,2025-09-01,2025-09-01,0013y00001dy5aBQAQ
5,1:M Content,0013000001GUPy3,Agentforce,2025-08-01,2025-08-01,0013000001GUPy3AAH
4,1:M Content,00130000002xZqC,Agentforce,2025-08-01,2025-08-01,00130000002xZqCAAU
4,1:M Content,001ed00000bf5Uf,Agentforce,2025-08-01,2025-08-01,001ed00000bf5UfYAI
2,1:M Content,0013y00001fSvHk,Agentforce,2025-10-01,2025-10-01,0013y00001fSvHkQAK
4,1:M Content,0013y00001ce2H7,Agentforce,2025-10-01,2025-10-01,0013y00001ce2H7QAI
4,1:M Content,0013000000M2MYv,Agentforce,2025-09-01,2025-09-01,0013000000M2MYvAAN
9,1:M Content,0013y00001c89zY,Agentforce,2025-08-01,2025-08-01,0013y00001c89zYQAQ
2,1:M Content,0013000000CtUWZ,Agentforce,2025-07-01,2025-07-01,0013000000CtUWZAA3
5,1:M Content,0010M00001WaRTm,Agentforce,2025-09-01,2025-09-01,0010M00001WaRTmQAN
2,1:M Content,0013000000Ji8gH,Agentforce,2025-11-01,2025-11-01,0013000000Ji8gHAAR
3,1:M Content,0013000001NX8to,Agentforce,2025-12-01,2025-12-01,0013000001NX8toAAD
2,1:M Content,001ed00000b1Wmw,Agentforce,2025-07-01,2025-07-01,001ed00000b1WmwYAE
2,1:M Content,001ed00000efvUk,Agentforce,2025-08-01,2025-08-01,001ed00000efvUkYAI
2,1:M Content,001ed00000q3Ea1,Agentforce,2025-12-01,2025-12-01,001ed00000q3Ea1YAE
4,1:M Content,0013000000ITpti,Agentforce,2025-07-01,2025-07-01,0013000000ITptiAAD
5,1:M Content,0010M00001YFhWN,Agentforce,2025-12-01,2025-12-01,0010M00001YFhWNQA1
4,1:M Content,001ed00000g8wWY,Agentforce,2025-09-01,2025-09-01,001ed00000g8wWYYAY
4,1:M Content,001ed00000aYcXc,Agentforce,2025-07-01,2025-07-01,001ed00000aYcXcYAK
2,1:M Content,0013000000ZiZY8,Agentforce,2025-09-01,2025-09-01,0013000000ZiZY8AAN
2,1:M Content,0013000000HIRqd,Agentforce,2025-08-01,2025-08-01,0013000000HIRqdAAH
4,1:M Content,001ed00000oiuUj,Agentforce,2025-11-01,2025-11-01,001ed00000oiuUjYAI
5,1:M Content,0010M00001Qm5BC,Agentforce,2025-06-01,2025-06-01,0010M00001Qm5BCQAZ
2,1:M Content,0010M00001YFiNh,Agentforce,2025-07-01,2025-07-01,0010M00001YFiNhQAL
2,1:M Content,001ed00000dkTWn,Agentforce,2025-09-01,2025-09-01,001ed00000dkTWnYAM
2,1:M Content,0013y00001d9Ey0,Agentforce,2025-09-01,2025-09-01,0013y00001d9Ey0QAE
2,1:M Content,0013000001JyriP,Agentforce,2025-09-01,2025-09-01,0013000001JyriPAAR
2,1:M Content,001ed00000jYxlK,Agentforce,2025-10-01,2025-10-01,001ed00000jYxlKYAS
2,1:M Content,0013000001CAmx2,Agentforce,2025-08-01,2025-08-01,0013000001CAmx2AAD
1,Success Guides,0013000000JgpzR,Agentforce,2025-11-01,2025-10-01,0013000000JgpzRAAR
1,Success Guides,00130000000dTmq,Agentforce,2025-05-01,2025-04-01,00130000000dTmqAAE
1,Success Guides,0013000000rmrrc,Agentforce,2025-11-01,2025-09-01,0013000000rmrrcAAA
1,Success Guides,00130000016iXgX,Agentforce,2025-02-01,2025-01-01,00130000016iXgXAAU
1,Success Guides,0013y00001eDQCq,Agentforce,2025-02-01,2025-01-01,0013y00001eDQCqQAO
1,Success Guides,001000000027wGt,Agentforce,2025-06-01,2025-05-01,001000000027wGtAAI
1,Success Guides,0010M00001Qqncg,Agentforce,2025-09-01,2025-09-01,0010M00001QqncgQAB
1,Success Guides,0013000001L6MQc,Agentforce,2025-10-01,2025-09-01,0013000001L6MQcAAN
1,Success Guides,0013y00001hNjeF,Agentforce,2025-08-01,2025-08-01,0013y00001hNjeFQAS
1,Success Guides,0013000000KaZ48,Agentforce,2025-08-01,2025-06-01,0013000000KaZ48AAF
1,Success Guides,0013000000rpFSi,Agentforce,2025-10-01,2025-10-01,0013000000rpFSiAAM
1,Success Guides,0010M00001Xy0s6,Agentforce,2025-11-01,2025-09-01,0010M00001Xy0s6QAB
1,Success Guides,0013y00001cZdQo,Agentforce,2025-12-01,2025-11-01,0013y00001cZdQoQAK
1,Success Guides,00130000008UtFc,Agentforce,2025-08-01,2025-08-01,00130000008UtFcAAK
1,Success Guides,00130000008PhD7,Agentforce,2025-10-01,2025-09-01,00130000008PhD7AAK
1,Success Guides,0010M00001WYjR7,Agentforce,2025-11-01,2025-11-01,0010M00001WYjR7QAL
1,Success Guides,0010M00001V47I7,Agentforce,2025-10-01,2025-09-01,0010M00001V47I7QAJ
1,Success Guides,0010M00001QajIV,Agentforce,2025-12-01,2025-11-01,0010M00001QajIVQAZ
1,Success Guides,0013000000NP5Cp,Agentforce,2025-09-01,2025-08-01,0013000000NP5CpAAL
1,Success Guides,001ed00000K5kI2,Agentforce,2025-05-01,2025-04-01,001ed00000K5kI2YAJ
1,Success Guides,0010M00001V6YQO,Agentforce,2025-03-01,2025-02-01,0010M00001V6YQOQA3
1,Success Guides,00100000001HcVk,Agentforce,2025-11-01,2025-10-01,00100000001HcVkAAK
1,Success Guides,0013000000hL1ed,Agentforce,2025-12-01,2025-11-01,0013000000hL1edAAC
1,Success Guides,0010M00001cHTQG,Agentforce,2025-10-01,2025-08-01,0010M00001cHTQGQA4
1,Success Guides,0013y00001buHGy,Agentforce,2025-02-01,2025-01-01,0013y00001buHGyQAM
1,Success Guides,0013000000GLhe0,Agentforce,2025-04-01,2025-03-01,0013000000GLhe0AAD
1,Success Guides,0013000001CCtDP,Agentforce,2025-07-01,2025-06-01,0013000001CCtDPAA1
2,Success Guides,0010M00001UVfII,Agentforce,2024-11-01,2024-11-01,0010M00001UVfIIQA1
1,1:M Content,0013000001GDnfm,Agentforce,2025-08-01,2025-08-01,0013000001GDnfmAAD
1,1:M Content,001ed00000eocCj,Agentforce,2025-08-01,2025-08-01,001ed00000eocCjYAI
1,1:M Content,0013y00001bdrTw,Agentforce,2025-08-01,2025-08-01,0013y00001bdrTwQAI
1,1:M Content,0013000001Mibba,Agentforce,2025-02-01,2025-02-01,0013000001MibbaAAB
1,1:M Content,001ed00000rZQAu,Agentforce,2025-12-01,2025-12-01,001ed00000rZQAuYAO
1,1:M Content,0013y00001d1mxx,Agentforce,2025-12-01,2025-12-01,0013y00001d1mxxQAA
1,1:M Content,001ed00000QHIb8,Agentforce,2025-04-01,2025-04-01,001ed00000QHIb8YAH
1,1:M Content,00130000005XZL6,Agentforce,2025-12-01,2025-12-01,00130000005XZL6AAO
1,1:M Content,0010M00001UMXHR,Agentforce,2025-12-01,2025-12-01,0010M00001UMXHRQA5
1,1:M Content,0010M00001WZH2r,Agentforce,2025-11-01,2025-11-01,0010M00001WZH2rQAH
1,1:M Content,0010M00001NYugb,Agentforce,2025-05-01,2025-05-01,0010M00001NYugbQAD
1,1:M Content,0010M00001Qah09,Agentforce,2025-01-01,2025-01-01,0010M00001Qah09QAB
1,1:M Content,001ed00000n4d50,Agentforce,2025-10-01,2025-10-01,001ed00000n4d50YAA
1,1:M Content,0013y00001dWIHl,Agentforce,2025-12-01,2025-12-01,0013y00001dWIHlQAO
1,1:M Content,0010M00001Qmkg8,Agentforce,2025-08-01,2025-08-01,0010M00001Qmkg8QAB
1,1:M Content,001ed00000Eg6gr,Agentforce,2025-01-01,2025-01-01,001ed00000Eg6grYAB
1,1:M Content,0010M00001QqfHP,Agentforce,2025-01-01,2025-01-01,0010M00001QqfHPQAZ
1,1:M Content,001ed00000oRXmH,Agentforce,2025-12-01,2025-12-01,001ed00000oRXmHYAW
1,1:M Content,001ed00000gypqh,Agentforce,2025-09-01,2025-09-01,001ed00000gypqhYAA
1,1:M Content,00130000001S780,Agentforce,2025-12-01,2025-12-01,00130000001S780AAC
1,1:M Content,0013000000HkkOA,Agentforce,2025-08-01,2025-08-01,0013000000HkkOAAAZ
1,1:M Content,00100000000CK5K,Agentforce,2025-08-01,2025-08-01,00100000000CK5KAAW
1,1:M Content,0010M00001Qkjoj,Agentforce,2025-08-01,2025-08-01,0010M00001QkjojQAB
1,1:M Content,001ed00000fi29s,Agentforce,2025-09-01,2025-09-01,001ed00000fi29sYAA
1,1:M Content,0010M00001Sq0KG,Agentforce,2025-05-01,2025-05-01,0010M00001Sq0KGQAZ
1,1:M Content,0013000000JjiuA,Agentforce,2025-06-01,2025-06-01,0013000000JjiuAAAR
1,1:M Content,0013000000roibf,Agentforce,2025-03-01,2025-03-01,0013000000roibfAAA
1,1:M Content,001ed00000hID1H,Agentforce,2025-09-01,2025-09-01,001ed00000hID1HYAW
2,1:M Content,001ed00000TYI1p,Agentforce,2025-05-01,2025-05-01,001ed00000TYI1pYAH
1,1:M Content,0013000000NOx5U,Agentforce,2025-11-01,2025-11-01,0013000000NOx5UAAT
1,1:M Content,0010M00001P06Qm,Agentforce,2025-09-01,2025-09-01,0010M00001P06QmQAJ
1,1:M Content,001ed00000frFqv,Agentforce,2025-08-01,2025-08-01,001ed00000frFqvYAE
1,1:M Content,0013000000NQ981,Agentforce,2025-08-01,2025-08-01,0013000000NQ981AAD
1,1:M Content,0013000001CCWkv,Agentforce,2025-12-01,2025-12-01,0013000001CCWkvAAH
1,1:M Content,0013y00001bdXIy,Agentforce,2025-12-01,2025-12-01,0013y00001bdXIyQAM
1,1:M Content,001000000002x8f,Agentforce,2025-10-01,2025-10-01,001000000002x8fAAA
1,1:M Content,0013000000roWI1,Agentforce,2025-10-01,2025-10-01,0013000000roWI1AAM
1,1:M Content,001ed00000gPJVY,Agentforce,2025-09-01,2025-09-01,001ed00000gPJVYYA4
1,1:M Content,001ed00000hfnVS,Agentforce,2025-10-01,2025-10-01,001ed00000hfnVSYAY
1,1:M Content,0010M00001Yb717,Agentforce,2025-02-01,2025-02-01,0010M00001Yb717QAB
1,1:M Content,001ed00000bZjRc,Agentforce,2025-08-01,2025-08-01,001ed00000bZjRcYAK
1,1:M Content,001ed00000pafAX,Agentforce,2025-12-01,2025-12-01,001ed00000pafAXYAY
1,1:M Content,001ed00000snG9N,Agentforce,2025-12-01,2025-12-01,001ed00000snG9NYAU
1,1:M Content,001ed00000DILwA,Agentforce,2024-12-01,2024-12-01,001ed00000DILwAYAX
4,1:M Content,0010M00001WI5Ty,Agentforce,2025-12-01,2025-12-01,0010M00001WI5TyQAL
2,1:M Content,001ed00000g8yek,Agentforce,2025-09-01,2025-09-01,001ed00000g8yekYAA
4,1:M Content,00130000000LAFw,Agentforce,2025-12-01,2025-12-01,00130000000LAFwAAO
6,1:M Content,0013000000Raquy,Agentforce,2025-07-01,2025-07-01,0013000000RaquyAAB
2,1:M Content,0010M00001VKjPc,Agentforce,2025-08-01,2025-08-01,0010M00001VKjPcQAL
3,1:M Content,001ed00000c8srm,Agentforce,2025-08-01,2025-08-01,001ed00000c8srmYAA
2,1:M Content,0013y00001cFqDA,Agentforce,2025-07-01,2025-07-01,0013y00001cFqDAQA0
2,1:M Content,001ed00000TNUxa,Agentforce,2025-07-01,2025-07-01,001ed00000TNUxaYAH
3,1:M Content,0010M00001QaJWA,Agentforce,2025-10-01,2025-10-01,0010M00001QaJWAQA3
2,1:M Content,001ed00000b0i0Y,Agentforce,2025-09-01,2025-09-01,001ed00000b0i0YYAQ
4,1:M Content,0010M00001Qm5BC,Agentforce,2025-08-01,2025-08-01,0010M00001Qm5BCQAZ
2,1:M Content,001ed00000eoLOq,Agentforce,2025-08-01,2025-08-01,001ed00000eoLOqYAM
4,1:M Content,001ed00000ZTgMM,Agentforce,2025-07-01,2025-07-01,001ed00000ZTgMMYA1
3,1:M Content,0013000001J4uxp,Agentforce,2025-11-01,2025-11-01,0013000001J4uxpAAB
2,1:M Content,001ed00000SHBWo,Agentforce,2025-05-01,2025-05-01,001ed00000SHBWoYAP
2,1:M Content,0013y00001c4j7T,Agentforce,2025-07-01,2025-07-01,0013y00001c4j7TQAQ
2,1:M Content,0013000000ImJcj,Agentforce,2025-10-01,2025-10-01,0013000000ImJcjAAF
2,1:M Content,0013000000Zm7rB,Agentforce,2025-07-01,2025-07-01,0013000000Zm7rBAAR
7,1:M Content,0013000000KufHB,Agentforce,2025-05-01,2025-05-01,0013000000KufHBAAZ
2,1:M Content,001ed00000WJmXy,Agentforce,2025-08-01,2025-08-01,001ed00000WJmXyYAL
3,1:M Content,0013000000Fcvam,Agentforce,2025-06-01,2025-06-01,0013000000FcvamAAB
2,1:M Content,0013y00001exv2K,Agentforce,2025-05-01,2025-05-01,0013y00001exv2KQAQ
1,Success Guides,0013000001LWzB6,Agentforce,2025-06-01,2025-05-01,0013000001LWzB6AAL
1,Success Guides,0013000001KzEVs,Agentforce,2025-12-01,2025-11-01,0013000001KzEVsAAN
1,Success Guides,00130000002xJw5,Agentforce,2025-10-01,2025-10-01,00130000002xJw5AAE
1,Success Guides,0013y00001cgSyd,Agentforce,2025-07-01,2025-06-01,0013y00001cgSydQAE
1,Success Guides,0010M00001SJ3YK,Agentforce,2024-12-01,2024-12-01,0010M00001SJ3YKQA1
1,Success Guides,0013y00001cbE05,Agentforce,2025-07-01,2025-07-01,0013y00001cbE05QAE
1,Success Guides,0013000001CArCy,Agentforce,2025-05-01,2025-04-01,0013000001CArCyAAL
1,Success Guides,0013000000RX3tF,Agentforce,2025-08-01,2025-07-01,0013000000RX3tFAAT
1,Success Guides,001000000004aOo,Agentforce,2025-12-01,2025-11-01,001000000004aOoAAI
1,Success Guides,00100000002BwYU,Agentforce,2025-01-01,2025-01-01,00100000002BwYUAA0
1,Success Guides,0013000000M1dXN,Agentforce,2025-03-01,2025-03-01,0013000000M1dXNAAZ
1,Success Guides,0010M00001UVfZY,Agentforce,2025-10-01,2025-08-01,0010M00001UVfZYQA1
1,Success Guides,0013y00001fohdp,Agentforce,2025-07-01,2025-05-01,0013y00001fohdpQAA
1,Success Guides,0013000001FoTDs,Agentforce,2025-11-01,2025-10-01,0013000001FoTDsAAN
1,Success Guides,0013000000hLZ4W,Agentforce,2025-01-01,2025-01-01,0013000000hLZ4WAAW
1,Success Guides,0013000001Fis2r,Agentforce,2025-02-01,2025-01-01,0013000001Fis2rAAB
1,Success Guides,00130000008cidG,Agentforce,2025-08-01,2025-07-01,00130000008cidGAAQ
1,Success Guides,0013y00001cFapE,Agentforce,2025-09-01,2025-06-01,0013y00001cFapEQAS
1,Success Guides,0010M00001QqXoj,Agentforce,2025-10-01,2025-10-01,0010M00001QqXojQAF
1,Success Guides,0013000000RYYk9,Agentforce,2025-10-01,2025-10-01,0013000000RYYk9AAH
1,Success Guides,0013000001NXa6k,Agentforce,2025-04-01,2025-04-01,0013000001NXa6kAAD
1,1:M Content,001ed00000pGMtd,Agentforce,2025-11-01,2025-11-01,001ed00000pGMtdYAG
1,1:M Content,0013000000HFbzr,Agentforce,2025-09-01,2025-09-01,0013000000HFbzrAAD
1,1:M Content,001ed00000e0T7q,Agentforce,2025-09-01,2025-09-01,001ed00000e0T7qYAE
1,1:M Content,001ed00000beoIf,Agentforce,2025-07-01,2025-07-01,001ed00000beoIfYAI
1,1:M Content,001ed00000eqSKb,Agentforce,2025-08-01,2025-08-01,001ed00000eqSKbYAM
1,1:M Content,001ed00000bV2WU,Agentforce,2025-07-01,2025-07-01,001ed00000bV2WUYA0
1,1:M Content,00100000000DiI7,Agentforce,2025-08-01,2025-08-01,00100000000DiI7AAK
1,1:M Content,0013y00001fEtnj,Agentforce,2025-11-01,2025-11-01,0013y00001fEtnjQAC
1,1:M Content,0013000001LYtO3,Agentforce,2025-06-01,2025-06-01,0013000001LYtO3AAL
1,1:M Content,0013y00001cSfQU,Agentforce,2025-09-01,2025-09-01,0013y00001cSfQUQA0
1,1:M Content,0013000001If1VQ,Agentforce,2025-08-01,2025-08-01,0013000001If1VQAAZ
1,1:M Content,0013000000AXupC,Agentforce,2025-11-01,2025-11-01,0013000000AXupCAAT
1,1:M Content,0013000001MjUav,Agentforce,2025-04-01,2025-04-01,0013000001MjUavAAF
1,1:M Content,001ed0000055bQg,Agentforce,2025-05-01,2025-05-01,001ed0000055bQgYAI
1,1:M Content,001ed00000eFoa9,Agentforce,2025-08-01,2025-08-01,001ed00000eFoa9YAC
1,1:M Content,0013y00001gCxj4,Agentforce,2025-02-01,2025-02-01,0013y00001gCxj4QAC
1,1:M Content,0010M00001Wkh9D,Agentforce,2025-08-01,2025-08-01,0010M00001Wkh9DQAR
1,1:M Content,0013000000RWvhz,Agentforce,2025-07-01,2025-07-01,0013000000RWvhzAAD
1,1:M Content,001ed00000nUGhR,Agentforce,2025-11-01,2025-11-01,001ed00000nUGhRYAW
1,1:M Content,0013000001NXSs6,Agentforce,2025-01-01,2025-01-01,0013000001NXSs6AAH
1,1:M Content,0013000001GURb5,Agentforce,2025-03-01,2025-03-01,0013000001GURb5AAH
1,1:M Content,00130000000Df3f,Agentforce,2025-08-01,2025-08-01,00130000000Df3fAAC
1,1:M Content,0013y00001c8Oal,Agentforce,2025-05-01,2025-05-01,0013y00001c8OalQAE
1,1:M Content,0013000001M1LJH,Agentforce,2025-02-01,2025-02-01,0013000001M1LJHAA3
1,1:M Content,0013y00001g9Nhy,Agentforce,2025-07-01,2025-07-01,0013y00001g9NhyQAE
1,1:M Content,0013y00001fZchD,Agentforce,2025-06-01,2025-06-01,0013y00001fZchDQAS
1,1:M Content,001ed00000pgU4L,Agentforce,2025-12-01,2025-12-01,001ed00000pgU4LYAU
1,1:M Content,0013000000NQgKc,Agentforce,2025-09-01,2025-09-01,0013000000NQgKcAAL
1,1:M Content,001ed00000cBHm1,Agentforce,2025-08-01,2025-08-01,001ed00000cBHm1YAG
1,1:M Content,001ed00000d29dS,Agentforce,2025-08-01,2025-08-01,001ed00000d29dSYAQ
1,1:M Content,00130000002xdOK,Agentforce,2025-06-01,2025-06-01,00130000002xdOKAAY
1,1:M Content,001ed00000cb4d4,Agentforce,2025-08-01,2025-08-01,001ed00000cb4d4YAA
1,1:M Content,0010M00001JzfIW,Agentforce,2025-09-01,2025-09-01,0010M00001JzfIWQAZ
1,1:M Content,0010M00001WZMnT,Agentforce,2025-08-01,2025-08-01,0010M00001WZMnTQAX
1,1:M Content,001ed00000bfFoz,Agentforce,2025-08-01,2025-08-01,001ed00000bfFozYAE
1,1:M Content,0013y00001ce2H7,Agentforce,2025-11-01,2025-11-01,0013y00001ce2H7QAI
1,1:M Content,001ed00000TR79a,Agentforce,2025-05-01,2025-05-01,001ed00000TR79aYAD
1,1:M Content,0013y00001Y0jD6,Agentforce,2025-08-01,2025-08-01,0013y00001Y0jD6QAJ
1,1:M Content,0013000000NRhdU,Agentforce,2025-08-01,2025-08-01,0013000000NRhdUAAT
1,1:M Content,001ed00000bXDpH,Agentforce,2025-07-01,2025-07-01,001ed00000bXDpHYAW
1,1:M Content,0013y00001d77NU,Agentforce,2025-01-01,2025-01-01,0013y00001d77NUQAY
4,1:M Content,001ed00000h1MqY,Agentforce,2025-09-01,2025-09-01,001ed00000h1MqYYAU
2,1:M Content,0013y00001crf0n,Agentforce,2025-08-01,2025-08-01,0013y00001crf0nQAA
4,1:M Content,001ed00000Zr2sO,Agentforce,2025-07-01,2025-07-01,001ed00000Zr2sOYAR
8,1:M Content,0013000000I4JCA,Agentforce,2025-10-01,2025-10-01,0013000000I4JCAAA3
3,1:M Content,0010000000164Oi,Agentforce,2025-07-01,2025-07-01,0010000000164OiAAI
3,1:M Content,0010M00001cCSxa,Agentforce,2025-07-01,2025-07-01,0010M00001cCSxaQAG
4,1:M Content,001ed00000fYDw6,Agentforce,2025-09-01,2025-09-01,001ed00000fYDw6YAG
4,1:M Content,001ed00000T7xaX,Agentforce,2025-09-01,2025-09-01,001ed00000T7xaXYAR
2,1:M Content,001ed00000epZ7y,Agentforce,2025-08-01,2025-08-01,001ed00000epZ7yYAE
4,1:M Content,0013y00001d2MlA,Agentforce,2025-07-01,2025-07-01,0013y00001d2MlAQAU
2,1:M Content,0013000000NRtOa,Agentforce,2025-07-01,2025-07-01,0013000000NRtOaAAL
3,1:M Content,001ed00000eEDfw,Agentforce,2025-08-01,2025-08-01,001ed00000eEDfwYAG
3,1:M Content,0013y00001c4mli,Agentforce,2025-12-01,2025-12-01,0013y00001c4mliQAA
2,1:M Content,00100000001aJuH,Agentforce,2025-07-01,2025-07-01,00100000001aJuHAAU
3,1:M Content,001ed00000oRKFa,Agentforce,2025-11-01,2025-11-01,001ed00000oRKFaYAO
2,1:M Content,001ed00000bzmIY,Agentforce,2025-08-01,2025-08-01,001ed00000bzmIYYAY
2,1:M Content,001ed00000C9HcG,Agentforce,2024-12-01,2024-12-01,001ed00000C9HcGYAV
3,1:M Content,001ed00000Inz1a,Agentforce,2025-07-01,2025-07-01,001ed00000Inz1aYAB
5,1:M Content,0013000001GUTAt,Agentforce,2025-11-01,2025-11-01,0013000001GUTAtAAP
3,1:M Content,00100000000kt36,Agentforce,2025-07-01,2025-07-01,00100000000kt36AAA
2,1:M Content,00130000016ixMA,Agentforce,2025-10-01,2025-10-01,00130000016ixMAAAY
2,1:M Content,001ed00000bff8M,Agentforce,2025-09-01,2025-09-01,001ed00000bff8MYAQ
2,1:M Content,0013y00001fOClE,Agentforce,2025-07-01,2025-07-01,0013y00001fOClEQAW
2,1:M Content,0013000001L5kwr,Agentforce,2025-07-01,2025-07-01,0013000001L5kwrAAB
2,1:M Content,0013y00001ghZjW,Agentforce,2025-01-01,2025-01-01,0013y00001ghZjWQAU
2,1:M Content,0013y00001crf0n,Agentforce,2025-09-01,2025-09-01,0013y00001crf0nQAA
2,1:M Content,0013y00001cg6x6,Agentforce,2025-07-01,2025-07-01,0013y00001cg6x6QAA
2,1:M Content,001ed00000dpj6O,Agentforce,2025-08-01,2025-08-01,001ed00000dpj6OYAQ
2,1:M Content,00130000016gnKN,Agentforce,2025-07-01,2025-07-01,00130000016gnKNAAY
1,Success Guides,0013000001HeGWN,Agentforce,2025-05-01,2025-03-01,0013000001HeGWNAA3
1,Success Guides,0013000000AbbTG,Agentforce,2025-05-01,2025-05-01,0013000000AbbTGAAZ
1,Success Guides,0013y00001Z0i34,Agentforce,2025-01-01,2025-01-01,0013y00001Z0i34QAB
1,Success Guides,0013000000NRtOa,Agentforce,2025-08-01,2025-07-01,0013000000NRtOaAAL
1,Success Guides,0013000001KaZNz,Agentforce,2025-10-01,2025-09-01,0013000001KaZNzAAN
1,Success Guides,0013y00001bf4XU,Agentforce,2025-11-01,2025-11-01,0013y00001bf4XUQAY
1,Success Guides,001000000027wFp,Agentforce,2025-06-01,2025-06-01,001000000027wFpAAI
1,Success Guides,0010M00001P0KWz,Agentforce,2024-11-01,2024-11-01,0010M00001P0KWzQAN
1,Success Guides,00130000003Uxz3,Agentforce,2025-09-01,2025-08-01,00130000003Uxz3AAC
1,Success Guides,0010M00001WHxYR,Agentforce,2025-06-01,2025-06-01,0010M00001WHxYRQA1
1,Success Guides,0013y00001g5N8A,Agentforce,2025-01-01,2025-01-01,0013y00001g5N8AQAU
1,Success Guides,0013000000J7r0w,Agentforce,2025-07-01,2025-06-01,0013000000J7r0wAAB
1,Success Guides,0013000001GUnQj,Agentforce,2025-09-01,2025-09-01,0013000001GUnQjAAL
1,Success Guides,00100000001L6sq,Agentforce,2025-09-01,2025-08-01,00100000001L6sqAAC
1,Success Guides,0010M00001NYZHl,Agentforce,2025-12-01,2025-12-01,0010M00001NYZHlQAP
1,Success Guides,00130000004F5oJ,Agentforce,2025-02-01,2025-01-01,00130000004F5oJAAS
1,Success Guides,0010M00001SekzA,Agentforce,2025-11-01,2025-10-01,0010M00001SekzAQAR
1,Success Guides,0013000001GXIBp,Agentforce,2025-08-01,2025-07-01,0013000001GXIBpAAP
1,Success Guides,0013000000NPPqy,Agentforce,2025-11-01,2025-10-01,0013000000NPPqyAAH
1,Success Guides,0013y00001cgTVG,Agentforce,2025-12-01,2025-12-01,0013y00001cgTVGQA2
1,Success Guides,0010M00001WZ9CA,Agentforce,2025-04-01,2025-03-01,0010M00001WZ9CAQA1
1,Success Guides,00100000001ILBE,Agentforce,2025-04-01,2025-04-01,00100000001ILBEAA4
1,Success Guides,00130000006RvVg,Agentforce,2025-11-01,2025-09-01,00130000006RvVgAAK
1,Success Guides,0013000000RX3uR,Agentforce,2025-06-01,2025-05-01,0013000000RX3uRAAT
1,Success Guides,0013000001FifxH,Agentforce,2025-09-01,2025-08-01,0013000001FifxHAAR
1,Success Guides,0013000000LBLDN,Agentforce,2025-10-01,2025-09-01,0013000000LBLDNAA5
1,Success Guides,0013000000M2QSN,Agentforce,2025-08-01,2025-06-01,0013000000M2QSNAA3
1,Success Guides,0013000000RYxXm,Agentforce,2025-09-01,2025-08-01,0013000000RYxXmAAL
2,Success Guides,00130000000mvuJ,Agentforce,2025-11-01,2025-10-01,00130000000mvuJAAQ
2,Success Architects,,Agentforce,2025-11-01,2025-11-01
2,Success Guides,0010M00001SprTB,Agentforce,2025-11-01,2025-10-01,0010M00001SprTBQAZ
2,Success Guides,0013000001CCjDo,Agentforce,2025-07-01,2025-06-01,0013000001CCjDoAAL
1,1:M Content,001ed00000TWKUL,Agentforce,2025-06-01,2025-06-01,001ed00000TWKULYA5
1,1:M Content,001ed00000ODeGL,Agentforce,2025-07-01,2025-07-01,001ed00000ODeGLYA1
1,1:M Content,00100000000wPtf,Agentforce,2025-09-01,2025-09-01,00100000000wPtfAAE
1,1:M Content,00130000016gLLr,Agentforce,2025-10-01,2025-10-01,00130000016gLLrAAM
1,1:M Content,0013y00001cawiD,Agentforce,2024-12-01,2024-12-01,0013y00001cawiDQAQ
1,1:M Content,0013y00001cbF0C,Agentforce,2025-10-01,2025-10-01,0013y00001cbF0CQAU
1,1:M Content,0013000001Mswi1,Agentforce,2025-07-01,2025-07-01,0013000001Mswi1AAB
1,1:M Content,0013000001LVKxv,Agentforce,2025-01-01,2025-01-01,0013000001LVKxvAAH
1,1:M Content,001ed00000roEEF,Agentforce,2025-12-01,2025-12-01,001ed00000roEEFYA2
1,1:M Content,001ed00000eoYnT,Agentforce,2025-08-01,2025-08-01,001ed00000eoYnTYAU
1,1:M Content,0010M00001UERqm,Agentforce,2025-08-01,2025-08-01,0010M00001UERqmQAH
1,1:M Content,00130000002xe19,Agentforce,2025-11-01,2025-11-01,00130000002xe19AAA
1,1:M Content,0010M00001XyAva,Agentforce,2025-10-01,2025-10-01,0010M00001XyAvaQAF
1,1:M Content,0013000000ZlijD,Agentforce,2025-12-01,2025-12-01,0013000000ZlijDAAR
1,1:M Content,0013000000rp4P0,Agentforce,2025-06-01,2025-06-01,0013000000rp4P0AAI
1,1:M Content,001ed00000ORfZC,Agentforce,2025-04-01,2025-04-01,001ed00000ORfZCYA1
1,1:M Content,00130000001xWXP,Agentforce,2025-08-01,2025-08-01,00130000001xWXPAA2
1,1:M Content,0013000000NRY8j,Agentforce,2025-08-01,2025-08-01,0013000000NRY8jAAH
1,1:M Content,0013y00001cFUpW,Agentforce,2025-09-01,2025-09-01,0013y00001cFUpWQAW
1,1:M Content,0010M00001QkPD7,Agentforce,2025-09-01,2025-09-01,0010M00001QkPD7QAN
1,1:M Content,0013000000NSyIV,Agentforce,2025-08-01,2025-08-01,0013000000NSyIVAA1
1,1:M Content,0013000001JcLuk,Agentforce,2025-08-01,2025-08-01,0013000001JcLukAAF
1,1:M Content,00100000001rsZy,Agentforce,2025-10-01,2025-10-01,00100000001rsZyAAI
1,1:M Content,0013y00001exoYT,Agentforce,2025-03-01,2025-03-01,0013y00001exoYTQAY
1,1:M Content,0013000000hK5D7,Agentforce,2025-12-01,2025-12-01,0013000000hK5D7AAK
1,1:M Content,0013y00001fzocz,Agentforce,2025-12-01,2025-12-01,0013y00001fzoczQAA
1,1:M Content,0013000000roFcy,Agentforce,2025-05-01,2025-05-01,0013000000roFcyAAE
1,1:M Content,0013000000M2UOx,Agentforce,2025-10-01,2025-10-01,0013000000M2UOxAAN
1,1:M Content,0013000000FLK4y,Agentforce,2025-07-01,2025-07-01,0013000000FLK4yAAH
1,1:M Content,0013000000ro7L4,Agentforce,2025-02-01,2025-02-01,0013000000ro7L4AAI
1,1:M Content,0013000000ZkpwS,Agentforce,2025-05-01,2025-05-01,0013000000ZkpwSAAR
1,1:M Content,00130000016hk0F,Agentforce,2025-06-01,2025-06-01,00130000016hk0FAAQ
1,1:M Content,001ed00000DILwA,Agentforce,2025-01-01,2025-01-01,001ed00000DILwAYAX
1,1:M Content,001ed00000fA2Yr,Agentforce,2025-08-01,2025-08-01,001ed00000fA2YrYAK
1,1:M Content,001ed00000fMVVP,Agentforce,2025-08-01,2025-08-01,001ed00000fMVVPYA4
1,1:M Content,0010M00001W8cIO,Agentforce,2025-08-01,2025-08-01,0010M00001W8cIOQAZ
1,1:M Content,001ed00000actBg,Agentforce,2025-07-01,2025-07-01,001ed00000actBgYAI
1,1:M Content,0013000000HFc0v,Agentforce,2025-07-01,2025-07-01,0013000000HFc0vAAD
1,1:M Content,0013000000LETle,Agentforce,2025-05-01,2025-05-01,0013000000LETleAAH
1,1:M Content,001ed00000bX0VO,Agentforce,2025-07-01,2025-07-01,001ed00000bX0VOYA0
1,1:M Content,0013000001FirgC,Agentforce,2025-08-01,2025-08-01,0013000001FirgCAAR
1,1:M Content,001ed00000eHNsR,Agentforce,2025-08-01,2025-08-01,001ed00000eHNsRYAW
1,1:M Content,001300000036wSu,Agentforce,2025-05-01,2025-05-01,001300000036wSuAAI
1,1:M Content,001ed000003bO4s,Agentforce,2025-06-01,2025-06-01,001ed000003bO4sYAE
1,1:M Content,0013000000GtvDF,Agentforce,2025-07-01,2025-07-01,0013000000GtvDFAAZ
1,1:M Content,0013000000ZmLBu,Agentforce,2025-09-01,2025-09-01,0013000000ZmLBuAAN
1,1:M Content,001ed00000oHjqN,Agentforce,2025-11-01,2025-11-01,001ed00000oHjqNYAS
1,1:M Content,0010000000077CL,Agentforce,2025-08-01,2025-08-01,0010000000077CLAAY
8,1:M Content,0013000000JbNoe,Agentforce,2025-11-01,2025-11-01,0013000000JbNoeAAF
3,1:M Content,0010M00001V48w9,Agentforce,2025-11-01,2025-11-01,0010M00001V48w9QAB
3,1:M Content,001ed00000en5CR,Agentforce,2025-08-01,2025-08-01,001ed00000en5CRYAY
3,1:M Content,00130000016h7rQ,Agentforce,2025-08-01,2025-08-01,00130000016h7rQAAQ
3,1:M Content,0013000001JcCU0,Agentforce,2025-07-01,2025-07-01,0013000001JcCU0AAN
4,1:M Content,0013y00001e60Dj,Agentforce,2025-08-01,2025-08-01,0013y00001e60DjQAI
2,1:M Content,0013000001FoTs2,Agentforce,2025-12-01,2025-12-01,0013000001FoTs2AAF
4,1:M Content,0013000001MshjT,Agentforce,2025-01-01,2025-01-01,0013000001MshjTAAR
2,1:M Content,001ed00000quPfK,Agentforce,2025-12-01,2025-12-01,001ed00000quPfKYAU
2,1:M Content,001ed00000hPhHE,Agentforce,2025-09-01,2025-09-01,001ed00000hPhHEYA0
3,1:M Content,0010M00001WYRv8,Agentforce,2025-09-01,2025-09-01,0010M00001WYRv8QAH
3,1:M Content,001ed00000dhpyV,Agentforce,2025-08-01,2025-08-01,001ed00000dhpyVYAQ
3,1:M Content,0013000000RX6ZZ,Agentforce,2025-12-01,2025-12-01,0013000000RX6ZZAA1
2,1:M Content,001ed00000QnaMn,Agentforce,2025-07-01,2025-07-01,001ed00000QnaMnYAJ
2,1:M Content,0013000001GV1NB,Agentforce,2025-09-01,2025-09-01,0013000001GV1NBAA1
2,1:M Content,0010M00001QkwSp,Agentforce,2025-11-01,2025-11-01,0010M00001QkwSpQAJ
2,1:M Content,0013y00001ej351,Agentforce,2025-08-01,2025-08-01,0013y00001ej351QAA
2,1:M Content,0013000000HlAOj,Agentforce,2025-10-01,2025-10-01,0013000000HlAOjAAN
2,1:M Content,001ed00000eXW5J,Agentforce,2025-09-01,2025-09-01,001ed00000eXW5JYAW
2,1:M Content,001ed00000ht5mH,Agentforce,2025-09-01,2025-09-01,001ed00000ht5mHYAQ
2,1:M Content,001ed00000656Cb,Agentforce,2025-09-01,2025-09-01,001ed00000656CbYAI
2,1:M Content,001ed00000okBtJ,Agentforce,2025-11-01,2025-11-01,001ed00000okBtJYAU
2,1:M Content,0013000000FdceL,Agentforce,2025-09-01,2025-09-01,0013000000FdceLAAR
1,Success Guides,0013000000NSHwp,Agentforce,2025-05-01,2025-05-01,0013000000NSHwpAAH
1,Success Guides,0010M00001QkGK0,Agentforce,2024-12-01,2024-12-01,0010M00001QkGK0QAN
1,Success Guides,0010M00001QkeiK,Agentforce,2025-05-01,2025-05-01,0010M00001QkeiKQAR
1,Success Guides,00130000002xBBr,Agentforce,2025-12-01,2025-11-01,00130000002xBBrAAM
1,Success Guides,0010M00001Yardi,Agentforce,2025-12-01,2025-11-01,0010M00001YardiQAB
1,Success Guides,00100000000EL4b,Agentforce,2025-04-01,2025-03-01,00100000000EL4bAAG
1,Success Guides,0013000000ZmRTv,Agentforce,2024-12-01,2024-11-01,0013000000ZmRTvAAN
1,Success Guides,0013000000K6amF,Agentforce,2025-08-01,2025-06-01,0013000000K6amFAAR
1,Success Guides,001ed000001Oe5S,Agentforce,2025-03-01,2025-02-01,001ed000001Oe5SYAS
1,Success Guides,0013000000LVlzC,Agentforce,2025-10-01,2025-10-01,0013000000LVlzCAAT
1,Success Guides,0010M00001XyDst,Agentforce,2025-09-01,2025-08-01,0010M00001XyDstQAF
1,Success Guides,001ed00000LH26C,Agentforce,2025-11-01,2025-11-01,001ed00000LH26CYAT
1,Success Guides,00130000001Kn1e,Agentforce,2025-07-01,2025-07-01,00130000001Kn1eAAC
1,Success Guides,00130000006ZABW,Agentforce,2025-11-01,2025-08-01,00130000006ZABWAA4
1,Success Guides,001ed000004ucLK,Agentforce,2025-06-01,2025-06-01,001ed000004ucLKYAY
1,Success Guides,0013000001CBx0B,Agentforce,2025-08-01,2025-07-01,0013000001CBx0BAAT
1,Success Guides,0013000001GX6bx,Agentforce,2025-06-01,2025-05-01,0013000001GX6bxAAD
1,Success Guides,0010M00001Jzlwl,Agentforce,2025-07-01,2025-05-01,0010M00001JzlwlQAB
1,Success Guides,0010M00001NYWiZ,Agentforce,2025-09-01,2025-08-01,0010M00001NYWiZQAX
1,Success Guides,0013y00001cw0P8,Agentforce,2025-03-01,2025-03-01,0013y00001cw0P8QAI
3,Success Guides,0013000001GWf4M,Agentforce,2025-12-01,2025-12-01,0013000001GWf4MAAT
2,Success Guides,00100000001CwSv,Agentforce,2025-11-01,2025-11-01,00100000001CwSvAAK
2,Success Guides,0013000001JeY1y,Agentforce,2025-12-01,2025-12-01,0013000001JeY1yAAF
1,1:M Content,001ed00000DJctO,Agentforce,2025-01-01,2025-01-01,001ed00000DJctOYAT
1,1:M Content,0013000000NQcew,Agentforce,2025-03-01,2025-03-01,0013000000NQcewAAD
1,1:M Content,001ed00000nUsek,Agentforce,2025-12-01,2025-12-01,001ed00000nUsekYAC
1,1:M Content,001ed00000CtMc7,Agentforce,2024-12-01,2024-12-01,001ed00000CtMc7YAF
1,1:M Content,001ed00000dTwII,Agentforce,2025-08-01,2025-08-01,001ed00000dTwIIYA0
1,1:M Content,00100000001hgGw,Agentforce,2025-07-01,2025-07-01,00100000001hgGwAAI
1,1:M Content,0013000001GXu5c,Agentforce,2025-10-01,2025-10-01,0013000001GXu5cAAD
1,1:M Content,001ed00000cqCpB,Agentforce,2025-08-01,2025-08-01,001ed00000cqCpBYAU
1,1:M Content,001ed00000mapQB,Agentforce,2025-10-01,2025-10-01,001ed00000mapQBYAY
1,1:M Content,00130000016hMrZ,Agentforce,2025-09-01,2025-09-01,00130000016hMrZAAU
1,1:M Content,0013000001MrO3b,Agentforce,2025-10-01,2025-10-01,0013000001MrO3bAAF
1,1:M Content,0013000000HFbwd,Agentforce,2025-09-01,2025-09-01,0013000000HFbwdAAD
1,1:M Content,001ed00000dpWp1,Agentforce,2025-08-01,2025-08-01,001ed00000dpWp1YAE
1,1:M Content,001ed00000gzGNp,Agentforce,2025-09-01,2025-09-01,001ed00000gzGNpYAM
1,1:M Content,00130000016iyDs,Agentforce,2025-09-01,2025-09-01,00130000016iyDsAAI
1,1:M Content,0013000000K5ZGm,Agentforce,2025-12-01,2025-12-01,0013000000K5ZGmAAN
1,1:M Content,0010M00001WY4m1,Agentforce,2025-08-01,2025-08-01,0010M00001WY4m1QAD
1,1:M Content,0013000001Mj9Th,Agentforce,2025-04-01,2025-04-01,0013000001Mj9ThAAJ
1,1:M Content,001ed00000HKa2M,Agentforce,2025-02-01,2025-02-01,001ed00000HKa2MYAT
1,1:M Content,001ed00000gzGSf,Agentforce,2025-09-01,2025-09-01,001ed00000gzGSfYAM
1,1:M Content,001ed00000aTwyP,Agentforce,2025-07-01,2025-07-01,001ed00000aTwyPYAS
1,1:M Content,001ed00000e1PVG,Agentforce,2025-08-01,2025-08-01,001ed00000e1PVGYA2
1,1:M Content,0013000001LXxho,Agentforce,2025-06-01,2025-06-01,0013000001LXxhoAAD
1,1:M Content,0013000001Gh0nK,Agentforce,2025-01-01,2025-01-01,0013000001Gh0nKAAR
1,1:M Content,0013000000M2UOx,Agentforce,2025-12-01,2025-12-01,0013000000M2UOxAAN
1,1:M Content,0010M00001WHuXU,Agentforce,2025-02-01,2025-02-01,0010M00001WHuXUQA1
1,1:M Content,001ed00000prxNx,Agentforce,2025-11-01,2025-11-01,001ed00000prxNxYAI
1,1:M Content,0013y00001c8NAS,Agentforce,2025-09-01,2025-09-01,0013y00001c8NASQA2
1,1:M Content,0013y00001Xz4oB,Agentforce,2025-08-01,2025-08-01,0013y00001Xz4oBQAR
1,1:M Content,001ed00000q1KgH,Agentforce,2025-12-01,2025-12-01,001ed00000q1KgHYAU
1,1:M Content,0013y00001cCgI4,Agentforce,2025-06-01,2025-06-01,0013y00001cCgI4QAK
1,1:M Content,0010M00001QmhFp,Agentforce,2025-09-01,2025-09-01,0010M00001QmhFpQAJ
1,1:M Content,001ed00000eTcXV,Agentforce,2025-08-01,2025-08-01,001ed00000eTcXVYA0
1,1:M Content,001ed00000bgRmW,Agentforce,2025-07-01,2025-07-01,001ed00000bgRmWYAU
1,1:M Content,00100000001ih1e,Agentforce,2025-08-01,2025-08-01,00100000001ih1eAAA
1,1:M Content,0010M00001Qk4rl,Agentforce,2025-08-01,2025-08-01,0010M00001Qk4rlQAB
1,1:M Content,0013000000HIVZt,Agentforce,2025-09-01,2025-09-01,0013000000HIVZtAAP
1,1:M Content,00100000001hgGw,Agentforce,2025-11-01,2025-11-01,00100000001hgGwAAI
1,1:M Content,001ed00000PSfhn,Agentforce,2025-04-01,2025-04-01,001ed00000PSfhnYAD
1,1:M Content,0013000000Zjru7,Agentforce,2025-06-01,2025-06-01,0013000000Zjru7AAB
1,1:M Content,0013000000M2sOc,Agentforce,2025-07-01,2025-07-01,0013000000M2sOcAAJ
1,1:M Content,0013000000rpqJz,Agentforce,2025-02-01,2025-02-01,0013000000rpqJzAAI
4,1:M Content,00100000001L5vC,Agentforce,2025-08-01,2025-08-01,00100000001L5vCAAS
6,1:M Content,001ed00000cdipn,Agentforce,2025-08-01,2025-08-01,001ed00000cdipnYAA
4,1:M Content,001ed00000oRRH3,Agentforce,2025-11-01,2025-11-01,001ed00000oRRH3YAO
5,1:M Content,001ed00000jNdJj,Agentforce,2025-10-01,2025-10-01,001ed00000jNdJjYAK
3,1:M Content,001ed00000ak5Ub,Agentforce,2025-08-01,2025-08-01,001ed00000ak5UbYAI
2,1:M Content,00130000016gnKN,Agentforce,2025-02-01,2025-02-01,00130000016gnKNAAY
4,1:M Content,0010M00001cDQFY,Agentforce,2025-10-01,2025-10-01,0010M00001cDQFYQA4
4,1:M Content,0013y00001cayuU,Agentforce,2025-08-01,2025-08-01,0013y00001cayuUQAQ
2,1:M Content,0010M00001WIOmK,Agentforce,2025-08-01,2025-08-01,0010M00001WIOmKQAX
3,1:M Content,0013000000NPTjf,Agentforce,2025-08-01,2025-08-01,0013000000NPTjfAAH
4,1:M Content,001ed00000guwFd,Agentforce,2025-09-01,2025-09-01,001ed00000guwFdYAI
4,1:M Content,0013y00001cHThg,Agentforce,2025-08-01,2025-08-01,0013y00001cHThgQAG
2,1:M Content,0013000001LWxAW,Agentforce,2025-09-01,2025-09-01,0013000001LWxAWAA1
3,1:M Content,001ed00000lj27R,Agentforce,2025-10-01,2025-10-01,001ed00000lj27RYAQ
2,1:M Content,0010M00001PEnm0,Agentforce,2025-11-01,2025-11-01,0010M00001PEnm0QAD
2,1:M Content,0013000000RZZ35,Agentforce,2025-08-01,2025-08-01,0013000000RZZ35AAH
4,1:M Content,0013y00001dOJOD,Agentforce,2025-07-01,2025-07-01,0013y00001dOJODQA4
2,1:M Content,0013000000ZkJFl,Agentforce,2025-10-01,2025-10-01,0013000000ZkJFlAAN
2,1:M Content,0013000000HkkOA,Agentforce,2025-06-01,2025-06-01,0013000000HkkOAAAZ
4,1:M Content,0013000000NSsKR,Agentforce,2025-12-01,2025-12-01,0013000000NSsKRAA1
2,1:M Content,0010M00001Sq0KG,Agentforce,2025-06-01,2025-06-01,0010M00001Sq0KGQAZ
1,Success Guides,0013000000rq3ow,Agentforce,2025-10-01,2025-09-01,0013000000rq3owAAA
1,Success Guides,0013000001GUNPP,Agentforce,2025-12-01,2025-12-01,0013000001GUNPPAA5
1,Success Guides,0013000001GYSWa,Agentforce,2025-09-01,2025-09-01,0013000001GYSWaAAP
1,Success Guides,001ed00000cHPtp,Agentforce,2025-12-01,2025-10-01,001ed00000cHPtpYAG
1,Success Guides,0010M00001VKls2,Agentforce,2025-12-01,2025-12-01,0010M00001VKls2QAD
1,Success Guides,0013y00001hIHwq,Agentforce,2025-05-01,2025-04-01,0013y00001hIHwqQAG
1,Success Guides,0013000000HHKtz,Agentforce,2025-12-01,2025-11-01,0013000000HHKtzAAH
1,Success Guides,0010M00001U1ZGX,Agentforce,2025-08-01,2025-08-01,0010M00001U1ZGXQA3
1,Success Guides,0013000001CCQUZ,Agentforce,2025-02-01,2025-01-01,0013000001CCQUZAA5
1,Success Guides,0013y00001cUCAC,Agentforce,2025-12-01,2025-11-01,0013y00001cUCACQA4
1,Success Guides,0010M00001Qqm0v,Agentforce,2025-09-01,2025-08-01,0010M00001Qqm0vQAB
1,Success Guides,0010M00001Qk4xq,Agentforce,2025-11-01,2025-10-01,0010M00001Qk4xqQAB
1,Success Guides,0010M00001WYjR7,Agentforce,2025-12-01,2025-11-01,0010M00001WYjR7QAL
1,Success Guides,001000000027UZ7,Agentforce,2025-06-01,2025-05-01,001000000027UZ7AAM
1,Success Guides,0013000001Jy9BL,Agentforce,2025-12-01,2025-12-01,0013000001Jy9BLAAZ
1,Success Guides,00100000001Z2Kp,Agentforce,2025-12-01,2025-11-01,00100000001Z2KpAAK
1,Success Guides,0010M00001WHtGD,Agentforce,2025-02-01,2025-01-01,0010M00001WHtGDQA1
1,Success Guides,0010M00001WYycB,Agentforce,2025-11-01,2025-10-01,0010M00001WYycBQAT
1,Success Guides,0010M00001SIotR,Agentforce,2025-12-01,2025-11-01,0010M00001SIotRQAT
2,Success Guides,0010M00001U3wGP,Agentforce,2024-12-01,2024-12-01,0010M00001U3wGPQAZ
1,1:M Content,001ed00000eEUon,Agentforce,2025-10-01,2025-10-01,001ed00000eEUonYAG
1,1:M Content,00100000000tKHP,Agentforce,2025-10-01,2025-10-01,00100000000tKHPAA2
1,1:M Content,0013000001JeY1y,Agentforce,2025-10-01,2025-10-01,0013000001JeY1yAAF
1,1:M Content,00100000002IkT0,Agentforce,2025-09-01,2025-09-01,00100000002IkT0AAK
1,1:M Content,0013000001GWdh9,Agentforce,2024-11-01,2024-11-01,0013000001GWdh9AAD
1,1:M Content,001ed00000Jh1fZ,Agentforce,2025-07-01,2025-07-01,001ed00000Jh1fZYAR
1,1:M Content,0013000000RahjN,Agentforce,2025-01-01,2025-01-01,0013000000RahjNAAR
1,1:M Content,0013y00001eU1BK,Agentforce,2025-08-01,2025-08-01,0013y00001eU1BKQA0
1,1:M Content,0013y00001cCfvK,Agentforce,2025-08-01,2025-08-01,0013y00001cCfvKQAS
1,1:M Content,0013000000rqLDR,Agentforce,2025-03-01,2025-03-01,0013000000rqLDRAA2
1,1:M Content,0013000001CAn06,Agentforce,2024-12-01,2024-12-01,0013000001CAn06AAD
1,1:M Content,0013000001GVpJu,Agentforce,2025-10-01,2025-10-01,0013000001GVpJuAAL
1,1:M Content,0010M00001PEnlv,Agentforce,2025-11-01,2025-11-01,0010M00001PEnlvQAD
1,1:M Content,0013y00001c4hTK,Agentforce,2025-01-01,2025-01-01,0013y00001c4hTKQAY
1,1:M Content,0013000000roqhI,Agentforce,2025-07-01,2025-07-01,0013000000roqhIAAQ
1,1:M Content,0010M00001WkRkX,Agentforce,2025-01-01,2025-01-01,0010M00001WkRkXQAV
1,1:M Content,0010M00001QmqlC,Agentforce,2025-04-01,2025-04-01,0010M00001QmqlCQAR
1,1:M Content,0013y00001gDjro,Agentforce,2025-08-01,2025-08-01,0013y00001gDjroQAC
1,1:M Content,0013y00001eWzvB,Agentforce,2024-11-01,2024-11-01,0013y00001eWzvBQAS
1,1:M Content,0013y00001cTHUZ,Agentforce,2025-09-01,2025-09-01,0013y00001cTHUZQA4
1,1:M Content,001ed00000oRVxN,Agentforce,2025-11-01,2025-11-01,001ed00000oRVxNYAW
1,1:M Content,00130000001qphv,Agentforce,2025-11-01,2025-11-01,00130000001qphvAAA
1,1:M Content,001ed00000bVMv0,Agentforce,2025-07-01,2025-07-01,001ed00000bVMv0YAG
1,1:M Content,001ed00000QAlJi,Agentforce,2025-05-01,2025-05-01,001ed00000QAlJiYAL
1,1:M Content,001ed00000PQFMp,Agentforce,2025-08-01,2025-08-01,001ed00000PQFMpYAP
1,1:M Content,001ed00000oRSRd,Agentforce,2025-11-01,2025-11-01,001ed00000oRSRdYAO
1,1:M Content,001ed00000SU1D3,Agentforce,2025-06-01,2025-06-01,001ed00000SU1D3YAL
1,1:M Content,00130000007tgIq,Agentforce,2025-07-01,2025-07-01,00130000007tgIqAAI
1,1:M Content,0013000000Zk741,Agentforce,2025-01-01,2025-01-01,0013000000Zk741AAB
1,1:M Content,0013000000rqHs6,Agentforce,2025-08-01,2025-08-01,0013000000rqHs6AAE
1,1:M Content,0013000000GKsSu,Agentforce,2025-09-01,2025-09-01,0013000000GKsSuAAL
1,1:M Content,0013000000hLdQ2,Agentforce,2025-08-01,2025-08-01,0013000000hLdQ2AAK
1,1:M Content,0010M00001PEnm0,Agentforce,2025-07-01,2025-07-01,0010M00001PEnm0QAD
1,1:M Content,0013000000ZlQeW,Agentforce,2025-08-01,2025-08-01,0013000000ZlQeWAAV
1,1:M Content,0013000000hJ1Ob,Agentforce,2025-08-01,2025-07-01,0013000000hJ1ObAAK
1,1:M Content,001ed00000gKLeS,Agentforce,2025-09-01,2025-09-01,001ed00000gKLeSYAW
1,1:M Content,001000000002x8f,Agentforce,2025-09-01,2025-09-01,001000000002x8fAAA
1,1:M Content,0013000001MeQL8,Agentforce,2025-09-01,2025-09-01,0013000001MeQL8AAN
1,1:M Content,0010M00001WIUWh,Agentforce,2025-07-01,2025-07-01,0010M00001WIUWhQAP
3,1:M Content,0013000001CDDAo,Agentforce,2025-07-01,2025-07-01,0013000001CDDAoAAP
3,1:M Content,0013y00001emRJ9,Agentforce,2025-10-01,2025-10-01,0013y00001emRJ9QAM
2,1:M Content,001ed00000f3zKI,Agentforce,2025-08-01,2025-08-01,001ed00000f3zKIYAY
5,1:M Content,001ed00000bZoRG,Agentforce,2025-07-01,2025-07-01,001ed00000bZoRGYA0
3,1:M Content,0013000000M1aay,Agentforce,2025-08-01,2025-08-01,0013000000M1aayAAB
2,1:M Content,001ed00000oRdrh,Agentforce,2025-11-01,2025-11-01,001ed00000oRdrhYAC
2,1:M Content,0013000001MiQWs,Agentforce,2025-06-01,2025-06-01,0013000001MiQWsAAN
4,1:M Content,0013000001CDqPL,Agentforce,2025-09-01,2025-09-01,0013000001CDqPLAA1
4,1:M Content,0013000000hKGP1,Agentforce,2025-09-01,2025-09-01,0013000000hKGP1AAO
4,1:M Content,00130000005AYPq,Agentforce,2025-07-01,2025-07-01,00130000005AYPqAAO
3,1:M Content,00130000016gusp,Agentforce,2025-08-01,2025-08-01,00130000016guspAAA
3,1:M Content,00130000002xcgH,Agentforce,2025-12-01,2025-12-01,00130000002xcgHAAQ
2,1:M Content,001ed00000b0i0Y,Agentforce,2025-07-01,2025-07-01,001ed00000b0i0YYAQ
2,1:M Content,0013y00001cyfAY,Agentforce,2025-07-01,2025-07-01,0013y00001cyfAYQAY
2,1:M Content,0013y00001c8Pdt,Agentforce,2025-11-01,2025-11-01,0013y00001c8PdtQAE
2,1:M Content,001ed00000eE9ai,Agentforce,2025-08-01,2025-08-01,001ed00000eE9aiYAC
2,1:M Content,001ed00000Nui5x,Agentforce,2025-04-01,2025-04-01,001ed00000Nui5xYAB
2,1:M Content,001ed00000UN170,Agentforce,2025-08-01,2025-08-01,001ed00000UN170YAD
2,1:M Content,001ed00000eYcVH,Agentforce,2025-08-01,2025-08-01,001ed00000eYcVHYA0
2,1:M Content,00130000002bqQj,Agentforce,2025-07-01,2025-07-01,00130000002bqQjAAI
2,1:M Content,0013000000CHhsB,Agentforce,2025-10-01,2025-10-01,0013000000CHhsBAAT
2,1:M Content,0010M00001Ser7o,Agentforce,2025-09-01,2025-09-01,0010M00001Ser7oQAB
2,1:M Content,0013000000Em4El,Agentforce,2025-12-01,2025-12-01,0013000000Em4ElAAJ
2,1:M Content,0013000000ZkI62,Agentforce,2025-09-01,2025-09-01,0013000000ZkI62AAF
1,Success Guides,0013000000GtuXZ,Agentforce,2025-11-01,2025-10-01,0013000000GtuXZAAZ
1,Success Guides,0013000001MrdHF,Agentforce,2025-12-01,2025-10-01,0013000001MrdHFAAZ
1,Success Guides,00130000016iljm,Agentforce,2025-10-01,2025-09-01,00130000016iljmAAA
1,Success Guides,0013000001GWWgR,Agentforce,2025-10-01,2025-09-01,0013000001GWWgRAAX
1,Success Guides,0010M00001Qlnej,Agentforce,2025-10-01,2025-10-01,0010M00001QlnejQAB
1,Success Guides,0013000001MjUeJ,Agentforce,2025-11-01,2025-10-01,0013000001MjUeJAAV
1,Success Guides,0013000000RX3tF,Agentforce,2025-07-01,2025-06-01,0013000000RX3tFAAT
1,Success Guides,0013000000Kb3zg,Agentforce,2025-11-01,2025-11-01,0013000000Kb3zgAAB
1,Success Guides,0013000001CAWJ9,Agentforce,2025-03-01,2025-03-01,0013000001CAWJ9AAP
1,Success Guides,0013000000NPEtp,Agentforce,2025-07-01,2025-07-01,0013000000NPEtpAAH
1,Success Guides,0013000000JxoRt,Agentforce,2025-12-01,2025-12-01,0013000000JxoRtAAJ
1,Success Guides,0010M00001QaNv0,Agentforce,2025-12-01,2025-10-01,0010M00001QaNv0QAF
1,Success Guides,00100000001pHFs,Agentforce,2025-11-01,2025-09-01,00100000001pHFsAAM
1,Success Guides,00130000016gfd5,Agentforce,2025-10-01,2025-08-01,00130000016gfd5AAA
1,Success Guides,0013000000D7a3t,Agentforce,2025-12-01,2025-11-01,0013000000D7a3tAAB
1,Success Guides,0013000000rohhb,Agentforce,2024-12-01,2024-12-01,0013000000rohhbAAA
1,Success Guides,0013000000M1ZQb,Agentforce,2025-12-01,2025-11-01,0013000000M1ZQbAAN
1,Success Guides,0013000001EZKbv,Agentforce,2025-02-01,2025-02-01,0013000001EZKbvAAH
2,Success Guides,00100000000ZNMW,Agentforce,2025-07-01,2025-06-01,00100000000ZNMWAA4
4,Success Guides,0013000000ZkDYe,Agentforce,2025-12-01,2025-12-01,0013000000ZkDYeAAN
2,Success Guides,0013000000hLRNg,Agentforce,2025-06-01,2025-05-01,0013000000hLRNgAAO
1,1:M Content,00130000002xT8H,Agentforce,2025-09-01,2025-09-01,00130000002xT8HAAU
1,1:M Content,001ed00000huE2m,Agentforce,2025-09-01,2025-09-01,001ed00000huE2mYAE
1,1:M Content,001ed00000sc4ze,Agentforce,2025-12-01,2025-12-01,001ed00000sc4zeYAA
1,1:M Content,0013000001GVFtI,Agentforce,2025-03-01,2025-03-01,0013000001GVFtIAAX
1,1:M Content,0013000000hLRNg,Agentforce,2025-11-01,2025-11-01,0013000000hLRNgAAO
1,1:M Content,00130000003tTDC,Agentforce,2025-12-01,2025-12-01,00130000003tTDCAA2
1,1:M Content,001ed00000R6Jzi,Agentforce,2025-07-01,2025-07-01,001ed00000R6JziYAF
1,1:M Content,0013y00001e2q5H,Agentforce,2025-01-01,2025-01-01,0013y00001e2q5HQAQ
1,1:M Content,001ed00000fwszh,Agentforce,2025-09-01,2025-09-01,001ed00000fwszhYAA
1,1:M Content,0013000000INKJe,Agentforce,2025-08-01,2025-08-01,0013000000INKJeAAP
1,1:M Content,0010M00001W8cIO,Agentforce,2025-02-01,2025-02-01,0010M00001W8cIOQAZ
1,1:M Content,00130000002xdOK,Agentforce,2025-09-01,2025-09-01,00130000002xdOKAAY
1,1:M Content,0013000000FKpgU,Agentforce,2025-08-01,2025-08-01,0013000000FKpgUAAT
1,1:M Content,0013000000ZmUW5,Agentforce,2025-07-01,2025-07-01,0013000000ZmUW5AAN
1,1:M Content,001ed00000duaf5,Agentforce,2025-08-01,2025-08-01,001ed00000duaf5YAA
1,1:M Content,0013000000GtvDF,Agentforce,2025-10-01,2025-10-01,0013000000GtvDFAAZ
1,1:M Content,0013000000AnD1x,Agentforce,2025-07-01,2025-07-01,0013000000AnD1xAAF
1,1:M Content,0010M00001U3piC,Agentforce,2024-12-01,2024-12-01,0010M00001U3piCQAR
1,1:M Content,001ed00000dWp5l,Agentforce,2025-08-01,2025-08-01,001ed00000dWp5lYAC
1,1:M Content,0013y00001cgxNo,Agentforce,2025-02-01,2025-02-01,0013y00001cgxNoQAI
1,1:M Content,0013000001CA9kL,Agentforce,2025-09-01,2025-09-01,0013000001CA9kLAAT
1,1:M Content,0013000000rqRwL,Agentforce,2025-11-01,2025-11-01,0013000000rqRwLAAU
1,1:M Content,0010M00001WZnpq,Agentforce,2025-08-01,2025-08-01,0010M00001WZnpqQAD
1,1:M Content,0010M00001QndmG,Agentforce,2025-12-01,2025-12-01,0010M00001QndmGQAR
1,1:M Content,0013000001KbP9z,Agentforce,2025-06-01,2025-06-01,0013000001KbP9zAAF
1,1:M Content,001ed000006bKu0,Agentforce,2025-08-01,2025-08-01,001ed000006bKu0YAE
1,1:M Content,0013000000rpZHi,Agentforce,2025-12-01,2025-12-01,0013000000rpZHiAAM
1,1:M Content,001ed00000h9l0Y,Agentforce,2025-10-01,2025-10-01,001ed00000h9l0YYAQ
1,1:M Content,00130000016h1H9,Agentforce,2025-01-01,2025-01-01,00130000016h1H9AAI
1,1:M Content,0010M00001YtuPI,Agentforce,2025-02-01,2025-02-01,0010M00001YtuPIQAZ
1,1:M Content,001ed00000meimh,Agentforce,2025-11-01,2025-11-01,001ed00000meimhYAA
1,1:M Content,0013000001GW8o3,Agentforce,2025-09-01,2025-09-01,0013000001GW8o3AAD
1,1:M Content,0013000001JzUUz,Agentforce,2025-08-01,2025-08-01,0013000001JzUUzAAN
1,1:M Content,0013000001CCSMX,Agentforce,2025-05-01,2025-05-01,0013000001CCSMXAA5
1,1:M Content,0010M00001WHuPu,Agentforce,2025-09-01,2025-09-01,0010M00001WHuPuQAL
1,1:M Content,0013y00001gFF1J,Agentforce,2025-11-01,2025-11-01,0013y00001gFF1JQAW
1,1:M Content,001ed00000j4pBh,Agentforce,2025-10-01,2025-10-01,001ed00000j4pBhYAI
1,1:M Content,001ed00000okzJw,Agentforce,2025-12-01,2025-12-01,001ed00000okzJwYAI
1,1:M Content,0013y00001dLlhC,Agentforce,2025-12-01,2025-12-01,0013y00001dLlhCQAS
1,1:M Content,001ed00000p7TKt,Agentforce,2025-12-01,2025-12-01,001ed00000p7TKtYAM
1,1:M Content,0013y00001djz2U,Agentforce,2025-04-01,2025-04-01,0013y00001djz2UQAQ
6,1:M Content,00100000001Z2HV,Agentforce,2025-08-01,2025-08-01,00100000001Z2HVAA0
2,1:M Content,001ed00000JxAyC,Agentforce,2025-11-01,2025-11-01,001ed00000JxAyCYAV
3,1:M Content,0013000000JgDqR,Agentforce,2025-09-01,2025-09-01,0013000000JgDqRAAV
2,1:M Content,0013000001FoQZs,Agentforce,2025-10-01,2025-10-01,0013000001FoQZsAAN
2,1:M Content,001ed00000h9HAX,Agentforce,2025-10-01,2025-10-01,001ed00000h9HAXYA2
4,1:M Content,0013y00001d1zfT,Agentforce,2025-10-01,2025-10-01,0013y00001d1zfTQAQ
3,1:M Content,0013000000rqoUh,Agentforce,2025-07-01,2025-07-01,0013000000rqoUhAAI
4,1:M Content,0013y00001d72wX,Agentforce,2025-09-01,2025-09-01,0013y00001d72wXQAQ
3,1:M Content,0010M00001VKmea,Agentforce,2024-12-01,2024-12-01,0010M00001VKmeaQAD
3,1:M Content,001ed00000paB1B,Agentforce,2025-12-01,2025-12-01,001ed00000paB1BYAU
4,1:M Content,001ed000006SOgj,Agentforce,2025-08-01,2025-08-01,001ed000006SOgjYAG
4,1:M Content,0013000000K5ZGm,Agentforce,2025-08-01,2025-08-01,0013000000K5ZGmAAN
3,1:M Content,001ed00000b38VB,Agentforce,2025-07-01,2025-07-01,001ed00000b38VBYAY
2,1:M Content,0013000001GUSEQ,Agentforce,2025-08-01,2025-08-01,0013000001GUSEQAA5
2,1:M Content,0013y00001c8Bck,Agentforce,2025-08-01,2025-08-01,0013y00001c8BckQAE
6,1:M Content,0013000000RX8ZR,Agentforce,2025-12-01,2025-12-01,0013000000RX8ZRAA1
7,1:M Content,0013y00001dy5aB,Agentforce,2025-07-01,2025-07-01,0013y00001dy5aBQAQ
2,1:M Content,0010M00001U3yIl,Agentforce,2025-05-01,2025-05-01,0010M00001U3yIlQAJ
2,1:M Content,0013000000Jx86u,Agentforce,2025-01-01,2025-01-01,0013000000Jx86uAAB
2,1:M Content,001ed00000XSLeR,Agentforce,2025-07-01,2025-07-01,001ed00000XSLeRYAX
4,1:M Content,0013y00001eYMBV,Agentforce,2025-09-01,2025-09-01,0013y00001eYMBVQA4
2,1:M Content,0013y00001d9Ecc,Agentforce,2025-12-01,2025-12-01,0013y00001d9EccQAE
2,1:M Content,0013000001Fj9dv,Agentforce,2025-10-01,2025-10-01,0013000001Fj9dvAAB
2,1:M Content,00130000016jlY9,Agentforce,2025-07-01,2025-07-01,00130000016jlY9AAI
3,1:M Content,0013000001NX77B,Agentforce,2025-07-01,2025-07-01,0013000001NX77BAAT
2,1:M Content,00100000001CwRF,Agentforce,2025-08-01,2025-08-01,00100000001CwRFAA0
2,1:M Content,0013000000hJUiE,Agentforce,2025-07-01,2025-07-01,0013000000hJUiEAAW
3,1:M Content,00100000001KsNo,Agentforce,2025-07-01,2025-07-01,00100000001KsNoAAK
2,1:M Content,0013000000hLlWg,Agentforce,2025-10-01,2025-10-01,0013000000hLlWgAAK
2,1:M Content,0013000000JIZP4,Agentforce,2025-10-01,2025-10-01,0013000000JIZP4AAP
2,1:M Content,00130000008ea4N,Agentforce,2025-08-01,2025-08-01,00130000008ea4NAAQ
2,1:M Content,001ed00000gMzvu,Agentforce,2025-09-01,2025-09-01,001ed00000gMzvuYAC
2,1:M Content,0013000001NXnk5,Agentforce,2025-05-01,2025-05-01,0013000001NXnk5AAD
2,1:M Content,0010M00001SJRwo,Agentforce,2025-07-01,2025-07-01,0010M00001SJRwoQAH
2,1:M Content,001ed00000d1X9z,Agentforce,2025-08-01,2025-08-01,001ed00000d1X9zYAE
2,1:M Content,001ed00000Kyurq,Agentforce,2025-10-01,2025-10-01,001ed00000KyurqYAB
2,1:M Content,0013000001Mv8af,Agentforce,2025-07-01,2025-07-01,0013000001Mv8afAAB
1,Success Guides,00100000000nEj9,Agentforce,2025-04-01,2025-03-01,00100000000nEj9AAE
1,Success Guides,0013y00001cw9rS,Agentforce,2025-09-01,2025-08-01,0013y00001cw9rSQAQ
1,Success Guides,001ed000004beNZ,Agentforce,2025-10-01,2025-10-01,001ed000004beNZYAY
1,Success Guides,0013000001IetQ6,Agentforce,2025-11-01,2025-10-01,0013000001IetQ6AAJ
1,Success Guides,0013000001KZnx7,Agentforce,2025-12-01,2025-11-01,0013000001KZnx7AAD
1,Success Guides,0013000001GUYIW,Agentforce,2025-12-01,2025-11-01,0013000001GUYIWAA5
1,Success Guides,0013000000ZlcdM,Agentforce,2025-04-01,2025-03-01,0013000000ZlcdMAAR
1,Success Guides,0010M00001QqLhV,Agentforce,2024-12-01,2024-12-01,0010M00001QqLhVQAV
1,Success Guides,0013000000hLlhj,Agentforce,2025-06-01,2025-05-01,0013000000hLlhjAAC
1,Success Guides,0013000000K6amF,Agentforce,2025-09-01,2025-07-01,0013000000K6amFAAR
1,Success Guides,0013y00001e2ink,Agentforce,2025-10-01,2025-09-01,0013y00001e2inkQAA
1,Success Guides,0013y00001gDh8n,Agentforce,2025-02-01,2025-02-01,0013y00001gDh8nQAC
1,Success Guides,0013000001MioNi,Agentforce,2025-09-01,2025-08-01,0013000001MioNiAAJ
1,Success Guides,0013y00001cZwuj,Agentforce,2025-08-01,2025-08-01,0013y00001cZwujQAC
1,Success Guides,00130000016hI02,Agentforce,2025-07-01,2025-06-01,00130000016hI02AAE
1,Success Guides,0013000001IgZno,Agentforce,2025-03-01,2025-02-01,0013000001IgZnoAAF
1,Success Guides,0013000001JyBtD,Agentforce,2024-12-01,2024-11-01,0013000001JyBtDAAV
1,Success Guides,0013000000M1ou4,Agentforce,2025-12-01,2025-11-01,0013000000M1ou4AAB
1,Success Guides,0013y00001cb6Kf,Agentforce,2024-11-01,2024-11-01,0013y00001cb6KfQAI
2,Success Guides,0013000001CD0Vk,Agentforce,2025-09-01,2025-08-01,0013000001CD0VkAAL
1,1:M Content,0013000000FJjoP,Agentforce,2025-03-01,2025-03-01,0013000000FJjoPAAT
1,1:M Content,0013000000ro4LC,Agentforce,2025-10-01,2025-10-01,0013000000ro4LCAAY
1,1:M Content,00100000001rsZy,Agentforce,2025-11-01,2025-11-01,00100000001rsZyAAI
1,1:M Content,0013000000HjzrI,Agentforce,2025-11-01,2025-11-01,0013000000HjzrIAAR
1,1:M Content,001ed00000XX8Lb,Agentforce,2025-06-01,2025-06-01,001ed00000XX8LbYAL
1,1:M Content,0013000001CBMxV,Agentforce,2024-12-01,2024-12-01,0013000001CBMxVAAX
1,1:M Content,0013000000M2Oj4,Agentforce,2025-05-01,2025-05-01,0013000000M2Oj4AAF
1,1:M Content,0013000000rnlel,Agentforce,2025-01-01,2025-01-01,0013000000rnlelAAA
1,1:M Content,0013y00001cCfsQ,Agentforce,2025-02-01,2025-02-01,0013y00001cCfsQQAS
1,1:M Content,0013000000ImEek,Agentforce,2025-12-01,2025-12-01,0013000000ImEekAAF
1,1:M Content,00130000016jBch,Agentforce,2025-05-01,2025-05-01,00130000016jBchAAE
1,1:M Content,00130000016h4g5,Agentforce,2025-02-01,2025-02-01,00130000016h4g5AAA
1,1:M Content,001ed00000LpyfZ,Agentforce,2025-03-01,2025-03-01,001ed00000LpyfZYAR
1,1:M Content,001ed00000j8L29,Agentforce,2025-10-01,2025-10-01,001ed00000j8L29YAE
1,1:M Content,0013y00001d6oNE,Agentforce,2025-08-01,2025-08-01,0013y00001d6oNEQAY
1,1:M Content,001ed00000Gu2in,Agentforce,2025-02-01,2025-02-01,001ed00000Gu2inYAB
1,1:M Content,0010M00001SIwb3,Agentforce,2025-03-01,2025-03-01,0010M00001SIwb3QAD
1,1:M Content,0013000000rqxn5,Agentforce,2025-06-01,2025-06-01,0013000000rqxn5AAA
1,1:M Content,0013y00001cgMyA,Agentforce,2025-02-01,2025-02-01,0013y00001cgMyAQAU
1,1:M Content,00130000003QfO6,Agentforce,2025-04-01,2025-04-01,00130000003QfO6AAK
1,1:M Content,00130000008CrP5,Agentforce,2025-10-01,2025-10-01,00130000008CrP5AAK
1,1:M Content,0010M00001NYU3e,Agentforce,2025-10-01,2025-10-01,0010M00001NYU3eQAH
1,1:M Content,0013000001Ierm0,Agentforce,2025-07-01,2025-07-01,0013000001Ierm0AAB
1,1:M Content,001ed00000mkDgA,Agentforce,2025-10-01,2025-10-01,001ed00000mkDgAYAU
1,1:M Content,0013y00001gh8T2,Agentforce,2025-09-01,2025-09-01,0013y00001gh8T2QAI
1,1:M Content,001ed00000UD8pm,Agentforce,2025-06-01,2025-06-01,001ed00000UD8pmYAD
1,1:M Content,001ed00000rpSzp,Agentforce,2025-12-01,2025-12-01,001ed00000rpSzpYAE
1,1:M Content,001ed00000g4y8f,Agentforce,2025-09-01,2025-09-01,001ed00000g4y8fYAA
1,1:M Content,0013000000I3on0,Agentforce,2025-12-01,2025-12-01,0013000000I3on0AAB
1,1:M Content,0013y00001fFB1R,Agentforce,2024-12-01,2024-12-01,0013y00001fFB1RQAW
1,1:M Content,0010M00001P090L,Agentforce,2025-07-01,2025-07-01,0010M00001P090LQAR
1,1:M Content,00130000016g05u,Agentforce,2025-05-01,2025-05-01,00130000016g05uAAA
1,1:M Content,0013000000hK4Df,Agentforce,2025-06-01,2025-06-01,0013000000hK4DfAAK
1,1:M Content,0010M00001Qloeu,Agentforce,2025-08-01,2025-08-01,0010M00001QloeuQAB
1,1:M Content,0013y00001cCXh2,Agentforce,2025-10-01,2025-10-01,0013y00001cCXh2QAG
1,1:M Content,001ed00000cO8t3,Agentforce,2025-08-01,2025-08-01,001ed00000cO8t3YAC
1,1:M Content,0010M00001Yb52z,Agentforce,2025-09-01,2025-09-01,0010M00001Yb52zQAB
1,1:M Content,0010M00001QmOSz,Agentforce,2025-05-01,2025-05-01,0010M00001QmOSzQAN
1,1:M Content,001ed00000o2FuF,Agentforce,2025-11-01,2025-11-01,001ed00000o2FuFYAU
1,1:M Content,0010M00001WYRv8,Agentforce,2025-06-01,2025-06-01,0010M00001WYRv8QAH
1,1:M Content,001ed00000gzVeb,Agentforce,2025-09-01,2025-09-01,001ed00000gzVebYAE
1,1:M Content,0013000001J7tjF,Agentforce,2025-11-01,2025-11-01,0013000001J7tjFAAR
1,1:M Content,0013000001LWOo6,Agentforce,2025-12-01,2025-12-01,0013000001LWOo6AAH
1,1:M Content,001ed00000Yh2uH,Agentforce,2025-07-01,2025-07-01,001ed00000Yh2uHYAR
4,1:M Content,001ed00000OrKKX,Agentforce,2025-06-01,2025-06-01,001ed00000OrKKXYA3
4,1:M Content,001ed00000eoW7O,Agentforce,2025-08-01,2025-08-01,001ed00000eoW7OYAU
3,1:M Content,001ed00000bjIbP,Agentforce,2025-09-01,2025-09-01,001ed00000bjIbPYAU
3,1:M Content,001ed00000oRfLe,Agentforce,2025-11-01,2025-11-01,001ed00000oRfLeYAK
2,1:M Content,0013000001GUUwq,Agentforce,2025-11-01,2025-11-01,0013000001GUUwqAAH
5,1:M Content,0010M00001WZnpq,Agentforce,2025-10-01,2025-10-01,0010M00001WZnpqQAD
2,1:M Content,001ed00000O4PWi,Agentforce,2025-08-01,2025-08-01,001ed00000O4PWiYAN
2,1:M Content,001ed00000nsSW9,Agentforce,2025-11-01,2025-11-01,001ed00000nsSW9YAM
2,1:M Content,0013000000HkkOA,Agentforce,2025-07-01,2025-07-01,0013000000HkkOAAAZ
4,1:M Content,00100000001ow6d,Agentforce,2025-08-01,2025-08-01,00100000001ow6dAAA
2,1:M Content,0010M00001UMBT3,Agentforce,2025-12-01,2025-12-01,0010M00001UMBT3QAP
2,1:M Content,0010M00001Qm6Fy,Agentforce,2025-01-01,2025-01-01,0010M00001Qm6FyQAJ
4,1:M Content,001ed00000h7mGr,Agentforce,2025-09-01,2025-09-01,001ed00000h7mGrYAI
2,1:M Content,001ed00000h7IST,Agentforce,2025-10-01,2025-10-01,001ed00000h7ISTYA2
2,1:M Content,0013000001MrtNf,Agentforce,2025-07-01,2025-07-01,0013000001MrtNfAAJ
3,1:M Content,0013000000RXcxo,Agentforce,2025-08-01,2025-08-01,0013000000RXcxoAAD
3,1:M Content,0010M00001SnEXA,Agentforce,2025-09-01,2025-09-01,0010M00001SnEXAQA3
2,1:M Content,001ed00000q1KgH,Agentforce,2025-11-01,2025-11-01,001ed00000q1KgHYAU
2,1:M Content,0010M00001SIK2s,Agentforce,2025-06-01,2025-06-01,0010M00001SIK2sQAH
3,1:M Content,0013000000HGA1A,Agentforce,2025-10-01,2025-10-01,0013000000HGA1AAAX
3,1:M Content,0013000000NR8fI,Agentforce,2025-12-01,2025-12-01,0013000000NR8fIAAT
4,1:M Content,001ed000004rwef,Agentforce,2025-10-01,2025-10-01,001ed000004rwefYAA
2,1:M Content,001ed00000Qbeyp,Agentforce,2025-07-01,2025-07-01,001ed00000QbeypYAB
3,1:M Content,001ed00000h0x7P,Agentforce,2025-09-01,2025-09-01,001ed00000h0x7PYAQ
2,1:M Content,001ed00000syNlu,Agentforce,2025-12-01,2025-12-01,001ed00000syNluYAE
4,1:M Content,001ed00000YX9yb,Agentforce,2025-07-01,2025-07-01,001ed00000YX9ybYAD
2,1:M Content,0013000000Ziqmj,Agentforce,2025-07-01,2025-07-01,0013000000ZiqmjAAB
2,1:M Content,001ed00000ritIR,Agentforce,2025-12-01,2025-12-01,001ed00000ritIRYAY
2,1:M Content,0013000001Msju5,Agentforce,2025-08-01,2025-08-01,0013000001Msju5AAB
1,Success Guides,0013y00001cgSyd,Agentforce,2025-12-01,2025-11-01,0013y00001cgSydQAE
1,Success Guides,00130000000bhoI,Agentforce,2025-03-01,2025-02-01,00130000000bhoIAAQ
1,Success Guides,0010M00001WHqf4,Agentforce,2025-12-01,2025-12-01,0010M00001WHqf4QAD
1,Success Guides,0013y00001crW7Y,Agentforce,2025-12-01,2025-11-01,0013y00001crW7YQAU
1,Success Guides,0013000001KaJIW,Agentforce,2025-11-01,2025-11-01,0013000001KaJIWAA3
1,Success Guides,0013y00001eXRZW,Agentforce,2025-09-01,2025-09-01,0013y00001eXRZWQA4
1,Success Guides,0013000000Zja6Z,Agentforce,2025-05-01,2025-04-01,0013000000Zja6ZAAR
1,Success Guides,00100000001UPGh,Agentforce,2025-12-01,2025-11-01,00100000001UPGhAAO
1,Success Guides,00130000008CrP5,Agentforce,2025-10-01,2025-07-01,00130000008CrP5AAK
1,Success Guides,0013000001GUbtG,Agentforce,2025-06-01,2025-05-01,0013000001GUbtGAAT
1,Success Guides,0010M00001Qqm0v,Agentforce,2025-12-01,2025-11-01,0010M00001Qqm0vQAB
1,Success Guides,0013000000rpsTK,Agentforce,2025-11-01,2025-11-01,0013000000rpsTKAAY
1,Success Guides,001000000027wBg,Agentforce,2025-11-01,2025-10-01,001000000027wBgAAI
1,Success Guides,0010M00001VKmea,Agentforce,2025-09-01,2025-08-01,0010M00001VKmeaQAD
1,Success Guides,0010M00001XyDst,Agentforce,2025-07-01,2025-06-01,0010M00001XyDstQAF
1,Success Guides,0013000001CCtDP,Agentforce,2025-10-01,2025-09-01,0013000001CCtDPAA1
1,Success Guides,00130000002xWYy,Agentforce,2025-09-01,2025-08-01,00130000002xWYyAAM
1,Success Guides,0010M00001WIR7F,Agentforce,2025-05-01,2025-04-01,0010M00001WIR7FQAX
1,Success Guides,0010M00001XyAJ7,Agentforce,2024-12-01,2024-11-01,0010M00001XyAJ7QAN
1,Success Guides,0013000000hIbcZ,Agentforce,2025-12-01,2025-11-01,0013000000hIbcZAAS
1,Success Guides,001ed00000LjGMH,Agentforce,2025-11-01,2025-10-01,001ed00000LjGMHYA3
4,Success Guides,0010M00001SJDEl,Agentforce,2025-11-01,2025-11-01,0010M00001SJDElQAP
1,1:M Content,0010M00001W88wu,Agentforce,2025-09-01,2025-09-01,0010M00001W88wuQAB
1,1:M Content,0013000001Ih0t4,Agentforce,2025-09-01,2025-09-01,0013000001Ih0t4AAB
1,1:M Content,001ed00000fFnNN,Agentforce,2025-08-01,2025-08-01,001ed00000fFnNNYA0
1,1:M Content,0013000000B2P64,Agentforce,2025-12-01,2025-12-01,0013000000B2P64AAF
1,1:M Content,0010M00001Sq0KG,Agentforce,2025-11-01,2025-11-01,0010M00001Sq0KGQAZ
1,1:M Content,0013y00001e5tym,Agentforce,2025-08-01,2025-08-01,0013y00001e5tymQAA
1,1:M Content,0010M00001Qqibd,Agentforce,2025-09-01,2025-09-01,0010M00001QqibdQAB
1,1:M Content,0013000001J4n3T,Agentforce,2025-10-01,2025-10-01,0013000001J4n3TAAR
1,1:M Content,001ed00000aTwyP,Agentforce,2025-08-01,2025-08-01,001ed00000aTwyPYAS
1,1:M Content,00100000000nE9A,Agentforce,2025-07-01,2025-07-01,00100000000nE9AAAU
1,1:M Content,0013y00001hDmLD,Agentforce,2025-07-01,2025-07-01,0013y00001hDmLDQA0
1,1:M Content,0013000000RY8mj,Agentforce,2025-08-01,2025-08-01,0013000000RY8mjAAD
1,1:M Content,0013y00001buHUl,Agentforce,2025-11-01,2025-11-01,0013y00001buHUlQAM
1,1:M Content,001ed00000OQJE5,Agentforce,2025-08-01,2025-08-01,001ed00000OQJE5YAP
1,1:M Content,001ed00000D3g88,Agentforce,2025-01-01,2025-01-01,001ed00000D3g88YAB
1,1:M Content,0013000000GJdtI,Agentforce,2025-01-01,2025-01-01,0013000000GJdtIAAT
1,1:M Content,0010M00001QmvAa,Agentforce,2025-07-01,2025-07-01,0010M00001QmvAaQAJ
1,1:M Content,00130000002xRrX,Agentforce,2025-09-01,2025-09-01,00130000002xRrXAAU
1,1:M Content,001ed00000apgDP,Agentforce,2025-07-01,2025-07-01,001ed00000apgDPYAY
1,1:M Content,001ed000006bKu0,Agentforce,2025-07-01,2025-07-01,001ed000006bKu0YAE
1,1:M Content,001ed00000qBAsY,Agentforce,2025-12-01,2025-12-01,001ed00000qBAsYYAW
1,1:M Content,0010M00001WkbYh,Agentforce,2025-11-01,2025-11-01,0010M00001WkbYhQAJ
1,1:M Content,0013000000NREjY,Agentforce,2025-11-01,2025-11-01,0013000000NREjYAAX
1,1:M Content,001ed00000QEXWf,Agentforce,2025-07-01,2025-07-01,001ed00000QEXWfYAP
1,1:M Content,0013000000hJJnD,Agentforce,2025-09-01,2025-09-01,0013000000hJJnDAAW
1,1:M Content,0010M00001SIjcm,Agentforce,2025-12-01,2025-12-01,0010M00001SIjcmQAD
1,1:M Content,0010M00001S977v,Agentforce,2025-08-01,2025-07-01,0010M00001S977vQAB
1,1:M Content,0013y00001dWwtt,Agentforce,2025-08-01,2025-08-01,0013y00001dWwttQAC
1,1:M Content,0013000000LzUpI,Agentforce,2025-09-01,2025-09-01,0013000000LzUpIAAV
1,1:M Content,00130000002xUiq,Agentforce,2025-07-01,2025-07-01,00130000002xUiqAAE
1,1:M Content,0013000001GWLGz,Agentforce,2025-09-01,2025-09-01,0013000001GWLGzAAP
1,1:M Content,001ed00000eHFZv,Agentforce,2025-08-01,2025-08-01,001ed00000eHFZvYAO
1,1:M Content,0010M00001YFgFe,Agentforce,2025-06-01,2025-06-01,0010M00001YFgFeQAL
1,1:M Content,001ed00000Jai62,Agentforce,2025-03-01,2025-03-01,001ed00000Jai62YAB
1,1:M Content,0013000001CDMvt,Agentforce,2025-08-01,2025-08-01,0013000001CDMvtAAH
1,1:M Content,0013000000IWNdA,Agentforce,2025-08-01,2025-08-01,0013000000IWNdAAAX
1,1:M Content,00130000002eHBY,Agentforce,2025-10-01,2025-10-01,00130000002eHBYAA2
1,1:M Content,0013000000IknVx,Agentforce,2025-09-01,2025-09-01,0013000000IknVxAAJ
1,1:M Content,001ed00000Zt3if,Agentforce,2025-07-01,2025-07-01,001ed00000Zt3ifYAB
1,1:M Content,001ed00000DjzFy,Agentforce,2025-01-01,2025-01-01,001ed00000DjzFyYAJ
1,1:M Content,00100000000GOGX,Agentforce,2025-10-01,2025-10-01,00100000000GOGXAA4
1,1:M Content,0010M00001SemY6,Agentforce,2025-11-01,2025-11-01,0010M00001SemY6QAJ
1,1:M Content,001ed00000Gd33G,Agentforce,2025-02-01,2025-02-01,001ed00000Gd33GYAR
1,1:M Content,0013000000326ge,Agentforce,2025-08-01,2025-08-01,0013000000326geAAA
1,1:M Content,0013000000rnlel,Agentforce,2025-07-01,2025-07-01,0013000000rnlelAAA
1,1:M Content,00130000016g1yG,Agentforce,2025-12-01,2025-12-01,00130000016g1yGAAQ
1,1:M Content,0013y00001d0aMa,Agentforce,2024-12-01,2024-12-01,0013y00001d0aMaQAI
1,1:M Content,0013000000hId2t,Agentforce,2025-10-01,2025-10-01,0013000000hId2tAAC
1,1:M Content,0013000001CCCsT,Agentforce,2025-07-01,2025-07-01,0013000001CCCsTAAX
1,1:M Content,0010M00001Qakik,Agentforce,2025-05-01,2025-05-01,0010M00001QakikQAB
1,1:M Content,0013000000K7Evd,Agentforce,2025-09-01,2025-09-01,0013000000K7EvdAAF
1,1:M Content,0010M00001QkGK0,Agentforce,2024-12-01,2024-12-01,0010M00001QkGK0QAN
3,1:M Content,0010M00001Qm5BC,Agentforce,2025-05-01,2025-05-01,0010M00001Qm5BCQAZ
6,1:M Content,00130000008eaHC,Agentforce,2025-05-01,2025-05-01,00130000008eaHCAAY
4,1:M Content,0010M00001WaLQN,Agentforce,2025-08-01,2025-08-01,0010M00001WaLQNQA3
3,1:M Content,001ed00000fWdjN,Agentforce,2025-09-01,2025-09-01,001ed00000fWdjNYAS
4,1:M Content,0013000000rpXG1,Agentforce,2025-07-01,2025-07-01,0013000000rpXG1AAM
3,1:M Content,001ed00000ggf6d,Agentforce,2025-09-01,2025-09-01,001ed00000ggf6dYAA
4,1:M Content,001ed00000bRsiB,Agentforce,2025-07-01,2025-07-01,001ed00000bRsiBYAS
4,1:M Content,001ed00000sIHUj,Agentforce,2025-12-01,2025-12-01,001ed00000sIHUjYAO
3,1:M Content,0013y00001d7F0V,Agentforce,2025-07-01,2025-07-01,0013y00001d7F0VQAU
4,1:M Content,001ed00000fC7sX,Agentforce,2025-08-01,2025-08-01,001ed00000fC7sXYAS
2,1:M Content,0013000000ZmUW5,Agentforce,2025-12-01,2025-12-01,0013000000ZmUW5AAN
3,1:M Content,0013000000M1aOP,Agentforce,2025-10-01,2025-10-01,0013000000M1aOPAAZ
4,1:M Content,0010M00001WZSSR,Agentforce,2025-08-01,2025-08-01,0010M00001WZSSRQA5
3,1:M Content,0010M00001XxbdV,Agentforce,2025-03-01,2025-03-01,0010M00001XxbdVQAR
4,1:M Content,001ed00000oROFx,Agentforce,2025-11-01,2025-11-01,001ed00000oROFxYAO
4,1:M Content,001ed00000eDfmL,Agentforce,2025-08-01,2025-08-01,001ed00000eDfmLYAS
4,1:M Content,001ed00000GgVB7,Agentforce,2025-11-01,2025-11-01,001ed00000GgVB7YAN
4,1:M Content,00130000016il5c,Agentforce,2025-08-01,2025-08-01,00130000016il5cAAA
3,1:M Content,001ed00000YZvG0,Agentforce,2025-07-01,2025-07-01,001ed00000YZvG0YAL
3,1:M Content,00130000002xYek,Agentforce,2025-08-01,2025-08-01,00130000002xYekAAE
4,1:M Content,0013000000AXupC,Agentforce,2025-09-01,2025-09-01,0013000000AXupCAAT
3,1:M Content,001ed00000UdcTz,Agentforce,2025-06-01,2025-06-01,001ed00000UdcTzYAJ
3,1:M Content,001ed00000YAXOw,Agentforce,2025-07-01,2025-07-01,001ed00000YAXOwYAP
2,1:M Content,001ed00000lIhDA,Agentforce,2025-10-01,2025-10-01,001ed00000lIhDAYA0
2,1:M Content,001ed00000RTtcg,Agentforce,2025-05-01,2025-05-01,001ed00000RTtcgYAD
3,1:M Content,001ed00000o7aMv,Agentforce,2025-11-01,2025-11-01,001ed00000o7aMvYAI
3,1:M Content,00100000001H5Fx,Agentforce,2025-10-01,2025-10-01,00100000001H5FxAAK
2,1:M Content,0013000000rnIFa,Agentforce,2025-01-01,2025-01-01,0013000000rnIFaAAM
3,1:M Content,0010M00001PEnm0,Agentforce,2025-10-01,2025-10-01,0010M00001PEnm0QAD
3,1:M Content,0013y00001fSqm9,Agentforce,2025-08-01,2025-08-01,0013y00001fSqm9QAC
2,1:M Content,001ed00000fHzkD,Agentforce,2025-08-01,2025-08-01,001ed00000fHzkDYAS
3,1:M Content,0013000001GWWh0,Agentforce,2025-11-01,2025-11-01,0013000001GWWh0AAH
3,1:M Content,0013000000LzUpI,Agentforce,2025-08-01,2025-08-01,0013000000LzUpIAAV
2,1:M Content,0010M00001JzikW,Agentforce,2025-07-01,2025-07-01,0010M00001JzikWQAR
2,1:M Content,0013000001CDFlq,Agentforce,2025-10-01,2025-10-01,0013000001CDFlqAAH
2,1:M Content,001ed00000QjnDh,Agentforce,2025-05-01,2025-05-01,001ed00000QjnDhYAJ
4,1:M Content,001ed000006Ywz0,Agentforce,2025-11-01,2025-11-01,001ed000006Ywz0YAC
2,1:M Content,0010M00001S9I9O,Agentforce,2025-08-01,2025-08-01,0010M00001S9I9OQAV
3,1:M Content,0010M00001Wae3Y,Agentforce,2025-09-01,2025-09-01,0010M00001Wae3YQAR
2,1:M Content,001000000001zcf,Agentforce,2025-09-01,2025-09-01,001000000001zcfAAA
1,Success Guides,0013y00001dWPHO,Agentforce,2025-11-01,2025-11-01,0013y00001dWPHOQA4
1,Success Guides,0013000000hLbh2,Agentforce,2025-10-01,2025-09-01,0013000000hLbh2AAC
1,Success Guides,0010M00001QksUU,Agentforce,2025-04-01,2025-03-01,0010M00001QksUUQAZ
1,Success Guides,0013000000I56jW,Agentforce,2025-12-01,2025-10-01,0013000000I56jWAAR
1,Success Guides,0013000000rmumP,Agentforce,2025-02-01,2025-01-01,0013000000rmumPAAQ
1,Success Guides,001000000027wKl,Agentforce,2025-12-01,2025-11-01,001000000027wKlAAI
1,Success Guides,0013000001MsBH4,Agentforce,2025-09-01,2025-09-01,0013000001MsBH4AAN
1,Success Guides,0010M00001QqXoj,Agentforce,2025-10-01,2025-09-01,0010M00001QqXojQAF
1,Success Guides,00130000016ik2c,Agentforce,2025-09-01,2025-08-01,00130000016ik2cAAA
1,Success Guides,0010M00001WHwKT,Agentforce,2025-12-01,2025-10-01,0010M00001WHwKTQA1
1,Success Guides,0013y00001f9L7C,Agentforce,2025-12-01,2025-10-01,0013y00001f9L7CQAU
1,Success Guides,0013000000M2UOx,Agentforce,2025-10-01,2025-09-01,0013000000M2UOxAAN
1,Success Guides,00130000005wQRD,Agentforce,2025-12-01,2025-12-01,00130000005wQRDAA2
1,Success Guides,0013y00001fSwEZ,Agentforce,2025-12-01,2025-12-01,0013y00001fSwEZQA0
1,Success Guides,0010M00001VKkKn,Agentforce,2025-12-01,2025-12-01,0010M00001VKkKnQAL
1,Success Guides,0013000000rnlel,Agentforce,2025-05-01,2024-12-01,0013000000rnlelAAA
4,Success Architects,,Agentforce,2025-12-01,2025-09-01
1,1:M Content,001ed00000JgzPA,Agentforce,2025-06-01,2025-06-01,001ed00000JgzPAYAZ
1,1:M Content,001ed00000G0nPN,Agentforce,2025-01-01,2025-01-01,001ed00000G0nPNYAZ
1,1:M Content,001ed00000nVpzn,Agentforce,2025-11-01,2025-11-01,001ed00000nVpznYAC
1,1:M Content,001ed00000eC0Of,Agentforce,2025-08-01,2025-08-01,001ed00000eC0OfYAK
1,1:M Content,0013000000NPEtp,Agentforce,2025-06-01,2025-06-01,0013000000NPEtpAAH
1,1:M Content,0010M00001Qakik,Agentforce,2025-11-01,2025-11-01,0010M00001QakikQAB
1,1:M Content,001ed00000pQKAe,Agentforce,2025-11-01,2025-11-01,001ed00000pQKAeYAO
1,1:M Content,001ed00000boa9S,Agentforce,2025-08-01,2025-08-01,001ed00000boa9SYAQ
1,1:M Content,001ed00000UX1KF,Agentforce,2025-06-01,2025-06-01,001ed00000UX1KFYA1
1,1:M Content,001ed00000fEAzB,Agentforce,2025-08-01,2025-08-01,001ed00000fEAzBYAW
1,1:M Content,0013y00001crNxh,Agentforce,2025-07-01,2025-07-01,0013y00001crNxhQAE
1,1:M Content,001ed00000gU2tr,Agentforce,2025-09-01,2025-09-01,001ed00000gU2trYAC
1,1:M Content,001ed00000Zqv4T,Agentforce,2025-07-01,2025-07-01,001ed00000Zqv4TYAR
1,1:M Content,0013000000hLwqt,Agentforce,2025-02-01,2025-02-01,0013000000hLwqtAAC
1,1:M Content,0010M00001cCUO1,Agentforce,2025-08-01,2025-08-01,0010M00001cCUO1QAO
1,1:M Content,001ed00000b3qWG,Agentforce,2025-08-01,2025-08-01,001ed00000b3qWGYAY
1,1:M Content,001ed00000hOxEJ,Agentforce,2025-09-01,2025-09-01,001ed00000hOxEJYA0
1,1:M Content,0013000000090ra,Agentforce,2025-01-01,2025-01-01,0013000000090raAAA
1,1:M Content,001ed00000qqDrI,Agentforce,2025-11-01,2025-11-01,001ed00000qqDrIYAU
1,1:M Content,0013000000RXQP7,Agentforce,2025-01-01,2025-01-01,0013000000RXQP7AAP
1,1:M Content,001ed00000omBxG,Agentforce,2025-12-01,2025-12-01,001ed00000omBxGYAU
1,1:M Content,0013y00001cFqDt,Agentforce,2025-07-01,2025-07-01,0013y00001cFqDtQAK
1,1:M Content,001ed00000ZmMuv,Agentforce,2025-12-01,2025-12-01,001ed00000ZmMuvYAF
1,1:M Content,0010M00001WY0R9,Agentforce,2025-01-01,2025-01-01,0010M00001WY0R9QAL
1,1:M Content,0013000001GWY0D,Agentforce,2025-05-01,2025-05-01,0013000001GWY0DAAX
1,1:M Content,00100000001ldKJ,Agentforce,2025-12-01,2025-12-01,00100000001ldKJAAY
1,1:M Content,0013000000M1oXW,Agentforce,2025-10-01,2025-10-01,0013000000M1oXWAAZ
1,1:M Content,0010M00001WkPuQ,Agentforce,2025-08-01,2025-08-01,0010M00001WkPuQQAV
1,1:M Content,0013000000hIxcu,Agentforce,2025-05-01,2025-05-01,0013000000hIxcuAAC
1,1:M Content,001ed00000ZrX05,Agentforce,2025-07-01,2025-07-01,001ed00000ZrX05YAF
1,1:M Content,0013y00001cb5Gc,Agentforce,2025-12-01,2025-12-01,0013y00001cb5GcQAI
1,1:M Content,0013y00001Z1HEV,Agentforce,2025-11-01,2025-11-01,0013y00001Z1HEVQA3
1,1:M Content,0010M00001SIcul,Agentforce,2025-01-01,2025-01-01,0010M00001SIculQAD
1,1:M Content,001ed00000eI11p,Agentforce,2025-08-01,2025-08-01,001ed00000eI11pYAC
1,1:M Content,0010M00001NYe71,Agentforce,2025-05-01,2025-05-01,0010M00001NYe71QAD
1,1:M Content,001ed00000fQI9q,Agentforce,2025-10-01,2025-10-01,001ed00000fQI9qYAG
1,1:M Content,001ed00000F0X8E,Agentforce,2025-02-01,2025-02-01,001ed00000F0X8EYAV
1,1:M Content,0013000000K0t7C,Agentforce,2025-01-01,2025-01-01,0013000000K0t7CAAR
1,1:M Content,0013000000GtseX,Agentforce,2025-07-01,2025-07-01,0013000000GtseXAAR
1,1:M Content,001ed00000VFwZj,Agentforce,2025-09-01,2025-09-01,001ed00000VFwZjYAL
1,1:M Content,0013000000JbFyT,Agentforce,2025-10-01,2025-10-01,0013000000JbFyTAAV
1,1:M Content,0013000000GLk5G,Agentforce,2025-08-01,2025-08-01,0013000000GLk5GAAT
1,1:M Content,0010M00001U3oUE,Agentforce,2025-02-01,2025-02-01,0010M00001U3oUEQAZ
1,1:M Content,0013000000HF5ru,Agentforce,2025-09-01,2025-09-01,0013000000HF5ruAAD
1,1:M Content,0013000000NSPeq,Agentforce,2024-12-01,2024-12-01,0013000000NSPeqAAH
1,1:M Content,0010M00001Wkh9D,Agentforce,2025-10-01,2025-10-01,0010M00001Wkh9DQAR
1,1:M Content,0013000000RaArt,Agentforce,2025-07-01,2025-07-01,0013000000RaArtAAF
1,1:M Content,001ed00000a3OPG,Agentforce,2025-07-01,2025-07-01,001ed00000a3OPGYA2
1,1:M Content,001ed00000dhCvW,Agentforce,2025-08-01,2025-08-01,001ed00000dhCvWYAU
1,1:M Content,001ed00000TDV6z,Agentforce,2025-06-01,2025-06-01,001ed00000TDV6zYAH
4,1:M Content,001ed00000pBGgn,Agentforce,2025-09-01,2025-09-01,001ed00000pBGgnYAG
11,1:M Content,0013y00001foaGN,Agentforce,2025-08-01,2025-08-01,0013y00001foaGNQAY
6,1:M Content,0013000001NX8to,Agentforce,2025-09-01,2025-09-01,0013000001NX8toAAD
2,1:M Content,0013000001Mnv6A,Agentforce,2025-08-01,2025-08-01,0013000001Mnv6AAAR
4,1:M Content,0013000000hIhIO,Agentforce,2025-08-01,2025-08-01,0013000000hIhIOAA0
4,1:M Content,0013000000HFbxS,Agentforce,2025-09-01,2025-09-01,0013000000HFbxSAAT
4,1:M Content,001ed00000oRLTO,Agentforce,2025-11-01,2025-11-01,001ed00000oRLTOYA4
4,1:M Content,001ed00000dEeSA,Agentforce,2025-08-01,2025-08-01,001ed00000dEeSAYA0
4,1:M Content,00100000001ow6d,Agentforce,2025-06-01,2025-06-01,00100000001ow6dAAA
4,1:M Content,001ed00000l8rTy,Agentforce,2025-11-01,2025-11-01,001ed00000l8rTyYAI
3,1:M Content,0013000000DAMWk,Agentforce,2025-12-01,2025-12-01,0013000000DAMWkAAP
2,1:M Content,0013000001CAuI9,Agentforce,2024-12-01,2024-12-01,0013000001CAuI9AAL
3,1:M Content,0013000000HFbxu,Agentforce,2025-07-01,2025-07-01,0013000000HFbxuAAD
4,1:M Content,001ed00000Serzx,Agentforce,2025-07-01,2025-07-01,001ed00000SerzxYAB
2,1:M Content,0013000000JhpD5,Agentforce,2025-06-01,2025-06-01,0013000000JhpD5AAJ
3,1:M Content,001ed00000bXz96,Agentforce,2025-12-01,2025-12-01,001ed00000bXz96YAC
4,1:M Content,0013y00001d0ptE,Agentforce,2025-08-01,2025-08-01,0013y00001d0ptEQAQ
3,1:M Content,001ed00000U7Fh1,Agentforce,2025-06-01,2025-06-01,001ed00000U7Fh1YAF
2,1:M Content,0010000000000X1,Agentforce,2025-06-01,2025-06-01,0010000000000X1AAI
4,1:M Content,0013000000JbNoe,Agentforce,2025-07-01,2025-07-01,0013000000JbNoeAAF
2,1:M Content,0013000000CG9f4,Agentforce,2025-06-01,2025-06-01,0013000000CG9f4AAD
2,1:M Content,00130000016hcDt,Agentforce,2025-09-01,2025-09-01,00130000016hcDtAAI
4,1:M Content,001ed00000dWqMq,Agentforce,2025-08-01,2025-08-01,001ed00000dWqMqYAK
2,1:M Content,001ed00000pTavZ,Agentforce,2025-11-01,2025-11-01,001ed00000pTavZYAS
4,1:M Content,001ed00000ok2tI,Agentforce,2025-11-01,2025-11-01,001ed00000ok2tIYAQ
2,1:M Content,0013000000RYi2R,Agentforce,2025-06-01,2025-06-01,0013000000RYi2RAAT
2,1:M Content,0013000001JyriP,Agentforce,2025-10-01,2025-10-01,0013000001JyriPAAR
2,1:M Content,0013y00001Z0hA9,Agentforce,2025-08-01,2025-08-01,0013y00001Z0hA9QAJ
3,1:M Content,0013000001J4n3T,Agentforce,2025-07-01,2025-07-01,0013000001J4n3TAAR
2,1:M Content,0013000001CBrMU,Agentforce,2025-08-01,2025-08-01,0013000001CBrMUAA1
3,1:M Content,001ed0000062kwC,Agentforce,2025-07-01,2025-07-01,001ed0000062kwCYAQ
2,1:M Content,001ed00000W37If,Agentforce,2025-06-01,2025-06-01,001ed00000W37IfYAJ
4,1:M Content,0013000000rpZHi,Agentforce,2025-05-01,2025-05-01,0013000000rpZHiAAM
2,1:M Content,0010M00001Jzva1,Agentforce,2025-11-01,2025-11-01,0010M00001Jzva1QAB
2,1:M Content,00100000001Y4Kj,Agentforce,2025-12-01,2025-12-01,00100000001Y4KjAAK
2,1:M Content,0013000000JHv1p,Agentforce,2025-12-01,2025-12-01,0013000000JHv1pAAD
2,1:M Content,001ed00000UxjB7,Agentforce,2025-06-01,2025-06-01,001ed00000UxjB7YAJ
2,1:M Content,00100000002BwYU,Agentforce,2025-01-01,2025-01-01,00100000002BwYUAA0
2,1:M Content,001ed0000068YnS,Agentforce,2025-05-01,2025-05-01,001ed0000068YnSYAU
2,1:M Content,001ed00000p5uFV,Agentforce,2025-12-01,2025-12-01,001ed00000p5uFVYAY
2,1:M Content,00100000000pWgb,Agentforce,2025-05-01,2025-05-01,00100000000pWgbAAE
2,1:M Content,0013y00001c8Lzu,Agentforce,2025-11-01,2025-11-01,0013y00001c8LzuQAE
2,1:M Content,0013000001GVdm2,Agentforce,2025-08-01,2025-08-01,0013000001GVdm2AAD
1,Success Guides,00130000016jd2B,Agentforce,2025-10-01,2025-09-01,00130000016jd2BAAQ
1,Success Guides,00100000000jvqk,Agentforce,2025-04-01,2025-02-01,00100000000jvqkAAA
1,Success Guides,0013000000M1RWp,Agentforce,2025-11-01,2025-10-01,0013000000M1RWpAAN
1,Success Guides,001ed000006Ywz0,Agentforce,2025-12-01,2025-11-01,001ed000006Ywz0YAC
1,Success Guides,0013000000B3Rn6,Agentforce,2025-01-01,2024-12-01,0013000000B3Rn6AAF
1,Success Guides,0010M00001SIpaw,Agentforce,2025-11-01,2025-10-01,0010M00001SIpawQAD
1,Success Guides,0013000001JeYBy,Agentforce,2025-05-01,2025-05-01,0013000001JeYByAAN
1,Success Guides,0010M00001ULfzf,Agentforce,2025-12-01,2025-12-01,0010M00001ULfzfQAD
1,Success Guides,0013y00001d1yrO,Agentforce,2025-12-01,2025-11-01,0013y00001d1yrOQAQ
1,Success Guides,0013000000LVgnR,Agentforce,2025-12-01,2025-10-01,0013000000LVgnRAAT
1,Success Guides,0010M00001NYmyv,Agentforce,2025-03-01,2025-03-01,0010M00001NYmyvQAD
1,Success Guides,0013y00001cMjRU,Agentforce,2025-12-01,2025-11-01,0013y00001cMjRUQA0
1,Success Guides,00130000002xWYy,Agentforce,2025-06-01,2025-04-01,00130000002xWYyAAM
1,Success Guides,00130000004CtvC,Agentforce,2025-10-01,2025-09-01,00130000004CtvCAAS
1,Success Guides,00100000002AuZO,Agentforce,2025-01-01,2024-11-01,00100000002AuZOAA0
1,Success Guides,0010M00001Wkmvi,Agentforce,2025-03-01,2025-01-01,0010M00001WkmviQAB
1,Success Guides,0013000001CCYPW,Agentforce,2025-07-01,2025-04-01,0013000001CCYPWAA5
1,Success Guides,0013000001FoTtA,Agentforce,2025-03-01,2025-02-01,0013000001FoTtAAAV
11,Success Architects,,Agentforce,2025-10-01,2025-08-01
2,Success Guides,0013000000M1Qmw,Agentforce,2025-11-01,2025-11-01,0013000000M1QmwAAF
1,1:M Content,001ed00000jNHz9,Agentforce,2025-11-01,2025-11-01,001ed00000jNHz9YAG
1,1:M Content,0013000001Fj9dv,Agentforce,2025-07-01,2025-07-01,0013000001Fj9dvAAB
1,1:M Content,0013000000rnQd9,Agentforce,2025-09-01,2025-09-01,0013000000rnQd9AAE
1,1:M Content,0010M00001QnLbv,Agentforce,2025-09-01,2025-09-01,0010M00001QnLbvQAF
1,1:M Content,001ed00000g6tuY,Agentforce,2025-09-01,2025-09-01,001ed00000g6tuYYAQ
1,1:M Content,001ed00000QuHqQ,Agentforce,2025-05-01,2025-05-01,001ed00000QuHqQYAV
1,1:M Content,0010M00001Yb0dJ,Agentforce,2025-04-01,2025-04-01,0010M00001Yb0dJQAR
1,1:M Content,0013000000GLjJm,Agentforce,2025-12-01,2025-12-01,0013000000GLjJmAAL
1,1:M Content,0010M00001VKjPc,Agentforce,2025-07-01,2025-07-01,0010M00001VKjPcQAL
1,1:M Content,0013000001GDo3o,Agentforce,2025-09-01,2025-09-01,0013000001GDo3oAAD
1,1:M Content,001ed00000Yu8dd,Agentforce,2025-07-01,2025-07-01,001ed00000Yu8ddYAB
1,1:M Content,0013y00001cQ60V,Agentforce,2025-05-01,2025-05-01,0013y00001cQ60VQAS
1,1:M Content,0013000001CDkWf,Agentforce,2025-05-01,2025-05-01,0013000001CDkWfAAL
1,1:M Content,001ed00000ZFRi7,Agentforce,2025-07-01,2025-07-01,001ed00000ZFRi7YAH
1,1:M Content,0013000000Ilm0t,Agentforce,2024-11-01,2024-11-01,0013000000Ilm0tAAB
1,1:M Content,001ed00000ouvEv,Agentforce,2025-12-01,2025-12-01,001ed00000ouvEvYAI
1,1:M Content,001ed00000sbrvw,Agentforce,2025-12-01,2025-12-01,001ed00000sbrvwYAA
1,1:M Content,0013000000RYZ1F,Agentforce,2025-08-01,2025-08-01,0013000000RYZ1FAAX
1,1:M Content,00130000002xAMy,Agentforce,2025-05-01,2025-05-01,00130000002xAMyAAM
1,1:M Content,001ed00000edIHP,Agentforce,2025-08-01,2025-08-01,001ed00000edIHPYA2
1,1:M Content,001ed00000mdZAT,Agentforce,2025-11-01,2025-11-01,001ed00000mdZATYA2
1,1:M Content,001ed00000bjROZ,Agentforce,2025-07-01,2025-07-01,001ed00000bjROZYA2
1,1:M Content,001ed00000dCerH,Agentforce,2025-08-01,2025-08-01,001ed00000dCerHYAS
1,1:M Content,0013000000M1A2j,Agentforce,2025-02-01,2025-02-01,0013000000M1A2jAAF
1,1:M Content,0010M00001QamTy,Agentforce,2025-04-01,2025-04-01,0010M00001QamTyQAJ
1,1:M Content,0013y00001e2mXq,Agentforce,2025-07-01,2025-07-01,0013y00001e2mXqQAI
1,1:M Content,0013y00001cTJoH,Agentforce,2025-07-01,2025-07-01,0013y00001cTJoHQAW
1,1:M Content,001ed00000eHHWs,Agentforce,2025-08-01,2025-08-01,001ed00000eHHWsYAO
1,1:M Content,00130000016j6Ol,Agentforce,2025-11-01,2025-11-01,00130000016j6OlAAI
1,1:M Content,0013000001MrX0O,Agentforce,2025-02-01,2025-02-01,0013000001MrX0OAAV
1,1:M Content,0013000001LXxho,Agentforce,2025-08-01,2025-08-01,0013000001LXxhoAAD
1,1:M Content,00130000016gVtI,Agentforce,2025-02-01,2025-02-01,00130000016gVtIAAU
1,1:M Content,001000000014qGQ,Agentforce,2025-07-01,2025-07-01,001000000014qGQAAY
1,1:M Content,001ed00000HV2ew,Agentforce,2025-03-01,2025-03-01,001ed00000HV2ewYAD
1,1:M Content,00130000002iGS5,Agentforce,2025-02-01,2025-02-01,00130000002iGS5AAM
1,1:M Content,0013000000ILMvV,Agentforce,2025-08-01,2025-08-01,0013000000ILMvVAAX
1,1:M Content,0013000001MiQWs,Agentforce,2025-07-01,2025-07-01,0013000001MiQWsAAN
1,1:M Content,0013000000NRWss,Agentforce,2025-09-01,2025-09-01,0013000000NRWssAAH
1,1:M Content,00100000002CN8M,Agentforce,2025-08-01,2025-08-01,00100000002CN8MAAW
1,1:M Content,0013000001KbP9z,Agentforce,2025-07-01,2025-07-01,0013000001KbP9zAAF
1,1:M Content,0010M00001U1fse,Agentforce,2025-02-01,2025-02-01,0010M00001U1fseQAB
1,1:M Content,001ed00000CeXj8,Agentforce,2025-01-01,2025-01-01,001ed00000CeXj8YAF
1,1:M Content,0010M00001YFiNh,Agentforce,2025-08-01,2025-08-01,0010M00001YFiNhQAL
1,1:M Content,001ed00000JrpFy,Agentforce,2025-02-01,2025-02-01,001ed00000JrpFyYAJ
1,1:M Content,001ed00000g5Spt,Agentforce,2025-09-01,2025-09-01,001ed00000g5SptYAE
1,1:M Content,0013000000HlAOj,Agentforce,2025-11-01,2025-11-01,0013000000HlAOjAAN
1,1:M Content,00130000016hcbW,Agentforce,2025-11-01,2025-11-01,00130000016hcbWAAQ
1,1:M Content,001ed00000hFH6F,Agentforce,2025-09-01,2025-09-01,001ed00000hFH6FYAW
1,1:M Content,0013000001CA029,Agentforce,2025-02-01,2025-02-01,0013000001CA029AAD
1,1:M Content,0013000001CAZ8U,Agentforce,2025-05-01,2025-05-01,0013000001CAZ8UAAX
1,1:M Content,001ed00000eHMul,Agentforce,2025-08-01,2025-08-01,001ed00000eHMulYAG
1,1:M Content,00130000002xZVS,Agentforce,2025-10-01,2025-10-01,00130000002xZVSAA2
11,1:M Content,001000000001zcf,Agentforce,2025-08-01,2025-08-01,001000000001zcfAAA
3,1:M Content,001ed00000Y27cv,Agentforce,2025-07-01,2025-07-01,001ed00000Y27cvYAB
5,1:M Content,0013000001JyoVv,Agentforce,2025-11-01,2025-11-01,0013000001JyoVvAAJ
2,1:M Content,001ed00000BQ8Oc,Agentforce,2025-09-01,2025-09-01,001ed00000BQ8OcYAL
3,1:M Content,001ed00000XrvV8,Agentforce,2025-07-01,2025-07-01,001ed00000XrvV8YAJ
2,1:M Content,00130000001HpHO,Agentforce,2025-05-01,2025-05-01,00130000001HpHOAA0
2,1:M Content,001ed00000SmKKT,Agentforce,2025-06-01,2025-06-01,001ed00000SmKKTYA3
2,1:M Content,0013000000Gu0Tm,Agentforce,2025-09-01,2025-09-01,0013000000Gu0TmAAJ
3,1:M Content,0013000000GJcBo,Agentforce,2025-06-01,2025-06-01,0013000000GJcBoAAL
3,1:M Content,001ed00000eWEs6,Agentforce,2025-08-01,2025-08-01,001ed00000eWEs6YAG
2,1:M Content,0013000000I4Ktt,Agentforce,2025-06-01,2025-06-01,0013000000I4KttAAF
3,1:M Content,0013000000GtseX,Agentforce,2025-08-01,2025-08-01,0013000000GtseXAAR
2,1:M Content,001ed00000mg1Ty,Agentforce,2025-11-01,2025-11-01,001ed00000mg1TyYAI
4,1:M Content,0013000000ExgM8,Agentforce,2025-09-01,2025-09-01,0013000000ExgM8AAJ
2,1:M Content,001ed00000eTtV7,Agentforce,2025-09-01,2025-09-01,001ed00000eTtV7YAK
4,1:M Content,0013000000ro8zj,Agentforce,2025-10-01,2025-10-01,0013000000ro8zjAAA
4,1:M Content,001ed00000oSTtV,Agentforce,2025-11-01,2025-11-01,001ed00000oSTtVYAW
5,1:M Content,0013000000JbNoe,Agentforce,2025-10-01,2025-10-01,0013000000JbNoeAAF
2,1:M Content,0010M00001QaBKV,Agentforce,2025-07-01,2025-07-01,0010M00001QaBKVQA3
3,1:M Content,00130000003Nevx,Agentforce,2025-10-01,2025-10-01,00130000003NevxAAC
3,1:M Content,001ed00000RQIZg,Agentforce,2025-06-01,2025-06-01,001ed00000RQIZgYAP
4,1:M Content,001ed00000gqGQH,Agentforce,2025-09-01,2025-09-01,001ed00000gqGQHYA2
2,1:M Content,001ed00000bmmOQ,Agentforce,2025-07-01,2025-07-01,001ed00000bmmOQYAY
2,1:M Content,001ed00000balRK,Agentforce,2025-07-01,2025-07-01,001ed00000balRKYAY
5,1:M Content,0013000000ZkDYe,Agentforce,2025-07-01,2025-07-01,0013000000ZkDYeAAN
4,1:M Content,001ed00000f21i1,Agentforce,2025-08-01,2025-08-01,001ed00000f21i1YAA
2,1:M Content,0013y00001c8BgD,Agentforce,2025-06-01,2025-06-01,0013y00001c8BgDQAU
2,1:M Content,0013y00001fZjUz,Agentforce,2025-01-01,2025-01-01,0013y00001fZjUzQAK
2,1:M Content,001ed00000DKN4F,Agentforce,2025-01-01,2025-01-01,001ed00000DKN4FYAX
2,1:M Content,0013y00001c8Pdt,Agentforce,2025-12-01,2025-12-01,0013y00001c8PdtQAE
2,1:M Content,001ed00000s1hbn,Agentforce,2025-12-01,2025-12-01,001ed00000s1hbnYAA
2,1:M Content,0010M00001UVfII,Agentforce,2025-07-01,2025-07-01,0010M00001UVfIIQA1
2,1:M Content,00130000016ic07,Agentforce,2025-02-01,2025-02-01,00130000016ic07AAA
2,1:M Content,0013000000M1gy5,Agentforce,2025-11-01,2025-11-01,0013000000M1gy5AAB
2,1:M Content,0010M00001WZF2p,Agentforce,2025-08-01,2025-08-01,0010M00001WZF2pQAH
2,1:M Content,00100000000wPtf,Agentforce,2025-10-01,2025-10-01,00100000000wPtfAAE
1,Success Guides,0010M00001VKpAi,Agentforce,2024-12-01,2024-11-01,0010M00001VKpAiQAL
1,Success Guides,0013000000rpkHG,Agentforce,2025-12-01,2025-11-01,0013000000rpkHGAAY
1,Success Guides,0013y00001dO0W6,Agentforce,2025-09-01,2025-09-01,0013y00001dO0W6QAK
1,Success Guides,0013000000Hj578,Agentforce,2025-10-01,2025-10-01,0013000000Hj578AAB
1,Success Architects,,Agentforce,2025-12-01,2025-12-01
1,Success Guides,0013000000hK7u2,Agentforce,2025-09-01,2025-09-01,0013000000hK7u2AAC
1,Success Guides,0010M00001WIR7F,Agentforce,2025-04-01,2025-03-01,0010M00001WIR7FQAX
1,Success Guides,00130000016h9dV,Agentforce,2025-06-01,2025-06-01,00130000016h9dVAAQ
1,Success Guides,0013y00001XzJxr,Agentforce,2025-11-01,2025-09-01,0013y00001XzJxrQAF
1,Success Guides,0013000001Gh08g,Agentforce,2025-12-01,2025-11-01,0013000001Gh08gAAB
1,Success Guides,00130000000CYSz,Agentforce,2025-05-01,2025-05-01,00130000000CYSzAAO
1,Success Guides,0010M00001SILes,Agentforce,2025-01-01,2024-12-01,0010M00001SILesQAH
1,Success Guides,0013000000M0A5j,Agentforce,2025-01-01,2025-01-01,0013000000M0A5jAAF
1,Success Guides,0013000000HIjJL,Agentforce,2025-02-01,2025-02-01,0013000000HIjJLAA1
1,Success Guides,00130000016iljm,Agentforce,2025-07-01,2025-07-01,00130000016iljmAAA
1,Success Guides,00130000016k3aM,Agentforce,2025-03-01,2025-02-01,00130000016k3aMAAQ
1,Success Guides,0013000001KZ56T,Agentforce,2025-12-01,2025-12-01,0013000001KZ56TAAT
1,Success Guides,00130000002x8G8,Agentforce,2025-10-01,2025-09-01,00130000002x8G8AAI
1,Success Guides,0013000001GVn45,Agentforce,2025-09-01,2025-08-01,0013000001GVn45AAD
1,Success Guides,0013000000hJ1Ob,Agentforce,2025-08-01,2025-08-01,0013000000hJ1ObAAK
1,Success Guides,00130000004IFV0,Agentforce,2025-11-01,2025-11-01,00130000004IFV0AAO
1,Success Guides,00130000002bqQj,Agentforce,2025-08-01,2025-08-01,00130000002bqQjAAI
1,1:M Content,0013y00001f7jg7,Agentforce,2025-12-01,2025-12-01,0013y00001f7jg7QAA
1,1:M Content,001ed00000d5k3n,Agentforce,2025-08-01,2025-08-01,001ed00000d5k3nYAA
1,1:M Content,0013y00001g9QHe,Agentforce,2025-09-01,2025-09-01,0013y00001g9QHeQAM
1,1:M Content,0010000000245vq,Agentforce,2025-08-01,2025-08-01,0010000000245vqAAA
1,1:M Content,001ed0000067YBF,Agentforce,2025-07-01,2025-07-01,001ed0000067YBFYA2
1,1:M Content,0013y00001g9hVy,Agentforce,2025-10-01,2025-10-01,0013y00001g9hVyQAI
1,1:M Content,0013000000roqhI,Agentforce,2025-08-01,2025-08-01,0013000000roqhIAAQ
1,1:M Content,0013000000hMViK,Agentforce,2025-02-01,2025-02-01,0013000000hMViKAAW
1,1:M Content,001ed00000UB3sb,Agentforce,2025-06-01,2025-06-01,001ed00000UB3sbYAD
1,1:M Content,0013y00001cU2S1,Agentforce,2025-02-01,2025-02-01,0013y00001cU2S1QAK
1,1:M Content,00130000007tgIq,Agentforce,2025-09-01,2025-09-01,00130000007tgIqAAI
1,1:M Content,001ed00000h9l0Y,Agentforce,2025-09-01,2025-09-01,001ed00000h9l0YYAQ
1,1:M Content,0013000000M2yCF,Agentforce,2025-07-01,2025-07-01,0013000000M2yCFAAZ
1,1:M Content,0010M00001PE5E6,Agentforce,2025-09-01,2025-09-01,0010M00001PE5E6QAL
1,1:M Content,0013000000hKEJk,Agentforce,2025-02-01,2025-02-01,0013000000hKEJkAAO
1,1:M Content,0013000001LVf45,Agentforce,2025-01-01,2025-01-01,0013000001LVf45AAD
1,1:M Content,0013000001MnryZ,Agentforce,2025-11-01,2025-11-01,0013000001MnryZAAR
1,1:M Content,00100000001CwRx,Agentforce,2025-10-01,2025-10-01,00100000001CwRxAAK
1,1:M Content,0013000001Jxzh3,Agentforce,2025-04-01,2025-04-01,0013000001Jxzh3AAB
1,1:M Content,001ed00000q51K5,Agentforce,2025-12-01,2025-12-01,001ed00000q51K5YAI
1,1:M Content,0010M00001Splvl,Agentforce,2025-02-01,2025-02-01,0010M00001SplvlQAB
1,1:M Content,001ed00000fWold,Agentforce,2025-08-01,2025-08-01,001ed00000fWoldYAC
1,1:M Content,0010M00001PDskq,Agentforce,2025-07-01,2025-07-01,0010M00001PDskqQAD
1,1:M Content,0013y00001eq529,Agentforce,2025-03-01,2025-03-01,0013y00001eq529QAA
1,1:M Content,0013000000JHv1p,Agentforce,2025-10-01,2025-10-01,0013000000JHv1pAAD
1,1:M Content,001ed00000D8Evx,Agentforce,2024-12-01,2024-12-01,001ed00000D8EvxYAF
1,1:M Content,00130000001jQzM,Agentforce,2025-02-01,2025-02-01,00130000001jQzMAAU
1,1:M Content,001ed00000EeeBZ,Agentforce,2025-01-01,2025-01-01,001ed00000EeeBZYAZ
1,1:M Content,0013000001GW7x9,Agentforce,2025-07-01,2025-07-01,0013000001GW7x9AAD
1,1:M Content,0010M00001XyAva,Agentforce,2025-11-01,2025-11-01,0010M00001XyAvaQAF
1,1:M Content,001000000027vN5,Agentforce,2025-07-01,2025-07-01,001000000027vN5AAI
1,1:M Content,001ed00000fg6EO,Agentforce,2025-08-01,2025-08-01,001ed00000fg6EOYAY
1,1:M Content,001ed00000eDN9S,Agentforce,2025-08-01,2025-08-01,001ed00000eDN9SYAW
1,1:M Content,001ed00000bdKpa,Agentforce,2025-07-01,2025-07-01,001ed00000bdKpaYAE
1,1:M Content,0010M00001QjvZT,Agentforce,2025-11-01,2025-11-01,0010M00001QjvZTQAZ
1,1:M Content,0010M00001WaOgJ,Agentforce,2025-12-01,2025-12-01,0010M00001WaOgJQAV
1,1:M Content,001ed00000SinWM,Agentforce,2025-06-01,2025-06-01,001ed00000SinWMYAZ
1,1:M Content,00130000016jDzn,Agentforce,2025-09-01,2025-09-01,00130000016jDznAAE
1,1:M Content,001ed00000eGaGb,Agentforce,2025-08-01,2025-08-01,001ed00000eGaGbYAK
1,1:M Content,001ed00000eH9W8,Agentforce,2025-08-01,2025-08-01,001ed00000eH9W8YAK
1,1:M Content,001ed00000bZhUg,Agentforce,2025-07-01,2025-07-01,001ed00000bZhUgYAK
1,1:M Content,001ed00000maVrK,Agentforce,2025-10-01,2025-10-01,001ed00000maVrKYAU
1,1:M Content,0013y00001cs7ba,Agentforce,2025-05-01,2025-05-01,0013y00001cs7baQAA
1,1:M Content,0013000000NRaKu,Agentforce,2025-10-01,2025-10-01,0013000000NRaKuAAL
1,1:M Content,0013000000IkqwQ,Agentforce,2025-06-01,2025-06-01,0013000000IkqwQAAR
1,1:M Content,0013y00001bez9r,Agentforce,2025-01-01,2025-01-01,0013y00001bez9rQAA
1,1:M Content,0013000000ExEbR,Agentforce,2024-12-01,2024-12-01,0013000000ExEbRAAV
1,1:M Content,00130000000axgg,Agentforce,2025-08-01,2025-08-01,00130000000axggAAA
1,1:M Content,0010M00001SHnsv,Agentforce,2025-08-01,2025-08-01,0010M00001SHnsvQAD
1,1:M Content,0010M00001XyAPj,Agentforce,2025-12-01,2025-12-01,0010M00001XyAPjQAN
1,1:M Content,001ed00000dQIkP,Agentforce,2025-08-01,2025-08-01,001ed00000dQIkPYAW
1,1:M Content,0013y00001c4fAa,Agentforce,2025-10-01,2025-10-01,0013y00001c4fAaQAI
1,1:M Content,0013y00001g9iW4,Agentforce,2025-10-01,2025-10-01,0013y00001g9iW4QAI
13,1:M Content,0013000000Raquy,Agentforce,2025-08-01,2025-08-01,0013000000RaquyAAB
3,1:M Content,001ed00000JmBav,Agentforce,2025-12-01,2025-12-01,001ed00000JmBavYAF
2,1:M Content,00100000000tKHP,Agentforce,2025-09-01,2025-09-01,00100000000tKHPAA2
2,1:M Content,0013000000LEM5A,Agentforce,2025-05-01,2025-05-01,0013000000LEM5AAAX
2,1:M Content,0010M00001WACjj,Agentforce,2025-10-01,2025-10-01,0010M00001WACjjQAH
5,1:M Content,00100000001Y4Kj,Agentforce,2025-11-01,2025-11-01,00100000001Y4KjAAK
2,1:M Content,0010M00001WI4Cr,Agentforce,2025-01-01,2025-01-01,0010M00001WI4CrQAL
3,1:M Content,001ed00000jdl3e,Agentforce,2025-10-01,2025-10-01,001ed00000jdl3eYAA
6,1:M Content,0010M00001W833j,Agentforce,2025-11-01,2025-11-01,0010M00001W833jQAB
5,1:M Content,0013y00001cwAWu,Agentforce,2025-08-01,2025-08-01,0013y00001cwAWuQAM
2,1:M Content,001300000076wjx,Agentforce,2025-09-01,2025-09-01,001300000076wjxAAA
3,1:M Content,00130000000rUlV,Agentforce,2025-10-01,2025-10-01,00130000000rUlVAAU
8,1:M Content,00100000001ow6d,Agentforce,2025-05-01,2025-05-01,00100000001ow6dAAA
3,1:M Content,0013000001GEWbO,Agentforce,2025-08-01,2025-08-01,0013000001GEWbOAAX
4,1:M Content,001ed00000oiCOu,Agentforce,2025-11-01,2025-11-01,001ed00000oiCOuYAM
6,1:M Content,0010M00001XyAva,Agentforce,2025-06-01,2025-06-01,0010M00001XyAvaQAF
2,1:M Content,001ed00000ouvEv,Agentforce,2025-11-01,2025-11-01,001ed00000ouvEvYAI
3,1:M Content,00100000001wk18,Agentforce,2025-08-01,2025-08-01,00100000001wk18AAA
3,1:M Content,0013000000INKJe,Agentforce,2025-07-01,2025-07-01,0013000000INKJeAAP
2,1:M Content,001ed00000oScyP,Agentforce,2025-11-01,2025-11-01,001ed00000oScyPYAS
4,1:M Content,001ed00000duSb3,Agentforce,2025-08-01,2025-08-01,001ed00000duSb3YAE
3,1:M Content,001ed00000oUfSM,Agentforce,2025-11-01,2025-11-01,001ed00000oUfSMYA0
3,1:M Content,0013000000rprvm,Agentforce,2025-08-01,2025-08-01,0013000000rprvmAAA
2,1:M Content,001ed00000gAKep,Agentforce,2025-09-01,2025-09-01,001ed00000gAKepYAG
2,1:M Content,0013000001LXxho,Agentforce,2025-12-01,2025-12-01,0013000001LXxhoAAD
2,1:M Content,0013000001Fis2r,Agentforce,2025-04-01,2025-04-01,0013000001Fis2rAAB
2,1:M Content,001ed00000hsrmX,Agentforce,2025-10-01,2025-10-01,001ed00000hsrmXYAQ
2,1:M Content,001ed00000ebW8M,Agentforce,2025-10-01,2025-10-01,001ed00000ebW8MYAU
3,1:M Content,00130000004lxOu,Agentforce,2025-08-01,2025-08-01,00130000004lxOuAAI
2,1:M Content,0010M00001WZnpq,Agentforce,2025-09-01,2025-09-01,0010M00001WZnpqQAD
1,Success Guides,0013000000Em7DY,Agentforce,2025-03-01,2025-01-01,0013000000Em7DYAAZ
1,Success Guides,00130000016iMI3,Agentforce,2026-01-01,2025-10-01,00130000016iMI3AAM
1,Success Guides,00130000004mv1i,Agentforce,2025-06-01,2025-05-01,00130000004mv1iAAA
1,Success Guides,0013y00001cygAK,Agentforce,2025-02-01,2025-02-01,0013y00001cygAKQAY
1,Success Guides,001ed00000YDtUX,Agentforce,2025-10-01,2025-10-01,001ed00000YDtUXYA1
1,Success Guides,0013y00001eDMKv,Agentforce,2025-11-01,2025-10-01,0013y00001eDMKvQAO
1,Success Guides,0013000000hJJJw,Agentforce,2025-12-01,2025-11-01,0013000000hJJJwAAO
1,Success Guides,0010M00001Waigu,Agentforce,2025-12-01,2025-12-01,0010M00001WaiguQAB
1,Success Guides,0010M00001WJPrJ,Agentforce,2025-12-01,2025-11-01,0010M00001WJPrJQAX
1,Success Guides,00100000001f6PP,Agentforce,2025-07-01,2025-07-01,00100000001f6PPAAY
1,Success Guides,0013000000hLTSq,Agentforce,2025-01-01,2024-12-01,0013000000hLTSqAAO
1,Success Guides,0010M00001btvsa,Agentforce,2025-02-01,2025-02-01,0010M00001btvsaQAA
1,Success Guides,0013000001JyqmE,Agentforce,2025-01-01,2024-12-01,0013000001JyqmEAAR
1,Success Guides,0013000000hKO7i,Agentforce,2025-11-01,2025-11-01,0013000000hKO7iAAG
1,Success Guides,0013000001MsJoM,Agentforce,2025-03-01,2025-02-01,0013000001MsJoMAAV
1,Success Guides,0013000000M0lvH,Agentforce,2025-12-01,2025-12-01,0013000000M0lvHAAR
1,Success Guides,0013000001HfIBJ,Agentforce,2025-12-01,2025-12-01,0013000001HfIBJAA3
2,Success Guides,00130000009JOmz,Agentforce,2025-12-01,2025-12-01,00130000009JOmzAAG
2,Success Guides,0013000001CDw6D,Agentforce,2025-10-01,2025-09-01,0013000001CDw6DAAT
2,Success Guides,0013y00001fojcU,Agentforce,2025-12-01,2025-12-01,0013y00001fojcUQAQ
2,Success Guides,00100000001ow6d,Agentforce,2025-03-01,2025-03-01,00100000001ow6dAAA
3,Success Guides,00130000016hmTm,Agentforce,2025-02-01,2025-02-01,00130000016hmTmAAI
1,1:M Content,001ed00000dCgRg,Agentforce,2025-08-01,2025-08-01,001ed00000dCgRgYAK
1,1:M Content,001ed00000RT8Yx,Agentforce,2025-05-01,2025-05-01,001ed00000RT8YxYAL
1,1:M Content,0013000000Ziqmj,Agentforce,2025-06-01,2025-06-01,0013000000ZiqmjAAB
1,1:M Content,0010M00001WY7Rf,Agentforce,2025-02-01,2025-02-01,0010M00001WY7RfQAL
1,1:M Content,0010M00001W8KMu,Agentforce,2025-08-01,2025-08-01,0010M00001W8KMuQAN
1,1:M Content,0013000000M2MYv,Agentforce,2025-08-01,2025-08-01,0013000000M2MYvAAN
1,1:M Content,0013y00001epQr1,Agentforce,2025-07-01,2025-07-01,0013y00001epQr1QAE
1,1:M Content,0010M00001P0KWz,Agentforce,2024-12-01,2024-12-01,0010M00001P0KWzQAN
1,1:M Content,0013000001CAkV1,Agentforce,2025-03-01,2025-03-01,0013000001CAkV1AAL
1,1:M Content,001ed00000px9eb,Agentforce,2025-12-01,2025-12-01,001ed00000px9ebYAA
1,1:M Content,001ed00000f3odS,Agentforce,2025-08-01,2025-08-01,001ed00000f3odSYAQ
1,1:M Content,0010M00001V48w9,Agentforce,2025-12-01,2025-12-01,0010M00001V48w9QAB
1,1:M Content,001ed00000NR26y,Agentforce,2025-08-01,2025-08-01,001ed00000NR26yYAD
1,1:M Content,0013000000Zjru7,Agentforce,2025-05-01,2025-05-01,0013000000Zjru7AAB
1,1:M Content,001ed00000lqFhR,Agentforce,2025-10-01,2025-10-01,001ed00000lqFhRYAU
1,1:M Content,001ed00000LqeN7,Agentforce,2025-03-01,2025-03-01,001ed00000LqeN7YAJ
1,1:M Content,0010M00001QoSUP,Agentforce,2025-08-01,2025-08-01,0010M00001QoSUPQA3
1,1:M Content,001ed00000i0ZNt,Agentforce,2025-09-01,2025-09-01,001ed00000i0ZNtYAM
1,1:M Content,0013000000ZitGK,Agentforce,2025-08-01,2025-08-01,0013000000ZitGKAAZ
1,1:M Content,0013y00001c7LBP,Agentforce,2025-11-01,2025-11-01,0013y00001c7LBPQA2
1,1:M Content,001ed00000FIvCB,Agentforce,2025-01-01,2025-01-01,001ed00000FIvCBYA1
1,1:M Content,0013y00001f63L0,Agentforce,2025-05-01,2025-05-01,0013y00001f63L0QAI
1,1:M Content,001ed00000hsrmX,Agentforce,2025-09-01,2025-09-01,001ed00000hsrmXYAQ
1,1:M Content,0010M00001V6WN3,Agentforce,2025-03-01,2025-03-01,0010M00001V6WN3QAN
1,1:M Content,0013000000ACK7R,Agentforce,2025-12-01,2025-12-01,0013000000ACK7RAAX
1,1:M Content,0013000001MehIU,Agentforce,2025-11-01,2025-11-01,0013000001MehIUAAZ
1,1:M Content,001ed00000oUfSM,Agentforce,2025-12-01,2025-12-01,001ed00000oUfSMYA0
1,1:M Content,0013000000HlZoM,Agentforce,2025-08-01,2025-08-01,0013000000HlZoMAAV
1,1:M Content,0013000000M2NFw,Agentforce,2025-05-01,2025-05-01,0013000000M2NFwAAN
1,1:M Content,0013000000D7tFj,Agentforce,2025-08-01,2025-08-01,0013000000D7tFjAAJ
1,1:M Content,0010M00001S9L5A,Agentforce,2025-11-01,2025-11-01,0010M00001S9L5AQAV
1,1:M Content,001ed00000ZvoFG,Agentforce,2025-07-01,2025-07-01,001ed00000ZvoFGYAZ
1,1:M Content,001ed00000RZP7F,Agentforce,2025-05-01,2025-05-01,001ed00000RZP7FYAX
1,1:M Content,001ed00000c0GoX,Agentforce,2025-08-01,2025-08-01,001ed00000c0GoXYAU
1,1:M Content,0010M00001QqSCi,Agentforce,2025-08-01,2025-08-01,0010M00001QqSCiQAN
1,1:M Content,0010M00001QnSHB,Agentforce,2025-07-01,2025-07-01,0010M00001QnSHBQA3
1,1:M Content,001ed00000eUVgr,Agentforce,2025-08-01,2025-08-01,001ed00000eUVgrYAG
1,1:M Content,00100000001hgYG,Agentforce,2025-07-01,2025-07-01,00100000001hgYGAAY
1,1:M Content,00130000016gN5v,Agentforce,2025-06-01,2025-06-01,00130000016gN5vAAE
1,1:M Content,001ed00000LlHhG,Agentforce,2025-03-01,2025-03-01,001ed00000LlHhGYAV
1,1:M Content,001ed00000gE3sK,Agentforce,2025-09-01,2025-09-01,001ed00000gE3sKYAS
1,1:M Content,0013000001GX9ps,Agentforce,2025-03-01,2025-03-01,0013000001GX9psAAD
1,1:M Content,0013000001Msju5,Agentforce,2025-07-01,2025-07-01,0013000001Msju5AAB
1,1:M Content,0013000000K13F4,Agentforce,2025-11-01,2025-11-01,0013000000K13F4AAJ
1,1:M Content,001ed00000gz3IY,Agentforce,2025-09-01,2025-09-01,001ed00000gz3IYYAY
1,1:M Content,001ed00000c2WCS,Agentforce,2025-07-01,2025-07-01,001ed00000c2WCSYA2
1,1:M Content,001000000029tAD,Agentforce,2025-09-01,2025-09-01,001000000029tADAAY
1,1:M Content,001ed00000qopka,Agentforce,2025-12-01,2025-12-01,001ed00000qopkaYAA
1,1:M Content,001ed00000jWkyk,Agentforce,2025-10-01,2025-10-01,001ed00000jWkykYAC
1,1:M Content,001ed00000fQYY0,Agentforce,2025-08-01,2025-08-01,001ed00000fQYY0YAO
5,1:M Content,0010M00001XxvJ4,Agentforce,2025-12-01,2025-12-01,0010M00001XxvJ4QAJ
3,1:M Content,0013000001LYexn,Agentforce,2025-07-01,2025-07-01,0013000001LYexnAAD
3,1:M Content,0013000000RWxyb,Agentforce,2025-09-01,2025-09-01,0013000000RWxybAAD
3,1:M Content,0013000001MsjS6,Agentforce,2025-07-01,2025-07-01,0013000001MsjS6AAJ
4,1:M Content,0010M00001WJFBE,Agentforce,2025-11-01,2025-11-01,0010M00001WJFBEQA5
3,1:M Content,0010M00001Sed0H,Agentforce,2025-08-01,2025-08-01,0010M00001Sed0HQAR
4,1:M Content,001ed00000g9hIV,Agentforce,2025-09-01,2025-09-01,001ed00000g9hIVYAY
3,1:M Content,001ed00000cD3gZ,Agentforce,2025-08-01,2025-08-01,001ed00000cD3gZYAS
3,1:M Content,001ed00000dq9Tl,Agentforce,2025-08-01,2025-08-01,001ed00000dq9TlYAI
3,1:M Content,0013000001CDqPL,Agentforce,2025-11-01,2025-11-01,0013000001CDqPLAA1
2,1:M Content,001ed00000bnD3d,Agentforce,2025-10-01,2025-10-01,001ed00000bnD3dYAE
3,1:M Content,0013000000Kx8l3,Agentforce,2025-07-01,2025-07-01,0013000000Kx8l3AAB
2,1:M Content,0013000000HlAOj,Agentforce,2025-06-01,2025-06-01,0013000000HlAOjAAN
3,1:M Content,001ed00000eS3vC,Agentforce,2025-09-01,2025-09-01,001ed00000eS3vCYAS
3,1:M Content,001ed00000hbjrq,Agentforce,2025-09-01,2025-09-01,001ed00000hbjrqYAA
2,1:M Content,0013y00001cw0yw,Agentforce,2025-04-01,2025-04-01,0013y00001cw0ywQAA
3,1:M Content,0013000001Mswi1,Agentforce,2025-10-01,2025-10-01,0013000001Mswi1AAB
2,1:M Content,00130000002eHBY,Agentforce,2025-08-01,2025-08-01,00130000002eHBYAA2
2,1:M Content,0013y00001epRCN,Agentforce,2025-12-01,2025-12-01,0013y00001epRCNQA2
2,1:M Content,001ed00000oiyS1,Agentforce,2025-11-01,2025-11-01,001ed00000oiyS1YAI
2,1:M Content,0013y00001belg7,Agentforce,2025-06-01,2025-06-01,0013y00001belg7QAA
2,1:M Content,001ed00000ecCVl,Agentforce,2025-12-01,2025-12-01,001ed00000ecCVlYAM
2,1:M Content,00130000016hk0F,Agentforce,2025-08-01,2025-08-01,00130000016hk0FAAQ
2,1:M Content,0013y00001fbcoT,Agentforce,2025-07-01,2025-07-01,0013y00001fbcoTQAQ
2,1:M Content,001ed00000nE6ZC,Agentforce,2025-11-01,2025-11-01,001ed00000nE6ZCYA0
3,1:M Content,00100000001ldKJ,Agentforce,2025-07-01,2025-07-01,00100000001ldKJAAY
2,1:M Content,001ed00000YAGBD,Agentforce,2025-07-01,2025-07-01,001ed00000YAGBDYA5
1,Success Guides,0013000001KzEVs,Agentforce,2025-08-01,2025-08-01,0013000001KzEVsAAN
1,Success Guides,0010M00001NYupJ,Agentforce,2025-12-01,2025-10-01,0010M00001NYupJQAT
1,Success Guides,0013y00001XzVEZ,Agentforce,2025-07-01,2025-06-01,0013y00001XzVEZQA3
1,Success Guides,00130000016jsn8,Agentforce,2025-07-01,2025-05-01,00130000016jsn8AAA
1,Success Guides,0010M00001Yb717,Agentforce,2025-03-01,2025-02-01,0010M00001Yb717QAB
1,Success Guides,00130000016jAyY,Agentforce,2025-04-01,2025-03-01,00130000016jAyYAAU
1,Success Guides,0013000000NQj5m,Agentforce,2025-11-01,2025-10-01,0013000000NQj5mAAD
1,Success Guides,00130000004mv1i,Agentforce,2025-06-01,2025-04-01,00130000004mv1iAAA
1,Success Guides,0013y00001erLfD,Agentforce,2025-12-01,2025-12-01,0013y00001erLfDQAU
1,Success Guides,0010M00001QkkMb,Agentforce,2025-05-01,2025-04-01,0010M00001QkkMbQAJ
1,Success Guides,00130000016hmTm,Agentforce,2025-01-01,2025-01-01,00130000016hmTmAAI
1,Success Guides,00100000000Cc6Q,Agentforce,2025-12-01,2025-11-01,00100000000Cc6QAAS
1,Success Guides,0013000000rpIzs,Agentforce,2025-09-01,2025-07-01,0013000000rpIzsAAE
1,Success Guides,0013y00001cSyNI,Agentforce,2024-12-01,2024-12-01,0013y00001cSyNIQA0
1,Success Guides,0010M00001NYrhp,Agentforce,2025-11-01,2025-10-01,0010M00001NYrhpQAD
1,Success Guides,0013000001GWf4M,Agentforce,2025-12-01,2025-11-01,0013000001GWf4MAAT
1,Success Guides,0013000000Zm5uJ,Agentforce,2025-06-01,2025-05-01,0013000000Zm5uJAAR
1,Success Guides,0010M00001SpnZe,Agentforce,2025-02-01,2025-01-01,0010M00001SpnZeQAJ
1,Success Guides,0013y00001fStQ5,Agentforce,2025-11-01,2025-08-01,0013y00001fStQ5QAK
1,Success Guides,0010M00001QaaXp,Agentforce,2025-03-01,2024-12-01,0010M00001QaaXpQAJ
1,Success Guides,0013000000NP5Cp,Agentforce,2025-12-01,2025-11-01,0013000000NP5CpAAL
1,Success Guides,0013000001L5jLU,Agentforce,2025-02-01,2025-02-01,0013000001L5jLUAAZ
1,Success Guides,0010M00001PDwxI,Agentforce,2025-05-01,2025-04-01,0010M00001PDwxIQAT
6,Success Architects,,Agentforce,2025-11-01,2025-09-01
2,Success Guides,0013y00001eq529,Agentforce,2025-03-01,2025-03-01,0013y00001eq529QAA
1,1:M Content,0010M00001P0QFu,Agentforce,2025-11-01,2025-11-01,0010M00001P0QFuQAN
1,1:M Content,001ed00000bax4K,Agentforce,2025-07-01,2025-07-01,001ed00000bax4KYAQ
1,1:M Content,0013000001CBmtj,Agentforce,2025-08-01,2025-08-01,0013000001CBmtjAAD
1,1:M Content,0013y00001djz2U,Agentforce,2025-05-01,2025-04-01,0013y00001djz2UQAQ
1,1:M Content,00130000003zkNH,Agentforce,2025-01-01,2025-01-01,00130000003zkNHAAY
1,1:M Content,0010M00001QaimU,Agentforce,2025-02-01,2025-02-01,0010M00001QaimUQAR
1,1:M Content,0010M00001QkxbT,Agentforce,2025-09-01,2025-09-01,0010M00001QkxbTQAR
1,1:M Content,0013000000ZkDYe,Agentforce,2025-10-01,2025-10-01,0013000000ZkDYeAAN
1,1:M Content,0013000001CC8Cv,Agentforce,2025-07-01,2025-07-01,0013000001CC8CvAAL
1,1:M Content,0010M00001Wadxa,Agentforce,2025-08-01,2025-08-01,0010M00001WadxaQAB
1,1:M Content,001ed00000eJQr5,Agentforce,2025-09-01,2025-09-01,001ed00000eJQr5YAG
1,1:M Content,0013000000Raquy,Agentforce,2024-12-01,2024-12-01,0013000000RaquyAAB
1,1:M Content,0010M00001Qjq3W,Agentforce,2025-07-01,2025-07-01,0010M00001Qjq3WQAR
1,1:M Content,0013000000ZmSSU,Agentforce,2025-05-01,2025-05-01,0013000000ZmSSUAA3
1,1:M Content,001ed00000h3rVF,Agentforce,2025-09-01,2025-09-01,001ed00000h3rVFYAY
1,1:M Content,0010M00001WJU7w,Agentforce,2025-09-01,2025-09-01,0010M00001WJU7wQAH
1,1:M Content,0013000000hMZVg,Agentforce,2025-09-01,2025-09-01,0013000000hMZVgAAO
1,1:M Content,001ed00000sfmCv,Agentforce,2025-12-01,2025-12-01,001ed00000sfmCvYAI
1,1:M Content,0010M00001Yan0D,Agentforce,2025-01-01,2025-01-01,0010M00001Yan0DQAR
1,1:M Content,0010M00001WIJGP,Agentforce,2025-10-01,2025-10-01,0010M00001WIJGPQA5
1,1:M Content,0013000000092BT,Agentforce,2025-02-01,2025-02-01,0013000000092BTAAY
1,1:M Content,0013000000rqZdt,Agentforce,2025-10-01,2025-10-01,0013000000rqZdtAAE
2,1:M Content,001ed00000Y6MAM,Agentforce,2025-07-01,2025-07-01,001ed00000Y6MAMYA3
1,1:M Content,001ed00000MkRqA,Agentforce,2025-04-01,2025-04-01,001ed00000MkRqAYAV
1,1:M Content,0013000000Lj72x,Agentforce,2025-08-01,2025-08-01,0013000000Lj72xAAB
1,1:M Content,001ed00000nE6ZC,Agentforce,2025-10-01,2025-10-01,001ed00000nE6ZCYA0
1,1:M Content,0013000001J4zkC,Agentforce,2025-01-01,2025-01-01,0013000001J4zkCAAR
1,1:M Content,0013000000RX3UZ,Agentforce,2025-01-01,2025-01-01,0013000000RX3UZAA1
6,1:M Content,0013000000Zkhwe,Agentforce,2025-07-01,2025-07-01,0013000000ZkhweAAB
5,1:M Content,001ed00000cyDKf,Agentforce,2025-08-01,2025-08-01,001ed00000cyDKfYAM
4,1:M Content,001ed00000dOWLJ,Agentforce,2025-08-01,2025-08-01,001ed00000dOWLJYA4
3,1:M Content,0013000000Ziqmj,Agentforce,2025-10-01,2025-10-01,0013000000ZiqmjAAB
2,1:M Content,001ed00000oiWx4,Agentforce,2025-11-01,2025-11-01,001ed00000oiWx4YAE
6,1:M Content,0013000000hLRNg,Agentforce,2025-12-01,2025-12-01,0013000000hLRNgAAO
2,1:M Content,00130000002xXyU,Agentforce,2025-08-01,2025-08-01,00130000002xXyUAAU
4,1:M Content,001ed00000idlkA,Agentforce,2025-10-01,2025-10-01,001ed00000idlkAYAQ
4,1:M Content,0010M00001W8cNn,Agentforce,2025-12-01,2025-12-01,0010M00001W8cNnQAJ
3,1:M Content,001ed00000fwsy5,Agentforce,2025-09-01,2025-09-01,001ed00000fwsy5YAA
2,1:M Content,0013000000rnIFa,Agentforce,2025-05-01,2025-05-01,0013000000rnIFaAAM
2,1:M Content,0013000001Fk9zk,Agentforce,2025-08-01,2025-08-01,0013000001Fk9zkAAB
4,1:M Content,0013000001GUTAt,Agentforce,2025-12-01,2025-12-01,0013000001GUTAtAAP
3,1:M Content,001ed00000pGcgg,Agentforce,2025-11-01,2025-11-01,001ed00000pGcggYAC
2,1:M Content,0010M00001ULbXv,Agentforce,2025-08-01,2025-08-01,0010M00001ULbXvQAL
2,1:M Content,0010M00001SemY6,Agentforce,2025-07-01,2025-07-01,0010M00001SemY6QAJ
3,1:M Content,0013000001MjTPr,Agentforce,2025-11-01,2025-11-01,0013000001MjTPrAAN
2,1:M Content,001ed00000oRG2I,Agentforce,2025-11-01,2025-11-01,001ed00000oRG2IYAW
4,1:M Content,001ed00000oRMNp,Agentforce,2025-11-01,2025-11-01,001ed00000oRMNpYAO
2,1:M Content,00130000016iIEv,Agentforce,2025-07-01,2025-07-01,00130000016iIEvAAM
1,Success Guides,0013y00001dL1qm,Agentforce,2025-06-01,2025-05-01,0013y00001dL1qmQAC
1,Success Guides,0013000001Jxxkl,Agentforce,2025-04-01,2025-03-01,0013000001JxxklAAB
1,Success Guides,0013000001CCDFe,Agentforce,2025-06-01,2025-05-01,0013000001CCDFeAAP
1,Success Guides,0013000000ZmXzF,Agentforce,2025-10-01,2025-09-01,0013000000ZmXzFAAV
1,Success Guides,0013000000RaqSQ,Agentforce,2025-03-01,2025-02-01,0013000000RaqSQAAZ
1,Success Guides,0010M00001W8dPf,Agentforce,2025-01-01,2025-01-01,0010M00001W8dPfQAJ
1,Success Guides,001ed000006r91j,Agentforce,2025-11-01,2025-10-01,001ed000006r91jYAA
1,Success Guides,00130000016ik2c,Agentforce,2025-10-01,2025-09-01,00130000016ik2cAAA
1,Success Guides,0013000001GXF3B,Agentforce,2024-12-01,2024-11-01,0013000001GXF3BAAX
1,Success Guides,0013000000EkUZO,Agentforce,2025-05-01,2025-04-01,0013000000EkUZOAA3
1,Success Guides,0013000001J7jIF,Agentforce,2025-04-01,2025-03-01,0013000001J7jIFAAZ
1,Success Guides,0013y00001fEuQH,Agentforce,2025-01-01,2024-12-01,0013y00001fEuQHQA0
1,Success Guides,0010M00001Spx7O,Agentforce,2025-10-01,2025-09-01,0010M00001Spx7OQAR
1,Success Guides,0013000000RXBDP,Agentforce,2025-12-01,2025-12-01,0013000000RXBDPAA5
1,Success Guides,0013y00001e5p0I,Agentforce,2025-01-01,2025-01-01,0013y00001e5p0IQAQ
1,Success Guides,001ed000003QW4B,Agentforce,2025-07-01,2025-05-01,001ed000003QW4BYAW
1,Success Guides,0013000000M2iQ8,Agentforce,2025-12-01,2025-11-01,0013000000M2iQ8AAJ
1,Success Guides,0013000000EyyKe,Agentforce,2025-03-01,2025-02-01,0013000000EyyKeAAJ
1,Success Guides,0010M00001QaXU2,Agentforce,2025-04-01,2025-03-01,0010M00001QaXU2QAN
1,Success Guides,0010M00001QkPUS,Agentforce,2025-11-01,2025-09-01,0010M00001QkPUSQA3
1,Success Guides,00100000001kdz6,Agentforce,2025-07-01,2025-06-01,00100000001kdz6AAA
1,Success Guides,0013y00001c7EIp,Agentforce,2025-02-01,2025-02-01,0013y00001c7EIpQAM
1,Success Guides,0013y00001cZimC,Agentforce,2025-09-01,2025-08-01,0013y00001cZimCQAS
1,Success Guides,0013000000hL5Ms,Agentforce,2025-04-01,2025-03-01,0013000000hL5MsAAK
1,Success Guides,0013000000HFbqG,Agentforce,2025-03-01,2025-02-01,0013000000HFbqGAAT
2,Success Guides,00100000001pHFs,Agentforce,2025-12-01,2025-12-01,00100000001pHFsAAM
2,Success Guides,0010M00001Sel1z,Agentforce,2025-09-01,2025-09-01,0010M00001Sel1zQAB
1,1:M Content,001ed00000sqZM4,Agentforce,2025-12-01,2025-12-01,001ed00000sqZM4YAM
1,1:M Content,0010M00001W8cIO,Agentforce,2025-09-01,2025-09-01,0010M00001W8cIOQAZ
1,1:M Content,0010M00001QoLmJ,Agentforce,2025-09-01,2025-09-01,0010M00001QoLmJQAV
1,1:M Content,001ed00000dfRgw,Agentforce,2025-09-01,2025-09-01,001ed00000dfRgwYAE
1,1:M Content,0013000000ZkPdh,Agentforce,2025-08-01,2025-08-01,0013000000ZkPdhAAF
1,1:M Content,001ed00000LykK1,Agentforce,2025-04-01,2025-04-01,001ed00000LykK1YAJ
1,1:M Content,0010M00001YtuPI,Agentforce,2025-04-01,2025-04-01,0010M00001YtuPIQAZ
1,1:M Content,0013000001CAlwy,Agentforce,2025-08-01,2025-08-01,0013000001CAlwyAAD
1,1:M Content,0013y00001cDRhY,Agentforce,2025-08-01,2025-08-01,0013y00001cDRhYQAW
1,1:M Content,0010M00001QkDeO,Agentforce,2025-07-01,2025-07-01,0010M00001QkDeOQAV
1,1:M Content,0013000000FLLsO,Agentforce,2025-05-01,2025-05-01,0013000000FLLsOAAX
1,1:M Content,001ed00000mBLdN,Agentforce,2025-10-01,2025-10-01,001ed00000mBLdNYAW
1,1:M Content,0013y00001YbQCP,Agentforce,2025-08-01,2025-08-01,0013y00001YbQCPQA3
1,1:M Content,001ed00000eQWy5,Agentforce,2025-08-01,2025-08-01,001ed00000eQWy5YAG
1,1:M Content,001ed00000OBZcY,Agentforce,2025-12-01,2025-12-01,001ed00000OBZcYYAX
1,1:M Content,0013y00001cwD79,Agentforce,2025-08-01,2025-08-01,0013y00001cwD79QAE
1,1:M Content,0010M00001P0T1d,Agentforce,2025-12-01,2025-12-01,0010M00001P0T1dQAF
1,1:M Content,0013y00001dX2ix,Agentforce,2025-11-01,2025-11-01,0013y00001dX2ixQAC
1,1:M Content,001ed00000qHRp7,Agentforce,2025-12-01,2025-12-01,001ed00000qHRp7YAG
1,1:M Content,0013000000LzlJU,Agentforce,2025-07-01,2025-07-01,0013000000LzlJUAAZ
1,1:M Content,00130000016jnU5,Agentforce,2025-09-01,2025-09-01,00130000016jnU5AAI
1,1:M Content,001ed00000YCUpx,Agentforce,2025-06-01,2025-06-01,001ed00000YCUpxYAH
1,1:M Content,001ed00000DJabP,Agentforce,2025-01-01,2025-01-01,001ed00000DJabPYAT
1,1:M Content,0013y00001cseBW,Agentforce,2025-03-01,2025-03-01,0013y00001cseBWQAY
1,1:M Content,001ed00000P32VB,Agentforce,2025-07-01,2025-07-01,001ed00000P32VBYAZ
1,1:M Content,001ed00000bbN0Q,Agentforce,2025-07-01,2025-07-01,001ed00000bbN0QYAU
1,1:M Content,001ed00000IuROB,Agentforce,2025-02-01,2025-02-01,001ed00000IuROBYA3
1,1:M Content,001ed00000LykK1,Agentforce,2025-03-01,2025-03-01,001ed00000LykK1YAJ
1,1:M Content,001ed00000Lm7BC,Agentforce,2025-03-01,2025-03-01,001ed00000Lm7BCYAZ
1,1:M Content,00130000016hsaj,Agentforce,2025-09-01,2025-09-01,00130000016hsajAAA
1,1:M Content,00100000000GOGX,Agentforce,2025-08-01,2025-08-01,00100000000GOGXAA4
1,1:M Content,001ed00000bUYDR,Agentforce,2025-07-01,2025-07-01,001ed00000bUYDRYA4
1,1:M Content,0013000000hJ7E7,Agentforce,2025-07-01,2025-07-01,0013000000hJ7E7AAK
1,1:M Content,0013000000hLjQV,Agentforce,2025-01-01,2025-01-01,0013000000hLjQVAA0
1,1:M Content,001ed00000gFDMc,Agentforce,2025-09-01,2025-09-01,001ed00000gFDMcYAO
1,1:M Content,0010M00001WZH2r,Agentforce,2025-08-01,2025-08-01,0010M00001WZH2rQAH
1,1:M Content,0013000001GXTSo,Agentforce,2025-02-01,2025-02-01,0013000001GXTSoAAP
1,1:M Content,001ed00000eGrRA,Agentforce,2025-08-01,2025-08-01,001ed00000eGrRAYA0
1,1:M Content,0013y00001e2oVN,Agentforce,2025-08-01,2025-08-01,0013y00001e2oVNQAY
1,1:M Content,0010M00001Z0PIV,Agentforce,2025-09-01,2025-09-01,0010M00001Z0PIVQA3
1,1:M Content,0010M00001Z0bDk,Agentforce,2025-07-01,2025-07-01,0010M00001Z0bDkQAJ
1,1:M Content,001ed00000rZ6ow,Agentforce,2025-12-01,2025-12-01,001ed00000rZ6owYAC
1,1:M Content,001000000017PhD,Agentforce,2025-11-01,2025-11-01,001000000017PhDAAU
7,1:M Content,001ed00000eooVm,Agentforce,2025-08-01,2025-08-01,001ed00000eooVmYAI
4,1:M Content,001ed00000oRlkP,Agentforce,2025-11-01,2025-11-01,001ed00000oRlkPYAS
3,1:M Content,001ed00000hV5kI,Agentforce,2025-09-01,2025-09-01,001ed00000hV5kIYAS
5,1:M Content,0013000001MrdHF,Agentforce,2025-11-01,2025-11-01,0013000001MrdHFAAZ
5,1:M Content,0013000000hJ5qw,Agentforce,2025-09-01,2025-09-01,0013000000hJ5qwAAC
2,1:M Content,0013y00001fw2LT,Agentforce,2025-06-01,2025-06-01,0013y00001fw2LTQAY
2,1:M Content,0013000000HFbqL,Agentforce,2025-10-01,2025-10-01,0013000000HFbqLAAT
3,1:M Content,0013y00001c8MOG,Agentforce,2025-08-01,2025-08-01,0013y00001c8MOGQA2
3,1:M Content,001ed00000cDZ6v,Agentforce,2025-09-01,2025-09-01,001ed00000cDZ6vYAG
2,1:M Content,0013y00001cQENI,Agentforce,2025-12-01,2025-12-01,0013y00001cQENIQA4
4,1:M Content,0013000000rpZAw,Agentforce,2025-07-01,2025-07-01,0013000000rpZAwAAM
4,1:M Content,0013y00001dKx9x,Agentforce,2025-10-01,2025-10-01,0013y00001dKx9xQAC
4,1:M Content,0013000000NQeh9,Agentforce,2025-10-01,2025-10-01,0013000000NQeh9AAD
3,1:M Content,001ed00000AlFyj,Agentforce,2025-11-01,2025-11-01,001ed00000AlFyjYAF
2,1:M Content,0013y00001e2kHz,Agentforce,2025-03-01,2025-03-01,0013y00001e2kHzQAI
2,1:M Content,0013y00001beF0L,Agentforce,2025-08-01,2025-08-01,0013y00001beF0LQAU
4,1:M Content,001ed00000dxy8B,Agentforce,2025-08-01,2025-08-01,001ed00000dxy8BYAQ
4,1:M Content,0013000000M0Nzd,Agentforce,2025-10-01,2025-10-01,0013000000M0NzdAAF
2,1:M Content,0010M00001Sq1HI,Agentforce,2025-05-01,2025-05-01,0010M00001Sq1HIQAZ
2,1:M Content,0013000000JKobH,Agentforce,2025-07-01,2025-07-01,0013000000JKobHAAT
4,1:M Content,0013000001G0UeL,Agentforce,2025-08-01,2025-08-01,0013000001G0UeLAAV
2,1:M Content,0013y00001c77NA,Agentforce,2025-02-01,2025-02-01,0013y00001c77NAQAY
3,1:M Content,0013000000HFbxN,Agentforce,2025-08-01,2025-08-01,0013000000HFbxNAAT
2,1:M Content,0010M00001Ozynh,Agentforce,2025-07-01,2025-07-01,0010M00001OzynhQAB
2,1:M Content,0010M00001Z0BH5,Agentforce,2025-07-01,2025-07-01,0010M00001Z0BH5QAN
2,1:M Content,0013000000HFVnp,Agentforce,2025-08-01,2025-08-01,0013000000HFVnpAAH
2,1:M Content,0010M00001WagIV,Agentforce,2025-06-01,2025-06-01,0010M00001WagIVQAZ
2,1:M Content,001000000011pq4,Agentforce,2025-11-01,2025-11-01,001000000011pq4AAA
1,Success Guides,0013000000NT1ng,Agentforce,2025-11-01,2025-11-01,0013000000NT1ngAAD
1,Success Guides,0013000001EZILU,Agentforce,2025-06-01,2025-06-01,0013000001EZILUAA5
1,Success Guides,00130000002xLaY,Agentforce,2025-04-01,2025-03-01,00130000002xLaYAAU
1,Success Guides,0010M00001SJ46R,Agentforce,2025-05-01,2025-04-01,0010M00001SJ46RQAT
1,Success Guides,0013000000roof1,Agentforce,2025-04-01,2025-02-01,0013000000roof1AAA
1,Success Guides,0013000000hLidY,Agentforce,2025-09-01,2025-07-01,0013000000hLidYAAS
1,Success Guides,0013000000Ije6A,Agentforce,2025-06-01,2025-05-01,0013000000Ije6AAAR
1,Success Guides,0010M00001QkLoU,Agentforce,2025-01-01,2025-01-01,0010M00001QkLoUQAV
1,Success Guides,0013000000JY8W7,Agentforce,2025-01-01,2024-12-01,0013000000JY8W7AAL
1,Success Guides,00130000016iQyP,Agentforce,2024-12-01,2024-12-01,00130000016iQyPAAU
1,Success Guides,0010M00001QmHqc,Agentforce,2025-05-01,2025-04-01,0010M00001QmHqcQAF
1,Success Guides,0013y00001g960z,Agentforce,2025-11-01,2025-11-01,0013y00001g960zQAA
1,Success Guides,0010M00001JzvBB,Agentforce,2025-11-01,2025-10-01,0010M00001JzvBBQAZ
1,Success Guides,0010M00001XyDst,Agentforce,2025-08-01,2025-07-01,0010M00001XyDstQAF
1,Success Guides,0013000000DAb2g,Agentforce,2025-03-01,2025-02-01,0013000000DAb2gAAD
1,Success Guides,0013y00001eXRZW,Agentforce,2025-08-01,2025-08-01,0013y00001eXRZWQA4
1,Success Guides,0013y00001d9BCR,Agentforce,2025-02-01,2025-01-01,0013y00001d9BCRQA2
1,Success Guides,00100000001dhwm,Agentforce,2025-07-01,2025-06-01,00100000001dhwmAAA
1,Success Architects,0013000001Jy5F8,Agentforce,2025-02-01,2025-01-01,0013000001Jy5F8AAJ
1,Success Guides,0013000000ZmAel,Agentforce,2025-08-01,2025-07-01,0013000000ZmAelAAF
1,Success Guides,0013000001MoC6j,Agentforce,2025-09-01,2025-08-01,0013000001MoC6jAAF
1,Success Guides,0013000001Mnq36,Agentforce,2025-01-01,2024-12-01,0013000001Mnq36AAB
1,Success Guides,0013000001NXTGg,Agentforce,2025-01-01,2024-12-01,0013000001NXTGgAAP
1,Success Guides,0013000001Mibba,Agentforce,2025-12-01,2025-12-01,0013000001MibbaAAB
28,Success Architects,,Agentforce,2025-10-01,2025-09-01
1,1:M Content,001ed00000OC0mU,Agentforce,2025-08-01,2025-08-01,001ed00000OC0mUYAT
1,1:M Content,0013y00001cgTLz,Agentforce,2025-06-01,2025-06-01,0013y00001cgTLzQAM
1,1:M Content,0013000001JysSn,Agentforce,2024-12-01,2024-12-01,0013000001JysSnAAJ
1,1:M Content,0010M00001THLmR,Agentforce,2025-01-01,2025-01-01,0010M00001THLmRQAX
1,1:M Content,0013000000JbNoe,Agentforce,2025-06-01,2025-06-01,0013000000JbNoeAAF
1,1:M Content,001ed00000UmfFr,Agentforce,2025-08-01,2025-08-01,001ed00000UmfFrYAJ
1,1:M Content,001ed00000mb8W1,Agentforce,2025-10-01,2025-10-01,001ed00000mb8W1YAI
1,1:M Content,0010M00001YFiNh,Agentforce,2025-10-01,2025-10-01,0010M00001YFiNhQAL
1,1:M Content,001ed00000Zhq5e,Agentforce,2025-07-01,2025-07-01,001ed00000Zhq5eYAB
1,1:M Content,0013y00001cUCAC,Agentforce,2025-05-01,2025-05-01,0013y00001cUCACQA4
2,1:M Content,001ed00000jSgnE,Agentforce,2025-10-01,2025-10-01,001ed00000jSgnEYAS
1,1:M Content,0013y00001eq529,Agentforce,2025-09-01,2025-09-01,0013y00001eq529QAA
1,1:M Content,0013000000rnRU4,Agentforce,2025-06-01,2025-06-01,0013000000rnRU4AAM
1,1:M Content,001ed00000FiAJC,Agentforce,2025-01-01,2025-01-01,001ed00000FiAJCYA3
1,1:M Content,001ed00000NdxCg,Agentforce,2025-05-01,2025-05-01,001ed00000NdxCgYAJ
1,1:M Content,001ed00000ruhIL,Agentforce,2025-12-01,2025-12-01,001ed00000ruhILYAY
1,1:M Content,0010M00001Y5R0d,Agentforce,2025-12-01,2025-12-01,0010M00001Y5R0dQAF
1,1:M Content,0013000000rorj0,Agentforce,2024-12-01,2024-12-01,0013000000rorj0AAA
1,1:M Content,0013y00001fDq8X,Agentforce,2025-03-01,2025-03-01,0013y00001fDq8XQAS
1,1:M Content,0013000000Zj7B5,Agentforce,2025-08-01,2025-08-01,0013000000Zj7B5AAJ
1,1:M Content,0010M00001YFe9p,Agentforce,2025-08-01,2025-08-01,0010M00001YFe9pQAD
1,1:M Content,00130000003z3xV,Agentforce,2025-08-01,2025-08-01,00130000003z3xVAAQ
1,1:M Content,001ed00000mI7x3,Agentforce,2025-10-01,2025-10-01,001ed00000mI7x3YAC
1,1:M Content,001ed00000kxC4J,Agentforce,2025-12-01,2025-12-01,001ed00000kxC4JYAU
1,1:M Content,001ed00000ppmmo,Agentforce,2025-12-01,2025-12-01,001ed00000ppmmoYAA
1,1:M Content,001ed00000lMp42,Agentforce,2025-11-01,2025-11-01,001ed00000lMp42YAC
2,1:M Content,001ed00000ojuyw,Agentforce,2025-11-01,2025-11-01,001ed00000ojuywYAA
1,1:M Content,0013000001NX8dH,Agentforce,2025-12-01,2025-12-01,0013000001NX8dHAAT
1,1:M Content,0013y00001buLim,Agentforce,2025-02-01,2025-02-01,0013y00001buLimQAE
1,1:M Content,0013y00001cIMRj,Agentforce,2025-07-01,2025-07-01,0013y00001cIMRjQAO
1,1:M Content,0013000000Raquy,Agentforce,2025-05-01,2025-05-01,0013000000RaquyAAB
1,1:M Content,00100000001rokM,Agentforce,2025-02-01,2025-02-01,00100000001rokMAAQ
1,1:M Content,001ed00000C8Ho2,Agentforce,2025-11-01,2025-11-01,001ed00000C8Ho2YAF
1,1:M Content,0010M00001Yapro,Agentforce,2025-05-01,2025-05-01,0010M00001YaproQAB
1,1:M Content,0013000000ZisA3,Agentforce,2025-08-01,2025-07-01,0013000000ZisA3AAJ
1,1:M Content,001ed000009l3DP,Agentforce,2025-07-01,2025-07-01,001ed000009l3DPYAY
1,1:M Content,0013000000B2P8d,Agentforce,2025-10-01,2025-10-01,0013000000B2P8dAAF
1,1:M Content,0013000000JHzfW,Agentforce,2025-01-01,2025-01-01,0013000000JHzfWAAT
1,1:M Content,001ed00000lIuzy,Agentforce,2025-10-01,2025-10-01,001ed00000lIuzyYAC
1,1:M Content,001ed00000dxZD3,Agentforce,2025-09-01,2025-09-01,001ed00000dxZD3YAM
1,1:M Content,001ed00000FhiBe,Agentforce,2025-01-01,2025-01-01,001ed00000FhiBeYAJ
1,1:M Content,0013000001NXFyF,Agentforce,2025-09-01,2025-09-01,0013000001NXFyFAAX
1,1:M Content,001ed00000dgUpj,Agentforce,2025-08-01,2025-08-01,001ed00000dgUpjYAE
1,1:M Content,00130000004IFXF,Agentforce,2025-08-01,2025-08-01,00130000004IFXFAA4
1,1:M Content,0013000000ZmhpZ,Agentforce,2025-11-01,2025-11-01,0013000000ZmhpZAAR
1,1:M Content,001ed00000dzSvN,Agentforce,2025-08-01,2025-08-01,001ed00000dzSvNYAU
1,1:M Content,001ed00000SD4P5,Agentforce,2025-07-01,2025-07-01,001ed00000SD4P5YAL
1,1:M Content,0010M00001Qm6U5,Agentforce,2025-07-01,2025-07-01,0010M00001Qm6U5QAJ
1,1:M Content,001000000027vN5,Agentforce,2025-08-01,2025-08-01,001000000027vN5AAI
1,1:M Content,0013y00001fohQg,Agentforce,2025-10-01,2025-10-01,0013y00001fohQgQAI
1,1:M Content,0010M00001WZYxa,Agentforce,2025-01-01,2025-01-01,0010M00001WZYxaQAH
1,1:M Content,0013000000JzVTE,Agentforce,2025-11-01,2025-11-01,0013000000JzVTEAA3
1,1:M Content,001ed00000bg6tJ,Agentforce,2025-08-01,2025-08-01,001ed00000bg6tJYAQ
4,1:M Content,001ed00000omHBS,Agentforce,2025-11-01,2025-11-01,001ed00000omHBSYA2
7,1:M Content,0010M00001Qm5BC,Agentforce,2025-07-01,2025-07-01,0010M00001Qm5BCQAZ
3,1:M Content,0013000001GUQYI,Agentforce,2025-11-01,2025-11-01,0013000001GUQYIAA5
3,1:M Content,00130000008eaIg,Agentforce,2025-11-01,2025-11-01,00130000008eaIgAAI
3,1:M Content,001ed00000Rj18U,Agentforce,2025-07-01,2025-07-01,001ed00000Rj18UYAR
4,1:M Content,001ed00000oRPiH,Agentforce,2025-11-01,2025-11-01,001ed00000oRPiHYAW
3,1:M Content,001ed00000eVUdw,Agentforce,2025-08-01,2025-08-01,001ed00000eVUdwYAG
2,1:M Content,001ed00000XSLeR,Agentforce,2025-06-01,2025-06-01,001ed00000XSLeRYAX
2,1:M Content,0010M00001QniFu,Agentforce,2025-12-01,2025-12-01,0010M00001QniFuQAJ
4,1:M Content,0013000000JIBWV,Agentforce,2025-11-01,2025-11-01,0013000000JIBWVAA5
2,1:M Content,001ed00000Sk2y1,Agentforce,2025-05-01,2025-05-01,001ed00000Sk2y1YAB
2,1:M Content,0013000001GUdRo,Agentforce,2025-05-01,2025-05-01,0013000001GUdRoAAL
2,1:M Content,0013000000GtwtS,Agentforce,2025-07-01,2025-07-01,0013000000GtwtSAAR
4,1:M Content,001ed00000oQqiy,Agentforce,2025-11-01,2025-11-01,001ed00000oQqiyYAC
4,1:M Content,001ed00000oTkkD,Agentforce,2025-11-01,2025-11-01,001ed00000oTkkDYAS
2,1:M Content,0013y00001e5amm,Agentforce,2025-02-01,2025-02-01,0013y00001e5ammQAA
2,1:M Content,00130000005WAcx,Agentforce,2025-10-01,2025-10-01,00130000005WAcxAAG
2,1:M Content,00100000001T7rD,Agentforce,2025-12-01,2025-12-01,00100000001T7rDAAS
2,1:M Content,0013y00001dNFhL,Agentforce,2025-08-01,2025-08-01,0013y00001dNFhLQAW
3,1:M Content,00130000016gLLr,Agentforce,2025-12-01,2025-12-01,00130000016gLLrAAM
2,1:M Content,0010M00001WYW9i,Agentforce,2025-06-01,2025-06-01,0010M00001WYW9iQAH
3,1:M Content,001ed00000gU9If,Agentforce,2025-09-01,2025-09-01,001ed00000gU9IfYAK
2,1:M Content,0010M00001WAF2F,Agentforce,2025-01-01,2025-01-01,0010M00001WAF2FQAX
2,1:M Content,0013000000AaCil,Agentforce,2025-08-01,2025-08-01,0013000000AaCilAAF
2,1:M Content,001ed00000J9hSh,Agentforce,2025-02-01,2025-02-01,001ed00000J9hShYAJ
2,1:M Content,001ed00000GQYsw,Agentforce,2025-07-01,2025-07-01,001ed00000GQYswYAH
2,1:M Content,001ed00000pT9de,Agentforce,2025-12-01,2025-12-01,001ed00000pT9deYAC
2,1:M Content,001ed00000ra5cO,Agentforce,2025-12-01,2025-12-01,001ed00000ra5cOYAQ
1,Success Guides,0010M00001SIVOr,Agentforce,2025-11-01,2025-09-01,0010M00001SIVOrQAP
1,Success Guides,0013y00001f6xUh,Agentforce,2025-11-01,2025-09-01,0013y00001f6xUhQAI
1,Success Guides,00100000000cV1Z,Agentforce,2025-01-01,2024-12-01,00100000000cV1ZAAU
1,Success Guides,0013y00001c4azU,Agentforce,2025-09-01,2025-09-01,0013y00001c4azUQAQ
1,Success Guides,0010M00001cHTQG,Agentforce,2025-08-01,2025-07-01,0010M00001cHTQGQA4
1,Success Guides,0013000000ZlYEw,Agentforce,2025-10-01,2025-09-01,0013000000ZlYEwAAN
1,Success Guides,0013000000GIhsT,Agentforce,2025-12-01,2025-11-01,0013000000GIhsTAAT
1,Success Guides,00130000002xTet,Agentforce,2025-05-01,2025-04-01,00130000002xTetAAE
1,Success Guides,001300000007qqW,Agentforce,2025-01-01,2025-01-01,001300000007qqWAAQ
1,Success Guides,0013000000NSsKR,Agentforce,2025-10-01,2025-09-01,0013000000NSsKRAA1
1,Success Guides,00130000016iJbR,Agentforce,2025-05-01,2025-05-01,00130000016iJbRAAU
1,Success Guides,0013000001JyaqM,Agentforce,2025-12-01,2025-11-01,0013000001JyaqMAAR
1,Success Guides,0013000000RYUlD,Agentforce,2025-07-01,2025-07-01,0013000000RYUlDAAX
1,Success Guides,00130000016hMKt,Agentforce,2025-08-01,2025-08-01,00130000016hMKtAAM
1,Success Guides,0010M00001V6ZmL,Agentforce,2025-03-01,2025-02-01,0010M00001V6ZmLQAV
1,Success Guides,001ed00000eSqax,Agentforce,2025-10-01,2025-10-01,001ed00000eSqaxYAC
1,Success Guides,0013y00001eX3Gn,Agentforce,2025-11-01,2025-10-01,0013y00001eX3GnQAK
1,Success Guides,00130000002xHNt,Agentforce,2025-12-01,2025-12-01,00130000002xHNtAAM
1,Success Guides,0010M00001WJVqU,Agentforce,2025-09-01,2025-09-01,0010M00001WJVqUQAX
1,Success Guides,0013y00001ca2n3,Agentforce,2025-09-01,2025-07-01,0013y00001ca2n3QAA
1,Success Guides,0013y00001d7W5N,Agentforce,2025-09-01,2025-09-01,0013y00001d7W5NQAU
1,Success Guides,0013000001JyIvW,Agentforce,2025-08-01,2025-07-01,0013000001JyIvWAAV
1,Success Guides,00130000016iXdn,Agentforce,2025-10-01,2025-09-01,00130000016iXdnAAE
1,Success Guides,0013000001GXFhT,Agentforce,2025-01-01,2024-12-01,0013000001GXFhTAAX
1,Success Guides,0010M00001WI2Uo,Agentforce,2025-12-01,2025-11-01,0010M00001WI2UoQAL
1,Success Guides,0013000001CCxIN,Agentforce,2025-05-01,2025-04-01,0013000001CCxINAA1
1,Success Architects,00100000001j0To,Agentforce,2025-02-01,2025-01-01,00100000001j0ToAAI
1,Success Guides,0013000001GXFhT,Agentforce,2025-12-01,2025-11-01,0013000001GXFhTAAX
1,Success Guides,0013000000LBKic,Agentforce,2025-11-01,2025-10-01,0013000000LBKicAAH
1,Success Guides,0013y00001cSrB7,Agentforce,2025-02-01,2025-01-01,0013y00001cSrB7QAK
6,Success Guides,00130000000DrPN,Agentforce,2025-10-01,2025-10-01,00130000000DrPNAA0
2,Success Guides,0013000000hMMfW,Agentforce,2025-12-01,2025-12-01,0013000000hMMfWAAW
1,1:M Content,0013000000hLkRD,Agentforce,2025-12-01,2025-12-01,0013000000hLkRDAA0
1,1:M Content,0013y00001c8CLk,Agentforce,2025-04-01,2025-04-01,0013y00001c8CLkQAM
1,1:M Content,00130000007Ela7,Agentforce,2025-10-01,2025-10-01,00130000007Ela7AAC
1,1:M Content,0013000001GWOeB,Agentforce,2025-01-01,2025-01-01,0013000001GWOeBAAX
1,1:M Content,0013000001L5vll,Agentforce,2025-10-01,2025-10-01,0013000001L5vllAAB
1,1:M Content,001ed00000eGnvP,Agentforce,2025-08-01,2025-08-01,001ed00000eGnvPYAS
1,1:M Content,001ed00000sfYbO,Agentforce,2025-12-01,2025-12-01,001ed00000sfYbOYAU
1,1:M Content,001ed00000SU1D3,Agentforce,2025-05-01,2025-05-01,001ed00000SU1D3YAL
1,1:M Content,0013000000NQnDH,Agentforce,2025-08-01,2025-08-01,0013000000NQnDHAA1
1,1:M Content,0010M00001QmOSz,Agentforce,2025-02-01,2025-02-01,0010M00001QmOSzQAN
1,1:M Content,001ed00000TKYxi,Agentforce,2025-09-01,2025-09-01,001ed00000TKYxiYAH
1,1:M Content,0013y00001d9KMd,Agentforce,2025-12-01,2025-12-01,0013y00001d9KMdQAM
1,1:M Content,0010000000063F0,Agentforce,2025-07-01,2025-07-01,0010000000063F0AAI
1,1:M Content,00130000016hcDt,Agentforce,2025-08-01,2025-08-01,00130000016hcDtAAI
1,1:M Content,001ed00000Rq49g,Agentforce,2025-05-01,2025-05-01,001ed00000Rq49gYAB
1,1:M Content,00130000016iTFE,Agentforce,2025-08-01,2025-08-01,00130000016iTFEAA2
1,1:M Content,00100000001LKlc,Agentforce,2025-12-01,2025-12-01,00100000001LKlcAAG
1,1:M Content,001ed00000HLtKl,Agentforce,2025-09-01,2025-09-01,001ed00000HLtKlYAL
1,1:M Content,0013000000M1aMb,Agentforce,2025-08-01,2025-08-01,0013000000M1aMbAAJ
1,1:M Content,001ed00000nohGr,Agentforce,2025-11-01,2025-11-01,001ed00000nohGrYAI
1,1:M Content,001ed00000O0Eht,Agentforce,2025-09-01,2025-09-01,001ed00000O0EhtYAF
1,1:M Content,0013y00001gDkBN,Agentforce,2025-01-01,2025-01-01,0013y00001gDkBNQA0
1,1:M Content,0010M00001Yb4ZO,Agentforce,2025-01-01,2025-01-01,0010M00001Yb4ZOQAZ
1,1:M Content,0013y00001cYFys,Agentforce,2025-08-01,2025-07-01,0013y00001cYFysQAG
1,1:M Content,001ed00000W0zu0,Agentforce,2025-07-01,2025-07-01,001ed00000W0zu0YAB
1,1:M Content,001ed00000GtEZ5,Agentforce,2025-09-01,2025-09-01,001ed00000GtEZ5YAN
1,1:M Content,001ed00000AreJK,Agentforce,2025-09-01,2025-09-01,001ed00000AreJKYAZ
1,1:M Content,001ed00000dkTWn,Agentforce,2025-08-01,2025-08-01,001ed00000dkTWnYAM
1,1:M Content,001ed00000edzW3,Agentforce,2025-09-01,2025-09-01,001ed00000edzW3YAI
1,1:M Content,0010M00001VKpAi,Agentforce,2024-11-01,2024-11-01,0010M00001VKpAiQAL
1,1:M Content,001ed00000sbpJ4,Agentforce,2025-12-01,2025-12-01,001ed00000sbpJ4YAI
1,1:M Content,0013000001EYVv9,Agentforce,2025-06-01,2025-06-01,0013000001EYVv9AAH
1,1:M Content,0013y00001Xz3m9,Agentforce,2025-11-01,2025-11-01,0013y00001Xz3m9QAB
1,1:M Content,0010M00001PDzvN,Agentforce,2025-07-01,2025-07-01,0010M00001PDzvNQAT
1,1:M Content,00130000016gN5v,Agentforce,2025-11-01,2025-11-01,00130000016gN5vAAE
1,1:M Content,00130000001fKt0,Agentforce,2025-08-01,2025-08-01,00130000001fKt0AAE
1,1:M Content,0010M00001VKk1M,Agentforce,2025-12-01,2025-12-01,0010M00001VKk1MQAT
1,1:M Content,00130000009zecv,Agentforce,2025-06-01,2025-06-01,00130000009zecvAAA
1,1:M Content,0013000000M0B5d,Agentforce,2025-06-01,2025-06-01,0013000000M0B5dAAF
1,1:M Content,001ed00000FcouP,Agentforce,2025-10-01,2025-10-01,001ed00000FcouPYAR
1,1:M Content,001ed00000sZxmI,Agentforce,2025-12-01,2025-12-01,001ed00000sZxmIYAS
1,1:M Content,001ed00000r1yI9,Agentforce,2025-12-01,2025-12-01,001ed00000r1yI9YAI
1,1:M Content,001ed00000fUazM,Agentforce,2025-10-01,2025-10-01,001ed00000fUazMYAS
1,1:M Content,0013000000ZlQpU,Agentforce,2025-06-01,2025-06-01,0013000000ZlQpUAAV
1,1:M Content,0013000001JysSn,Agentforce,2025-07-01,2025-07-01,0013000001JysSnAAJ
1,1:M Content,00130000016k9Sv,Agentforce,2025-12-01,2025-12-01,00130000016k9SvAAI
1,1:M Content,0013000001Hf3we,Agentforce,2025-02-01,2025-02-01,0013000001Hf3weAAB
1,1:M Content,001ed00000dq9Tl,Agentforce,2025-09-01,2025-09-01,001ed00000dq9TlYAI
1,1:M Content,0013y00001cw9t4,Agentforce,2025-09-01,2025-09-01,0013y00001cw9t4QAA
1,1:M Content,001ed00000nzcqc,Agentforce,2025-11-01,2025-11-01,001ed00000nzcqcYAA
1,1:M Content,0010M00001ULfij,Agentforce,2025-02-01,2025-02-01,0010M00001ULfijQAD
1,1:M Content,00130000008eaJm,Agentforce,2025-01-01,2025-01-01,00130000008eaJmAAI
1,1:M Content,0013y00001ce3xe,Agentforce,2025-11-01,2025-11-01,0013y00001ce3xeQAA
1,1:M Content,0013000001GVIRF,Agentforce,2025-05-01,2025-05-01,0013000001GVIRFAA5
1,1:M Content,001ed00000hik6R,Agentforce,2025-09-01,2025-09-01,001ed00000hik6RYAQ
1,1:M Content,001ed00000EkrCa,Agentforce,2025-01-01,2025-01-01,001ed00000EkrCaYAJ
1,1:M Content,001ed00000eXznO,Agentforce,2025-08-01,2025-08-01,001ed00000eXznOYAS
5,1:M Content,001ed00000bnD3d,Agentforce,2025-11-01,2025-11-01,001ed00000bnD3dYAE
2,1:M Content,0013000000M1gy5,Agentforce,2025-10-01,2025-10-01,0013000000M1gy5AAB
3,1:M Content,0013000001Igs1f,Agentforce,2025-07-01,2025-07-01,0013000001Igs1fAAB
3,1:M Content,0013000000hIhIO,Agentforce,2025-07-01,2025-07-01,0013000000hIhIOAA0
2,1:M Content,001ed00000QFcUJ,Agentforce,2025-05-01,2025-05-01,001ed00000QFcUJYA1
9,1:M Content,0013y00001cwAWu,Agentforce,2025-10-01,2025-10-01,0013y00001cwAWuQAM
2,1:M Content,0013000000ITpti,Agentforce,2025-08-01,2025-08-01,0013000000ITptiAAD
4,1:M Content,0010M00001Qmguc,Agentforce,2025-11-01,2025-11-01,0010M00001QmgucQAB
5,1:M Content,00130000016gN5v,Agentforce,2025-07-01,2025-07-01,00130000016gN5vAAE
3,1:M Content,0013000001CC7S1,Agentforce,2025-09-01,2025-09-01,0013000001CC7S1AAL
2,1:M Content,001ed00000CEK81,Agentforce,2024-12-01,2024-12-01,001ed00000CEK81YAH
6,1:M Content,001ed00000lM2g1,Agentforce,2025-10-01,2025-10-01,001ed00000lM2g1YAC
3,1:M Content,001ed00000pFvwf,Agentforce,2025-12-01,2025-12-01,001ed00000pFvwfYAC
2,1:M Content,0010M00001QqkVD,Agentforce,2025-08-01,2025-08-01,0010M00001QqkVDQAZ
3,1:M Content,0013000001GVORU,Agentforce,2025-10-01,2025-10-01,0013000001GVORUAA5
2,1:M Content,001ed00000R04VV,Agentforce,2025-07-01,2025-07-01,001ed00000R04VVYAZ
3,1:M Content,00130000001gfsO,Agentforce,2025-10-01,2025-10-01,00130000001gfsOAAQ
4,1:M Content,001ed00000bbnvi,Agentforce,2025-07-01,2025-07-01,001ed00000bbnviYAA
3,1:M Content,001ed00000emXPF,Agentforce,2025-08-01,2025-08-01,001ed00000emXPFYA2
2,1:M Content,001ed00000Y0zUY,Agentforce,2025-07-01,2025-07-01,001ed00000Y0zUYYAZ
2,1:M Content,001ed00000a2UZy,Agentforce,2025-08-01,2025-08-01,001ed00000a2UZyYAM
2,1:M Content,0013000000rpU99,Agentforce,2025-09-01,2025-09-01,0013000000rpU99AAE
2,1:M Content,0013000000ZjiM6,Agentforce,2025-08-01,2025-08-01,0013000000ZjiM6AAJ
2,1:M Content,0013y00001fbi3j,Agentforce,2025-12-01,2025-12-01,0013y00001fbi3jQAA
2,1:M Content,00130000002xdOK,Agentforce,2025-08-01,2025-08-01,00130000002xdOKAAY
3,1:M Content,001ed00000dP985,Agentforce,2025-08-01,2025-08-01,001ed00000dP985YAC
2,1:M Content,001ed00000qateM,Agentforce,2025-12-01,2025-12-01,001ed00000qateMYAQ
2,1:M Content,001ed00000XLBLd,Agentforce,2025-08-01,2025-08-01,001ed00000XLBLdYAP
2,1:M Content,001ed00000N2JcP,Agentforce,2025-04-01,2025-04-01,001ed00000N2JcPYAV
