TOTAL_COMPLETED_CASES,TEAM,ENG_ACCOUNT_ID,DERIVED_CLOUD,END_DT,START_DT,Acct_ID_18
1,Success Guides,0013000001MnryZ,Data Cloud,2024-10-01,2024-09-01,0013000001MnryZAAR
1,Onboarding Specialists,0010M00001QnXXZ,Data Cloud,2025-12-01,2025-12-01,0010M00001QnXXZQA3
1,Success Architects,0013000000rqy1R,Data Cloud,2025-07-01,2025-05-01,0013000000rqy1RAAQ
1,Success Architects,0013y00001cU5WQ,Data Cloud,2025-05-01,2025-04-01,0013y00001cU5WQQA0
1,Success Guides,0010M00001btvsa,Data Cloud,2025-01-01,2025-01-01,0010M00001btvsaQAA
1,Success Guides,0013000000M2oAL,Data Cloud,2025-07-01,2025-06-01,0013000000M2oALAAZ
1,Success Guides,0010M00001Sn4G8,Data Cloud,2023-12-01,2023-10-01,0010M00001Sn4G8QAJ
1,Success Guides,0013000000rqXZj,Data Cloud,2025-12-01,2025-11-01,0013000000rqXZjAAM
1,Onboarding Specialists,0013y00001cUC73,Data Cloud,2025-06-01,2025-06-01,0013y00001cUC73QAG
1,Onboarding Specialists,0010M00001QmqoG,Data Cloud,2025-01-01,2024-12-01,0010M00001QmqoGQAR
1,Success Guides,0010M00001WZmx6,Data Cloud,2025-07-01,2025-07-01,0010M00001WZmx6QAD
1,Success Guides,0010M00001QlMlX,Data Cloud,2024-06-01,2024-06-01,0010M00001QlMlXQAV
1,Success Guides,00100000001X1Of,Data Cloud,2025-05-01,2025-05-01,00100000001X1OfAAK
1,Success Architects,0013000000rqpai,Data Cloud,2024-12-01,2024-10-01,0013000000rqpaiAAA
1,Success Architects,0013y00001cseuU,Data Cloud,2025-09-01,2025-07-01,0013y00001cseuUQAQ
1,Success Guides,0013000000M1wST,Data Cloud,2023-09-01,2023-08-01,0013000000M1wSTAAZ
1,Onboarding Specialists,0013y00001Z1KVe,Data Cloud,2025-11-01,2025-08-01,0013y00001Z1KVeQAN
1,Success Guides,0010M00001UMcsa,Data Cloud,2025-02-01,2025-01-01,0010M00001UMcsaQAD
1,Success Guides,0013000000rndOb,Data Cloud,2025-09-01,2025-09-01,0013000000rndObAAI
1,Onboarding Specialists,00130000003JsyP,Data Cloud,2023-08-01,2023-07-01,00130000003JsyPAAS
1,Success Architects,0013000000ALdWo,Data Cloud,2025-05-01,2025-03-01,0013000000ALdWoAAL
1,Success Guides,00100000000nEZj,Data Cloud,2024-07-01,2024-06-01,00100000000nEZjAAM
1,Success Guides,0010M00001Yu8OS,Data Cloud,2025-12-01,2025-11-01,0010M00001Yu8OSQAZ
1,Success Guides,0013y00001eSEpb,Data Cloud,2025-12-01,2025-11-01,0013y00001eSEpbQAG
1,Success Guides,0013000000RYO3e,Data Cloud,2025-10-01,2025-09-01,0013000000RYO3eAAH
1,Success Guides,0010M00001QkrMt,Data Cloud,2025-02-01,2025-01-01,0010M00001QkrMtQAJ
1,Onboarding Specialists,0010M00001QaCvc,Data Cloud,2025-04-01,2025-02-01,0010M00001QaCvcQAF
1,Success Guides,00130000009lkTX,Data Cloud,2024-08-01,2024-07-01,00130000009lkTXAAY
1,Success Guides,00130000002aAAA,Data Cloud,2025-01-01,2025-01-01,00130000002aAAAAA2
1,Success Guides,0013000000roCWg,Data Cloud,2024-08-01,2024-08-01,0013000000roCWgAAM
1,Success Guides,0013000000ZjgDp,Data Cloud,2025-02-01,2025-02-01,0013000000ZjgDpAAJ
1,Success Architects,0013000000Ziqmj,Data Cloud,2025-06-01,2025-06-01,0013000000ZiqmjAAB
1,Success Guides,0013000001CCq1V,Data Cloud,2024-12-01,2024-12-01,0013000001CCq1VAAT
1,Success Guides,0013000000RZ2Ls,Data Cloud,2025-03-01,2025-02-01,0013000000RZ2LsAAL
1,Onboarding Specialists,0013000000M1auk,Data Cloud,2025-07-01,2025-06-01,0013000000M1aukAAB
1,Success Guides,0013000001L68uS,Data Cloud,2023-04-01,2023-03-01,0013000001L68uSAAR
1,Success Guides,0013000001NXenh,Data Cloud,2025-07-01,2025-07-01,0013000001NXenhAAD
1,Success Guides,0013000000rqpf4,Data Cloud,2025-11-01,2025-10-01,0013000000rqpf4AAA
1,Success Architects,0013y00001car1c,Data Cloud,2024-08-01,2024-07-01,0013y00001car1cQAA
1,Onboarding Specialists,0010M00001QnLbv,Data Cloud,2025-09-01,2025-08-01,0010M00001QnLbvQAF
1,Success Guides,0013000000GqJRh,Data Cloud,2025-03-01,2025-02-01,0013000000GqJRhAAN
1,Success Architects,00130000000e3qE,Data Cloud,2025-08-01,2025-06-01,00130000000e3qEAAQ
1,Success Guides,00130000002lrAA,Data Cloud,2025-10-01,2025-09-01,00130000002lrAAAAY
1,Success Guides,0013000001CCq9P,Data Cloud,2025-11-01,2025-10-01,0013000001CCq9PAAT
2,Success Guides,0013000000rpkHG,Data Cloud,2025-11-01,2025-10-01,0013000000rpkHGAAY
2,Success Guides,0010M00001PEmCB,Data Cloud,2024-09-01,2024-08-01,0010M00001PEmCBQA1
1,1:M Content,0010M00001Sq2Vq,Data Cloud,2024-09-01,2024-09-01,0010M00001Sq2VqQAJ
1,1:M Content,0010M00001UMdNY,Data Cloud,2024-12-01,2024-12-01,0010M00001UMdNYQA1
1,1:M Content,0013000000M1A1X,Data Cloud,2025-12-01,2025-12-01,0013000000M1A1XAAV
1,1:M Content,00130000016hgM6,Data Cloud,2024-10-01,2024-10-01,00130000016hgM6AAI
1,1:M Content,0013000000CrNYV,Data Cloud,2025-10-01,2025-10-01,0013000000CrNYVAA3
1,1:M Content,0013000001CBw6N,Data Cloud,2025-04-01,2025-04-01,0013000001CBw6NAAT
1,1:M Content,0010M00001WYffF,Data Cloud,2025-08-01,2025-08-01,0010M00001WYffFQAT
1,1:M Content,00130000003QTRs,Data Cloud,2025-05-01,2025-05-01,00130000003QTRsAAO
1,1:M Content,0013000000M0Nzd,Data Cloud,2025-11-01,2025-11-01,0013000000M0NzdAAF
1,1:M Content,0013y00001g9UCn,Data Cloud,2024-06-01,2024-06-01,0013y00001g9UCnQAM
1,1:M Content,0013y00001Xz3m9,Data Cloud,2025-01-01,2025-01-01,0013y00001Xz3m9QAB
1,1:M Content,0013y00001cyfug,Data Cloud,2024-12-01,2024-12-01,0013y00001cyfugQAA
1,1:M Content,0013000000C4Jro,Data Cloud,2025-02-01,2025-02-01,0013000000C4JroAAF
1,1:M Content,0010M00001W82aX,Data Cloud,2025-06-01,2025-06-01,0010M00001W82aXQAR
1,1:M Content,0013000001GYTnf,Data Cloud,2025-07-01,2025-07-01,0013000001GYTnfAAH
1,1:M Content,001ed00000aKAzP,Data Cloud,2025-07-01,2025-07-01,001ed00000aKAzPYAW
1,1:M Content,0013000001CCpyb,Data Cloud,2025-09-01,2025-09-01,0013000001CCpybAAD
1,1:M Content,0013000001NXdvr,Data Cloud,2025-02-01,2025-02-01,0013000001NXdvrAAD
1,1:M Content,001ed000003zHIP,Data Cloud,2024-12-01,2024-12-01,001ed000003zHIPYA2
1,1:M Content,0013000000ZjaJ9,Data Cloud,2025-01-01,2025-01-01,0013000000ZjaJ9AAJ
1,1:M Content,0013000001Mipkx,Data Cloud,2024-08-01,2024-08-01,0013000001MipkxAAB
1,1:M Content,00130000000cz3V,Data Cloud,2024-12-01,2024-12-01,00130000000cz3VAAQ
1,1:M Content,00130000002xHUj,Data Cloud,2025-02-01,2025-02-01,00130000002xHUjAAM
1,1:M Content,0010M00001S96ZP,Data Cloud,2025-10-01,2025-10-01,0010M00001S96ZPQAZ
1,1:M Content,00130000003Fv9B,Data Cloud,2025-02-01,2025-02-01,00130000003Fv9BAAS
1,1:M Content,001ed00000402p8,Data Cloud,2024-12-01,2024-12-01,001ed00000402p8YAA
1,1:M Content,0010M00001V40vL,Data Cloud,2025-01-01,2025-01-01,0010M00001V40vLQAR
1,1:M Content,0013000000I3SG5,Data Cloud,2024-07-01,2024-07-01,0013000000I3SG5AAN
1,1:M Content,0013y00001c8Lgn,Data Cloud,2025-10-01,2025-10-01,0013y00001c8LgnQAE
1,1:M Content,00130000007WutT,Data Cloud,2024-06-01,2024-06-01,00130000007WutTAAS
1,1:M Content,0010M00001WOVQi,Data Cloud,2025-08-01,2025-08-01,0010M00001WOVQiQAP
1,1:M Content,00130000007qkBq,Data Cloud,2025-01-01,2025-01-01,00130000007qkBqAAI
1,1:M Content,0013y00001crgEH,Data Cloud,2025-04-01,2025-04-01,0013y00001crgEHQAY
1,1:M Content,00100000001e2SX,Data Cloud,2025-02-01,2025-02-01,00100000001e2SXAAY
1,1:M Content,001ed00000mMMUT,Data Cloud,2025-11-01,2025-11-01,001ed00000mMMUTYA4
1,1:M Content,0013y00001fZd80,Data Cloud,2024-11-01,2024-11-01,0013y00001fZd80QAC
1,1:M Content,0013000001Mnrmn,Data Cloud,2025-09-01,2025-09-01,0013000001MnrmnAAB
1,1:M Content,0010M00001SHlUM,Data Cloud,2025-07-01,2025-07-01,0010M00001SHlUMQA1
1,1:M Content,00130000000HRK2,Data Cloud,2025-11-01,2025-11-01,00130000000HRK2AAO
1,1:M Content,0013000001NWoOO,Data Cloud,2025-12-01,2025-12-01,0013000001NWoOOAA1
1,1:M Content,00130000000Fr3e,Data Cloud,2025-12-01,2025-12-01,00130000000Fr3eAAC
1,1:M Content,0010M00001cHSfU,Data Cloud,2025-10-01,2025-10-01,0010M00001cHSfUQAW
4,1:M Content,0013y00001cwAWu,Data Cloud,2025-11-01,2025-11-01,0013y00001cwAWuQAM
3,1:M Content,0013000000rnJw6,Data Cloud,2025-12-01,2025-12-01,0013000000rnJw6AAE
3,1:M Content,0013000000FdceL,Data Cloud,2025-10-01,2025-10-01,0013000000FdceLAAR
1,Success Guides,0013000000rnaiW,Data Cloud,2025-02-01,2025-02-01,0013000000rnaiWAAQ
1,Success Guides,0013y00001d0KDZ,Data Cloud,2025-09-01,2025-08-01,0013y00001d0KDZQA2
1,Onboarding Specialists,0010M00001QaCvc,Data Cloud,2025-04-01,2025-04-01,0010M00001QaCvcQAF
1,Onboarding Specialists,0013y00001e67lm,Data Cloud,2025-03-01,2025-02-01,0013y00001e67lmQAA
1,Success Guides,0013000000hKnkB,Data Cloud,2025-02-01,2025-01-01,0013000000hKnkBAAS
1,Success Architects,0013y00001buMKq,Data Cloud,2025-06-01,2025-04-01,0013y00001buMKqQAM
1,Success Guides,00130000002x9Tp,Data Cloud,2024-12-01,2024-12-01,00130000002x9TpAAI
1,Success Guides,0010000000164Oi,Data Cloud,2024-06-01,2024-05-01,0010000000164OiAAI
1,Success Architects,0013y00001c4azU,Data Cloud,2025-07-01,2025-07-01,0013y00001c4azUQAQ
1,Success Guides,00130000007A1iv,Data Cloud,2024-04-01,2024-03-01,00130000007A1ivAAC
1,Success Guides,00130000005ZHb5,Data Cloud,2025-11-01,2025-11-01,00130000005ZHb5AAG
1,Success Guides,0013y00001cfkxD,Data Cloud,2024-04-01,2024-03-01,0013y00001cfkxDQAQ
1,Success Guides,00130000003Nevx,Data Cloud,2025-01-01,2024-12-01,00130000003NevxAAC
1,Success Architects,0013y00001cShv1,Data Cloud,2024-07-01,2024-06-01,0013y00001cShv1QAC
1,Onboarding Specialists,0010M00001QmqoG,Data Cloud,2025-01-01,2025-01-01,0010M00001QmqoGQAR
1,Success Architects,0013000000LzQuq,Data Cloud,2025-02-01,2025-02-01,0013000000LzQuqAAF
1,Success Guides,0010M00001QkrMt,Data Cloud,2025-10-01,2025-09-01,0010M00001QkrMtQAJ
1,Success Guides,0013y00001cov38,Data Cloud,2024-11-01,2024-11-01,0013y00001cov38QAA
1,Success Guides,0013000001GVn45,Data Cloud,2025-09-01,2025-09-01,0013000001GVn45AAD
1,Success Architects,0013y00001c8Lgn,Data Cloud,2025-01-01,2024-12-01,0013y00001c8LgnQAE
1,Success Architects,0013y00001fSlj0,Data Cloud,2024-10-01,2024-09-01,0013y00001fSlj0QAC
1,Success Architects,0013y00001cQIil,Data Cloud,2025-05-01,2025-03-01,0013y00001cQIilQAG
1,Success Guides,0013000000M1tEU,Data Cloud,2025-07-01,2025-07-01,0013000000M1tEUAAZ
1,Success Guides,0010M00001SHwPu,Data Cloud,2024-12-01,2024-12-01,0010M00001SHwPuQAL
1,Onboarding Specialists,0010M00001WJi4H,Data Cloud,2023-03-01,2023-02-01,0010M00001WJi4HQAT
1,Onboarding Specialists,0013y00001ce9KX,Data Cloud,2025-09-01,2025-08-01,0013y00001ce9KXQAY
1,Success Guides,0013y00001eIL3t,Data Cloud,2024-06-01,2024-04-01,0013y00001eIL3tQAG
1,Success Guides,0013000001JyDCn,Data Cloud,2025-07-01,2025-06-01,0013000001JyDCnAAN
1,Success Guides,0013000001KaZNz,Data Cloud,2025-09-01,2025-09-01,0013000001KaZNzAAN
1,Success Architects,0013y00001crQvF,Data Cloud,2025-07-01,2025-05-01,0013y00001crQvFQAU
1,Success Guides,0010M00001WHoD1,Data Cloud,2025-10-01,2025-10-01,0010M00001WHoD1QAL
1,Success Guides,0010M00001Spykv,Data Cloud,2025-11-01,2025-11-01,0010M00001SpykvQAB
1,Success Guides,0013000000IknUp,Data Cloud,2024-06-01,2024-06-01,0013000000IknUpAAJ
1,Success Guides,0013000000DmE7O,Data Cloud,2025-01-01,2024-12-01,0013000000DmE7OAAV
1,Success Architects,0013y00001dKgj3,Data Cloud,2025-05-01,2025-04-01,0013y00001dKgj3QAC
1,Success Architects,00130000002xANG,Data Cloud,2024-08-01,2024-07-01,00130000002xANGAA2
1,Success Architects,0010M00001WOScB,Data Cloud,2024-12-01,2024-11-01,0010M00001WOScBQAX
1,Success Guides,0010M00001U3rJn,Data Cloud,2025-12-01,2025-12-01,0010M00001U3rJnQAJ
1,1:M Content,0013000001GXLgo,Data Cloud,2025-04-01,2025-03-01,0013000001GXLgoAAH
1,1:M Content,0013y00001cMuUa,Data Cloud,2024-10-01,2024-10-01,0013y00001cMuUaQAK
1,1:M Content,0010M00001UVQ98,Data Cloud,2025-07-01,2025-07-01,0010M00001UVQ98QAH
1,1:M Content,0013y00001cFgTO,Data Cloud,2025-11-01,2025-11-01,0013y00001cFgTOQA0
1,1:M Content,00130000007WutT,Data Cloud,2024-02-01,2024-02-01,00130000007WutTAAS
1,1:M Content,00100000002CNHA,Data Cloud,2025-03-01,2025-03-01,00100000002CNHAAA4
1,1:M Content,0013000000NSrEk,Data Cloud,2025-09-01,2025-09-01,0013000000NSrEkAAL
1,1:M Content,0010M00001WYDbC,Data Cloud,2025-08-01,2025-08-01,0010M00001WYDbCQAX
1,1:M Content,0013000001CA73J,Data Cloud,2025-03-01,2025-03-01,0013000001CA73JAAT
1,1:M Content,00100000001dhxY,Data Cloud,2025-01-01,2025-01-01,00100000001dhxYAAQ
1,1:M Content,001ed00000GvWZq,Data Cloud,2025-09-01,2025-09-01,001ed00000GvWZqYAN
1,1:M Content,001300000077VIU,Data Cloud,2024-11-01,2024-11-01,001300000077VIUAA2
1,1:M Content,0013y00001c4mli,Data Cloud,2025-11-01,2025-11-01,0013y00001c4mliQAA
1,1:M Content,001ed00000Nq9q3,Data Cloud,2025-10-01,2025-10-01,001ed00000Nq9q3YAB
1,1:M Content,00100000000y4SW,Data Cloud,2025-02-01,2025-02-01,00100000000y4SWAAY
1,1:M Content,0013y00001dKzrH,Data Cloud,2025-06-01,2025-06-01,0013y00001dKzrHQAS
1,1:M Content,00100000001hgGw,Data Cloud,2025-02-01,2025-02-01,00100000001hgGwAAI
1,1:M Content,00130000009bViP,Data Cloud,2024-12-01,2024-12-01,00130000009bViPAAU
1,1:M Content,0013y00001cIeHp,Data Cloud,2025-01-01,2025-01-01,0013y00001cIeHpQAK
1,1:M Content,001ed000009be2w,Data Cloud,2024-11-01,2024-11-01,001ed000009be2wYAA
1,1:M Content,0013y00001g9jvP,Data Cloud,2025-10-01,2025-10-01,0013y00001g9jvPQAQ
1,1:M Content,0010M00001Qqin5,Data Cloud,2025-07-01,2025-07-01,0010M00001Qqin5QAB
1,1:M Content,001ed000007gH5F,Data Cloud,2025-02-01,2025-02-01,001ed000007gH5FYAU
1,1:M Content,0013000001GXNPf,Data Cloud,2024-10-01,2024-10-01,0013000001GXNPfAAP
1,1:M Content,001ed000003kPbE,Data Cloud,2025-07-01,2025-06-01,001ed000003kPbEYAU
1,1:M Content,00130000000jtHD,Data Cloud,2024-02-01,2024-02-01,00130000000jtHDAAY
1,1:M Content,00130000002xWhK,Data Cloud,2025-08-01,2025-08-01,00130000002xWhKAAU
1,1:M Content,0013000000M2NHn,Data Cloud,2025-05-01,2025-05-01,0013000000M2NHnAAN
1,1:M Content,00130000016k7oI,Data Cloud,2025-03-01,2025-03-01,00130000016k7oIAAQ
1,1:M Content,0010M00001QaTHJ,Data Cloud,2025-04-01,2025-03-01,0010M00001QaTHJQA3
1,1:M Content,001ed00000YNNl8,Data Cloud,2025-10-01,2025-10-01,001ed00000YNNl8YAH
1,1:M Content,0010M00001QaXkP,Data Cloud,2025-03-01,2025-03-01,0010M00001QaXkPQAV
1,1:M Content,0013y00001djhhG,Data Cloud,2025-11-01,2025-11-01,0013y00001djhhGQAQ
1,1:M Content,0013y00001cgwc8,Data Cloud,2025-01-01,2025-01-01,0013y00001cgwc8QAA
1,1:M Content,00130000002xGL6,Data Cloud,2025-04-01,2025-03-01,00130000002xGL6AAM
1,1:M Content,001ed00000AaoYR,Data Cloud,2024-11-01,2024-11-01,001ed00000AaoYRYAZ
1,1:M Content,0013000000HlAOj,Data Cloud,2025-03-01,2025-03-01,0013000000HlAOjAAN
1,1:M Content,0010M00001UM0MJ,Data Cloud,2025-03-01,2025-03-01,0010M00001UM0MJQA1
1,1:M Content,0010M00001W81hr,Data Cloud,2025-06-01,2025-06-01,0010M00001W81hrQAB
1,1:M Content,0010M00001QnRFX,Data Cloud,2024-08-01,2024-08-01,0010M00001QnRFXQA3
1,1:M Content,0013000000NPcgD,Data Cloud,2024-10-01,2024-10-01,0013000000NPcgDAAT
1,1:M Content,0013000001CB9Ep,Data Cloud,2025-06-01,2025-06-01,0013000001CB9EpAAL
1,1:M Content,0013y00001cQH40,Data Cloud,2025-05-01,2025-05-01,0013y00001cQH40QAG
1,1:M Content,0013000000hL2I4,Data Cloud,2024-08-01,2024-08-01,0013000000hL2I4AAK
1,1:M Content,0010M00001VMbx4,Data Cloud,2025-08-01,2025-08-01,0010M00001VMbx4QAD
4,1:M Content,0010M00001NYl5o,Data Cloud,2025-11-01,2025-11-01,0010M00001NYl5oQAD
1,Success Guides,00130000004DKtc,Data Cloud,2025-08-01,2025-08-01,00130000004DKtcAAG
1,Success Architects,0013000001GXFhT,Data Cloud,2025-02-01,2024-11-01,0013000001GXFhTAAX
1,Success Guides,0013y00001ewVOg,Data Cloud,2025-07-01,2025-05-01,0013y00001ewVOgQAM
1,Success Guides,0013000000KxKfn,Data Cloud,2025-11-01,2025-11-01,0013000000KxKfnAAF
1,Success Architects,0013y00001cofDS,Data Cloud,2025-08-01,2025-07-01,0013y00001cofDSQAY
1,Success Guides,0013000001CCq4U,Data Cloud,2025-11-01,2025-11-01,0013000001CCq4UAAT
1,Success Architects,0013y00001f94cl,Data Cloud,2024-08-01,2024-07-01,0013y00001f94clQAA
1,Success Architects,00130000009lkTX,Data Cloud,2025-06-01,2025-04-01,00130000009lkTXAAY
1,Success Guides,0013000000KxJeS,Data Cloud,2025-11-01,2025-11-01,0013000000KxJeSAAV
1,Success Guides,0013000001M1hVL,Data Cloud,2025-02-01,2025-01-01,0013000001M1hVLAAZ
1,Success Guides,0013000001L6i8m,Data Cloud,2025-09-01,2025-08-01,0013000001L6i8mAAB
1,Success Architects,0013000000K13F4,Data Cloud,2024-06-01,2024-03-01,0013000000K13F4AAJ
1,Success Guides,0013000000M2ROr,Data Cloud,2025-12-01,2025-11-01,0013000000M2ROrAAN
1,Success Guides,0013000001C9yHq,Data Cloud,2025-09-01,2025-08-01,0013000001C9yHqAAJ
1,Success Guides,0013000000RZ2Ls,Data Cloud,2025-02-01,2025-02-01,0013000000RZ2LsAAL
1,Success Architects,00100000001pHFs,Data Cloud,2025-07-01,2025-05-01,00100000001pHFsAAM
1,Onboarding Specialists,00130000016hJXl,Data Cloud,2025-02-01,2025-01-01,00130000016hJXlAAM
1,Success Architects,0010M00001WJEh4,Data Cloud,2025-03-01,2025-02-01,0010M00001WJEh4QAH
1,Success Guides,0013y00001dNlJb,Data Cloud,2025-08-01,2025-08-01,0013y00001dNlJbQAK
1,Onboarding Specialists,001ed00000OYDeZ,Data Cloud,2025-12-01,2025-10-01,001ed00000OYDeZYAX
1,Success Guides,0013y00001d70mB,Data Cloud,2025-10-01,2025-10-01,0013y00001d70mBQAQ
1,Success Architects,0010M00001QmLgI,Data Cloud,2024-06-01,2024-05-01,0010M00001QmLgIQAV
1,Success Guides,0013y00001cCXv9,Data Cloud,2024-08-01,2024-08-01,0013y00001cCXv9QAG
1,Success Guides,0013000000JiMpa,Data Cloud,2024-05-01,2024-04-01,0013000000JiMpaAAF
1,Success Guides,00130000008cidG,Data Cloud,2025-07-01,2025-05-01,00130000008cidGAAQ
1,Onboarding Specialists,00130000002xHPt,Data Cloud,2025-03-01,2025-01-01,00130000002xHPtAAM
1,Success Guides,0010M00001U3yOF,Data Cloud,2025-05-01,2025-05-01,0010M00001U3yOFQAZ
1,Success Architects,001000000027wHR,Data Cloud,2024-03-01,2024-01-01,001000000027wHRAAY
1,Onboarding Specialists,0013y00001fzCme,Data Cloud,2025-11-01,2025-10-01,0013y00001fzCmeQAE
1,Onboarding Specialists,0013000001C9xLc,Data Cloud,2025-09-01,2025-09-01,0013000001C9xLcAAJ
1,Onboarding Specialists,0010M00001WY82M,Data Cloud,2025-12-01,2025-11-01,0010M00001WY82MQAT
1,Success Guides,0010M00001NYqbT,Data Cloud,2025-09-01,2025-07-01,0010M00001NYqbTQAT
1,Success Architects,0010M00001S9GBw,Data Cloud,2024-09-01,2024-08-01,0010M00001S9GBwQAN
1,Onboarding Specialists,0013000001GjElt,Data Cloud,2024-08-01,2024-07-01,0013000001GjEltAAF
1,Success Guides,0010M00001U3uTH,Data Cloud,2023-10-01,2023-09-01,0010M00001U3uTHQAZ
3,Success Guides,001ed00000W4COM,Data Cloud,2025-10-01,2025-10-01,001ed00000W4COMYA3
2,Success Guides,00100000000lmWk,Data Cloud,2025-08-01,2025-08-01,00100000000lmWkAAI
1,1:M Content,0013y00001cCXh2,Data Cloud,2025-11-01,2025-11-01,0013y00001cCXh2QAG
1,1:M Content,0013000000KwIqO,Data Cloud,2025-08-01,2025-08-01,0013000000KwIqOAAV
1,1:M Content,0013000000ZmE0O,Data Cloud,2025-12-01,2025-12-01,0013000000ZmE0OAAV
1,1:M Content,0013000001CArCy,Data Cloud,2025-06-01,2025-06-01,0013000001CArCyAAL
1,1:M Content,0010M00001WZqnE,Data Cloud,2025-06-01,2025-06-01,0010M00001WZqnEQAT
1,1:M Content,0013000000HF5Rx,Data Cloud,2025-06-01,2025-06-01,0013000000HF5RxAAL
1,1:M Content,0013000000ZlQp1,Data Cloud,2024-11-01,2024-11-01,0013000000ZlQp1AAF
1,1:M Content,0010M00001P0OHK,Data Cloud,2024-02-01,2024-02-01,0010M00001P0OHKQA3
1,1:M Content,0013000000ZkJFl,Data Cloud,2024-05-01,2024-05-01,0013000000ZkJFlAAN
1,1:M Content,001ed00000MJIFu,Data Cloud,2025-05-01,2025-05-01,001ed00000MJIFuYAP
1,1:M Content,0013y00001e2gyO,Data Cloud,2025-11-01,2025-11-01,0013y00001e2gyOQAQ
1,1:M Content,0013y00001cfmtO,Data Cloud,2025-10-01,2025-10-01,0013y00001cfmtOQAQ
1,1:M Content,0013000000roxMU,Data Cloud,2024-04-01,2024-04-01,0013000000roxMUAAY
1,1:M Content,001ed000009ZXX0,Data Cloud,2024-11-01,2024-11-01,001ed000009ZXX0YAO
1,1:M Content,0013000000I3dRG,Data Cloud,2025-04-01,2025-04-01,0013000000I3dRGAAZ
1,1:M Content,00100000001E0jo,Data Cloud,2025-12-01,2025-12-01,00100000001E0joAAC
1,1:M Content,0013y00001cgQuh,Data Cloud,2025-01-01,2025-01-01,0013y00001cgQuhQAE
1,1:M Content,0013000001NXh5T,Data Cloud,2025-06-01,2025-06-01,0013000001NXh5TAAT
1,1:M Content,0013000000RXdRy,Data Cloud,2024-08-01,2024-08-01,0013000000RXdRyAAL
1,1:M Content,0010M00001YzvDT,Data Cloud,2025-12-01,2025-12-01,0010M00001YzvDTQAZ
1,1:M Content,0013y00001gFFk9,Data Cloud,2024-08-01,2024-08-01,0013y00001gFFk9QAG
1,1:M Content,0013000000RWxyb,Data Cloud,2025-04-01,2025-04-01,0013000000RWxybAAD
1,1:M Content,0013000000NRIHO,Data Cloud,2024-10-01,2024-10-01,0013000000NRIHOAA5
1,1:M Content,00130000009iVO0,Data Cloud,2024-08-01,2024-07-01,00130000009iVO0AAM
1,1:M Content,0013y00001dkvpl,Data Cloud,2025-12-01,2025-12-01,0013y00001dkvplQAA
1,1:M Content,001ed00000nBGV6,Data Cloud,2025-11-01,2025-11-01,001ed00000nBGV6YAO
1,1:M Content,00130000002U4wm,Data Cloud,2025-03-01,2025-03-01,00130000002U4wmAAC
1,1:M Content,001ed000004NaOf,Data Cloud,2025-05-01,2025-05-01,001ed000004NaOfYAK
1,1:M Content,001ed00000JJpzy,Data Cloud,2025-02-01,2025-02-01,001ed00000JJpzyYAD
1,1:M Content,00130000016h1fV,Data Cloud,2024-12-01,2024-12-01,00130000016h1fVAAQ
1,1:M Content,0013y00001c4mli,Data Cloud,2024-09-01,2024-09-01,0013y00001c4mliQAA
1,1:M Content,0013000000Bmz4D,Data Cloud,2024-11-01,2024-11-01,0013000000Bmz4DAAR
1,1:M Content,00130000002xTN1,Data Cloud,2025-06-01,2025-06-01,00130000002xTN1AAM
1,1:M Content,0013000000Zl6Lq,Data Cloud,2025-11-01,2025-11-01,0013000000Zl6LqAAJ
1,1:M Content,0010M00001Xy6J3,Data Cloud,2024-08-01,2024-07-01,0010M00001Xy6J3QAJ
1,1:M Content,00130000002xU2x,Data Cloud,2025-01-01,2025-01-01,00130000002xU2xAAE
1,1:M Content,00130000004IFaQ,Data Cloud,2025-12-01,2025-12-01,00130000004IFaQAAW
1,1:M Content,0013000000HFbxu,Data Cloud,2025-06-01,2025-06-01,0013000000HFbxuAAD
1,1:M Content,0010M00001Xxfe6,Data Cloud,2025-01-01,2025-01-01,0010M00001Xxfe6QAB
1,1:M Content,0010M00001VKdwX,Data Cloud,2025-11-01,2025-11-01,0010M00001VKdwXQAT
2,1:M Content,0013000001Mswi1,Data Cloud,2024-12-01,2024-12-01,0013000001Mswi1AAB
2,1:M Content,0013000000Raquy,Data Cloud,2025-03-01,2025-03-01,0013000000RaquyAAB
2,1:M Content,0013000000ZiZY8,Data Cloud,2025-10-01,2025-10-01,0013000000ZiZY8AAN
1,Success Architects,0013y00001fTCQq,Data Cloud,2025-04-01,2025-01-01,0013y00001fTCQqQAO
1,Success Guides,00100000000Rn64,Data Cloud,2025-12-01,2025-11-01,00100000000Rn64AAC
1,Onboarding Specialists,0010M00001UVYUK,Data Cloud,2023-10-01,2023-10-01,0010M00001UVYUKQA5
1,Success Guides,0013000001GV4AK,Data Cloud,2025-12-01,2025-11-01,0013000001GV4AKAA1
1,Success Guides,0013000001MiTtp,Data Cloud,2024-11-01,2024-10-01,0013000001MiTtpAAF
1,Success Guides,0013y00001cG3oM,Data Cloud,2025-08-01,2025-08-01,0013y00001cG3oMQAS
1,Success Guides,0013y00001gDHyR,Data Cloud,2025-02-01,2025-02-01,0013y00001gDHyRQAW
1,Success Architects,0013000000rotO4,Data Cloud,2024-11-01,2024-10-01,0013000000rotO4AAI
1,Success Architects,0010M00001Sq2Vq,Data Cloud,2024-07-01,2024-06-01,0010M00001Sq2VqQAJ
1,Success Guides,0013000001CBAoX,Data Cloud,2025-03-01,2025-02-01,0013000001CBAoXAAX
1,Success Guides,0013y00001be3IY,Data Cloud,2025-02-01,2025-02-01,0013y00001be3IYQAY
1,Success Guides,0010M00001QkrMt,Data Cloud,2025-12-01,2025-12-01,0010M00001QkrMtQAJ
1,Onboarding Specialists,0013y00001eU0ih,Data Cloud,2023-09-01,2023-07-01,0013y00001eU0ihQAC
1,Onboarding Specialists,0010M00001NYX2t,Data Cloud,2025-09-01,2025-08-01,0010M00001NYX2tQAH
1,Success Architects,0010M00001WACjj,Data Cloud,2025-08-01,2025-06-01,0010M00001WACjjQAH
1,Success Architects,001ed000003kaze,Data Cloud,2025-05-01,2025-04-01,001ed000003kazeYAA
1,Success Architects,0013y00001f60wD,Data Cloud,2025-05-01,2025-04-01,0013y00001f60wDQAQ
1,Onboarding Specialists,00130000000Um8M,Data Cloud,2025-09-01,2025-06-01,00130000000Um8MAAS
1,Success Guides,0013000001KZjDf,Data Cloud,2025-04-01,2025-03-01,0013000001KZjDfAAL
1,Success Architects,0010M00001QmYEg,Data Cloud,2024-12-01,2024-11-01,0010M00001QmYEgQAN
1,Success Architects,00130000008eaCv,Data Cloud,2025-08-01,2025-06-01,00130000008eaCvAAI
1,Success Guides,0013y00001dKx9x,Data Cloud,2025-10-01,2025-10-01,0013y00001dKx9xQAC
1,Onboarding Specialists,0013000000ZlJCp,Data Cloud,2024-01-01,2023-11-01,0013000000ZlJCpAAN
1,Success Guides,0013000000NQhgD,Data Cloud,2024-12-01,2024-11-01,0013000000NQhgDAAT
1,Success Architects,0013000001NXjsO,Data Cloud,2025-08-01,2025-07-01,0013000001NXjsOAAT
1,Success Guides,0010M00001WIJlN,Data Cloud,2025-03-01,2025-02-01,0010M00001WIJlNQAX
1,Success Architects,0013000001M1awJ,Data Cloud,2024-12-01,2024-10-01,0013000001M1awJAAR
1,Success Guides,0013000001L6Ela,Data Cloud,2024-01-01,2023-12-01,0013000001L6ElaAAF
1,Success Guides,001ed00000F9BEx,Data Cloud,2025-10-01,2025-09-01,001ed00000F9BExYAN
1,Success Guides,00130000002xHpj,Data Cloud,2025-10-01,2025-09-01,00130000002xHpjAAE
1,Onboarding Specialists,00130000005tQ9v,Data Cloud,2025-11-01,2025-11-01,00130000005tQ9vAAE
1,Success Guides,0013000000LZRuo,Data Cloud,2025-09-01,2025-09-01,0013000000LZRuoAAH
1,Success Architects,0010M00001UUyu9,Data Cloud,2024-09-01,2024-08-01,0010M00001UUyu9QAD
1,Onboarding Specialists,0013000001GjElt,Data Cloud,2024-09-01,2024-08-01,0013000001GjEltAAF
1,Success Guides,0010M00001QkS9S,Data Cloud,2025-10-01,2025-10-01,0010M00001QkS9SQAV
1,Success Guides,0010M00001SnAGA,Data Cloud,2023-05-01,2023-04-01,0010M00001SnAGAQA3
1,Success Guides,0013000000HJ9bP,Data Cloud,2023-08-01,2023-08-01,0013000000HJ9bPAAT
1,Success Guides,0013000000rnhLr,Data Cloud,2025-07-01,2025-07-01,0013000000rnhLrAAI
1,Success Guides,001ed000005vNl1,Data Cloud,2025-01-01,2025-01-01,001ed000005vNl1YAE
1,Success Guides,0010M00001UVVio,Data Cloud,2025-06-01,2025-05-01,0010M00001UVVioQAH
1,Success Architects,00130000016ik2c,Data Cloud,2025-07-01,2025-05-01,00130000016ik2cAAA
1,Onboarding Specialists,0013y00001cSUuI,Data Cloud,2025-08-01,2025-07-01,0013y00001cSUuIQAW
1,Success Guides,0013000000DAEVD,Data Cloud,2025-11-01,2025-11-01,0013000000DAEVDAA5
2,Success Guides,0013000001C9uLj,Data Cloud,2025-01-01,2025-01-01,0013000001C9uLjAAJ
2,Success Guides,0013000001M1Q2p,Data Cloud,2025-12-01,2025-12-01,0013000001M1Q2pAAF
1,1:M Content,001ed00000XVP3y,Data Cloud,2025-06-01,2025-06-01,001ed00000XVP3yYAH
1,1:M Content,001000000027wHR,Data Cloud,2025-08-01,2025-08-01,001000000027wHRAAY
1,1:M Content,001ed000004Yot0,Data Cloud,2025-08-01,2025-08-01,001ed000004Yot0YAC
1,1:M Content,0013000000RX6uW,Data Cloud,2025-07-01,2025-07-01,0013000000RX6uWAAT
1,1:M Content,00130000016jML4,Data Cloud,2025-02-01,2025-02-01,00130000016jML4AAM
1,1:M Content,0013y00001f9ZtY,Data Cloud,2025-08-01,2025-08-01,0013y00001f9ZtYQAU
1,1:M Content,0013y00001cIoru,Data Cloud,2025-08-01,2025-08-01,0013y00001cIoruQAC
1,1:M Content,0013y00001cU2S1,Data Cloud,2025-10-01,2025-10-01,0013y00001cU2S1QAK
1,1:M Content,00130000000cz3V,Data Cloud,2024-03-01,2024-03-01,00130000000cz3VAAQ
1,1:M Content,0010M00001W8cIO,Data Cloud,2025-05-01,2025-05-01,0010M00001W8cIOQAZ
1,1:M Content,0013000000ImTX9,Data Cloud,2025-04-01,2025-03-01,0013000000ImTX9AAN
1,1:M Content,0013000000RaHYK,Data Cloud,2025-05-01,2025-05-01,0013000000RaHYKAA3
1,1:M Content,0013000001CBw6N,Data Cloud,2025-07-01,2025-07-01,0013000001CBw6NAAT
1,1:M Content,0013000001LVwlx,Data Cloud,2025-12-01,2025-12-01,0013000001LVwlxAAD
1,1:M Content,0010M00001YzuiB,Data Cloud,2025-04-01,2025-04-01,0010M00001YzuiBQAR
1,1:M Content,0013y00001c7M4K,Data Cloud,2025-02-01,2025-02-01,0013y00001c7M4KQAU
1,1:M Content,00130000016j7px,Data Cloud,2025-02-01,2025-02-01,00130000016j7pxAAA
1,1:M Content,0010M00001PEnm0,Data Cloud,2025-12-01,2025-12-01,0010M00001PEnm0QAD
1,1:M Content,00130000009zecv,Data Cloud,2024-12-01,2024-12-01,00130000009zecvAAA
1,1:M Content,00130000002xXzR,Data Cloud,2025-03-01,2025-03-01,00130000002xXzRAAU
1,1:M Content,001000000027UZ7,Data Cloud,2025-05-01,2025-05-01,001000000027UZ7AAM
1,1:M Content,0013y00001g9nFJ,Data Cloud,2024-08-01,2024-08-01,0013y00001g9nFJQAY
1,1:M Content,0010M00001WJJrG,Data Cloud,2025-08-01,2025-08-01,0010M00001WJJrGQAX
1,1:M Content,0010M00001QnpcF,Data Cloud,2025-09-01,2025-09-01,0010M00001QnpcFQAR
1,1:M Content,0010M00001UVVio,Data Cloud,2024-12-01,2024-12-01,0010M00001UVVioQAH
1,1:M Content,00100000002CrVu,Data Cloud,2025-03-01,2025-03-01,00100000002CrVuAAK
1,1:M Content,00130000000h1Jm,Data Cloud,2025-04-01,2025-04-01,00130000000h1JmAAI
1,1:M Content,0010M00001UMDzL,Data Cloud,2025-07-01,2025-07-01,0010M00001UMDzLQAX
1,1:M Content,0013000000RXnk6,Data Cloud,2024-11-01,2024-11-01,0013000000RXnk6AAD
1,1:M Content,001ed00000Rii5p,Data Cloud,2025-09-01,2025-09-01,001ed00000Rii5pYAB
1,1:M Content,00130000016innU,Data Cloud,2025-08-01,2025-08-01,00130000016innUAAQ
1,1:M Content,0013000000ZjzpG,Data Cloud,2025-10-01,2025-10-01,0013000000ZjzpGAAR
1,1:M Content,0013000000ImJcj,Data Cloud,2025-08-01,2025-08-01,0013000000ImJcjAAF
1,1:M Content,0013y00001g9bTH,Data Cloud,2024-06-01,2024-06-01,0013y00001g9bTHQAY
1,1:M Content,0010M00001WZR1y,Data Cloud,2025-12-01,2025-12-01,0010M00001WZR1yQAH
1,1:M Content,0013y00001dOLbj,Data Cloud,2025-11-01,2025-11-01,0013y00001dOLbjQAG
1,1:M Content,0013000001NXdwu,Data Cloud,2025-06-01,2025-06-01,0013000001NXdwuAAD
1,1:M Content,0010M00001JzcAf,Data Cloud,2024-05-01,2024-05-01,0010M00001JzcAfQAJ
1,1:M Content,0013000000M1p9E,Data Cloud,2025-08-01,2025-08-01,0013000000M1p9EAAR
1,1:M Content,001ed000005yJeS,Data Cloud,2025-06-01,2025-06-01,001ed000005yJeSYAU
1,1:M Content,0013000000Imcnl,Data Cloud,2025-09-01,2025-09-01,0013000000ImcnlAAB
1,1:M Content,0013000001CBabS,Data Cloud,2025-10-01,2025-10-01,0013000001CBabSAAT
1,1:M Content,0013000000hKjT9,Data Cloud,2025-11-01,2025-11-01,0013000000hKjT9AAK
1,1:M Content,0013000000CcrE9,Data Cloud,2025-03-01,2025-03-01,0013000000CcrE9AAJ
1,1:M Content,00100000001DUQr,Data Cloud,2025-08-01,2025-08-01,00100000001DUQrAAO
1,1:M Content,0013000000rns1N,Data Cloud,2025-03-01,2025-03-01,0013000000rns1NAAQ
1,1:M Content,00130000000FDMi,Data Cloud,2024-04-01,2024-04-01,00130000000FDMiAAO
1,1:M Content,00130000002oZ1J,Data Cloud,2024-11-01,2024-11-01,00130000002oZ1JAAU
1,1:M Content,00130000000TCmw,Data Cloud,2025-07-01,2025-07-01,00130000000TCmwAAG
1,1:M Content,00100000001rtxY,Data Cloud,2024-11-01,2024-11-01,00100000001rtxYAAQ
1,1:M Content,0010M00001SeO3a,Data Cloud,2024-12-01,2024-12-01,0010M00001SeO3aQAF
1,1:M Content,00130000008ea3i,Data Cloud,2025-03-01,2025-03-01,00130000008ea3iAAA
1,1:M Content,0013000000AXupC,Data Cloud,2024-11-01,2024-11-01,0013000000AXupCAAT
4,1:M Content,00130000001S780,Data Cloud,2025-03-01,2025-03-01,00130000001S780AAC
3,1:M Content,0013000000Ra2Jw,Data Cloud,2025-12-01,2025-12-01,0013000000Ra2JwAAJ
3,1:M Content,0013000000ZmUSh,Data Cloud,2025-08-01,2025-08-01,0013000000ZmUShAAN
2,1:M Content,0013000000hKmKE,Data Cloud,2025-08-01,2025-08-01,0013000000hKmKEAA0
2,1:M Content,0013000001GUNVe,Data Cloud,2025-11-01,2025-11-01,0013000001GUNVeAAP
2,1:M Content,0013000001M1awJ,Data Cloud,2025-10-01,2025-10-01,0013000001M1awJAAR
2,1:M Content,00130000016jps9,Data Cloud,2025-12-01,2025-12-01,00130000016jps9AAA
2,1:M Content,0013000000M2MYN,Data Cloud,2024-10-01,2024-10-01,0013000000M2MYNAA3
1,Onboarding Specialists,0013000000Lzh9R,Data Cloud,2025-02-01,2025-02-01,0013000000Lzh9RAAR
1,Onboarding Specialists,0010M00001YFcJY,Data Cloud,2024-04-01,2024-01-01,0010M00001YFcJYQA1
1,Success Architects,00130000002xL6L,Data Cloud,2024-08-01,2024-08-01,00130000002xL6LAAU
1,Success Architects,0013y00001dKgj3,Data Cloud,2024-12-01,2024-10-01,0013y00001dKgj3QAC
1,Success Architects,0010M00001Sq0KG,Data Cloud,2025-04-01,2025-04-01,0010M00001Sq0KGQAZ
1,Success Architects,0010M00001ULiD0,Data Cloud,2025-05-01,2025-03-01,0010M00001ULiD0QAL
1,Success Guides,0013000000E22lb,Data Cloud,2024-10-01,2024-10-01,0013000000E22lbAAB
1,Onboarding Specialists,0013y00001eTzj0,Data Cloud,2024-03-01,2024-02-01,0013y00001eTzj0QAC
1,Onboarding Specialists,0013000000hIgVy,Data Cloud,2025-01-01,2024-11-01,0013000000hIgVyAAK
1,Success Guides,0013y00001fbe2E,Data Cloud,2024-10-01,2024-09-01,0013y00001fbe2EQAQ
1,Success Guides,0010M00001bbxsZ,Data Cloud,2025-09-01,2025-08-01,0010M00001bbxsZQAQ
1,Success Architects,00130000002xFwD,Data Cloud,2025-08-01,2025-07-01,00130000002xFwDAAU
1,Success Guides,0013000000IknUp,Data Cloud,2025-08-01,2025-08-01,0013000000IknUpAAJ
1,Success Guides,0013000000M2oAL,Data Cloud,2025-10-01,2025-10-01,0013000000M2oALAAZ
1,Success Guides,0013000000Ik4V7,Data Cloud,2025-12-01,2025-12-01,0013000000Ik4V7AAJ
1,Success Guides,00130000007A1iv,Data Cloud,2024-07-01,2024-06-01,00130000007A1ivAAC
1,Success Architects,00130000001S780,Data Cloud,2024-09-01,2024-06-01,00130000001S780AAC
1,Success Architects,0013y00001d0hvA,Data Cloud,2025-03-01,2025-01-01,0013y00001d0hvAQAQ
1,Success Guides,0013y00001eX4Os,Data Cloud,2025-01-01,2024-12-01,0013y00001eX4OsQAK
1,Success Guides,0013y00001c7Beo,Data Cloud,2025-05-01,2025-04-01,0013y00001c7BeoQAE
1,Success Guides,0013y00001cSVkJ,Data Cloud,2024-09-01,2024-09-01,0013y00001cSVkJQAW
1,Success Guides,0010M00001UVXgx,Data Cloud,2025-03-01,2024-11-01,0010M00001UVXgxQAH
1,Success Guides,0013000001MjUav,Data Cloud,2025-05-01,2025-04-01,0013000001MjUavAAF
1,Success Guides,0013000001CBTQG,Data Cloud,2025-12-01,2025-11-01,0013000001CBTQGAA5
1,Success Guides,0013000000ZkL9f,Data Cloud,2024-08-01,2024-07-01,0013000000ZkL9fAAF
1,Success Guides,00130000016jWa9,Data Cloud,2025-06-01,2025-05-01,00130000016jWa9AAE
1,Success Architects,00130000009hFp5,Data Cloud,2024-05-01,2024-05-01,00130000009hFp5AAE
1,Success Architects,0013y00001coljP,Data Cloud,2024-09-01,2024-08-01,0013y00001coljPQAQ
1,Success Guides,0010M00001WahhR,Data Cloud,2025-10-01,2025-09-01,0010M00001WahhRQAR
1,Success Guides,0013y00001cfuYn,Data Cloud,2025-03-01,2025-02-01,0013y00001cfuYnQAI
1,Onboarding Specialists,0013y00001f5yoU,Data Cloud,2024-06-01,2024-06-01,0013y00001f5yoUQAQ
1,Success Guides,0010M00001WkupQ,Data Cloud,2024-11-01,2024-11-01,0010M00001WkupQQAR
1,Success Guides,0013000000CuW0r,Data Cloud,2025-12-01,2025-11-01,0013000000CuW0rAAF
1,Success Guides,0013y00001fEk4U,Data Cloud,2025-06-01,2025-05-01,0013y00001fEk4UQAS
1,Onboarding Specialists,00130000002YBB6,Data Cloud,2024-01-01,2023-11-01,00130000002YBB6AAO
1,Success Guides,0013000001JzNbW,Data Cloud,2025-12-01,2025-12-01,0013000001JzNbWAAV
1,Success Architects,0013y00001dVsQJ,Data Cloud,2025-02-01,2024-11-01,0013y00001dVsQJQA0
1,Onboarding Specialists,00130000002xYsM,Data Cloud,2025-09-01,2025-08-01,00130000002xYsMAAU
2,Success Architects,0013y00001cQENI,Data Cloud,2025-01-01,2024-11-01,0013y00001cQENIQA4
6,Success Guides,0013000000rqy1R,Data Cloud,2025-03-01,2025-03-01,0013000000rqy1RAAQ
2,Success Guides,001ed000006aHer,Data Cloud,2025-11-01,2025-11-01,001ed000006aHerYAE
2,Success Guides,0013y00001erJ1z,Data Cloud,2025-08-01,2025-08-01,0013y00001erJ1zQAE
2,Success Guides,00100000000sJgG,Data Cloud,2025-08-01,2025-08-01,00100000000sJgGAAU
1,1:M Content,001300000025ReU,Data Cloud,2024-10-01,2024-10-01,001300000025ReUAAU
1,1:M Content,0010M00001XyAva,Data Cloud,2025-08-01,2025-08-01,0010M00001XyAvaQAF
1,1:M Content,0010M00001WYAw7,Data Cloud,2025-01-01,2025-01-01,0010M00001WYAw7QAH
1,1:M Content,0010M00001SIwbS,Data Cloud,2025-12-01,2025-12-01,0010M00001SIwbSQAT
1,1:M Content,0013000001Heg9n,Data Cloud,2024-05-01,2024-05-01,0013000001Heg9nAAB
1,1:M Content,001ed000008C61t,Data Cloud,2024-11-01,2024-11-01,001ed000008C61tYAC
1,1:M Content,00100000001PVgf,Data Cloud,2025-07-01,2025-07-01,00100000001PVgfAAG
1,1:M Content,0013y00001beDip,Data Cloud,2025-07-01,2025-07-01,0013y00001beDipQAE
1,1:M Content,0013000000NRGQj,Data Cloud,2025-08-01,2025-08-01,0013000000NRGQjAAP
1,1:M Content,001ed00000HMvAl,Data Cloud,2025-02-01,2025-02-01,001ed00000HMvAlYAL
1,1:M Content,00100000001X1Of,Data Cloud,2025-06-01,2025-06-01,00100000001X1OfAAK
1,1:M Content,0010M00001NYv8G,Data Cloud,2025-07-01,2025-07-01,0010M00001NYv8GQAT
1,1:M Content,0013000000ZkIWf,Data Cloud,2024-08-01,2024-08-01,0013000000ZkIWfAAN
1,1:M Content,0013000000I3dRG,Data Cloud,2025-05-01,2025-05-01,0013000000I3dRGAAZ
1,1:M Content,0010M00001U1b4i,Data Cloud,2025-07-01,2025-06-01,0010M00001U1b4iQAB
1,1:M Content,0010M00001PDxAR,Data Cloud,2025-03-01,2025-03-01,0010M00001PDxARQA1
2,1:M Content,0013000000rmrfJ,Data Cloud,2025-11-01,2025-11-01,0013000000rmrfJAAQ
1,1:M Content,0010M00001NYVrO,Data Cloud,2025-04-01,2025-04-01,0010M00001NYVrOQAX
1,1:M Content,001ed00000T1OcH,Data Cloud,2025-06-01,2025-06-01,001ed00000T1OcHYAV
1,1:M Content,001ed00000JNtQh,Data Cloud,2025-02-01,2025-02-01,001ed00000JNtQhYAL
1,1:M Content,0013y00001fSzMz,Data Cloud,2025-12-01,2025-12-01,0013y00001fSzMzQAK
1,1:M Content,001ed00000W2m7n,Data Cloud,2025-06-01,2025-06-01,001ed00000W2m7nYAB
1,1:M Content,001ed00000hIB5v,Data Cloud,2025-10-01,2025-10-01,001ed00000hIB5vYAG
1,1:M Content,0013y00001ce36K,Data Cloud,2024-11-01,2024-11-01,0013y00001ce36KQAQ
1,1:M Content,0013y00001g9NGs,Data Cloud,2024-05-01,2024-05-01,0013y00001g9NGsQAM
1,1:M Content,0013y00001dL5Ux,Data Cloud,2024-10-01,2024-10-01,0013y00001dL5UxQAK
1,1:M Content,0013y00001ept19,Data Cloud,2025-12-01,2025-12-01,0013y00001ept19QAA
1,1:M Content,0013000000RXnk6,Data Cloud,2025-05-01,2025-05-01,0013000000RXnk6AAD
1,1:M Content,0013y00001fSqNx,Data Cloud,2025-10-01,2025-10-01,0013y00001fSqNxQAK
1,1:M Content,0013y00001fDbl7,Data Cloud,2025-03-01,2025-03-01,0013y00001fDbl7QAC
1,1:M Content,0013000001LVXWn,Data Cloud,2025-03-01,2025-03-01,0013000001LVXWnAAP
1,1:M Content,001ed00000lHC4y,Data Cloud,2025-11-01,2025-11-01,001ed00000lHC4yYAG
1,1:M Content,00130000005XZL6,Data Cloud,2025-10-01,2025-10-01,00130000005XZL6AAO
1,1:M Content,00130000016hwFV,Data Cloud,2025-06-01,2025-06-01,00130000016hwFVAAY
1,1:M Content,0013000001MnrIU,Data Cloud,2025-10-01,2025-10-01,0013000001MnrIUAAZ
1,1:M Content,0013000001Gjllt,Data Cloud,2025-01-01,2025-01-01,0013000001GjlltAAB
1,1:M Content,00130000016iT33,Data Cloud,2024-06-01,2024-06-01,00130000016iT33AAE
1,1:M Content,00100000001CwPP,Data Cloud,2025-10-01,2025-10-01,00100000001CwPPAA0
1,1:M Content,0010M00001QndmG,Data Cloud,2025-11-01,2025-11-01,0010M00001QndmGQAR
1,1:M Content,001ed00000hIB5v,Data Cloud,2025-12-01,2025-12-01,001ed00000hIB5vYAG
1,1:M Content,0013y00001dXO3g,Data Cloud,2024-10-01,2024-10-01,0013y00001dXO3gQAG
1,1:M Content,0013000000M1g2m,Data Cloud,2025-07-01,2025-07-01,0013000000M1g2mAAB
1,1:M Content,00130000002xANG,Data Cloud,2025-10-01,2025-10-01,00130000002xANGAA2
1,1:M Content,0013y00001g9nQM,Data Cloud,2024-10-01,2024-09-01,0013y00001g9nQMQAY
1,1:M Content,0013000000M2OGL,Data Cloud,2024-11-01,2024-11-01,0013000000M2OGLAA3
1,1:M Content,0013000000HleBX,Data Cloud,2025-12-01,2025-12-01,0013000000HleBXAAZ
1,1:M Content,0013y00001emOh8,Data Cloud,2024-11-01,2024-11-01,0013y00001emOh8QAE
1,1:M Content,00130000005LpMp,Data Cloud,2025-11-01,2025-11-01,00130000005LpMpAAK
2,1:M Content,0013y00001coiOi,Data Cloud,2024-06-01,2024-06-01,0013y00001coiOiQAI
1,1:M Content,0013000001IerO3,Data Cloud,2025-02-01,2025-02-01,0013000001IerO3AAJ
4,1:M Content,0010000000000h9,Data Cloud,2024-10-01,2024-10-01,0010000000000h9AAA
2,1:M Content,0013y00001c8Oal,Data Cloud,2024-03-01,2024-03-01,0013y00001c8OalQAE
2,1:M Content,0013000001CAoab,Data Cloud,2025-10-01,2025-10-01,0013000001CAoabAAD
2,1:M Content,0013000000ZlQrg,Data Cloud,2024-10-01,2024-10-01,0013000000ZlQrgAAF
6,1:M Content,0010M00001bbxsZ,Data Cloud,2025-11-01,2025-11-01,0010M00001bbxsZQAQ
2,1:M Content,0013000000GIaEX,Data Cloud,2025-06-01,2025-06-01,0013000000GIaEXAA1
2,1:M Content,0013000001CCq4U,Data Cloud,2025-12-01,2025-12-01,0013000001CCq4UAAT
2,1:M Content,0013000000M2UOx,Data Cloud,2025-11-01,2025-11-01,0013000000M2UOxAAN
2,1:M Content,00100000002CrVu,Data Cloud,2025-02-01,2025-02-01,00100000002CrVuAAK
1,Success Architects,00100000002CNGg,Data Cloud,2025-08-01,2025-07-01,00100000002CNGgAAO
1,Success Guides,0013000000M1hpw,Data Cloud,2025-11-01,2025-10-01,0013000000M1hpwAAB
1,Success Guides,0010M00001WYEHw,Data Cloud,2024-07-01,2024-07-01,0010M00001WYEHwQAP
1,Success Architects,0013y00001besY5,Data Cloud,2024-09-01,2024-08-01,0013y00001besY5QAI
1,Success Guides,001ed00000mgQot,Data Cloud,2025-12-01,2025-11-01,001ed00000mgQotYAE
1,Success Guides,0013000000RYm0W,Data Cloud,2025-04-01,2025-04-01,0013000000RYm0WAAT
1,Success Guides,0010M00001S9Bpr,Data Cloud,2025-12-01,2025-11-01,0010M00001S9BprQAF
1,Success Architects,0013y00001gmmjy,Data Cloud,2025-04-01,2025-03-01,0013y00001gmmjyQAA
1,Onboarding Specialists,0013000000J5w9K,Data Cloud,2025-01-01,2024-12-01,0013000000J5w9KAAR
1,Success Guides,0013000000Jwyzr,Data Cloud,2025-03-01,2025-03-01,0013000000JwyzrAAB
1,Success Guides,00100000001rsZy,Data Cloud,2024-09-01,2024-08-01,00100000001rsZyAAI
1,Success Guides,0013000000HlxJ8,Data Cloud,2024-11-01,2024-11-01,0013000000HlxJ8AAJ
1,Success Guides,0013y00001fSuSm,Data Cloud,2025-03-01,2025-02-01,0013y00001fSuSmQAK
1,Success Guides,0013000000M1tEU,Data Cloud,2025-02-01,2025-01-01,0013000000M1tEUAAZ
1,Onboarding Specialists,0013000000HI6oV,Data Cloud,2025-07-01,2025-06-01,0013000000HI6oVAAT
1,Success Architects,00130000002x9J7,Data Cloud,2024-08-01,2024-07-01,00130000002x9J7AAI
1,Success Guides,001300000014ffm,Data Cloud,2023-06-01,2023-06-01,001300000014ffmAAA
1,Success Guides,0013y00001cSa4t,Data Cloud,2025-04-01,2025-03-01,0013y00001cSa4tQAC
1,Success Guides,0013000000ZjkAS,Data Cloud,2024-07-01,2024-06-01,0013000000ZjkASAAZ
1,Success Architects,001ed000001OXjv,Data Cloud,2025-05-01,2025-04-01,001ed000001OXjvYAG
1,Success Architects,0013000001CDA2r,Data Cloud,2024-06-01,2024-04-01,0013000001CDA2rAAH
1,Success Guides,0010M00001QamTy,Data Cloud,2024-06-01,2024-05-01,0010M00001QamTyQAJ
1,Success Architects,0013000000rp7rT,Data Cloud,2024-06-01,2024-06-01,0013000000rp7rTAAQ
1,Success Guides,0013000000M1dxK,Data Cloud,2025-05-01,2025-03-01,0013000000M1dxKAAR
1,Success Guides,00130000002xJPH,Data Cloud,2025-10-01,2025-09-01,00130000002xJPHAA2
1,Success Guides,0013000001FbNWD,Data Cloud,2025-06-01,2025-06-01,0013000001FbNWDAA3
1,Success Guides,0013000001CD0Vk,Data Cloud,2025-10-01,2025-09-01,0013000001CD0VkAAL
1,Onboarding Specialists,0010M00001WOScB,Data Cloud,2024-07-01,2024-07-01,0010M00001WOScBQAX
1,Success Guides,00100000001rsZy,Data Cloud,2024-10-01,2024-10-01,00100000001rsZyAAI
1,Success Guides,0013000000GtxbT,Data Cloud,2024-03-01,2024-03-01,0013000000GtxbTAAR
1,Success Guides,0010M00001WZSIW,Data Cloud,2024-10-01,2024-08-01,0010M00001WZSIWQA5
1,Success Guides,0013000001LyL4U,Data Cloud,2025-02-01,2025-02-01,0013000001LyL4UAAV
1,Success Guides,0013000000CHhsB,Data Cloud,2024-09-01,2024-08-01,0013000000CHhsBAAT
1,Onboarding Specialists,0013000000rqx8g,Data Cloud,2025-12-01,2025-10-01,0013000000rqx8gAAA
1,Success Guides,0013000000hJJJw,Data Cloud,2024-06-01,2024-05-01,0013000000hJJJwAAO
1,Success Guides,0013y00001giwTT,Data Cloud,2025-12-01,2025-12-01,0013y00001giwTTQAY
1,Success Architects,001ed000006Ywz0,Data Cloud,2025-07-01,2025-06-01,001ed000006Ywz0YAC
1,Onboarding Specialists,0010M00001XxfUu,Data Cloud,2025-03-01,2025-02-01,0010M00001XxfUuQAJ
1,Success Guides,00130000002xIdg,Data Cloud,2024-10-01,2024-09-01,00130000002xIdgAAE
1,Success Guides,0010M00001UM0VV,Data Cloud,2025-09-01,2025-08-01,0010M00001UM0VVQA1
4,Success Guides,0013000000M2jd2,Data Cloud,2025-11-01,2025-11-01,0013000000M2jd2AAB
3,Success Guides,0013000000LBUYf,Data Cloud,2025-04-01,2025-04-01,0013000000LBUYfAAP
2,Success Guides,001ed000007Wa1B,Data Cloud,2025-09-01,2025-09-01,001ed000007Wa1BYAS
1,1:M Content,0010M00001YanFb,Data Cloud,2025-03-01,2025-03-01,0010M00001YanFbQAJ
1,1:M Content,0010M00001V40vL,Data Cloud,2025-09-01,2025-09-01,0010M00001V40vLQAR
1,1:M Content,0010M00001YFeiV,Data Cloud,2024-12-01,2024-12-01,0010M00001YFeiVQAT
1,1:M Content,0013000000KxNKy,Data Cloud,2024-09-01,2024-09-01,0013000000KxNKyAAN
1,1:M Content,0013000001CAuOC,Data Cloud,2025-08-01,2025-08-01,0013000001CAuOCAA1
1,1:M Content,0013000000NSECm,Data Cloud,2024-10-01,2024-10-01,0013000000NSECmAAP
1,1:M Content,0010M00001V6UqN,Data Cloud,2025-07-01,2025-07-01,0010M00001V6UqNQAV
1,1:M Content,00130000009hFp5,Data Cloud,2024-12-01,2024-12-01,00130000009hFp5AAE
1,1:M Content,0013000000RXMmm,Data Cloud,2025-12-01,2025-12-01,0013000000RXMmmAAH
1,1:M Content,001ed000001GXIr,Data Cloud,2025-11-01,2025-11-01,001ed000001GXIrYAO
1,1:M Content,0010M00001SIPKI,Data Cloud,2025-05-01,2025-05-01,0010M00001SIPKIQA5
1,1:M Content,0013y00001cQCM3,Data Cloud,2025-10-01,2025-10-01,0013y00001cQCM3QAO
1,1:M Content,0013y00001fSw7w,Data Cloud,2025-08-01,2025-08-01,0013y00001fSw7wQAC
1,1:M Content,0010M00001U9rmo,Data Cloud,2025-10-01,2025-10-01,0010M00001U9rmoQAB
1,1:M Content,00130000009hFp5,Data Cloud,2025-12-01,2025-12-01,00130000009hFp5AAE
1,1:M Content,00100000001o8iB,Data Cloud,2025-09-01,2025-09-01,00100000001o8iBAAQ
1,1:M Content,0013y00001cw9JG,Data Cloud,2025-11-01,2025-11-01,0013y00001cw9JGQAY
1,1:M Content,0010M00001QlPEh,Data Cloud,2025-12-01,2025-12-01,0010M00001QlPEhQAN
1,1:M Content,0010M00001Qnru6,Data Cloud,2025-11-01,2025-11-01,0010M00001Qnru6QAB
1,1:M Content,0013000001NXdvr,Data Cloud,2025-03-01,2025-03-01,0013000001NXdvrAAD
1,1:M Content,0013000000RaAUF,Data Cloud,2025-06-01,2025-06-01,0013000000RaAUFAA3
1,1:M Content,00100000001Jwyt,Data Cloud,2025-08-01,2025-08-01,00100000001JwytAAC
1,1:M Content,0013000001JyIvW,Data Cloud,2025-08-01,2025-08-01,0013000001JyIvWAAV
1,1:M Content,0013y00001bdiZz,Data Cloud,2025-04-01,2025-04-01,0013y00001bdiZzQAI
1,1:M Content,0010000000000X1,Data Cloud,2025-03-01,2025-03-01,0010000000000X1AAI
1,1:M Content,0010M00001P0Ub9,Data Cloud,2024-11-01,2024-11-01,0010M00001P0Ub9QAF
1,1:M Content,0013000001CDFlq,Data Cloud,2025-04-01,2025-04-01,0013000001CDFlqAAH
1,1:M Content,0013y00001d0M0T,Data Cloud,2025-01-01,2025-01-01,0013y00001d0M0TQAU
1,1:M Content,0013000001MiQWs,Data Cloud,2025-05-01,2025-05-01,0013000001MiQWsAAN
1,1:M Content,001ed00000UJe6y,Data Cloud,2025-07-01,2025-06-01,001ed00000UJe6yYAD
1,1:M Content,0013000000GLQSW,Data Cloud,2025-03-01,2025-03-01,0013000000GLQSWAA5
1,1:M Content,001300000018QOQ,Data Cloud,2024-11-01,2024-11-01,001300000018QOQAA2
1,1:M Content,0010M00001WaJnZ,Data Cloud,2024-08-01,2024-07-01,0010M00001WaJnZQAV
1,1:M Content,00130000000cz3V,Data Cloud,2025-09-01,2025-09-01,00130000000cz3VAAQ
1,1:M Content,0013y00001cTL3X,Data Cloud,2024-11-01,2024-11-01,0013y00001cTL3XQAW
1,1:M Content,0013y00001eIr7W,Data Cloud,2025-11-01,2025-11-01,0013y00001eIr7WQAS
1,1:M Content,001ed000003ShwN,Data Cloud,2024-09-01,2024-09-01,001ed000003ShwNYAS
1,1:M Content,001ed000009lxYv,Data Cloud,2025-02-01,2025-02-01,001ed000009lxYvYAI
1,1:M Content,0010M00001QmsnA,Data Cloud,2025-11-01,2025-11-01,0010M00001QmsnAQAR
1,1:M Content,0013y00001dKzrH,Data Cloud,2025-07-01,2025-07-01,0013y00001dKzrHQAS
1,1:M Content,0010M00001Yzvo5,Data Cloud,2025-12-01,2025-12-01,0010M00001Yzvo5QAB
1,1:M Content,0013000001CCdhz,Data Cloud,2024-03-01,2024-03-01,0013000001CCdhzAAD
3,1:M Content,0013000000JgAa7,Data Cloud,2025-11-01,2025-11-01,0013000000JgAa7AAF
4,1:M Content,0010M00001JzvBB,Data Cloud,2025-12-01,2025-12-01,0010M00001JzvBBQAZ
3,1:M Content,0010M00001U9rmo,Data Cloud,2025-11-01,2025-11-01,0010M00001U9rmoQAB
2,1:M Content,0013000001JyaqM,Data Cloud,2025-04-01,2025-04-01,0013000001JyaqMAAR
1,Onboarding Specialists,0013000001MjQAi,Data Cloud,2025-12-01,2025-12-01,0013000001MjQAiAAN
1,Success Guides,00130000000Pq5A,Data Cloud,2025-04-01,2025-03-01,00130000000Pq5AAAS
1,Onboarding Specialists,0013000000382hJ,Data Cloud,2024-03-01,2024-03-01,0013000000382hJAAQ
1,Success Guides,0013000000hIY3h,Data Cloud,2025-11-01,2025-11-01,0013000000hIY3hAAG
1,Success Guides,0013y00001chXOo,Data Cloud,2025-02-01,2025-01-01,0013y00001chXOoQAM
1,Success Guides,0010M00001UV6Im,Data Cloud,2023-10-01,2023-10-01,0010M00001UV6ImQAL
1,Success Architects,0010M00001MtNon,Data Cloud,2024-06-01,2024-04-01,0010M00001MtNonQAF
1,Success Guides,0013000000RXIzz,Data Cloud,2025-10-01,2025-09-01,0013000000RXIzzAAH
1,Onboarding Specialists,0010M00001QaKRB,Data Cloud,2025-11-01,2025-08-01,0010M00001QaKRBQA3
1,Success Guides,001000000027wHR,Data Cloud,2025-12-01,2025-12-01,001000000027wHRAAY
1,Onboarding Specialists,00100000002IsDc,Data Cloud,2024-03-01,2024-02-01,00100000002IsDcAAK
1,Onboarding Specialists,0013000000LBm1u,Data Cloud,2025-12-01,2025-11-01,0013000000LBm1uAAD
1,Success Guides,00130000002xJ4o,Data Cloud,2024-07-01,2024-06-01,00130000002xJ4oAAE
1,Onboarding Specialists,0013000001NXkQt,Data Cloud,2025-03-01,2025-03-01,0013000001NXkQtAAL
1,Success Guides,0013y00001coqhd,Data Cloud,2025-06-01,2025-05-01,0013y00001coqhdQAA
1,Success Architects,0013000000Rauz2,Data Cloud,2025-07-01,2025-05-01,0013000000Rauz2AAB
1,Success Guides,0010M00001QkLoU,Data Cloud,2025-03-01,2025-02-01,0010M00001QkLoUQAV
1,Success Guides,00100000001L62i,Data Cloud,2025-04-01,2025-04-01,00100000001L62iAAC
1,Success Guides,0010M00001QqQOD,Data Cloud,2025-07-01,2025-06-01,0010M00001QqQODQA3
1,Success Guides,00130000000cz3V,Data Cloud,2025-04-01,2025-03-01,00130000000cz3VAAQ
1,Success Guides,001ed00000QPD6L,Data Cloud,2025-11-01,2025-09-01,001ed00000QPD6LYAX
1,Success Architects,0013y00001car1c,Data Cloud,2024-11-01,2024-10-01,0013y00001car1cQAA
1,Success Guides,0013000001FoSd6,Data Cloud,2024-02-01,2024-02-01,0013000001FoSd6AAF
1,Success Architects,0013y00001gDk0W,Data Cloud,2024-08-01,2024-06-01,0013y00001gDk0WQAS
1,Success Guides,00130000009lkTX,Data Cloud,2024-07-01,2024-06-01,00130000009lkTXAAY
1,Success Guides,0013y00001cyk7G,Data Cloud,2025-11-01,2025-10-01,0013y00001cyk7GQAQ
1,Success Guides,0013y00001g9kgu,Data Cloud,2025-09-01,2025-09-01,0013y00001g9kguQAA
1,Success Guides,0013000000LBUYf,Data Cloud,2025-04-01,2025-03-01,0013000000LBUYfAAP
1,Onboarding Specialists,0013000000GJJOv,Data Cloud,2024-09-01,2024-08-01,0013000000GJJOvAAP
1,Success Guides,0010M00001Qmjs1,Data Cloud,2025-12-01,2025-12-01,0010M00001Qmjs1QAB
1,Success Guides,0013000000NPcUt,Data Cloud,2025-02-01,2025-01-01,0013000000NPcUtAAL
1,Success Guides,0013000001M1Q2p,Data Cloud,2025-12-01,2025-11-01,0013000001M1Q2pAAF
1,Success Architects,0013y00001d9EsL,Data Cloud,2025-10-01,2025-07-01,0013y00001d9EsLQAU
1,Success Guides,001ed00000W4COM,Data Cloud,2025-12-01,2025-10-01,001ed00000W4COMYA3
1,Success Architects,0013y00001fSlj0,Data Cloud,2025-04-01,2025-04-01,0013y00001fSlj0QAC
1,Success Guides,0013000001GWfqy,Data Cloud,2025-02-01,2025-02-01,0013000001GWfqyAAD
1,Success Architects,00100000001rsZy,Data Cloud,2025-07-01,2025-07-01,00100000001rsZyAAI
1,Success Guides,0013000000rohpV,Data Cloud,2024-03-01,2024-02-01,0013000000rohpVAAQ
1,Success Guides,0013000000ZlQp1,Data Cloud,2025-05-01,2025-04-01,0013000000ZlQp1AAF
1,Success Architects,0013y00001gcpSS,Data Cloud,2025-01-01,2024-11-01,0013y00001gcpSSQAY
1,Success Guides,0013000000LzN6u,Data Cloud,2024-06-01,2024-06-01,0013000000LzN6uAAF
1,Success Guides,0013000000LBUYf,Data Cloud,2025-03-01,2025-03-01,0013000000LBUYfAAP
1,Success Architects,0013y00001ce3xe,Data Cloud,2025-07-01,2025-05-01,0013y00001ce3xeQAA
1,Success Guides,0013y00001cILec,Data Cloud,2025-03-01,2025-01-01,0013y00001cILecQAG
1,Success Guides,0010M00001Qmsxj,Data Cloud,2025-12-01,2025-11-01,0010M00001QmsxjQAB
1,Success Architects,001000000007X4y,Data Cloud,2024-10-01,2024-09-01,001000000007X4yAAE
1,Success Guides,0013000001KzEVs,Data Cloud,2025-03-01,2025-03-01,0013000001KzEVsAAN
1,Success Guides,0013000001MnxeZ,Data Cloud,2023-05-01,2023-05-01,0013000001MnxeZAAR
1,Success Guides,0013000001NXlEK,Data Cloud,2025-12-01,2025-12-01,0013000001NXlEKAA1
1,Success Guides,0013000000LAoCu,Data Cloud,2023-09-01,2023-09-01,0013000000LAoCuAAL
1,Success Guides,0013000001L5xJp,Data Cloud,2025-12-01,2025-12-01,0013000001L5xJpAAJ
1,Success Guides,0013000000Lzh9R,Data Cloud,2025-02-01,2025-01-01,0013000000Lzh9RAAR
2,Success Guides,0013y00001ck5IV,Data Cloud,2025-12-01,2025-11-01,0013y00001ck5IVQAY
1,1:M Content,001300000029j2z,Data Cloud,2023-12-01,2023-12-01,001300000029j2zAAA
1,1:M Content,001ed000000pEP8,Data Cloud,2024-08-01,2024-08-01,001ed000000pEP8YAM
1,1:M Content,0013y00001c8Lgn,Data Cloud,2025-11-01,2025-11-01,0013y00001c8LgnQAE
1,1:M Content,0013000000BOUdV,Data Cloud,2024-07-01,2024-07-01,0013000000BOUdVAAX
1,1:M Content,0010M00001QaTnU,Data Cloud,2025-11-01,2025-11-01,0010M00001QaTnUQAV
1,1:M Content,0013y00001d9KMd,Data Cloud,2025-04-01,2025-04-01,0013y00001d9KMdQAM
1,1:M Content,001ed00000Enh2G,Data Cloud,2025-07-01,2025-07-01,001ed00000Enh2GYAR
1,1:M Content,0013000001Fj58x,Data Cloud,2025-11-01,2025-11-01,0013000001Fj58xAAB
1,1:M Content,0010M00001P0SSn,Data Cloud,2024-11-01,2024-11-01,0010M00001P0SSnQAN
1,1:M Content,00130000003WKd9,Data Cloud,2024-05-01,2024-05-01,00130000003WKd9AAG
1,1:M Content,001ed00000JnnuK,Data Cloud,2025-08-01,2025-08-01,001ed00000JnnuKYAR
1,1:M Content,00130000001ie94,Data Cloud,2025-07-01,2025-07-01,00130000001ie94AAA
1,1:M Content,0010M00001Yb0kf,Data Cloud,2025-02-01,2025-02-01,0010M00001Yb0kfQAB
1,1:M Content,0010M00001UMf0C,Data Cloud,2024-03-01,2024-03-01,0010M00001UMf0CQAT
1,1:M Content,0013y00001crLff,Data Cloud,2025-05-01,2025-05-01,0013y00001crLffQAE
1,1:M Content,001ed00000J9e8D,Data Cloud,2025-02-01,2025-02-01,001ed00000J9e8DYAR
1,1:M Content,0013000000M14UP,Data Cloud,2025-12-01,2025-12-01,0013000000M14UPAAZ
1,1:M Content,0010M00001QkwSp,Data Cloud,2025-10-01,2025-10-01,0010M00001QkwSpQAJ
1,1:M Content,0013y00001cyfug,Data Cloud,2024-10-01,2024-10-01,0013y00001cyfugQAA
1,1:M Content,0010M00001QkM7Z,Data Cloud,2025-03-01,2025-03-01,0010M00001QkM7ZQAV
1,1:M Content,0013000000rohqJ,Data Cloud,2024-09-01,2024-09-01,0013000000rohqJAAQ
1,1:M Content,001ed000006Ec8S,Data Cloud,2025-05-01,2025-05-01,001ed000006Ec8SYAS
1,1:M Content,0010M00001Jzgxo,Data Cloud,2024-12-01,2024-12-01,0010M00001JzgxoQAB
1,1:M Content,0013000000ZjBEU,Data Cloud,2025-05-01,2025-05-01,0013000000ZjBEUAA3
1,1:M Content,0013000000HFbxu,Data Cloud,2025-05-01,2025-05-01,0013000000HFbxuAAD
1,1:M Content,0013y00001g9bph,Data Cloud,2024-06-01,2024-06-01,0013y00001g9bphQAA
1,1:M Content,0013000000NQeiv,Data Cloud,2025-07-01,2025-07-01,0013000000NQeivAAD
1,1:M Content,0013000000rqpm5,Data Cloud,2025-11-01,2025-11-01,0013000000rqpm5AAA
1,1:M Content,001ed00000NyvKk,Data Cloud,2025-04-01,2025-04-01,001ed00000NyvKkYAJ
1,1:M Content,0013000001LXxho,Data Cloud,2025-03-01,2025-03-01,0013000001LXxhoAAD
1,1:M Content,0013y00001cSb4l,Data Cloud,2025-11-01,2025-11-01,0013y00001cSb4lQAC
1,1:M Content,0013000001GVAmf,Data Cloud,2024-10-01,2024-10-01,0013000001GVAmfAAH
1,1:M Content,0013y00001cMiVB,Data Cloud,2024-07-01,2024-07-01,0013y00001cMiVBQA0
1,1:M Content,0013y00001gcpSS,Data Cloud,2025-03-01,2025-03-01,0013y00001gcpSSQAY
1,1:M Content,001ed000003kPbE,Data Cloud,2025-03-01,2025-03-01,001ed000003kPbEYAU
1,1:M Content,0013000001JzAjC,Data Cloud,2025-09-01,2025-09-01,0013000001JzAjCAAV
1,1:M Content,0010M00001QmFc9,Data Cloud,2025-07-01,2025-06-01,0010M00001QmFc9QAF
1,1:M Content,0013000000I4JCA,Data Cloud,2023-12-01,2023-12-01,0013000000I4JCAAA3
1,1:M Content,0013y00001cb1Ft,Data Cloud,2025-07-01,2025-07-01,0013y00001cb1FtQAI
1,1:M Content,0013000000LiOl8,Data Cloud,2025-12-01,2025-12-01,0013000000LiOl8AAF
1,1:M Content,0013000000GtwtS,Data Cloud,2025-08-01,2025-08-01,0013000000GtwtSAAR
1,1:M Content,0010M00001WJNNU,Data Cloud,2024-07-01,2024-07-01,0010M00001WJNNUQA5
1,1:M Content,00130000000FDMi,Data Cloud,2024-05-01,2024-05-01,00130000000FDMiAAO
1,1:M Content,0013000001KakBg,Data Cloud,2025-08-01,2025-08-01,0013000001KakBgAAJ
1,1:M Content,0013000000LiPGg,Data Cloud,2025-05-01,2025-05-01,0013000000LiPGgAAN
1,1:M Content,0010M00001Sq0KG,Data Cloud,2025-03-01,2025-03-01,0010M00001Sq0KGQAZ
1,1:M Content,0013000000rpmjP,Data Cloud,2025-10-01,2025-10-01,0013000000rpmjPAAQ
1,1:M Content,0010M00001Qk8cJ,Data Cloud,2024-05-01,2024-05-01,0010M00001Qk8cJQAR
1,1:M Content,0013y00001g9GKX,Data Cloud,2024-05-01,2024-05-01,0013y00001g9GKXQA2
1,1:M Content,0013000000M2sOc,Data Cloud,2025-08-01,2025-08-01,0013000000M2sOcAAJ
1,1:M Content,0013000000HkN9U,Data Cloud,2025-03-01,2025-03-01,0013000000HkN9UAAV
3,1:M Content,0010M00001bbxsZ,Data Cloud,2025-12-01,2025-12-01,0010M00001bbxsZQAQ
2,1:M Content,0013000001MrUPT,Data Cloud,2024-06-01,2024-06-01,0013000001MrUPTAA3
2,1:M Content,00130000000cz3V,Data Cloud,2025-02-01,2025-02-01,00130000000cz3VAAQ
2,1:M Content,0013000000HIzRy,Data Cloud,2025-10-01,2025-10-01,0013000000HIzRyAAL
1,Success Guides,0013y00001d6xbj,Data Cloud,2025-09-01,2025-09-01,0013y00001d6xbjQAA
1,Success Architects,0013000000Bonod,Data Cloud,2025-01-01,2024-11-01,0013000000BonodAAB
1,Success Guides,0013000001MsvTR,Data Cloud,2024-11-01,2024-10-01,0013000001MsvTRAAZ
1,Success Guides,0013000000roCWg,Data Cloud,2023-10-01,2023-10-01,0013000000roCWgAAM
1,Success Guides,001ed00000YZ8bq,Data Cloud,2025-12-01,2025-11-01,001ed00000YZ8bqYAD
1,Onboarding Specialists,0013000000M2iQ8,Data Cloud,2025-11-01,2025-10-01,0013000000M2iQ8AAJ
1,Success Guides,0013000001FKz8L,Data Cloud,2025-12-01,2025-11-01,0013000001FKz8LAAT
1,Success Guides,0013000001Fk9cv,Data Cloud,2025-12-01,2025-12-01,0013000001Fk9cvAAB
1,Success Guides,0013000000Rb1v2,Data Cloud,2025-09-01,2025-08-01,0013000000Rb1v2AAB
1,Onboarding Specialists,0013000001J5USP,Data Cloud,2025-10-01,2025-10-01,0013000001J5USPAA3
1,Success Guides,0013000000ZkG4L,Data Cloud,2024-03-01,2024-02-01,0013000000ZkG4LAAV
1,Success Architects,00130000002xabo,Data Cloud,2025-06-01,2025-06-01,00130000002xaboAAA
1,Success Architects,0013y00001gDk0W,Data Cloud,2024-06-01,2024-05-01,0013y00001gDk0WQAS
1,Success Guides,0013000001NXCg5,Data Cloud,2025-08-01,2025-08-01,0013000001NXCg5AAH
1,Success Architects,0013000000LBr30,Data Cloud,2025-04-01,2025-02-01,0013000000LBr30AAD
1,Success Guides,0013y00001dOLbj,Data Cloud,2025-06-01,2025-06-01,0013y00001dOLbjQAG
1,Success Guides,001ed000003kaze,Data Cloud,2025-03-01,2025-02-01,001ed000003kazeYAA
1,Onboarding Specialists,0013000000Cto1Q,Data Cloud,2025-10-01,2025-08-01,0013000000Cto1QAAR
1,Success Guides,0013000001Gh0nK,Data Cloud,2025-02-01,2025-01-01,0013000001Gh0nKAAR
1,Success Guides,0013y00001d0irs,Data Cloud,2025-08-01,2025-07-01,0013y00001d0irsQAA
1,Onboarding Specialists,001ed00000Xorir,Data Cloud,2025-12-01,2025-09-01,001ed00000XorirYAB
1,Success Guides,0013000001CAVyG,Data Cloud,2025-11-01,2025-11-01,0013000001CAVyGAAX
1,Success Guides,0013000001CCpyb,Data Cloud,2025-10-01,2025-09-01,0013000001CCpybAAD
1,Onboarding Specialists,0013y00001dy505,Data Cloud,2025-10-01,2025-09-01,0013y00001dy505QAA
1,Success Architects,00130000004mdMn,Data Cloud,2025-05-01,2025-03-01,00130000004mdMnAAI
1,Success Guides,0013000001LYzhc,Data Cloud,2025-12-01,2025-11-01,0013000001LYzhcAAD
1,Onboarding Specialists,0013000000RaTSq,Data Cloud,2024-11-01,2024-11-01,0013000000RaTSqAAN
1,Success Architects,0013y00001cQENI,Data Cloud,2024-11-01,2024-10-01,0013y00001cQENIQA4
1,Success Guides,0013000000Zm0Op,Data Cloud,2023-07-01,2023-06-01,0013000000Zm0OpAAJ
1,Success Guides,00130000009hFp5,Data Cloud,2025-05-01,2025-05-01,00130000009hFp5AAE
1,Success Guides,0013000000ImrsS,Data Cloud,2023-01-01,2023-01-01,0013000000ImrsSAAR
25,Success Architects,,Data Cloud,2025-09-01,2025-08-01
2,Success Guides,0013000000Em76C,Data Cloud,2025-05-01,2025-04-01,0013000000Em76CAAR
1,1:M Content,00130000002xT8H,Data Cloud,2024-11-01,2024-11-01,00130000002xT8HAAU
1,1:M Content,001ed000000xfIV,Data Cloud,2024-08-01,2024-08-01,001ed000000xfIVYAY
1,1:M Content,0013000000LiOHM,Data Cloud,2025-05-01,2025-05-01,0013000000LiOHMAA3
1,1:M Content,0013y00001d72j4,Data Cloud,2025-09-01,2025-09-01,0013y00001d72j4QAA
1,1:M Content,001ed00000jJIKH,Data Cloud,2025-12-01,2025-12-01,001ed00000jJIKHYA4
1,1:M Content,0013000000ZkPdh,Data Cloud,2025-11-01,2025-11-01,0013000000ZkPdhAAF
1,1:M Content,0010M00001UEYlf,Data Cloud,2024-02-01,2024-02-01,0010M00001UEYlfQAH
1,1:M Content,00130000002xRh7,Data Cloud,2024-07-01,2024-07-01,00130000002xRh7AAE
1,1:M Content,0013000000ZmdoF,Data Cloud,2025-03-01,2025-03-01,0013000000ZmdoFAAR
1,1:M Content,0010M00001WIT5L,Data Cloud,2024-05-01,2024-05-01,0010M00001WIT5LQAX
1,1:M Content,0013000000RYPmW,Data Cloud,2024-11-01,2024-11-01,0013000000RYPmWAAX
1,1:M Content,0010M00001Wkqyu,Data Cloud,2025-05-01,2025-05-01,0010M00001WkqyuQAB
1,1:M Content,0013000000RX3Wa,Data Cloud,2025-04-01,2025-04-01,0013000000RX3WaAAL
1,1:M Content,0010M00001S9P3m,Data Cloud,2024-08-01,2024-07-01,0010M00001S9P3mQAF
1,1:M Content,0010M00001WJNNU,Data Cloud,2024-03-01,2024-03-01,0010M00001WJNNUQA5
1,1:M Content,001ed00000FdUQe,Data Cloud,2025-05-01,2025-05-01,001ed00000FdUQeYAN
1,1:M Content,0013000000LiaTr,Data Cloud,2025-09-01,2025-09-01,0013000000LiaTrAAJ
1,1:M Content,0013y00001c6Frr,Data Cloud,2025-03-01,2025-03-01,0013y00001c6FrrQAE
1,1:M Content,0010M00001Qahqo,Data Cloud,2024-10-01,2024-10-01,0010M00001QahqoQAB
1,1:M Content,001ed00000Sb4z1,Data Cloud,2025-06-01,2025-06-01,001ed00000Sb4z1YAB
1,1:M Content,0010M00001UVfII,Data Cloud,2024-10-01,2024-10-01,0010M00001UVfIIQA1
1,1:M Content,0013y00001cQ6cU,Data Cloud,2024-08-01,2024-07-01,0013y00001cQ6cUQAS
1,1:M Content,0013y00001cb5Vw,Data Cloud,2025-06-01,2025-06-01,0013y00001cb5VwQAI
1,1:M Content,0013000000LiOhn,Data Cloud,2025-06-01,2025-06-01,0013000000LiOhnAAF
1,1:M Content,0013y00001cfuYn,Data Cloud,2025-07-01,2025-07-01,0013y00001cfuYnQAI
1,1:M Content,001ed00000jiDNr,Data Cloud,2025-07-01,2025-07-01,001ed00000jiDNrYAM
1,1:M Content,00130000009bCq4,Data Cloud,2025-10-01,2025-10-01,00130000009bCq4AAE
1,1:M Content,0010M00001PDxAR,Data Cloud,2025-11-01,2025-11-01,0010M00001PDxARQA1
1,1:M Content,001ed00000nC43d,Data Cloud,2025-07-01,2025-07-01,001ed00000nC43dYAC
1,1:M Content,001ed00000i4pnR,Data Cloud,2025-11-01,2025-11-01,001ed00000i4pnRYAQ
1,1:M Content,0013y00001c8Lgn,Data Cloud,2024-11-01,2024-11-01,0013y00001c8LgnQAE
1,1:M Content,0013000001J4n3T,Data Cloud,2025-02-01,2025-02-01,0013000001J4n3TAAR
1,1:M Content,0013000000Kuf3P,Data Cloud,2025-04-01,2025-04-01,0013000000Kuf3PAAR
1,1:M Content,0013000000HI3g3,Data Cloud,2024-11-01,2024-11-01,0013000000HI3g3AAD
1,1:M Content,0013y00001g9hZg,Data Cloud,2024-07-01,2024-07-01,0013y00001g9hZgQAI
1,1:M Content,0013000000ACWtf,Data Cloud,2025-03-01,2025-03-01,0013000000ACWtfAAH
1,1:M Content,0010M00001U9rmo,Data Cloud,2025-01-01,2025-01-01,0010M00001U9rmoQAB
1,1:M Content,0013000001M1i9l,Data Cloud,2024-06-01,2024-06-01,0013000001M1i9lAAB
1,1:M Content,001ed00000SWCE5,Data Cloud,2025-05-01,2025-05-01,001ed00000SWCE5YAP
1,1:M Content,00130000004AZWJ,Data Cloud,2025-06-01,2025-06-01,00130000004AZWJAA4
1,1:M Content,0013y00001cyfug,Data Cloud,2025-02-01,2025-02-01,0013y00001cyfugQAA
1,1:M Content,0013000001CDqPL,Data Cloud,2025-02-01,2025-02-01,0013000001CDqPLAA1
1,1:M Content,0013y00001coiOi,Data Cloud,2025-05-01,2025-05-01,0013y00001coiOiQAI
1,1:M Content,0013y00001g9jww,Data Cloud,2024-07-01,2024-07-01,0013y00001g9jwwQAA
1,1:M Content,0013000000HjO3l,Data Cloud,2025-09-01,2025-09-01,0013000000HjO3lAAF
2,1:M Content,0010M00001V6UqN,Data Cloud,2025-11-01,2025-11-01,0010M00001V6UqNQAV
3,1:M Content,00130000000WcYx,Data Cloud,2025-11-01,2025-11-01,00130000000WcYxAAK
3,1:M Content,0013000001GjElt,Data Cloud,2025-04-01,2025-04-01,0013000001GjEltAAF
1,Success Architects,0013y00001dOLbj,Data Cloud,2024-10-01,2024-09-01,0013y00001dOLbjQAG
1,Onboarding Specialists,0010M00001QoIyX,Data Cloud,2025-12-01,2025-12-01,0010M00001QoIyXQAV
1,Success Guides,0013000001Mst9c,Data Cloud,2025-01-01,2025-01-01,0013000001Mst9cAAB
1,Success Guides,00100000002CNGA,Data Cloud,2025-12-01,2025-11-01,00100000002CNGAAA4
1,Success Guides,0013y00001cSXuu,Data Cloud,2024-03-01,2024-02-01,0013y00001cSXuuQAG
1,Success Guides,0010M00001WABTY,Data Cloud,2025-10-01,2025-10-01,0010M00001WABTYQA5
1,Success Architects,0013y00001gDHyR,Data Cloud,2025-08-01,2025-06-01,0013y00001gDHyRQAW
1,Success Architects,0010M00001UEVHu,Data Cloud,2025-02-01,2025-01-01,0010M00001UEVHuQAP
1,Success Guides,0013000000RY9e1,Data Cloud,2023-03-01,2023-02-01,0013000000RY9e1AAD
1,Success Guides,0013000000Ikcgu,Data Cloud,2023-04-01,2023-04-01,0013000000IkcguAAB
1,Success Guides,0013000001FifxH,Data Cloud,2025-09-01,2025-09-01,0013000001FifxHAAR
1,Success Guides,0013y00001eZZtj,Data Cloud,2024-11-01,2024-10-01,0013y00001eZZtjQAG
1,Onboarding Specialists,0013000000Ikob1,Data Cloud,2025-11-01,2025-11-01,0013000000Ikob1AAB
1,Success Architects,0013y00001fFHCk,Data Cloud,2024-11-01,2024-10-01,0013y00001fFHCkQAO
1,Success Guides,00100000002CN8M,Data Cloud,2025-02-01,2025-01-01,00100000002CN8MAAW
1,Success Guides,0013000001JyriP,Data Cloud,2025-01-01,2025-01-01,0013000001JyriPAAR
1,Success Guides,0013000000FduuF,Data Cloud,2025-01-01,2024-12-01,0013000000FduuFAAR
1,Success Guides,00130000008UtFc,Data Cloud,2025-05-01,2025-05-01,00130000008UtFcAAK
1,Success Architects,0013y00001dy2SG,Data Cloud,2025-06-01,2025-05-01,0013y00001dy2SGQAY
1,Success Architects,0013y00001dKgj3,Data Cloud,2024-07-01,2024-07-01,0013y00001dKgj3QAC
1,Success Architects,0013y00001cQ2aP,Data Cloud,2025-05-01,2025-04-01,0013y00001cQ2aPQAS
1,Success Guides,0013y00001f60wD,Data Cloud,2024-07-01,2024-06-01,0013y00001f60wDQAQ
1,Success Guides,0013y00001gDYxM,Data Cloud,2025-11-01,2025-11-01,0013y00001gDYxMQAW
1,Success Architects,0010M00001QkRz3,Data Cloud,2024-02-01,2024-01-01,0010M00001QkRz3QAF
1,Success Architects,0013y00001coljP,Data Cloud,2025-05-01,2025-03-01,0013y00001coljPQAQ
1,Success Guides,0013000000ZjaE3,Data Cloud,2025-12-01,2025-12-01,0013000000ZjaE3AAJ
1,Onboarding Specialists,0013000000FdzJo,Data Cloud,2025-10-01,2025-10-01,0013000000FdzJoAAJ
1,Onboarding Specialists,0013000000IknpI,Data Cloud,2025-08-01,2025-08-01,0013000000IknpIAAR
1,Onboarding Specialists,0013000001M1MRJ,Data Cloud,2025-05-01,2025-04-01,0013000001M1MRJAA3
1,Success Guides,001ed000007Wa1B,Data Cloud,2025-11-01,2025-10-01,001ed000007Wa1BYAS
1,Success Guides,0013y00001f60wD,Data Cloud,2024-05-01,2024-04-01,0013y00001f60wDQAQ
1,Success Guides,0010M00001QkrMt,Data Cloud,2025-05-01,2025-05-01,0010M00001QkrMtQAJ
4,Success Guides,0010M00001WJN3t,Data Cloud,2025-10-01,2025-10-01,0010M00001WJN3tQAH
3,Success Guides,0013000000rpmjP,Data Cloud,2025-08-01,2025-08-01,0013000000rpmjPAAQ
2,Success Guides,0013000000Jjbta,Data Cloud,2025-10-01,2025-10-01,0013000000JjbtaAAB
1,1:M Content,0010M00001WOScB,Data Cloud,2025-05-01,2025-05-01,0010M00001WOScBQAX
1,1:M Content,00130000002xRiA,Data Cloud,2025-12-01,2025-12-01,00130000002xRiAAAU
1,1:M Content,0013000000ZkJFl,Data Cloud,2025-06-01,2025-06-01,0013000000ZkJFlAAN
1,1:M Content,0013000000hJGdl,Data Cloud,2024-12-01,2024-12-01,0013000000hJGdlAAG
1,1:M Content,0010M00001YzyWO,Data Cloud,2024-12-01,2024-12-01,0010M00001YzyWOQAZ
1,1:M Content,00130000016jM8K,Data Cloud,2024-11-01,2024-11-01,00130000016jM8KAAU
1,1:M Content,001ed00000JZEYG,Data Cloud,2025-02-01,2025-02-01,001ed00000JZEYGYA5
1,1:M Content,00130000000Fr3e,Data Cloud,2024-12-01,2024-12-01,00130000000Fr3eAAC
1,1:M Content,0013y00001g9Zsj,Data Cloud,2024-06-01,2024-06-01,0013y00001g9ZsjQAE
1,1:M Content,0013000001CDqPL,Data Cloud,2025-01-01,2025-01-01,0013000001CDqPLAA1
1,1:M Content,0010M00001UVDFl,Data Cloud,2025-11-01,2025-11-01,0010M00001UVDFlQAP
1,1:M Content,00130000002xBcU,Data Cloud,2025-04-01,2025-04-01,00130000002xBcUAAU
1,1:M Content,0013000000ZmFYL,Data Cloud,2025-10-01,2025-10-01,0013000000ZmFYLAA3
1,1:M Content,0013y00001d1oVl,Data Cloud,2025-05-01,2025-05-01,0013y00001d1oVlQAI
1,1:M Content,0010M00001W81hr,Data Cloud,2025-05-01,2025-05-01,0010M00001W81hrQAB
1,1:M Content,0013y00001cmX9s,Data Cloud,2025-08-01,2025-08-01,0013y00001cmX9sQAE
1,1:M Content,0013000001GVg2o,Data Cloud,2025-04-01,2025-04-01,0013000001GVg2oAAD
1,1:M Content,0013y00001Y0j0F,Data Cloud,2025-04-01,2025-04-01,0013y00001Y0j0FQAR
1,1:M Content,0010M00001SpzR1,Data Cloud,2024-08-01,2024-08-01,0010M00001SpzR1QAJ
1,1:M Content,0013000000K13F4,Data Cloud,2024-10-01,2024-10-01,0013000000K13F4AAJ
1,1:M Content,00100000001KsQh,Data Cloud,2025-04-01,2025-04-01,00100000001KsQhAAK
1,1:M Content,0013y00001YbTUC,Data Cloud,2025-11-01,2025-11-01,0013y00001YbTUCQA3
1,1:M Content,0010M00001NYrHX,Data Cloud,2024-12-01,2024-12-01,0010M00001NYrHXQA1
1,1:M Content,0013000001CBMml,Data Cloud,2025-11-01,2025-11-01,0013000001CBMmlAAH
1,1:M Content,0010M00001P0TLn,Data Cloud,2024-10-01,2024-10-01,0010M00001P0TLnQAN
1,1:M Content,0013000000ronZU,Data Cloud,2025-03-01,2025-03-01,0013000000ronZUAAY
1,1:M Content,0010M00001JzikW,Data Cloud,2025-09-01,2025-09-01,0010M00001JzikWQAR
1,1:M Content,0013000001M1awJ,Data Cloud,2024-10-01,2024-10-01,0013000001M1awJAAR
1,1:M Content,0013000001GX3EE,Data Cloud,2025-02-01,2025-02-01,0013000001GX3EEAA1
1,1:M Content,0010M00001WYXaL,Data Cloud,2025-06-01,2025-06-01,0010M00001WYXaLQAX
1,1:M Content,0013000001Mj3fB,Data Cloud,2025-08-01,2025-08-01,0013000001Mj3fBAAR
1,1:M Content,0013y00001cocAe,Data Cloud,2025-10-01,2025-10-01,0013y00001cocAeQAI
1,1:M Content,0010M00001Smwui,Data Cloud,2025-06-01,2025-06-01,0010M00001SmwuiQAB
1,1:M Content,0013000001GV224,Data Cloud,2024-03-01,2024-03-01,0013000001GV224AAD
1,1:M Content,0013000000GpvVk,Data Cloud,2024-10-01,2024-10-01,0013000000GpvVkAAJ
1,1:M Content,0010M00001Qk8Q8,Data Cloud,2024-11-01,2024-11-01,0010M00001Qk8Q8QAJ
1,1:M Content,001300000010tED,Data Cloud,2024-02-01,2024-02-01,001300000010tEDAAY
3,1:M Content,0013000000hLSTD,Data Cloud,2025-11-01,2025-11-01,0013000000hLSTDAA4
4,1:M Content,0013000000ImJcj,Data Cloud,2025-03-01,2025-03-01,0013000000ImJcjAAF
2,1:M Content,0013000000CrNYV,Data Cloud,2025-06-01,2025-06-01,0013000000CrNYVAA3
1,Onboarding Specialists,0013000000RXJUb,Data Cloud,2023-09-01,2023-08-01,0013000000RXJUbAAP
1,Onboarding Specialists,0010M00001PE6I9,Data Cloud,2025-08-01,2025-08-01,0010M00001PE6I9QAL
1,Onboarding Specialists,001ed000009NdoH,Data Cloud,2025-11-01,2025-09-01,001ed000009NdoHYAS
1,Success Guides,0013000001LV46L,Data Cloud,2025-10-01,2025-10-01,0013000001LV46LAAT
1,Success Guides,00130000016gfd5,Data Cloud,2025-03-01,2025-03-01,00130000016gfd5AAA
1,Onboarding Specialists,001ed00000N6tUP,Data Cloud,2025-06-01,2025-05-01,001ed00000N6tUPYAZ
1,Onboarding Specialists,001ed00000N6tUP,Data Cloud,2025-06-01,2025-04-01,001ed00000N6tUPYAZ
1,Onboarding Specialists,0013000000M2I2H,Data Cloud,2025-07-01,2025-07-01,0013000000M2I2HAAV
1,Success Guides,0013000000RWwTA,Data Cloud,2025-12-01,2025-11-01,0013000000RWwTAAA1
1,Success Guides,0013y00001eEIpo,Data Cloud,2024-08-01,2024-08-01,0013y00001eEIpoQAG
1,Success Architects,0013000001GXLgo,Data Cloud,2024-12-01,2024-10-01,0013000001GXLgoAAH
1,Success Guides,001ed00000D9V1v,Data Cloud,2025-12-01,2025-11-01,001ed00000D9V1vYAF
1,Onboarding Specialists,0013000000ALdWo,Data Cloud,2025-03-01,2025-02-01,0013000000ALdWoAAL
1,Success Guides,0010M00001V6Wag,Data Cloud,2024-07-01,2024-06-01,0010M00001V6WagQAF
1,Success Guides,0013000001Mei14,Data Cloud,2025-11-01,2025-11-01,0013000001Mei14AAB
1,Success Guides,0013000000E3nIl,Data Cloud,2024-02-01,2024-01-01,0013000000E3nIlAAJ
1,Success Guides,0010M00001UVXgx,Data Cloud,2024-12-01,2024-12-01,0010M00001UVXgxQAH
1,Success Guides,0013y00001crf0x,Data Cloud,2024-07-01,2024-06-01,0013y00001crf0xQAA
1,Success Guides,0013000001LVZ5H,Data Cloud,2025-11-01,2025-11-01,0013000001LVZ5HAAX
1,Success Architects,0013y00001c8Lgn,Data Cloud,2025-03-01,2025-02-01,0013y00001c8LgnQAE
1,Success Guides,0013y00001eEmAP,Data Cloud,2025-02-01,2025-01-01,0013y00001eEmAPQA0
1,Success Guides,0013y00001bdygF,Data Cloud,2025-07-01,2025-06-01,0013y00001bdygFQAQ
1,Onboarding Specialists,0013y00001h7MNZ,Data Cloud,2024-06-01,2024-06-01,0013y00001h7MNZQA2
1,Onboarding Specialists,001ed00000MxbN3,Data Cloud,2025-09-01,2025-09-01,001ed00000MxbN3YAJ
1,Success Architects,0010M00001QnwZd,Data Cloud,2025-05-01,2025-03-01,0010M00001QnwZdQAJ
1,Success Guides,0013y00001f60wD,Data Cloud,2024-06-01,2024-06-01,0013y00001f60wDQAQ
1,Success Architects,0010M00001WOScB,Data Cloud,2024-10-01,2024-09-01,0010M00001WOScBQAX
1,Success Architects,0013y00001epXBb,Data Cloud,2024-07-01,2024-07-01,0013y00001epXBbQAM
1,Onboarding Specialists,0010M00001YtzhS,Data Cloud,2025-06-01,2025-05-01,0010M00001YtzhSQAR
1,Success Guides,001000000029tAD,Data Cloud,2023-02-01,2023-02-01,001000000029tADAAY
1,Success Guides,0010M00001WA7Lz,Data Cloud,2024-04-01,2024-04-01,0010M00001WA7LzQAL
1,Success Guides,0013000000RaWb7,Data Cloud,2024-04-01,2024-04-01,0013000000RaWb7AAF
1,Success Architects,0013y00001d2Ml0,Data Cloud,2025-02-01,2025-01-01,0013y00001d2Ml0QAE
1,Success Guides,0013000001CCp3B,Data Cloud,2025-12-01,2025-11-01,0013000001CCp3BAAT
1,Onboarding Specialists,0013000000NPK0W,Data Cloud,2023-12-01,2023-08-01,0013000000NPK0WAAX
1,Success Guides,0013y00001erIXA,Data Cloud,2025-03-01,2025-02-01,0013y00001erIXAQA2
1,Success Guides,0013y00001f8ovf,Data Cloud,2025-11-01,2025-11-01,0013y00001f8ovfQAA
1,Success Guides,00130000004J9cx,Data Cloud,2024-11-01,2024-11-01,00130000004J9cxAAC
1,Success Guides,00130000000Vrwf,Data Cloud,2025-12-01,2025-11-01,00130000000VrwfAAC
1,Success Architects,0013000001LV46L,Data Cloud,2024-11-01,2024-10-01,0013000001LV46LAAT
1,Success Architects,0013000000hJOi1,Data Cloud,2025-08-01,2025-07-01,0013000000hJOi1AAG
1,Success Guides,0013000001Mj77h,Data Cloud,2025-01-01,2024-12-01,0013000001Mj77hAAB
1,Onboarding Specialists,0010M00001QaCvc,Data Cloud,2025-07-01,2025-07-01,0010M00001QaCvcQAF
1,Onboarding Specialists,0010M00001QaCvc,Data Cloud,2025-07-01,2025-04-01,0010M00001QaCvcQAF
1,Success Guides,00130000002lrAA,Data Cloud,2025-09-01,2025-09-01,00130000002lrAAAAY
1,Success Guides,0013000000LBr30,Data Cloud,2024-10-01,2024-10-01,0013000000LBr30AAD
2,Success Guides,0013000000IklLM,Data Cloud,2025-10-01,2025-09-01,0013000000IklLMAAZ
6,Success Guides,0013000000rqpf4,Data Cloud,2025-11-01,2025-11-01,0013000000rqpf4AAA
2,Success Architects,0013000000FL0hJ,Data Cloud,2025-07-01,2025-06-01,0013000000FL0hJAAT
3,Success Guides,0013y00001cFOqS,Data Cloud,2025-05-01,2025-05-01,0013y00001cFOqSQAW
3,Success Guides,0013000000GIhzI,Data Cloud,2025-11-01,2025-11-01,0013000000GIhzIAAT
2,Success Guides,0013y00001cQD82,Data Cloud,2025-09-01,2025-09-01,0013y00001cQD82QAG
1,1:M Content,0013000001GUMoA,Data Cloud,2025-10-01,2025-10-01,0013000001GUMoAAAX
1,1:M Content,0013000000E1so2,Data Cloud,2025-10-01,2025-10-01,0013000000E1so2AAB
1,1:M Content,001ed00000L9A7M,Data Cloud,2025-04-01,2025-04-01,001ed00000L9A7MYAV
1,1:M Content,00130000001Ke72,Data Cloud,2024-03-01,2024-03-01,00130000001Ke72AAC
1,1:M Content,0013y00001eqPqX,Data Cloud,2025-08-01,2025-08-01,0013y00001eqPqXQAU
1,1:M Content,0013y00001eEmAP,Data Cloud,2025-11-01,2025-11-01,0013y00001eEmAPQA0
1,1:M Content,0013000000E1rjU,Data Cloud,2025-09-01,2025-09-01,0013000000E1rjUAAR
1,1:M Content,0013000001Ifzi8,Data Cloud,2024-10-01,2024-10-01,0013000001Ifzi8AAB
1,1:M Content,0013000000Zjm0A,Data Cloud,2025-09-01,2025-09-01,0013000000Zjm0AAAR
1,1:M Content,00130000001S780,Data Cloud,2025-04-01,2025-03-01,00130000001S780AAC
1,1:M Content,0013y00001dYhWf,Data Cloud,2024-07-01,2024-07-01,0013y00001dYhWfQAK
1,1:M Content,0013y00001dOKMr,Data Cloud,2025-09-01,2025-09-01,0013y00001dOKMrQAO
1,1:M Content,00130000002x8ad,Data Cloud,2025-11-01,2025-11-01,00130000002x8adAAA
1,1:M Content,0013y00001fFIvT,Data Cloud,2024-07-01,2024-07-01,0013y00001fFIvTQAW
1,1:M Content,0013000001GXLgo,Data Cloud,2025-11-01,2025-11-01,0013000001GXLgoAAH
1,1:M Content,0013000000NQhgD,Data Cloud,2025-07-01,2025-06-01,0013000000NQhgDAAT
1,1:M Content,00130000019o37F,Data Cloud,2025-02-01,2025-02-01,00130000019o37FAAQ
1,1:M Content,0013000000Imc8j,Data Cloud,2025-04-01,2025-04-01,0013000000Imc8jAAB
1,1:M Content,0013y00001cCXh2,Data Cloud,2025-01-01,2025-01-01,0013y00001cCXh2QAG
1,1:M Content,00130000002xaAq,Data Cloud,2025-10-01,2025-09-01,00130000002xaAqAAI
1,1:M Content,0010M00001QmOSz,Data Cloud,2025-12-01,2025-12-01,0010M00001QmOSzQAN
1,1:M Content,00130000002x9Tp,Data Cloud,2025-02-01,2025-02-01,00130000002x9TpAAI
1,1:M Content,0013y00001cb81q,Data Cloud,2025-11-01,2025-11-01,0013y00001cb81qQAA
1,1:M Content,00100000001V6Qp,Data Cloud,2025-05-01,2025-05-01,00100000001V6QpAAK
1,1:M Content,0010M00001SJLsM,Data Cloud,2025-12-01,2025-12-01,0010M00001SJLsMQAX
1,1:M Content,0010M00001SIQLl,Data Cloud,2025-12-01,2025-12-01,0010M00001SIQLlQAP
1,1:M Content,0013000001CA73J,Data Cloud,2025-01-01,2025-01-01,0013000001CA73JAAT
1,1:M Content,0013y00001g9I9q,Data Cloud,2024-05-01,2024-05-01,0013y00001g9I9qQAE
1,1:M Content,00100000000EKru,Data Cloud,2025-10-01,2025-10-01,00100000000EKruAAG
1,1:M Content,001ed0000045HcH,Data Cloud,2025-10-01,2025-10-01,001ed0000045HcHYAU
1,1:M Content,0013y00001fw2LT,Data Cloud,2025-08-01,2025-08-01,0013y00001fw2LTQAY
1,1:M Content,0013y00001c4cvK,Data Cloud,2024-06-01,2024-06-01,0013y00001c4cvKQAQ
1,1:M Content,0010M00001V4FaN,Data Cloud,2025-08-01,2025-08-01,0010M00001V4FaNQAV
1,1:M Content,0013000000I4JCA,Data Cloud,2025-11-01,2025-11-01,0013000000I4JCAAA3
1,1:M Content,00130000002xXzR,Data Cloud,2025-10-01,2025-10-01,00130000002xXzRAAU
2,1:M Content,0010M00001NYv8G,Data Cloud,2025-08-01,2025-08-01,0010M00001NYv8GQAT
2,1:M Content,0013y00001dxey4,Data Cloud,2025-11-01,2025-11-01,0013y00001dxey4QAA
2,1:M Content,0013y00001cFUpW,Data Cloud,2025-06-01,2025-06-01,0013y00001cFUpWQAW
2,1:M Content,0013000000Ziqmj,Data Cloud,2025-04-01,2025-04-01,0013000000ZiqmjAAB
3,1:M Content,0010M00001QmnNx,Data Cloud,2025-03-01,2025-03-01,0010M00001QmnNxQAJ
2,1:M Content,0013000000hMbXo,Data Cloud,2025-11-01,2025-11-01,0013000000hMbXoAAK
2,1:M Content,00130000003Fv9B,Data Cloud,2024-10-01,2024-10-01,00130000003Fv9BAAS
2,1:M Content,00130000004J9cx,Data Cloud,2024-12-01,2024-12-01,00130000004J9cxAAC
1,Success Architects,0013000000ZjaTB,Data Cloud,2025-05-01,2025-01-01,0013000000ZjaTBAAZ
1,Success Guides,0013000000ILaP6,Data Cloud,2025-12-01,2025-12-01,0013000000ILaP6AAL
1,Onboarding Specialists,0013000000roWrj,Data Cloud,2024-04-01,2024-03-01,0013000000roWrjAAE
1,Success Guides,0013y00001f6GnE,Data Cloud,2025-10-01,2025-10-01,0013y00001f6GnEQAU
1,Success Guides,0010M00001P0XA8,Data Cloud,2024-03-01,2023-12-01,0010M00001P0XA8QAN
1,Success Guides,0013000000hLidY,Data Cloud,2024-09-01,2024-09-01,0013000000hLidYAAS
1,Success Guides,0013000000LiaTr,Data Cloud,2025-10-01,2025-10-01,0013000000LiaTrAAJ
1,Success Architects,0013y00001eIr7W,Data Cloud,2025-09-01,2025-06-01,0013y00001eIr7WQAS
1,Success Guides,0010M00001Sq7eV,Data Cloud,2024-06-01,2024-05-01,0010M00001Sq7eVQAR
1,Success Guides,00100000001rsZy,Data Cloud,2025-10-01,2025-09-01,00100000001rsZyAAI
1,Onboarding Specialists,00130000004FlW0,Data Cloud,2024-06-01,2024-05-01,00130000004FlW0AAK
1,Success Architects,0013y00001dVsQJ,Data Cloud,2025-05-01,2025-04-01,0013y00001dVsQJQA0
1,Success Guides,0013000000Ziqmj,Data Cloud,2025-07-01,2025-07-01,0013000000ZiqmjAAB
1,Success Guides,0013000000LBm1u,Data Cloud,2025-11-01,2025-11-01,0013000000LBm1uAAD
1,Onboarding Specialists,0010M00001Qap9s,Data Cloud,2024-05-01,2024-04-01,0010M00001Qap9sQAB
1,Success Guides,0010M00001QnyKT,Data Cloud,2025-01-01,2024-12-01,0010M00001QnyKTQAZ
1,Success Architects,0013y00001car1c,Data Cloud,2024-08-01,2024-08-01,0013y00001car1cQAA
1,Success Guides,00130000002xU2x,Data Cloud,2024-11-01,2024-11-01,00130000002xU2xAAE
1,Onboarding Specialists,0010M00001YtrxL,Data Cloud,2023-12-01,2023-11-01,0010M00001YtrxLQAR
1,Onboarding Specialists,0013y00001dKbLm,Data Cloud,2025-09-01,2025-07-01,0013y00001dKbLmQAK
1,Success Guides,00130000016hgEW,Data Cloud,2023-04-01,2023-03-01,00130000016hgEWAAY
1,Success Guides,0010M00001PDy7C,Data Cloud,2025-02-01,2025-01-01,0010M00001PDy7CQAT
1,Success Guides,0013000001GVn45,Data Cloud,2025-01-01,2025-01-01,0013000001GVn45AAD
1,Success Guides,0013y00001evDcj,Data Cloud,2025-08-01,2025-08-01,0013y00001evDcjQAE
1,Onboarding Specialists,00130000000Ec9Q,Data Cloud,2024-05-01,2024-05-01,00130000000Ec9QAAS
1,Onboarding Specialists,0013000001HeGWN,Data Cloud,2025-07-01,2025-07-01,0013000001HeGWNAA3
1,Success Guides,0013y00001h6GEY,Data Cloud,2025-04-01,2025-03-01,0013y00001h6GEYQA2
1,Success Guides,0013y00001erQ7O,Data Cloud,2025-03-01,2025-02-01,0013y00001erQ7OQAU
1,Success Architects,0010000000004QH,Data Cloud,2025-05-01,2025-01-01,0010000000004QHAAY
1,Success Architects,0013000000rojaG,Data Cloud,2025-01-01,2024-11-01,0013000000rojaGAAQ
1,Success Guides,00130000002xdXT,Data Cloud,2024-09-01,2024-08-01,00130000002xdXTAAY
1,Success Guides,0013000000M2jd2,Data Cloud,2025-12-01,2025-11-01,0013000000M2jd2AAB
1,Success Guides,0010M00001QkeiK,Data Cloud,2024-12-01,2024-12-01,0010M00001QkeiKQAR
1,Success Architects,0010M00001S9GRQ,Data Cloud,2024-10-01,2024-08-01,0010M00001S9GRQQA3
1,Onboarding Specialists,0013y00001ey2O3,Data Cloud,2025-08-01,2025-07-01,0013y00001ey2O3QAI
1,Onboarding Specialists,0013y00001cycbH,Data Cloud,2024-07-01,2024-07-01,0013y00001cycbHQAQ
1,Success Guides,0013000000rozlh,Data Cloud,2025-03-01,2025-02-01,0013000000rozlhAAA
1,Success Guides,0013000001CAoab,Data Cloud,2024-08-01,2024-08-01,0013000001CAoabAAD
1,Success Architects,0010M00001Qlm0n,Data Cloud,2024-11-01,2024-11-01,0010M00001Qlm0nQAB
2,Success Architects,0013000001CArCy,Data Cloud,2024-09-01,2024-06-01,0013000001CArCyAAL
2,Success Guides,0010M00001W7xkz,Data Cloud,2024-12-01,2024-12-01,0010M00001W7xkzQAB
1,1:M Content,00130000016hNMR,Data Cloud,2024-10-01,2024-10-01,00130000016hNMRAA2
1,1:M Content,0010M00001WZ3Eo,Data Cloud,2025-09-01,2025-09-01,0010M00001WZ3EoQAL
1,1:M Content,0013000000RXJUb,Data Cloud,2024-05-01,2024-05-01,0013000000RXJUbAAP
1,1:M Content,0013y00001cjuCE,Data Cloud,2025-02-01,2025-02-01,0013y00001cjuCEQAY
1,1:M Content,00130000000prjN,Data Cloud,2025-12-01,2025-12-01,00130000000prjNAAQ
1,1:M Content,00100000002CrVu,Data Cloud,2025-08-01,2025-08-01,00100000002CrVuAAK
1,1:M Content,0013y00001c4fAa,Data Cloud,2025-05-01,2025-05-01,0013y00001c4fAaQAI
1,1:M Content,001000000027atx,Data Cloud,2025-01-01,2025-01-01,001000000027atxAAA
1,1:M Content,0013000000ZkgRt,Data Cloud,2025-01-01,2025-01-01,0013000000ZkgRtAAJ
1,1:M Content,0013y00001cbCsp,Data Cloud,2024-03-01,2024-03-01,0013y00001cbCspQAE
1,1:M Content,0013000001JzNbW,Data Cloud,2024-10-01,2024-10-01,0013000001JzNbWAAV
1,1:M Content,001ed00000eLp5N,Data Cloud,2025-08-01,2025-08-01,001ed00000eLp5NYAS
1,1:M Content,0010M00001S9Cfn,Data Cloud,2025-10-01,2025-10-01,0010M00001S9CfnQAF
1,1:M Content,0013y00001h80bX,Data Cloud,2024-08-01,2024-08-01,0013y00001h80bXQAQ
1,1:M Content,001ed00000YS0Hd,Data Cloud,2025-07-01,2025-07-01,001ed00000YS0HdYAL
1,1:M Content,0010M00001UVOsp,Data Cloud,2025-04-01,2025-04-01,0010M00001UVOspQAH
1,1:M Content,00130000016gnKN,Data Cloud,2024-10-01,2024-10-01,00130000016gnKNAAY
1,1:M Content,0013000000HF54f,Data Cloud,2025-04-01,2025-03-01,0013000000HF54fAAD
1,1:M Content,0013000000roOwX,Data Cloud,2024-12-01,2024-12-01,0013000000roOwXAAU
1,1:M Content,0010M00001cCXKN,Data Cloud,2025-03-01,2025-03-01,0010M00001cCXKNQA4
1,1:M Content,00130000002xTN1,Data Cloud,2025-03-01,2025-03-01,00130000002xTN1AAM
1,1:M Content,0010M00001WACjj,Data Cloud,2024-08-01,2024-08-01,0010M00001WACjjQAH
1,1:M Content,0010M00001XyCOi,Data Cloud,2025-11-01,2025-11-01,0010M00001XyCOiQAN
1,1:M Content,0013000000HGe6l,Data Cloud,2025-10-01,2025-10-01,0013000000HGe6lAAD
1,1:M Content,0013y00001Z0uWb,Data Cloud,2025-04-01,2025-04-01,0013y00001Z0uWbQAJ
1,1:M Content,0013000000hJu47,Data Cloud,2025-08-01,2025-08-01,0013000000hJu47AAC
1,1:M Content,0013000000M1dNQ,Data Cloud,2024-08-01,2024-08-01,0013000000M1dNQAAZ
1,1:M Content,0013000001NXQex,Data Cloud,2025-12-01,2025-12-01,0013000001NXQexAAH
1,1:M Content,0013y00001cmXXS,Data Cloud,2025-06-01,2025-06-01,0013y00001cmXXSQA2
1,1:M Content,00100000002CN7u,Data Cloud,2024-07-01,2024-07-01,00100000002CN7uAAG
1,1:M Content,0013000001JdG5x,Data Cloud,2025-01-01,2025-01-01,0013000001JdG5xAAF
1,1:M Content,00130000009zAXX,Data Cloud,2025-10-01,2025-10-01,00130000009zAXXAA2
1,1:M Content,0013y00001c8Lgn,Data Cloud,2025-08-01,2025-08-01,0013y00001c8LgnQAE
1,1:M Content,0013000000rpmjP,Data Cloud,2025-09-01,2025-09-01,0013000000rpmjPAAQ
1,1:M Content,0013y00001dxzqi,Data Cloud,2025-02-01,2025-02-01,0013y00001dxzqiQAA
1,1:M Content,0013y00001bexAO,Data Cloud,2025-09-01,2025-09-01,0013y00001bexAOQAY
1,1:M Content,001ed00000DCIUk,Data Cloud,2024-12-01,2024-12-01,001ed00000DCIUkYAP
1,1:M Content,0010M00001W7jE5,Data Cloud,2025-12-01,2025-12-01,0010M00001W7jE5QAJ
1,1:M Content,0013y00001fMVED,Data Cloud,2025-10-01,2025-10-01,0013y00001fMVEDQA4
1,1:M Content,0013y00001e5vgf,Data Cloud,2024-06-01,2024-06-01,0013y00001e5vgfQAA
1,1:M Content,0013000000ALdWo,Data Cloud,2025-05-01,2025-05-01,0013000000ALdWoAAL
2,1:M Content,0010M00001QmnNx,Data Cloud,2025-11-01,2025-11-01,0010M00001QmnNxQAJ
3,1:M Content,0013000000rpmjP,Data Cloud,2025-12-01,2025-12-01,0013000000rpmjPAAQ
3,1:M Content,0010M00001QaqZQ,Data Cloud,2025-12-01,2025-12-01,0010M00001QaqZQQAZ
2,1:M Content,0013y00001cU5WQ,Data Cloud,2025-04-01,2025-04-01,0013y00001cU5WQQA0
2,1:M Content,0013y00001cFUpW,Data Cloud,2025-05-01,2025-05-01,0013y00001cFUpWQAW
1,Success Architects,0010M00001Smwui,Data Cloud,2025-04-01,2025-02-01,0010M00001SmwuiQAB
1,Onboarding Specialists,0013000001GEHMh,Data Cloud,2025-12-01,2025-12-01,0013000001GEHMhAAP
1,Success Guides,0013000001NXZZK,Data Cloud,2024-02-01,2024-01-01,0013000001NXZZKAA5
1,Success Architects,0013y00001eBr4u,Data Cloud,2024-11-01,2024-10-01,0013y00001eBr4uQAC
1,Success Architects,0013y00001car1c,Data Cloud,2024-04-01,2024-04-01,0013y00001car1cQAA
1,Success Guides,0010M00001U9rmo,Data Cloud,2024-12-01,2024-11-01,0010M00001U9rmoQAB
1,Success Guides,0013000000Jjbta,Data Cloud,2025-07-01,2025-07-01,0013000000JjbtaAAB
1,Success Guides,0013000001GX06l,Data Cloud,2025-02-01,2025-01-01,0013000001GX06lAAD
1,Success Guides,0013y00001eX4Os,Data Cloud,2025-03-01,2025-02-01,0013y00001eX4OsQAK
1,Onboarding Specialists,0013y00001cooYj,Data Cloud,2025-11-01,2025-11-01,0013y00001cooYjQAI
1,Onboarding Specialists,0010M00001QmbqK,Data Cloud,2025-10-01,2025-10-01,0010M00001QmbqKQAR
1,Success Guides,0013000000rqI5y,Data Cloud,2025-07-01,2025-07-01,0013000000rqI5yAAE
1,Onboarding Specialists,0013000001EZJaB,Data Cloud,2025-07-01,2025-06-01,0013000001EZJaBAAX
1,Success Architects,0013y00001cShnM,Data Cloud,2025-01-01,2024-11-01,0013y00001cShnMQAS
1,Onboarding Specialists,0013y00001bezrU,Data Cloud,2023-11-01,2023-10-01,0013y00001bezrUQAQ
1,Onboarding Specialists,001ed000003BP9U,Data Cloud,2025-11-01,2025-10-01,001ed000003BP9UYAW
1,Onboarding Specialists,0013000000IUP5X,Data Cloud,2025-08-01,2025-06-01,0013000000IUP5XAAX
1,Onboarding Specialists,001ed00000GF2oN,Data Cloud,2025-02-01,2025-02-01,001ed00000GF2oNYAT
1,Success Guides,001ed00000MghaB,Data Cloud,2025-10-01,2025-10-01,001ed00000MghaBYAR
2,Success Guides,0013000000M2oAL,Data Cloud,2024-11-01,2024-11-01,0013000000M2oALAAZ
1,Success Guides,0013y00001f8Gnl,Data Cloud,2025-08-01,2025-04-01,0013y00001f8GnlQAE
1,Success Guides,00100000001L6rj,Data Cloud,2024-07-01,2024-07-01,00100000001L6rjAAC
1,Success Guides,0013000001JeaYB,Data Cloud,2025-09-01,2025-09-01,0013000001JeaYBAAZ
1,Success Guides,0013y00001cSiRk,Data Cloud,2025-12-01,2025-10-01,0013y00001cSiRkQAK
1,Onboarding Specialists,0013000001CCCby,Data Cloud,2025-10-01,2025-10-01,0013000001CCCbyAAH
1,Success Guides,00100000000CK5K,Data Cloud,2025-01-01,2025-01-01,00100000000CK5KAAW
1,Success Architects,0013000000hMZVg,Data Cloud,2025-06-01,2025-05-01,0013000000hMZVgAAO
1,Success Guides,0013y00001XzZPW,Data Cloud,2025-09-01,2025-09-01,0013y00001XzZPWQA3
1,Success Architects,0013000001NXjsO,Data Cloud,2025-09-01,2025-07-01,0013000001NXjsOAAT
1,Onboarding Specialists,0013y00001dNGSM,Data Cloud,2025-11-01,2025-11-01,0013y00001dNGSMQA4
1,Onboarding Specialists,0013000000RYlrF,Data Cloud,2024-10-01,2024-07-01,0013000000RYlrFAAT
1,Success Guides,0013y00001cMkj6,Data Cloud,2025-04-01,2025-04-01,0013y00001cMkj6QAC
1,Success Architects,0013y00001d0irs,Data Cloud,2025-08-01,2025-07-01,0013y00001d0irsQAA
1,Success Guides,00130000000wLBC,Data Cloud,2024-06-01,2024-05-01,00130000000wLBCAA2
1,Success Architects,0010M00001WYqZh,Data Cloud,2025-01-01,2025-01-01,0010M00001WYqZhQAL
1,Success Guides,0013000000M18rr,Data Cloud,2024-02-01,2024-02-01,0013000000M18rrAAB
1,Onboarding Specialists,0013000001MiQWs,Data Cloud,2024-12-01,2024-11-01,0013000001MiQWsAAN
1,Success Architects,0013y00001cShv1,Data Cloud,2024-10-01,2024-08-01,0013y00001cShv1QAC
1,Success Architects,00130000002xL6L,Data Cloud,2024-06-01,2024-05-01,00130000002xL6LAAU
1,Success Guides,0013y00001cSfOE,Data Cloud,2024-11-01,2024-10-01,0013y00001cSfOEQA0
1,Success Architects,,Data Cloud,2025-08-01,2025-07-01
1,Success Guides,0010M00001S9G5F,Data Cloud,2025-08-01,2025-06-01,0010M00001S9G5FQAV
1,Success Guides,001300000044L8L,Data Cloud,2025-10-01,2025-09-01,001300000044L8LAAU
1,Success Guides,0013000001FbNWD,Data Cloud,2025-07-01,2025-06-01,0013000001FbNWDAA3
5,Success Guides,00130000002x9J7,Data Cloud,2025-02-01,2025-02-01,00130000002x9J7AAI
2,Success Guides,0013y00001eX4Os,Data Cloud,2025-01-01,2025-01-01,0013y00001eX4OsQAK
1,1:M Content,0013y00001cb6Bn,Data Cloud,2025-02-01,2025-02-01,0013y00001cb6BnQAI
1,1:M Content,0010M00001Qkl8B,Data Cloud,2025-05-01,2025-05-01,0010M00001Qkl8BQAR
1,1:M Content,0013000000NP4yP,Data Cloud,2025-04-01,2025-04-01,0013000000NP4yPAAT
1,1:M Content,0010M00001ULiD0,Data Cloud,2024-12-01,2024-12-01,0010M00001ULiD0QAL
1,1:M Content,001ed000006vlmm,Data Cloud,2024-10-01,2024-10-01,001ed000006vlmmYAA
1,1:M Content,0013000000M1OF7,Data Cloud,2024-02-01,2024-02-01,0013000000M1OF7AAN
1,1:M Content,0013000000M04Tc,Data Cloud,2024-05-01,2024-05-01,0013000000M04TcAAJ
1,1:M Content,0010M00001VMdpB,Data Cloud,2025-01-01,2025-01-01,0010M00001VMdpBQAT
1,1:M Content,0013y00001cDTFC,Data Cloud,2025-07-01,2025-07-01,0013y00001cDTFCQA4
1,1:M Content,0010M00001WIOmK,Data Cloud,2024-10-01,2024-10-01,0010M00001WIOmKQAX
1,1:M Content,0010M00001WJe4o,Data Cloud,2025-06-01,2025-06-01,0010M00001WJe4oQAD
1,1:M Content,0013y00001c8PY0,Data Cloud,2025-11-01,2025-11-01,0013y00001c8PY0QAM
1,1:M Content,0013000000NRYmS,Data Cloud,2025-04-01,2025-04-01,0013000000NRYmSAAX
1,1:M Content,0010M00001SIoAB,Data Cloud,2025-04-01,2025-04-01,0010M00001SIoABQA1
1,1:M Content,0010M00001W83Xe,Data Cloud,2025-05-01,2025-05-01,0010M00001W83XeQAJ
1,1:M Content,0013000001GVPQj,Data Cloud,2025-04-01,2025-04-01,0013000001GVPQjAAP
1,1:M Content,001ed00000hIB5v,Data Cloud,2025-11-01,2025-11-01,001ed00000hIB5vYAG
1,1:M Content,0013000001LWzB6,Data Cloud,2025-11-01,2025-11-01,0013000001LWzB6AAL
1,1:M Content,0010M00001Qk8Q8,Data Cloud,2025-01-01,2025-01-01,0010M00001Qk8Q8QAJ
1,1:M Content,0010M00001WJNNU,Data Cloud,2024-10-01,2024-10-01,0010M00001WJNNUQA5
1,1:M Content,00130000002xdRb,Data Cloud,2024-08-01,2024-07-01,00130000002xdRbAAI
1,1:M Content,0013000000B2P8d,Data Cloud,2024-10-01,2024-10-01,0013000000B2P8dAAF
1,1:M Content,0010M00001U3zEC,Data Cloud,2025-03-01,2025-03-01,0010M00001U3zECQAZ
1,1:M Content,0013000000Ra4LM,Data Cloud,2025-08-01,2025-08-01,0013000000Ra4LMAAZ
1,1:M Content,0013000000RY4o9,Data Cloud,2025-10-01,2025-10-01,0013000000RY4o9AAD
1,1:M Content,0010M00001QmnNx,Data Cloud,2025-07-01,2025-07-01,0010M00001QmnNxQAJ
1,1:M Content,0013y00001gfipB,Data Cloud,2025-11-01,2025-11-01,0013y00001gfipBQAQ
1,1:M Content,0013000001MrUPT,Data Cloud,2025-07-01,2025-07-01,0013000001MrUPTAA3
1,1:M Content,0013000001NXdvr,Data Cloud,2025-07-01,2025-07-01,0013000001NXdvrAAD
1,1:M Content,0013000001JyriP,Data Cloud,2025-11-01,2025-11-01,0013000001JyriPAAR
1,1:M Content,001ed00000XncxB,Data Cloud,2025-08-01,2025-08-01,001ed00000XncxBYAR
1,1:M Content,0013y00001gDk0W,Data Cloud,2024-10-01,2024-10-01,0013y00001gDk0WQAS
1,1:M Content,0013000000roKYi,Data Cloud,2025-03-01,2025-03-01,0013000000roKYiAAM
1,1:M Content,0010M00001JzqYU,Data Cloud,2025-12-01,2025-12-01,0010M00001JzqYUQAZ
1,1:M Content,0010M00001QlrS4,Data Cloud,2025-02-01,2025-02-01,0010M00001QlrS4QAJ
1,1:M Content,0013000000rqLzn,Data Cloud,2024-05-01,2024-05-01,0013000000rqLznAAE
1,1:M Content,0013y00001eB9pn,Data Cloud,2024-07-01,2024-07-01,0013y00001eB9pnQAC
1,1:M Content,0013y00001f62wt,Data Cloud,2025-12-01,2025-12-01,0013y00001f62wtQAA
1,1:M Content,0010M00001QnpcF,Data Cloud,2025-08-01,2025-08-01,0010M00001QnpcFQAR
1,1:M Content,00130000002xS0p,Data Cloud,2025-05-01,2025-05-01,00130000002xS0pAAE
1,1:M Content,0013000000Zkvd1,Data Cloud,2024-12-01,2024-12-01,0013000000Zkvd1AAB
1,1:M Content,001ed00000YM8uf,Data Cloud,2025-07-01,2025-07-01,001ed00000YM8ufYAD
1,1:M Content,0010M00001Smwui,Data Cloud,2025-07-01,2025-06-01,0010M00001SmwuiQAB
2,1:M Content,0013000000HIzRy,Data Cloud,2025-12-01,2025-12-01,0013000000HIzRyAAL
2,1:M Content,0010M00001WJFBE,Data Cloud,2025-12-01,2025-12-01,0010M00001WJFBEQA5
2,1:M Content,0013000000hL9vV,Data Cloud,2025-11-01,2025-11-01,0013000000hL9vVAAS
1,Success Guides,001000000004aOo,Data Cloud,2024-04-01,2024-04-01,001000000004aOoAAI
1,Success Architects,0010M00001QnS1D,Data Cloud,2025-05-01,2025-05-01,0010M00001QnS1DQAV
1,Success Guides,0010M00001JzrW0,Data Cloud,2022-12-01,2022-12-01,0010M00001JzrW0QAJ
1,Success Guides,00100000001kdz6,Data Cloud,2025-11-01,2025-11-01,00100000001kdz6AAA
1,Success Guides,0013000001FbNWD,Data Cloud,2025-07-01,2025-07-01,0013000001FbNWDAA3
1,Onboarding Specialists,0013000000hLT07,Data Cloud,2025-07-01,2025-07-01,0013000000hLT07AAG
1,Onboarding Specialists,0010M00001XxfUu,Data Cloud,2025-02-01,2025-01-01,0010M00001XxfUuQAJ
1,Success Guides,0013000001J4uxp,Data Cloud,2025-12-01,2025-11-01,0013000001J4uxpAAB
1,Success Guides,0013y00001Y0Spq,Data Cloud,2024-05-01,2024-05-01,0013y00001Y0SpqQAF
1,Onboarding Specialists,0013000000rpkHG,Data Cloud,2025-09-01,2025-09-01,0013000000rpkHGAAY
1,Success Guides,00130000001S780,Data Cloud,2025-11-01,2025-10-01,00130000001S780AAC
1,Success Architects,001ed00000AvYTp,Data Cloud,2025-04-01,2025-01-01,001ed00000AvYTpYAN
1,Success Architects,00100000001hgGw,Data Cloud,2025-04-01,2025-03-01,00100000001hgGwAAI
1,Success Guides,0010M00001WIMhd,Data Cloud,2025-03-01,2025-03-01,0010M00001WIMhdQAH
1,Success Architects,001000000027wKD,Data Cloud,2025-02-01,2024-12-01,001000000027wKDAAY
1,Success Guides,0013y00001cScCb,Data Cloud,2025-11-01,2025-10-01,0013y00001cScCbQAK
1,Success Architects,0013000001JyamS,Data Cloud,2025-07-01,2025-06-01,0013000001JyamSAAR
1,Success Architects,00130000000cz3V,Data Cloud,2025-01-01,2024-12-01,00130000000cz3VAAQ
1,Success Guides,00130000000mvuJ,Data Cloud,2025-10-01,2025-10-01,00130000000mvuJAAQ
1,Success Architects,001ed00000LQx6q,Data Cloud,2025-07-01,2025-06-01,001ed00000LQx6qYAD
1,Success Guides,0010M00001UEbkA,Data Cloud,2025-11-01,2025-11-01,0010M00001UEbkAQAT
1,Onboarding Specialists,0013000001CCzCl,Data Cloud,2025-10-01,2025-10-01,0013000001CCzClAAL
1,Success Architects,00130000002U4wm,Data Cloud,2025-06-01,2025-04-01,00130000002U4wmAAC
1,Success Guides,0013y00001d7BLl,Data Cloud,2024-08-01,2024-07-01,0013y00001d7BLlQAM
1,Success Guides,0013000000JKKbp,Data Cloud,2025-10-01,2025-09-01,0013000000JKKbpAAH
1,Success Guides,0010M00001WJVqU,Data Cloud,2025-10-01,2025-10-01,0010M00001WJVqUQAX
1,Success Guides,0010M00001Wkdeb,Data Cloud,2023-02-01,2023-02-01,0010M00001WkdebQAB
1,Success Guides,0013y00001dL5ik,Data Cloud,2025-10-01,2025-09-01,0013y00001dL5ikQAC
1,Success Guides,0013000000Ikcgu,Data Cloud,2025-11-01,2025-09-01,0013000000IkcguAAB
1,Success Architects,0013000000GMPnW,Data Cloud,2025-02-01,2024-12-01,0013000000GMPnWAAX
1,Success Guides,0013000000RYiCL,Data Cloud,2024-04-01,2024-04-01,0013000000RYiCLAA1
1,Success Guides,00130000002xHUj,Data Cloud,2025-04-01,2025-03-01,00130000002xHUjAAM
1,Success Architects,0010M00001UUyu9,Data Cloud,2025-05-01,2025-04-01,0010M00001UUyu9QAD
1,Success Guides,0013y00001dXWVB,Data Cloud,2025-06-01,2025-06-01,0013y00001dXWVBQA4
1,Success Guides,0010M00001c4SZ0,Data Cloud,2025-04-01,2025-04-01,0010M00001c4SZ0QAM
1,Success Guides,0010M00001QmhDj,Data Cloud,2025-08-01,2025-08-01,0010M00001QmhDjQAJ
1,Success Guides,0013y00001ey2Cm,Data Cloud,2025-10-01,2025-09-01,0013y00001ey2CmQAI
1,Onboarding Specialists,00130000002xGo6,Data Cloud,2025-04-01,2025-04-01,00130000002xGo6AAE
1,Success Guides,0013y00001g87I7,Data Cloud,2025-02-01,2025-01-01,0013y00001g87I7QAI
1,Success Architects,0013000000rp7rT,Data Cloud,2024-04-01,2024-03-01,0013000000rp7rTAAQ
1,Success Guides,0013y00001d0JKP,Data Cloud,2024-04-01,2024-03-01,0013y00001d0JKPQA2
1,Success Guides,0013000000rmrzz,Data Cloud,2024-09-01,2024-07-01,0013000000rmrzzAAA
1,Success Architects,0010M00001Wkh9D,Data Cloud,2025-08-01,2025-07-01,0010M00001Wkh9DQAR
1,Success Guides,0013y00001cbBSK,Data Cloud,2024-06-01,2024-05-01,0013y00001cbBSKQA2
1,Success Guides,0010M00001Qahqo,Data Cloud,2024-09-01,2024-09-01,0010M00001QahqoQAB
1,Success Guides,00130000002xIP9,Data Cloud,2024-11-01,2024-11-01,00130000002xIP9AAM
1,Success Guides,0013000000Eyvmu,Data Cloud,2025-04-01,2025-04-01,0013000000EyvmuAAB
1,Success Guides,001000000017Phq,Data Cloud,2025-04-01,2025-04-01,001000000017PhqAAE
1,Success Architects,00130000002x8ad,Data Cloud,2025-06-01,2025-05-01,00130000002x8adAAA
2,Success Guides,0010M00001QkrMt,Data Cloud,2025-03-01,2025-03-01,0010M00001QkrMtQAJ
2,Success Architects,0013000001CAoab,Data Cloud,2024-11-01,2024-08-01,0013000001CAoabAAD
1,1:M Content,00130000008ea9K,Data Cloud,2025-12-01,2025-12-01,00130000008ea9KAAQ
1,1:M Content,00130000004IFXF,Data Cloud,2025-09-01,2025-09-01,00130000004IFXFAA4
1,1:M Content,0010M00001XyH88,Data Cloud,2024-06-01,2024-06-01,0010M00001XyH88QAF
1,1:M Content,0013000000hMgLJ,Data Cloud,2025-11-01,2025-11-01,0013000000hMgLJAA0
1,1:M Content,0010M00001SpzMp,Data Cloud,2025-04-01,2025-04-01,0010M00001SpzMpQAJ
1,1:M Content,0010M00001QkS93,Data Cloud,2024-07-01,2024-07-01,0010M00001QkS93QAF
1,1:M Content,0013y00001e5dsX,Data Cloud,2025-08-01,2025-08-01,0013y00001e5dsXQAQ
1,1:M Content,0013000000ro8zj,Data Cloud,2025-12-01,2025-12-01,0013000000ro8zjAAA
1,1:M Content,0013000000rqFQv,Data Cloud,2025-10-01,2025-10-01,0013000000rqFQvAAM
1,1:M Content,0013y00001coiOi,Data Cloud,2025-07-01,2025-07-01,0013y00001coiOiQAI
1,1:M Content,0013000000RaGMJ,Data Cloud,2024-09-01,2024-09-01,0013000000RaGMJAA3
1,1:M Content,0010M00001WkY4n,Data Cloud,2025-07-01,2025-07-01,0010M00001WkY4nQAF
1,1:M Content,0013y00001g9Nbv,Data Cloud,2025-12-01,2025-12-01,0013y00001g9NbvQAE
1,1:M Content,001ed00000Fdiv1,Data Cloud,2025-02-01,2025-02-01,001ed00000Fdiv1YAB
1,1:M Content,0013000000ZkSXn,Data Cloud,2025-06-01,2025-06-01,0013000000ZkSXnAAN
1,1:M Content,0013000000RYAAA,Data Cloud,2025-02-01,2025-02-01,0013000000RYAAAAA5
1,1:M Content,00130000004J9cx,Data Cloud,2024-10-01,2024-10-01,00130000004J9cxAAC
1,1:M Content,00130000016gmZ1,Data Cloud,2024-05-01,2024-05-01,00130000016gmZ1AAI
1,1:M Content,0013000000hJ6zv,Data Cloud,2025-03-01,2025-03-01,0013000000hJ6zvAAC
1,1:M Content,001000000000wCb,Data Cloud,2024-09-01,2024-09-01,001000000000wCbAAI
1,1:M Content,0013000001MrWzb,Data Cloud,2025-09-01,2025-09-01,0013000001MrWzbAAF
1,1:M Content,0013000000RXIhR,Data Cloud,2025-10-01,2025-10-01,0013000000RXIhRAAX
1,1:M Content,001ed00000F9BEx,Data Cloud,2025-08-01,2025-08-01,001ed00000F9BExYAN
1,1:M Content,0013y00001dy100,Data Cloud,2024-11-01,2024-11-01,0013y00001dy100QAA
1,1:M Content,0013000001JyRmP,Data Cloud,2025-10-01,2025-10-01,0013000001JyRmPAAV
1,1:M Content,0013y00001g9hVy,Data Cloud,2025-06-01,2025-06-01,0013y00001g9hVyQAI
1,1:M Content,0013000001L5kwr,Data Cloud,2025-01-01,2025-01-01,0013000001L5kwrAAB
1,1:M Content,0010M00001SJRwo,Data Cloud,2025-11-01,2025-11-01,0010M00001SJRwoQAH
1,1:M Content,0013y00001fSqm9,Data Cloud,2025-07-01,2025-06-01,0013y00001fSqm9QAC
1,1:M Content,001ed00000QkHji,Data Cloud,2025-05-01,2025-05-01,001ed00000QkHjiYAF
1,1:M Content,0013000000RZFFE,Data Cloud,2025-08-01,2025-08-01,0013000000RZFFEAA5
1,1:M Content,0010M00001WkoVD,Data Cloud,2025-08-01,2025-08-01,0010M00001WkoVDQAZ
1,1:M Content,00100000002991G,Data Cloud,2025-05-01,2025-05-01,00100000002991GAAQ
1,1:M Content,001ed00000NyTd1,Data Cloud,2025-04-01,2025-04-01,001ed00000NyTd1YAF
1,1:M Content,0013000000rpgm8,Data Cloud,2025-10-01,2025-10-01,0013000000rpgm8AAA
1,1:M Content,0010M00001WIQaV,Data Cloud,2025-11-01,2025-11-01,0010M00001WIQaVQAX
1,1:M Content,001ed00000kwWrU,Data Cloud,2025-11-01,2025-11-01,001ed00000kwWrUYAU
1,1:M Content,0010M00001QkuJZ,Data Cloud,2025-12-01,2025-12-01,0010M00001QkuJZQAZ
1,1:M Content,0013000000NR0cn,Data Cloud,2025-07-01,2025-07-01,0013000000NR0cnAAD
1,1:M Content,0013000001GURb5,Data Cloud,2025-11-01,2025-11-01,0013000001GURb5AAH
1,1:M Content,00130000002xANG,Data Cloud,2025-04-01,2025-03-01,00130000002xANGAA2
2,1:M Content,0013y00001coiOi,Data Cloud,2024-08-01,2024-08-01,0013y00001coiOiQAI
2,1:M Content,0013000000NQhgD,Data Cloud,2025-08-01,2025-08-01,0013000000NQhgDAAT
2,1:M Content,0013000000Gq7Ye,Data Cloud,2025-07-01,2025-07-01,0013000000Gq7YeAAJ
1,Success Guides,0010M00001SJBol,Data Cloud,2024-07-01,2024-07-01,0010M00001SJBolQAH
1,Success Guides,0013000000rndOb,Data Cloud,2025-09-01,2025-08-01,0013000000rndObAAI
1,Success Guides,0013000000RXMU4,Data Cloud,2025-04-01,2025-02-01,0013000000RXMU4AAP
1,Onboarding Specialists,0013000000roxFv,Data Cloud,2025-02-01,2025-02-01,0013000000roxFvAAI
1,Success Guides,00130000016g8ev,Data Cloud,2024-04-01,2024-03-01,00130000016g8evAAA
1,Success Guides,0013y00001gCoZo,Data Cloud,2024-04-01,2024-04-01,0013y00001gCoZoQAK
1,Success Guides,0013000000roCWg,Data Cloud,2023-06-01,2023-05-01,0013000000roCWgAAM
1,Success Guides,0013000000E3nPX,Data Cloud,2024-07-01,2024-07-01,0013000000E3nPXAAZ
1,Success Guides,0013y00001eX4Os,Data Cloud,2025-04-01,2025-03-01,0013y00001eX4OsQAK
1,Success Guides,0013000000ZkGaT,Data Cloud,2024-11-01,2024-10-01,0013000000ZkGaTAAV
1,Success Architects,0013000000NPK0W,Data Cloud,2024-07-01,2024-06-01,0013000000NPK0WAAX
1,Success Guides,0013000000GLhe0,Data Cloud,2023-12-01,2023-11-01,0013000000GLhe0AAD
1,Success Guides,00130000002lrAA,Data Cloud,2025-10-01,2025-10-01,00130000002lrAAAAY
1,Success Guides,0013000000RXIzz,Data Cloud,2025-08-01,2025-03-01,0013000000RXIzzAAH
1,Success Guides,0013000000CrNYV,Data Cloud,2025-09-01,2025-08-01,0013000000CrNYVAA3
1,Success Guides,00130000016j7px,Data Cloud,2025-03-01,2025-03-01,00130000016j7pxAAA
1,Success Guides,0013000000Raj07,Data Cloud,2025-10-01,2025-10-01,0013000000Raj07AAB
1,Success Guides,0013y00001beD75,Data Cloud,2025-07-01,2025-07-01,0013y00001beD75QAE
1,Onboarding Specialists,0013000000M1p1M,Data Cloud,2025-01-01,2024-12-01,0013000000M1p1MAAR
1,Success Architects,0013000000ImKKr,Data Cloud,2024-11-01,2024-10-01,0013000000ImKKrAAN
1,Success Guides,0013000001KZjDf,Data Cloud,2025-06-01,2025-06-01,0013000001KZjDfAAL
1,Onboarding Specialists,0013000001GWwFR,Data Cloud,2025-08-01,2025-08-01,0013000001GWwFRAA1
1,Success Guides,0013000000RZ2Ls,Data Cloud,2025-08-01,2025-02-01,0013000000RZ2LsAAL
1,Onboarding Specialists,0013y00001bdiZz,Data Cloud,2025-06-01,2025-05-01,0013y00001bdiZzQAI
1,Success Architects,0013000000B2tLC,Data Cloud,2024-11-01,2024-11-01,0013000000B2tLCAAZ
1,Success Guides,0013y00001ce4qp,Data Cloud,2025-04-01,2025-03-01,0013y00001ce4qpQAA
1,Onboarding Specialists,0013000001EYHSM,Data Cloud,2024-04-01,2023-11-01,0013000001EYHSMAA5
1,Success Guides,0010000000000h9,Data Cloud,2024-02-01,2024-01-01,0010000000000h9AAA
1,Success Guides,00130000002xRiA,Data Cloud,2025-08-01,2025-08-01,00130000002xRiAAAU
1,Onboarding Specialists,0013000000JITsr,Data Cloud,2025-11-01,2025-10-01,0013000000JITsrAAH
1,Success Architects,0013y00001gDk0W,Data Cloud,2025-05-01,2025-04-01,0013y00001gDk0WQAS
1,Success Guides,0013000000J7RGZ,Data Cloud,2024-08-01,2024-08-01,0013000000J7RGZAA3
3,Success Guides,0013000000RZ2fO,Data Cloud,2025-12-01,2025-12-01,0013000000RZ2fOAAT
1,1:M Content,0013y00001f9VHo,Data Cloud,2025-07-01,2025-07-01,0013y00001f9VHoQAM
1,1:M Content,00100000000aHKk,Data Cloud,2025-10-01,2025-10-01,00100000000aHKkAAM
1,1:M Content,0013000000M0KHt,Data Cloud,2025-11-01,2025-11-01,0013000000M0KHtAAN
1,1:M Content,00130000002xXzR,Data Cloud,2024-10-01,2024-10-01,00130000002xXzRAAU
1,1:M Content,0013000000AXupC,Data Cloud,2024-10-01,2024-10-01,0013000000AXupCAAT
1,1:M Content,0013000000hLx2a,Data Cloud,2025-07-01,2025-07-01,0013000000hLx2aAAC
1,1:M Content,0013000001IeuPV,Data Cloud,2025-04-01,2025-03-01,0013000001IeuPVAAZ
1,1:M Content,00130000004UfHd,Data Cloud,2024-02-01,2024-02-01,00130000004UfHdAAK
1,1:M Content,0013y00001cTL3X,Data Cloud,2024-10-01,2024-10-01,0013y00001cTL3XQAW
1,1:M Content,00130000005np5D,Data Cloud,2024-03-01,2024-03-01,00130000005np5DAAQ
1,1:M Content,001ed00000EoMyE,Data Cloud,2025-07-01,2025-07-01,001ed00000EoMyEYAV
1,1:M Content,0013000001CBke3,Data Cloud,2025-05-01,2025-05-01,0013000001CBke3AAD
1,1:M Content,0013y00001fSssS,Data Cloud,2024-12-01,2024-12-01,0013y00001fSssSQAS
1,1:M Content,0013y00001g9NB4,Data Cloud,2024-05-01,2024-05-01,0013y00001g9NB4QAM
1,1:M Content,0013y00001cU2S1,Data Cloud,2025-06-01,2025-06-01,0013y00001cU2S1QAK
1,1:M Content,001ed00000UTplq,Data Cloud,2025-04-01,2025-04-01,001ed00000UTplqYAD
1,1:M Content,00130000001kH16,Data Cloud,2025-11-01,2025-11-01,00130000001kH16AAE
1,1:M Content,0013000000hLigN,Data Cloud,2025-02-01,2025-02-01,0013000000hLigNAAS
1,1:M Content,001ed00000IsFZF,Data Cloud,2025-04-01,2025-03-01,001ed00000IsFZFYA3
1,1:M Content,0013000000NQPGG,Data Cloud,2025-05-01,2025-05-01,0013000000NQPGGAA5
1,1:M Content,0013000000LBr30,Data Cloud,2024-11-01,2024-11-01,0013000000LBr30AAD
1,1:M Content,0013000000CHhsB,Data Cloud,2025-06-01,2025-06-01,0013000000CHhsBAAT
1,1:M Content,0010M00001ULpyc,Data Cloud,2025-12-01,2025-12-01,0010M00001ULpycQAD
1,1:M Content,00100000000nPvI,Data Cloud,2025-12-01,2025-12-01,00100000000nPvIAAU
1,1:M Content,0013y00001eB9pn,Data Cloud,2024-08-01,2024-08-01,0013y00001eB9pnQAC
1,1:M Content,0013000001CDqPL,Data Cloud,2025-08-01,2025-08-01,0013000001CDqPLAA1
1,1:M Content,0013000000M2sOc,Data Cloud,2025-11-01,2025-11-01,0013000000M2sOcAAJ
1,1:M Content,00100000001X1Of,Data Cloud,2024-10-01,2024-10-01,00100000001X1OfAAK
1,1:M Content,0013y00001bdqh3,Data Cloud,2025-12-01,2025-12-01,0013y00001bdqh3QAA
1,1:M Content,0013000000NPauX,Data Cloud,2024-05-01,2024-05-01,0013000000NPauXAAT
1,1:M Content,00130000000TCmw,Data Cloud,2025-10-01,2025-10-01,00130000000TCmwAAG
1,1:M Content,00130000016jXPq,Data Cloud,2025-11-01,2025-11-01,00130000016jXPqAAM
1,1:M Content,00130000002x8ad,Data Cloud,2025-09-01,2025-09-01,00130000002x8adAAA
1,1:M Content,0013y00001bdceh,Data Cloud,2025-08-01,2025-08-01,0013y00001bdcehQAA
1,1:M Content,0010M00001SHnsv,Data Cloud,2025-11-01,2025-11-01,0010M00001SHnsvQAD
1,1:M Content,0013y00001dLv6k,Data Cloud,2025-10-01,2025-10-01,0013y00001dLv6kQAC
1,1:M Content,0010M00001Qqm0v,Data Cloud,2025-11-01,2025-11-01,0010M00001Qqm0vQAB
1,1:M Content,001ed000006Ywz0,Data Cloud,2025-03-01,2025-03-01,001ed000006Ywz0YAC
1,1:M Content,00130000007WutT,Data Cloud,2024-09-01,2024-08-01,00130000007WutTAAS
1,1:M Content,0010M00001W8OU0,Data Cloud,2025-01-01,2025-01-01,0010M00001W8OU0QAN
1,1:M Content,0010M00001WkNgD,Data Cloud,2024-02-01,2024-02-01,0010M00001WkNgDQAV
1,1:M Content,0013000000RXb1W,Data Cloud,2025-07-01,2025-07-01,0013000000RXb1WAAT
1,1:M Content,001ed00000OGkKQ,Data Cloud,2025-04-01,2025-04-01,001ed00000OGkKQYA1
1,1:M Content,0013y00001f8o5b,Data Cloud,2024-10-01,2024-10-01,0013y00001f8o5bQAA
1,1:M Content,0013000001CCcas,Data Cloud,2024-12-01,2024-12-01,0013000001CCcasAAD
3,1:M Content,00130000009zAXX,Data Cloud,2025-06-01,2025-06-01,00130000009zAXXAA2
2,1:M Content,0010M00001SJ0ug,Data Cloud,2025-12-01,2025-12-01,0010M00001SJ0ugQAD
3,1:M Content,0013000001MjTPr,Data Cloud,2024-10-01,2024-10-01,0013000001MjTPrAAN
2,1:M Content,00100000001rsZy,Data Cloud,2025-08-01,2025-08-01,00100000001rsZyAAI
2,1:M Content,0010M00001QaJWA,Data Cloud,2025-12-01,2025-12-01,0010M00001QaJWAQA3
3,1:M Content,00100000000zDyL,Data Cloud,2025-11-01,2025-11-01,00100000000zDyLAAU
4,1:M Content,0010M00001Sq0KG,Data Cloud,2024-08-01,2024-08-01,0010M00001Sq0KGQAZ
1,Success Guides,0013000001MsPdL,Data Cloud,2024-12-01,2024-11-01,0013000001MsPdLAAV
1,Success Guides,0013y00001dWKOm,Data Cloud,2025-11-01,2025-09-01,0013y00001dWKOmQAO
1,Success Guides,0010M00001SICRQ,Data Cloud,2025-03-01,2025-03-01,0010M00001SICRQQA5
1,Success Guides,0013y00001cfuYn,Data Cloud,2025-02-01,2025-02-01,0013y00001cfuYnQAI
1,Success Guides,0013y00001fOCer,Data Cloud,2023-09-01,2023-08-01,0013y00001fOCerQAG
1,Success Guides,0010M00001NYsYF,Data Cloud,2025-02-01,2025-01-01,0010M00001NYsYFQA1
1,Onboarding Specialists,00100000001KsQC,Data Cloud,2025-09-01,2025-08-01,00100000001KsQCAA0
1,Success Guides,0013000000M1MbZ,Data Cloud,2025-02-01,2024-12-01,0013000000M1MbZAAV
1,Success Guides,0013000001MoACq,Data Cloud,2025-10-01,2025-09-01,0013000001MoACqAAN
1,Success Architects,,Data Cloud,2026-01-01,2025-11-01
1,Success Guides,0013000000M03tI,Data Cloud,2024-08-01,2024-07-01,0013000000M03tIAAR
1,Success Guides,00130000016j5bj,Data Cloud,2025-01-01,2024-12-01,00130000016j5bjAAA
1,Success Guides,00130000004vJLW,Data Cloud,2025-11-01,2025-11-01,00130000004vJLWAA2
1,Success Architects,0013000000GqJRh,Data Cloud,2024-10-01,2024-10-01,0013000000GqJRhAAN
1,Success Guides,0010M00001Yu8OS,Data Cloud,2025-10-01,2025-09-01,0010M00001Yu8OSQAZ
1,Success Architects,001300000025ReU,Data Cloud,2024-09-01,2024-08-01,001300000025ReUAAU
1,Success Guides,0013y00001fDeN0,Data Cloud,2024-10-01,2024-08-01,0013y00001fDeN0QAK
1,Success Guides,0013000001EYXLs,Data Cloud,2024-03-01,2024-03-01,0013000001EYXLsAAP
1,Onboarding Specialists,001300000025ReU,Data Cloud,2024-08-01,2024-08-01,001300000025ReUAAU
1,Success Guides,00130000001g8Vb,Data Cloud,2024-06-01,2024-06-01,00130000001g8VbAAI
1,Success Guides,0013000001L61UB,Data Cloud,2025-12-01,2025-12-01,0013000001L61UBAAZ
1,Success Guides,00100000000sJgG,Data Cloud,2025-07-01,2025-07-01,00100000000sJgGAAU
1,Success Architects,0013000000RYUo2,Data Cloud,2025-06-01,2025-05-01,0013000000RYUo2AAH
1,Success Architects,0013y00001eEIpo,Data Cloud,2024-05-01,2024-04-01,0013y00001eEIpoQAG
1,Success Guides,00100000002CrVT,Data Cloud,2025-12-01,2025-11-01,00100000002CrVTAA0
1,Success Guides,0013y00001crQvF,Data Cloud,2025-01-01,2025-01-01,0013y00001crQvFQAU
1,Success Guides,001000000017PhD,Data Cloud,2025-12-01,2025-11-01,001000000017PhDAAU
1,Success Architects,0013y00001cYFys,Data Cloud,2025-07-01,2025-05-01,0013y00001cYFysQAG
1,Success Architects,0013000001Jy00g,Data Cloud,2024-12-01,2024-11-01,0013000001Jy00gAAB
1,Success Architects,0013y00001dKgj3,Data Cloud,2024-08-01,2024-07-01,0013y00001dKgj3QAC
1,Onboarding Specialists,0013y00001beEJb,Data Cloud,2025-06-01,2025-06-01,0013y00001beEJbQAM
1,Success Guides,0010M00001QaXU2,Data Cloud,2025-06-01,2025-06-01,0010M00001QaXU2QAN
1,Success Guides,00100000001rsZy,Data Cloud,2025-12-01,2025-11-01,00100000001rsZyAAI
1,Success Guides,0013000001GW3Gk,Data Cloud,2025-02-01,2025-01-01,0013000001GW3GkAAL
1,Success Architects,0013y00001fElwJ,Data Cloud,2024-12-01,2024-09-01,0013y00001fElwJQAS
1,Success Guides,0013000000hLbh2,Data Cloud,2024-07-01,2024-06-01,0013000000hLbh2AAC
1,Onboarding Specialists,001000000027wFN,Data Cloud,2025-02-01,2025-02-01,001000000027wFNAAY
1,Success Guides,00100000000oL01,Data Cloud,2025-10-01,2025-09-01,00100000000oL01AAE
1,Onboarding Specialists,0013y00001c6LLh,Data Cloud,2025-11-01,2025-10-01,0013y00001c6LLhQAM
1,Success Architects,0013000000NQhgD,Data Cloud,2025-02-01,2025-01-01,0013000000NQhgDAAT
1,Success Guides,0010M00001W8Iff,Data Cloud,2024-02-01,2024-02-01,0010M00001W8IffQAF
1,Success Guides,0010M00001WkkdI,Data Cloud,2025-12-01,2025-10-01,0010M00001WkkdIQAR
1,Onboarding Specialists,0013000001Hf86K,Data Cloud,2025-11-01,2025-11-01,0013000001Hf86KAAR
1,Success Architects,0013y00001cQENI,Data Cloud,2024-08-01,2024-07-01,0013y00001cQENIQA4
1,Success Guides,00100000001E0jo,Data Cloud,2025-11-01,2025-11-01,00100000001E0joAAC
1,Success Guides,0013y00001dONdT,Data Cloud,2024-06-01,2024-05-01,0013y00001dONdTQAW
5,Success Guides,0013000000HIhoz,Data Cloud,2025-10-01,2025-10-01,0013000000HIhozAAD
6,Success Guides,0013000001Jz35t,Data Cloud,2025-12-01,2025-12-01,0013000001Jz35tAAB
3,Success Guides,0013000001MrefX,Data Cloud,2025-03-01,2025-03-01,0013000001MrefXAAR
2,Success Architects,0013000000rotO4,Data Cloud,2024-05-01,2024-03-01,0013000000rotO4AAI
1,1:M Content,001ed00000LqMup,Data Cloud,2025-06-01,2025-06-01,001ed00000LqMupYAF
1,1:M Content,00100000001e2SX,Data Cloud,2025-05-01,2025-05-01,00100000001e2SXAAY
1,1:M Content,0013000000Hlb1M,Data Cloud,2025-10-01,2025-10-01,0013000000Hlb1MAAR
1,1:M Content,0013y00001c8Bck,Data Cloud,2025-12-01,2025-12-01,0013y00001c8BckQAE
1,1:M Content,0013000000GtvNh,Data Cloud,2024-10-01,2024-10-01,0013000000GtvNhAAJ
1,1:M Content,0013000000ZjBNt,Data Cloud,2024-03-01,2024-03-01,0013000000ZjBNtAAN
1,1:M Content,0010M00001THLtS,Data Cloud,2024-08-01,2024-08-01,0010M00001THLtSQAX
1,1:M Content,0013000000HkkOA,Data Cloud,2025-03-01,2025-03-01,0013000000HkkOAAAZ
1,1:M Content,0010M00001QkC4C,Data Cloud,2025-03-01,2025-03-01,0010M00001QkC4CQAV
1,1:M Content,00100000001rtxR,Data Cloud,2024-09-01,2024-09-01,00100000001rtxRAAQ
1,1:M Content,0013000000RX6uW,Data Cloud,2025-02-01,2025-02-01,0013000000RX6uWAAT
1,1:M Content,0013000000GKRTK,Data Cloud,2024-07-01,2024-07-01,0013000000GKRTKAA5
1,1:M Content,0010M00001Yu2HV,Data Cloud,2024-08-01,2024-08-01,0010M00001Yu2HVQAZ
1,1:M Content,0013y00001g9QGM,Data Cloud,2024-06-01,2024-06-01,0013y00001g9QGMQA2
1,1:M Content,0013000001GXLgo,Data Cloud,2025-08-01,2025-08-01,0013000001GXLgoAAH
1,1:M Content,0013000000Dktjj,Data Cloud,2025-09-01,2025-09-01,0013000000DktjjAAB
1,1:M Content,0010M00001X8J4p,Data Cloud,2025-12-01,2025-12-01,0010M00001X8J4pQAF
1,1:M Content,001ed00000GH9uJ,Data Cloud,2025-01-01,2025-01-01,001ed00000GH9uJYAT
1,1:M Content,0013000001L5pBf,Data Cloud,2025-04-01,2025-04-01,0013000001L5pBfAAJ
1,1:M Content,001ed000001mL4w,Data Cloud,2024-09-01,2024-09-01,001ed000001mL4wYAE
1,1:M Content,00130000000DrPN,Data Cloud,2025-07-01,2025-07-01,00130000000DrPNAA0
1,1:M Content,0013000001CB0cQ,Data Cloud,2024-04-01,2024-04-01,0013000001CB0cQAAT
1,1:M Content,0013y00001cCgI4,Data Cloud,2025-11-01,2025-11-01,0013y00001cCgI4QAK
1,1:M Content,0010M00001Y5R0d,Data Cloud,2025-07-01,2025-07-01,0010M00001Y5R0dQAF
1,1:M Content,0013y00001eBr4u,Data Cloud,2025-08-01,2025-08-01,0013y00001eBr4uQAC
1,1:M Content,0010M00001WA3eJ,Data Cloud,2025-08-01,2025-08-01,0010M00001WA3eJQAT
1,1:M Content,0013y00001g9bVr,Data Cloud,2025-05-01,2025-05-01,0013y00001g9bVrQAI
1,1:M Content,0010M00001SebHm,Data Cloud,2025-06-01,2025-06-01,0010M00001SebHmQAJ
1,1:M Content,001ed00000BZH2s,Data Cloud,2024-12-01,2024-12-01,001ed00000BZH2sYAH
1,1:M Content,0013000000ZlsnC,Data Cloud,2025-05-01,2025-05-01,0013000000ZlsnCAAR
1,1:M Content,00130000001Kcrs,Data Cloud,2024-12-01,2024-12-01,00130000001KcrsAAC
1,1:M Content,0013y00001d9Ey0,Data Cloud,2025-10-01,2025-10-01,0013y00001d9Ey0QAE
1,1:M Content,0010M00001Qahqo,Data Cloud,2025-07-01,2025-07-01,0010M00001QahqoQAB
1,1:M Content,0013000000rnRU4,Data Cloud,2024-09-01,2024-08-01,0013000000rnRU4AAM
1,1:M Content,0013000000LiPIc,Data Cloud,2025-08-01,2025-08-01,0013000000LiPIcAAN
1,1:M Content,00130000000Muaz,Data Cloud,2025-11-01,2025-11-01,00130000000MuazAAC
1,1:M Content,0013000000NPf9d,Data Cloud,2025-03-01,2025-03-01,0013000000NPf9dAAD
1,1:M Content,001ed000009jMQb,Data Cloud,2025-11-01,2025-11-01,001ed000009jMQbYAM
1,1:M Content,0013y00001e5ywz,Data Cloud,2024-10-01,2024-10-01,0013y00001e5ywzQAA
1,1:M Content,0010M00001Qlm0n,Data Cloud,2025-03-01,2025-03-01,0010M00001Qlm0nQAB
1,1:M Content,0010M00001WHv6V,Data Cloud,2025-02-01,2025-02-01,0010M00001WHv6VQAT
1,1:M Content,0010M00001PDzUl,Data Cloud,2024-10-01,2024-09-01,0010M00001PDzUlQAL
1,1:M Content,0013000001GW4Z9,Data Cloud,2025-04-01,2025-04-01,0013000001GW4Z9AAL
1,1:M Content,00130000005np5D,Data Cloud,2024-07-01,2024-07-01,00130000005np5DAAQ
1,1:M Content,0013000000JaMmg,Data Cloud,2025-01-01,2025-01-01,0013000000JaMmgAAF
1,1:M Content,0010M00001WYv33,Data Cloud,2025-07-01,2025-07-01,0010M00001WYv33QAD
1,1:M Content,00100000000CK5K,Data Cloud,2025-11-01,2025-11-01,00100000000CK5KAAW
1,1:M Content,0013y00001g9Nk4,Data Cloud,2024-07-01,2024-07-01,0013y00001g9Nk4QAE
1,1:M Content,0013y00001g9Mna,Data Cloud,2024-05-01,2024-05-01,0013y00001g9MnaQAE
1,1:M Content,0010M00001QmKtt,Data Cloud,2025-07-01,2025-07-01,0010M00001QmKttQAF
1,1:M Content,00130000000NazM,Data Cloud,2025-04-01,2025-04-01,00130000000NazMAAS
1,1:M Content,0013y00001dNger,Data Cloud,2025-03-01,2025-03-01,0013y00001dNgerQAC
1,1:M Content,0013000001GX3EE,Data Cloud,2025-01-01,2025-01-01,0013000001GX3EEAA1
2,1:M Content,0013000000RX6uW,Data Cloud,2025-12-01,2025-12-01,0013000000RX6uWAAT
2,1:M Content,0013000001JyriP,Data Cloud,2025-06-01,2025-06-01,0013000001JyriPAAR
2,1:M Content,0010M00001QmnNx,Data Cloud,2025-10-01,2025-10-01,0010M00001QmnNxQAJ
1,Success Guides,0013y00001gxOC9,Data Cloud,2024-07-01,2024-07-01,0013y00001gxOC9QAM
1,Success Architects,001000000004aOo,Data Cloud,2025-07-01,2025-07-01,001000000004aOoAAI
1,Success Architects,0010M00001XyAva,Data Cloud,2025-02-01,2024-12-01,0010M00001XyAvaQAF
1,Onboarding Specialists,00130000002xXga,Data Cloud,2025-12-01,2025-12-01,00130000002xXgaAAE
1,Success Guides,0013y00001cfmtO,Data Cloud,2025-09-01,2025-08-01,0013y00001cfmtOQAQ
1,Success Guides,0013000001KbNGI,Data Cloud,2025-11-01,2025-10-01,0013000001KbNGIAA3
1,Success Guides,0013000000NPEtp,Data Cloud,2025-03-01,2025-03-01,0013000000NPEtpAAH
1,Success Architects,0010M00001WZnpq,Data Cloud,2025-08-01,2025-07-01,0010M00001WZnpqQAD
1,Success Architects,0010M00001S99H9,Data Cloud,2024-08-01,2024-07-01,0010M00001S99H9QAJ
1,Success Guides,0013y00001fMyRQ,Data Cloud,2024-12-01,2024-11-01,0013y00001fMyRQQA0
1,Success Guides,00130000000Um8M,Data Cloud,2025-09-01,2025-09-01,00130000000Um8MAAS
1,Success Guides,0010M00001Ytwho,Data Cloud,2025-12-01,2025-12-01,0010M00001YtwhoQAB
1,Success Guides,0013000000D8UtH,Data Cloud,2025-07-01,2025-06-01,0013000000D8UtHAAV
1,Success Guides,0013000000ZkGQH,Data Cloud,2025-01-01,2025-01-01,0013000000ZkGQHAA3
1,Onboarding Specialists,00130000002x8gd,Data Cloud,2025-11-01,2025-10-01,00130000002x8gdAAA
1,Success Guides,0010M00001Q70Ub,Data Cloud,2025-11-01,2025-10-01,0010M00001Q70UbQAJ
1,Onboarding Specialists,00130000000hE5S,Data Cloud,2025-03-01,2025-01-01,00130000000hE5SAAU
1,Success Guides,00130000001S780,Data Cloud,2024-07-01,2024-07-01,00130000001S780AAC
1,Success Architects,0013000000NSrEk,Data Cloud,2024-08-01,2024-07-01,0013000000NSrEkAAL
1,Onboarding Specialists,00130000002xItg,Data Cloud,2024-07-01,2024-06-01,00130000002xItgAAE
1,Success Guides,0013000001Fk9zk,Data Cloud,2024-09-01,2024-08-01,0013000001Fk9zkAAB
1,Success Guides,0013000000K6hPD,Data Cloud,2025-01-01,2025-01-01,0013000000K6hPDAAZ
1,Success Guides,00100000001X1Of,Data Cloud,2025-09-01,2025-07-01,00100000001X1OfAAK
1,Success Guides,0013y00001dKx9x,Data Cloud,2025-09-01,2025-09-01,0013y00001dKx9xQAC
1,Success Guides,0013y00001fKxPY,Data Cloud,2025-12-01,2025-11-01,0013y00001fKxPYQA0
1,Success Architects,0013y00001cSVkJ,Data Cloud,2025-02-01,2025-01-01,0013y00001cSVkJQAW
1,Success Architects,00130000002xI5m,Data Cloud,2025-07-01,2025-07-01,00130000002xI5mAAE
1,Success Architects,0010M00001SIpaw,Data Cloud,2025-08-01,2025-07-01,0010M00001SIpawQAD
1,Success Architects,0013y00001cShej,Data Cloud,2024-06-01,2024-05-01,0013y00001cShejQAC
1,Success Guides,0013000000KuiDC,Data Cloud,2025-11-01,2025-11-01,0013000000KuiDCAAZ
1,Success Guides,0010M00001QqW5F,Data Cloud,2024-07-01,2024-06-01,0010M00001QqW5FQAV
1,Success Guides,0013y00001fFAjX,Data Cloud,2025-03-01,2025-03-01,0013y00001fFAjXQAW
1,Success Architects,0013y00001cCgI4,Data Cloud,2025-07-01,2025-05-01,0013y00001cCgI4QAK
1,Onboarding Specialists,00130000016jgHq,Data Cloud,2024-11-01,2024-11-01,00130000016jgHqAAI
1,Success Guides,0010M00001SeO3a,Data Cloud,2025-02-01,2025-02-01,0010M00001SeO3aQAF
1,Onboarding Specialists,0013000000NQc6p,Data Cloud,2024-06-01,2024-05-01,0013000000NQc6pAAD
1,Onboarding Specialists,0013000000ZkvbJ,Data Cloud,2024-04-01,2024-02-01,0013000000ZkvbJAAR
1,Onboarding Specialists,00100000001wk27,Data Cloud,2025-08-01,2025-08-01,00100000001wk27AAA
1,Success Architects,0010M00001YFiNh,Data Cloud,2025-07-01,2025-05-01,0010M00001YFiNhQAL
1,Success Architects,0013y00001cyfug,Data Cloud,2025-07-01,2025-07-01,0013y00001cyfugQAA
1,Success Architects,0013000000Rauz2,Data Cloud,2024-05-01,2024-04-01,0013000000Rauz2AAB
1,Success Guides,0013000000Eyvmu,Data Cloud,2025-04-01,2025-03-01,0013000000EyvmuAAB
1,Success Architects,0013y00001eBr4u,Data Cloud,2024-07-01,2024-06-01,0013y00001eBr4uQAC
1,Success Guides,00130000016ip17,Data Cloud,2024-07-01,2024-06-01,00130000016ip17AAA
1,Success Architects,0013000000M1BYy,Data Cloud,2024-05-01,2024-04-01,0013000000M1BYyAAN
1,Success Guides,00130000016gdw4,Data Cloud,2023-09-01,2023-09-01,00130000016gdw4AAA
1,Success Architects,0010M00001Qlm0n,Data Cloud,2024-05-01,2024-03-01,0010M00001Qlm0nQAB
1,Onboarding Specialists,0013000000RXdkJ,Data Cloud,2025-10-01,2025-10-01,0013000000RXdkJAAT
1,Success Architects,0013y00001euOjF,Data Cloud,2024-11-01,2024-08-01,0013y00001euOjFQAU
1,Success Guides,0013000000RZ2Ls,Data Cloud,2025-01-01,2025-01-01,0013000000RZ2LsAAL
1,Success Architects,0010M00001NYj0M,Data Cloud,2024-12-01,2024-11-01,0010M00001NYj0MQAT
1,Success Guides,001ed000006Ywz0,Data Cloud,2025-12-01,2025-12-01,001ed000006Ywz0YAC
7,Success Architects,,Data Cloud,2025-08-01,2025-08-01
1,1:M Content,0010M00001XyAva,Data Cloud,2025-04-01,2025-03-01,0010M00001XyAvaQAF
1,1:M Content,0010M00001Qm6U5,Data Cloud,2025-04-01,2025-04-01,0010M00001Qm6U5QAJ
1,1:M Content,0013y00001dKx9x,Data Cloud,2025-11-01,2025-11-01,0013y00001dKx9xQAC
1,1:M Content,0013000000M17ry,Data Cloud,2024-08-01,2024-08-01,0013000000M17ryAAB
1,1:M Content,0010M00001WYTqZ,Data Cloud,2024-03-01,2024-03-01,0010M00001WYTqZQAX
1,1:M Content,00130000002U4wm,Data Cloud,2025-09-01,2025-09-01,00130000002U4wmAAC
1,1:M Content,001ed00000R5FEz,Data Cloud,2025-05-01,2025-05-01,001ed00000R5FEzYAN
1,1:M Content,0013000001GVjPK,Data Cloud,2024-10-01,2024-10-01,0013000001GVjPKAA1
1,1:M Content,0013000000HIpep,Data Cloud,2025-02-01,2025-02-01,0013000000HIpepAAD
1,1:M Content,00100000000y4SW,Data Cloud,2024-05-01,2024-04-01,00100000000y4SWAAY
1,1:M Content,0013y00001cCYC5,Data Cloud,2024-12-01,2024-12-01,0013y00001cCYC5QAO
1,1:M Content,0010M00001W82aX,Data Cloud,2025-04-01,2025-04-01,0010M00001W82aXQAR
1,1:M Content,0013y00001c6qft,Data Cloud,2025-05-01,2025-05-01,0013y00001c6qftQAA
1,1:M Content,001ed00000hZqnl,Data Cloud,2025-11-01,2025-11-01,001ed00000hZqnlYAC
1,1:M Content,0013000000M1Ztp,Data Cloud,2024-09-01,2024-09-01,0013000000M1ZtpAAF
1,1:M Content,0013y00001fbmOn,Data Cloud,2024-05-01,2024-05-01,0013y00001fbmOnQAI
1,1:M Content,001ed000001kk0s,Data Cloud,2025-12-01,2025-12-01,001ed000001kk0sYAA
1,1:M Content,001ed00000FsLq4,Data Cloud,2025-02-01,2025-02-01,001ed00000FsLq4YAF
1,1:M Content,0013000001CBk7J,Data Cloud,2025-03-01,2025-03-01,0013000001CBk7JAAT
1,1:M Content,0013y00001foa50,Data Cloud,2024-06-01,2024-06-01,0013y00001foa50QAA
1,1:M Content,001300000018TpH,Data Cloud,2025-03-01,2025-03-01,001300000018TpHAAU
1,1:M Content,0013000001CBfli,Data Cloud,2024-08-01,2024-08-01,0013000001CBfliAAD
1,1:M Content,00100000001DUQr,Data Cloud,2025-05-01,2025-05-01,00100000001DUQrAAO
1,1:M Content,001ed00000SXUIZ,Data Cloud,2025-05-01,2025-05-01,001ed00000SXUIZYA5
1,1:M Content,0013000000FK8jG,Data Cloud,2025-06-01,2025-06-01,0013000000FK8jGAAT
1,1:M Content,00130000000EVpY,Data Cloud,2024-12-01,2024-12-01,00130000000EVpYAAW
1,1:M Content,00130000016gnYZ,Data Cloud,2025-09-01,2025-09-01,00130000016gnYZAAY
1,1:M Content,0010M00001WHyrj,Data Cloud,2024-06-01,2024-06-01,0010M00001WHyrjQAD
1,1:M Content,0010M00001cDQFY,Data Cloud,2024-08-01,2024-08-01,0010M00001cDQFYQA4
1,1:M Content,0013000000ZjE58,Data Cloud,2025-10-01,2025-10-01,0013000000ZjE58AAF
1,1:M Content,0013000000ZjBEU,Data Cloud,2025-07-01,2025-07-01,0013000000ZjBEUAA3
1,1:M Content,001ed0000040GSK,Data Cloud,2024-12-01,2024-12-01,001ed0000040GSKYA2
1,1:M Content,0013000000GIaEX,Data Cloud,2025-08-01,2025-08-01,0013000000GIaEXAA1
1,1:M Content,0013000001NXdvr,Data Cloud,2024-12-01,2024-12-01,0013000001NXdvrAAD
1,1:M Content,0013000001KYh14,Data Cloud,2025-07-01,2025-07-01,0013000001KYh14AAD
1,1:M Content,0013000001CDqPL,Data Cloud,2024-07-01,2024-07-01,0013000001CDqPLAA1
1,1:M Content,00130000016jkcq,Data Cloud,2025-07-01,2025-07-01,00130000016jkcqAAA
1,1:M Content,0010M00001NYbU9,Data Cloud,2024-11-01,2024-11-01,0010M00001NYbU9QAL
1,1:M Content,00130000003Nevx,Data Cloud,2025-11-01,2025-11-01,00130000003NevxAAC
1,1:M Content,0010M00001V6aHi,Data Cloud,2025-03-01,2025-03-01,0010M00001V6aHiQAJ
1,1:M Content,001ed0000099j7E,Data Cloud,2025-06-01,2025-06-01,001ed0000099j7EYAQ
2,1:M Content,0013000000KtPsS,Data Cloud,2025-12-01,2025-12-01,0013000000KtPsSAAV
3,1:M Content,00130000004J9cx,Data Cloud,2025-01-01,2025-01-01,00130000004J9cxAAC
4,1:M Content,0013000000CHhsB,Data Cloud,2025-12-01,2025-12-01,0013000000CHhsBAAT
2,1:M Content,0013000000hMZVg,Data Cloud,2025-08-01,2025-08-01,0013000000hMZVgAAO
2,1:M Content,001ed000005wWj2,Data Cloud,2025-12-01,2025-12-01,001ed000005wWj2YAE
2,1:M Content,00100000001CwPP,Data Cloud,2025-04-01,2025-04-01,00100000001CwPPAA0
1,Success Guides,0013000000rmrfJ,Data Cloud,2024-03-01,2024-03-01,0013000000rmrfJAAQ
1,Success Architects,0010M00001U3yIl,Data Cloud,2025-07-01,2025-07-01,0010M00001U3yIlQAJ
1,Success Guides,0013000000JJnPq,Data Cloud,2023-12-01,2023-11-01,0013000000JJnPqAAL
1,Success Guides,0013y00001eBB4C,Data Cloud,2023-09-01,2023-08-01,0013y00001eBB4CQAW
1,Success Guides,0013y00001epJ4x,Data Cloud,2025-01-01,2024-11-01,0013y00001epJ4xQAE
1,Success Guides,0013y00001cSVkJ,Data Cloud,2024-09-01,2024-08-01,0013y00001cSVkJQAW
1,Onboarding Specialists,0010M00001V6WN3,Data Cloud,2025-10-01,2025-10-01,0010M00001V6WN3QAN
1,Success Architects,0013000000Gqno4,Data Cloud,2025-01-01,2024-11-01,0013000000Gqno4AAB
1,Onboarding Specialists,0010M00001cHSWI,Data Cloud,2024-05-01,2024-05-01,0010M00001cHSWIQA4
1,Success Guides,0013000001FalEl,Data Cloud,2025-08-01,2025-08-01,0013000001FalElAAJ
1,Success Guides,0013000001CAWFq,Data Cloud,2025-07-01,2025-06-01,0013000001CAWFqAAP
1,Success Guides,0010M00001YuJHK,Data Cloud,2023-07-01,2023-05-01,0010M00001YuJHKQA3
1,Success Guides,0013000001NXIsu,Data Cloud,2025-08-01,2025-08-01,0013000001NXIsuAAH
1,Success Guides,0013000000ZmVrg,Data Cloud,2025-04-01,2025-03-01,0013000000ZmVrgAAF
1,Success Architects,0013000000ZkJFl,Data Cloud,2025-06-01,2025-05-01,0013000000ZkJFlAAN
1,Success Guides,00130000016iMXc,Data Cloud,2024-02-01,2024-01-01,00130000016iMXcAAM
1,Success Architects,0013y00001ch1xC,Data Cloud,2025-04-01,2025-04-01,0013y00001ch1xCQAQ
1,Success Guides,001300000044L8L,Data Cloud,2025-05-01,2025-05-01,001300000044L8LAAU
1,Success Architects,0013000000ronZU,Data Cloud,2025-09-01,2025-07-01,0013000000ronZUAAY
1,Success Guides,0013000000RXRGA,Data Cloud,2024-05-01,2024-05-01,0013000000RXRGAAA5
1,Onboarding Specialists,0010M00001Qm8nY,Data Cloud,2025-12-01,2025-11-01,0010M00001Qm8nYQAR
1,Onboarding Specialists,0010M00001SHit9,Data Cloud,2025-12-01,2025-09-01,0010M00001SHit9QAD
1,Success Guides,0013000000JIaen,Data Cloud,2024-11-01,2024-10-01,0013000000JIaenAAD
1,Success Guides,0010M00001W8PSy,Data Cloud,2023-11-01,2023-11-01,0010M00001W8PSyQAN
1,Success Guides,0013000000RXIzz,Data Cloud,2025-02-01,2025-01-01,0013000000RXIzzAAH
1,Success Architects,0010M00001QnrbE,Data Cloud,2024-07-01,2024-06-01,0010M00001QnrbEQAR
1,Success Guides,0010M00001THEjc,Data Cloud,2025-05-01,2025-04-01,0010M00001THEjcQAH
1,Success Architects,0013000001GXFhT,Data Cloud,2024-08-01,2024-06-01,0013000001GXFhTAAX
1,Onboarding Specialists,0013000000rokcm,Data Cloud,2025-07-01,2025-05-01,0013000000rokcmAAA
1,Success Guides,0013000000GLhe0,Data Cloud,2025-05-01,2025-04-01,0013000000GLhe0AAD
1,Success Guides,00130000001qNp5,Data Cloud,2024-10-01,2024-10-01,00130000001qNp5AAE
1,Success Guides,0013000001CDA2r,Data Cloud,2024-09-01,2024-08-01,0013000001CDA2rAAH
1,Onboarding Specialists,0010M00001U3sl4,Data Cloud,2025-11-01,2025-10-01,0010M00001U3sl4QAB
1,Success Architects,0013000001CDA2r,Data Cloud,2024-04-01,2024-03-01,0013000001CDA2rAAH
1,Success Architects,0013000000M2UOx,Data Cloud,2025-07-01,2025-06-01,0013000000M2UOxAAN
1,Success Architects,0013y00001e67lm,Data Cloud,2025-06-01,2025-04-01,0013y00001e67lmQAA
1,Onboarding Specialists,0013000000Em4Wk,Data Cloud,2025-05-01,2025-05-01,0013000000Em4WkAAJ
1,Success Guides,0013000000hJrCE,Data Cloud,2024-03-01,2024-02-01,0013000000hJrCEAA0
1,Success Guides,00130000000Ec9Q,Data Cloud,2024-09-01,2024-09-01,00130000000Ec9QAAS
1,Success Guides,0013y00001cw0P8,Data Cloud,2025-04-01,2025-03-01,0013y00001cw0P8QAI
1,Onboarding Specialists,0013y00001ca4v4,Data Cloud,2025-02-01,2024-09-01,0013y00001ca4v4QAA
1,Success Architects,0013y00001cShv1,Data Cloud,2025-01-01,2024-11-01,0013y00001cShv1QAC
1,Success Guides,00130000002Oe3p,Data Cloud,2025-07-01,2025-07-01,00130000002Oe3pAAC
1,Success Architects,00130000016gnKN,Data Cloud,2024-12-01,2024-10-01,00130000016gnKNAAY
1,Success Architects,0013000000ZmUSh,Data Cloud,2025-06-01,2025-04-01,0013000000ZmUShAAN
1,Onboarding Specialists,0013000001GUUMl,Data Cloud,2024-06-01,2024-03-01,0013000001GUUMlAAP
2,Onboarding Specialists,00130000002xeKd,Data Cloud,2025-07-01,2025-05-01,00130000002xeKdAAI
2,Success Guides,0013000001CBkWi,Data Cloud,2024-06-01,2024-05-01,0013000001CBkWiAAL
2,Onboarding Specialists,0013y00001eEIpo,Data Cloud,2024-06-01,2024-06-01,0013y00001eEIpoQAG
2,Success Guides,0010M00001WZmw4,Data Cloud,2025-08-01,2025-08-01,0010M00001WZmw4QAD
1,1:M Content,0013y00001e646z,Data Cloud,2025-09-01,2025-09-01,0013y00001e646zQAA
1,1:M Content,001ed000006CD7h,Data Cloud,2024-10-01,2024-10-01,001ed000006CD7hYAG
1,1:M Content,0013000001CAmx2,Data Cloud,2024-10-01,2024-10-01,0013000001CAmx2AAD
1,1:M Content,0010M00001QkRz3,Data Cloud,2025-03-01,2025-03-01,0010M00001QkRz3QAF
1,1:M Content,0010M00001WZ3om,Data Cloud,2025-08-01,2025-08-01,0010M00001WZ3omQAD
1,1:M Content,0010M00001UVgws,Data Cloud,2024-05-01,2024-05-01,0010M00001UVgwsQAD
1,1:M Content,001ed000005wWj2,Data Cloud,2025-11-01,2025-11-01,001ed000005wWj2YAE
1,1:M Content,0013000000JaMmg,Data Cloud,2024-12-01,2024-12-01,0013000000JaMmgAAF
1,1:M Content,001ed000000im5o,Data Cloud,2024-08-01,2024-08-01,001ed000000im5oYAA
1,1:M Content,0013000001CCCuf,Data Cloud,2025-08-01,2025-08-01,0013000001CCCufAAH
1,1:M Content,0013000000roxjC,Data Cloud,2024-07-01,2024-07-01,0013000000roxjCAAQ
1,1:M Content,0013000001L64Mo,Data Cloud,2025-06-01,2025-06-01,0013000001L64MoAAJ
1,1:M Content,001000000000wCb,Data Cloud,2025-01-01,2025-01-01,001000000000wCbAAI
1,1:M Content,0010M00001NYkvF,Data Cloud,2025-11-01,2025-11-01,0010M00001NYkvFQAT
1,1:M Content,001ed00000g6C82,Data Cloud,2025-10-01,2025-10-01,001ed00000g6C82YAE
1,1:M Content,00130000016hRUT,Data Cloud,2025-07-01,2025-07-01,00130000016hRUTAA2
1,1:M Content,0013000000hMbXo,Data Cloud,2025-10-01,2025-10-01,0013000000hMbXoAAK
1,1:M Content,0013000000M1Zvo,Data Cloud,2025-11-01,2025-11-01,0013000000M1ZvoAAF
1,1:M Content,0013000000hLbh2,Data Cloud,2025-11-01,2025-11-01,0013000000hLbh2AAC
1,1:M Content,0013000000HIydS,Data Cloud,2025-12-01,2025-12-01,0013000000HIydSAAT
1,1:M Content,0013000000hMX79,Data Cloud,2025-06-01,2025-06-01,0013000000hMX79AAG
1,1:M Content,0013y00001cFgTO,Data Cloud,2025-12-01,2025-12-01,0013y00001cFgTOQA0
1,1:M Content,0013000001Jy8yR,Data Cloud,2025-04-01,2025-04-01,0013000001Jy8yRAAR
1,1:M Content,0013000000hKlCd,Data Cloud,2025-03-01,2025-03-01,0013000000hKlCdAAK
1,1:M Content,0013000000HGlRb,Data Cloud,2025-08-01,2025-08-01,0013000000HGlRbAAL
1,1:M Content,0013000000roKYi,Data Cloud,2025-05-01,2025-05-01,0013000000roKYiAAM
1,1:M Content,001ed00000fwl6z,Data Cloud,2025-09-01,2025-09-01,001ed00000fwl6zYAA
1,1:M Content,0013000000ALdWo,Data Cloud,2025-06-01,2025-06-01,0013000000ALdWoAAL
1,1:M Content,001ed00000gYTXG,Data Cloud,2025-10-01,2025-10-01,001ed00000gYTXGYA4
1,1:M Content,0010M00001YFdrM,Data Cloud,2025-12-01,2025-12-01,0010M00001YFdrMQAT
1,1:M Content,00130000000go1o,Data Cloud,2025-05-01,2025-05-01,00130000000go1oAAA
1,1:M Content,001ed0000040EWw,Data Cloud,2024-12-01,2024-12-01,001ed0000040EWwYAM
1,1:M Content,001000000027atx,Data Cloud,2025-02-01,2025-02-01,001000000027atxAAA
1,1:M Content,001ed00000JwGpS,Data Cloud,2025-03-01,2025-03-01,001ed00000JwGpSYAV
3,1:M Content,0013000000hLRNg,Data Cloud,2025-10-01,2025-10-01,0013000000hLRNgAAO
2,1:M Content,0013000000ImKKr,Data Cloud,2025-01-01,2025-01-01,0013000000ImKKrAAN
3,1:M Content,00130000004IFiW,Data Cloud,2025-04-01,2025-04-01,00130000004IFiWAAW
3,1:M Content,001ed00000FcouP,Data Cloud,2025-11-01,2025-11-01,001ed00000FcouPYAR
2,1:M Content,0010M00001XyAPj,Data Cloud,2025-11-01,2025-11-01,0010M00001XyAPjQAN
2,1:M Content,0013y00001cgQuh,Data Cloud,2025-12-01,2025-12-01,0013y00001cgQuhQAE
2,1:M Content,00130000002xU2x,Data Cloud,2025-03-01,2025-03-01,00130000002xU2xAAE
2,1:M Content,0010M00001Xy0s6,Data Cloud,2024-11-01,2024-11-01,0010M00001Xy0s6QAB
2,1:M Content,00130000004UfHd,Data Cloud,2025-08-01,2025-08-01,00130000004UfHdAAK
2,1:M Content,0013000000RWxyb,Data Cloud,2025-05-01,2025-05-01,0013000000RWxybAAD
1,Success Guides,0010M00001QkjWQ,Data Cloud,2024-09-01,2024-09-01,0010M00001QkjWQQAZ
1,Success Guides,0013000000M2jd2,Data Cloud,2025-11-01,2025-10-01,0013000000M2jd2AAB
1,Onboarding Specialists,0013000000ZjVL0,Data Cloud,2025-08-01,2025-07-01,0013000000ZjVL0AAN
1,Success Guides,0010M00001YuEWw,Data Cloud,2025-12-01,2025-11-01,0010M00001YuEWwQAN
1,Success Guides,0013000001GUxJm,Data Cloud,2024-03-01,2024-03-01,0013000001GUxJmAAL
1,Onboarding Specialists,0010M00001SHxB5,Data Cloud,2025-06-01,2025-05-01,0010M00001SHxB5QAL
1,Onboarding Specialists,0013000000M2j0O,Data Cloud,2024-08-01,2024-07-01,0013000000M2j0OAAR
1,Success Guides,0010M00001SIfqL,Data Cloud,2025-03-01,2025-02-01,0010M00001SIfqLQAT
1,Success Guides,0013000000hJBhx,Data Cloud,2025-02-01,2025-02-01,0013000000hJBhxAAG
1,Onboarding Specialists,0013000001LWxPC,Data Cloud,2025-06-01,2025-05-01,0013000001LWxPCAA1
1,Success Guides,0013000000NQhgD,Data Cloud,2025-12-01,2025-12-01,0013000000NQhgDAAT
1,Success Guides,00130000002U4wm,Data Cloud,2025-02-01,2025-01-01,00130000002U4wmAAC
1,Success Guides,0013000001GUbeg,Data Cloud,2025-05-01,2025-04-01,0013000001GUbegAAD
1,Success Guides,00130000002xBHY,Data Cloud,2025-01-01,2024-12-01,00130000002xBHYAA2
1,Success Guides,0010M00001Xy6Zp,Data Cloud,2025-12-01,2025-11-01,0010M00001Xy6ZpQAJ
1,Onboarding Specialists,0013000000M2tjx,Data Cloud,2025-02-01,2024-10-01,0013000000M2tjxAAB
1,Success Architects,0013000000hIgVy,Data Cloud,2025-02-01,2025-02-01,0013000000hIgVyAAK
1,Success Guides,0010M00001UEVrs,Data Cloud,2025-12-01,2025-12-01,0010M00001UEVrsQAH
1,Onboarding Specialists,00130000004IFhf,Data Cloud,2025-06-01,2025-05-01,00130000004IFhfAAG
1,Success Guides,00130000001zdVS,Data Cloud,2025-01-01,2024-12-01,00130000001zdVSAAY
1,Success Guides,0010M00001UV4Wm,Data Cloud,2025-02-01,2025-01-01,0010M00001UV4WmQAL
1,Success Guides,0010M00001QlgOJ,Data Cloud,2025-12-01,2025-11-01,0010M00001QlgOJQAZ
1,Success Guides,0010M00001W8PSy,Data Cloud,2023-08-01,2023-08-01,0010M00001W8PSyQAN
1,Success Guides,0013y00001cbAds,Data Cloud,2025-12-01,2025-11-01,0013y00001cbAdsQAE
1,Success Guides,0013y00001eywKd,Data Cloud,2025-12-01,2025-11-01,0013y00001eywKdQAI
1,Success Guides,0013y00001fEfpC,Data Cloud,2025-09-01,2025-08-01,0013y00001fEfpCQAS
1,Onboarding Specialists,0013000000KwIqO,Data Cloud,2025-08-01,2025-07-01,0013000000KwIqOAAV
1,Success Guides,0013000000GqiHG,Data Cloud,2025-11-01,2025-10-01,0013000000GqiHGAAZ
1,Success Architects,0013000001Fj5pp,Data Cloud,2024-11-01,2024-10-01,0013000001Fj5ppAAB
1,Success Guides,00130000016jl2t,Data Cloud,2025-05-01,2025-04-01,00130000016jl2tAAA
1,Success Guides,00130000007A1iv,Data Cloud,2024-03-01,2024-02-01,00130000007A1ivAAC
1,Success Guides,0013y00001beD75,Data Cloud,2025-04-01,2025-03-01,0013y00001beD75QAE
1,Success Architects,0013000000GqJRh,Data Cloud,2024-11-01,2024-09-01,0013000000GqJRhAAN
1,Success Guides,0013000001LVwlx,Data Cloud,2025-05-01,2025-04-01,0013000001LVwlxAAD
1,Success Architects,0010M00001WOScB,Data Cloud,2025-07-01,2025-06-01,0010M00001WOScBQAX
1,Success Architects,0013y00001cYFys,Data Cloud,2025-08-01,2025-07-01,0013y00001cYFysQAG
1,Success Guides,0013000001CA5A3,Data Cloud,2023-03-01,2023-01-01,0013000001CA5A3AAL
1,Success Guides,0013000000NSpSG,Data Cloud,2025-06-01,2025-05-01,0013000000NSpSGAA1
1,Success Architects,0010M00001QnS1D,Data Cloud,2024-11-01,2024-09-01,0010M00001QnS1DQAV
1,Success Guides,0013000000roCWg,Data Cloud,2024-08-01,2024-06-01,0013000000roCWgAAM
1,Success Architects,0013000000GIhzI,Data Cloud,2025-03-01,2025-02-01,0013000000GIhzIAAT
4,Success Guides,0010M00001SJ7CS,Data Cloud,2025-12-01,2025-12-01,0010M00001SJ7CSQA1
2,Success Guides,0013000000RXVwg,Data Cloud,2025-07-01,2025-07-01,0013000000RXVwgAAH
2,Success Guides,0013000000HIzRy,Data Cloud,2026-01-01,2025-12-01,0013000000HIzRyAAL
1,1:M Content,0010M00001UMcMP,Data Cloud,2025-10-01,2025-10-01,0010M00001UMcMPQA1
1,1:M Content,00100000002CNHA,Data Cloud,2025-05-01,2025-05-01,00100000002CNHAAA4
1,1:M Content,0013y00001g9bVr,Data Cloud,2024-10-01,2024-10-01,0013y00001g9bVrQAI
1,1:M Content,0013000000hMMj4,Data Cloud,2024-03-01,2024-03-01,0013000000hMMj4AAG
1,1:M Content,0013000000ro8zj,Data Cloud,2025-11-01,2025-11-01,0013000000ro8zjAAA
1,1:M Content,0013000000794Fv,Data Cloud,2025-12-01,2025-12-01,0013000000794FvAAI
1,1:M Content,0013000000LBRk4,Data Cloud,2025-11-01,2025-11-01,0013000000LBRk4AAH
1,1:M Content,00100000001X1Of,Data Cloud,2025-03-01,2025-03-01,00100000001X1OfAAK
1,1:M Content,0010M00001Wko63,Data Cloud,2024-11-01,2024-11-01,0010M00001Wko63QAB
1,1:M Content,0013y00001cCgI4,Data Cloud,2025-08-01,2025-08-01,0013y00001cCgI4QAK
1,1:M Content,0010M00001PEoCI,Data Cloud,2025-04-01,2025-03-01,0010M00001PEoCIQA1
1,1:M Content,0010M00001P0HpQ,Data Cloud,2025-10-01,2025-10-01,0010M00001P0HpQQAV
1,1:M Content,00130000007Ela7,Data Cloud,2024-11-01,2024-11-01,00130000007Ela7AAC
1,1:M Content,0013000000ZmE0O,Data Cloud,2025-06-01,2025-06-01,0013000000ZmE0OAAV
1,1:M Content,0013000001CCq4U,Data Cloud,2024-10-01,2024-10-01,0013000001CCq4UAAT
1,1:M Content,0013000001HfHFA,Data Cloud,2025-05-01,2025-05-01,0013000001HfHFAAA3
1,1:M Content,0013y00001crLff,Data Cloud,2024-12-01,2024-12-01,0013y00001crLffQAE
1,1:M Content,0010M00001SIbbJ,Data Cloud,2025-11-01,2025-11-01,0010M00001SIbbJQAT
1,1:M Content,001ed00000OHX0E,Data Cloud,2025-04-01,2025-04-01,001ed00000OHX0EYAX
1,1:M Content,0013y00001fXmPv,Data Cloud,2024-08-01,2024-08-01,0013y00001fXmPvQAK
1,1:M Content,0013000001CA2AM,Data Cloud,2025-06-01,2025-06-01,0013000001CA2AMAA1
1,1:M Content,00130000002xDhH,Data Cloud,2025-10-01,2025-10-01,00130000002xDhHAAU
1,1:M Content,0013y00001etRyA,Data Cloud,2025-09-01,2025-09-01,0013y00001etRyAQAU
1,1:M Content,0013y00001bezS5,Data Cloud,2024-07-01,2024-07-01,0013y00001bezS5QAI
1,1:M Content,0013y00001cfmtO,Data Cloud,2025-12-01,2025-12-01,0013y00001cfmtOQAQ
1,1:M Content,0010M00001QnOqk,Data Cloud,2025-07-01,2025-07-01,0010M00001QnOqkQAF
1,1:M Content,00130000005np5D,Data Cloud,2024-10-01,2024-10-01,00130000005np5DAAQ
1,1:M Content,0013y00001c4eGh,Data Cloud,2025-02-01,2025-02-01,0013y00001c4eGhQAI
1,1:M Content,0013000000ZmWzS,Data Cloud,2025-06-01,2025-06-01,0013000000ZmWzSAAV
1,1:M Content,00100000001eEnz,Data Cloud,2024-08-01,2024-08-01,00100000001eEnzAAE
1,1:M Content,0013000001JyQ50,Data Cloud,2025-12-01,2025-12-01,0013000001JyQ50AAF
1,1:M Content,0010M00001Qm5BC,Data Cloud,2025-02-01,2025-02-01,0010M00001Qm5BCQAZ
1,1:M Content,0013y00001c8NLi,Data Cloud,2025-08-01,2025-08-01,0013y00001c8NLiQAM
1,1:M Content,00130000001Ke72,Data Cloud,2025-03-01,2025-03-01,00130000001Ke72AAC
1,1:M Content,00130000016hZ7X,Data Cloud,2025-12-01,2025-12-01,00130000016hZ7XAAU
1,1:M Content,0013000000Bmz4D,Data Cloud,2025-01-01,2025-01-01,0013000000Bmz4DAAR
1,1:M Content,00130000002xX10,Data Cloud,2025-07-01,2025-07-01,00130000002xX10AAE
1,1:M Content,0013y00001f6Kyd,Data Cloud,2025-12-01,2025-12-01,0013y00001f6KydQAE
3,1:M Content,0013000000M2UOx,Data Cloud,2025-07-01,2025-07-01,0013000000M2UOxAAN
2,1:M Content,0010M00001Sn8x1,Data Cloud,2025-01-01,2025-01-01,0010M00001Sn8x1QAB
2,1:M Content,0013000001MoCqM,Data Cloud,2025-12-01,2025-12-01,0013000001MoCqMAAV
2,1:M Content,0013000001MrUPT,Data Cloud,2024-12-01,2024-12-01,0013000001MrUPTAA3
2,1:M Content,0013000000rqpai,Data Cloud,2025-11-01,2025-11-01,0013000000rqpaiAAA
1,Success Guides,00130000009BMTB,Data Cloud,2025-12-01,2025-12-01,00130000009BMTBAA4
1,Success Guides,00100000001jR5o,Data Cloud,2024-09-01,2024-08-01,00100000001jR5oAAE
1,Success Guides,00100000000Fj9m,Data Cloud,2025-02-01,2025-01-01,00100000000Fj9mAAC
1,Success Architects,0013y00001eEIpo,Data Cloud,2024-06-01,2024-06-01,0013y00001eEIpoQAG
1,Success Architects,0013y00001f60wD,Data Cloud,2024-05-01,2024-03-01,0013y00001f60wDQAQ
1,Success Guides,0010M00001QnqLj,Data Cloud,2025-11-01,2025-11-01,0010M00001QnqLjQAJ
1,Success Guides,0013000001CD0Vk,Data Cloud,2025-10-01,2025-10-01,0013000001CD0VkAAL
1,Success Guides,0013000001GVf2z,Data Cloud,2025-08-01,2025-07-01,0013000001GVf2zAAD
1,Success Guides,0010M00001QaCvc,Data Cloud,2025-08-01,2025-07-01,0010M00001QaCvcQAF
1,Onboarding Specialists,0013000000rqn5T,Data Cloud,2024-04-01,2024-04-01,0013000000rqn5TAAQ
1,Success Guides,0010M00001WJaR7,Data Cloud,2024-05-01,2024-05-01,0010M00001WJaR7QAL
1,Success Guides,001000000011gj9,Data Cloud,2024-05-01,2024-05-01,001000000011gj9AAA
1,Success Guides,0013y00001e5wZu,Data Cloud,2024-07-01,2024-07-01,0013y00001e5wZuQAI
1,Success Guides,00130000005hwVR,Data Cloud,2025-04-01,2025-04-01,00130000005hwVRAAY
1,Success Architects,0013y00001epOxC,Data Cloud,2025-06-01,2025-05-01,0013y00001epOxCQAU
1,Success Guides,0013000000hJddJ,Data Cloud,2025-12-01,2025-12-01,0013000000hJddJAAS
1,Success Guides,0013000000GqJRh,Data Cloud,2024-11-01,2024-11-01,0013000000GqJRhAAN
1,Onboarding Specialists,0013000000RZRw5,Data Cloud,2024-06-01,2024-03-01,0013000000RZRw5AAH
1,Success Guides,0010M00001U9rmo,Data Cloud,2024-08-01,2024-08-01,0010M00001U9rmoQAB
1,Success Guides,00130000002xXzR,Data Cloud,2024-12-01,2024-11-01,00130000002xXzRAAU
1,Success Architects,0013000000GqJRh,Data Cloud,2024-11-01,2024-10-01,0013000000GqJRhAAN
1,Success Architects,00130000002x9J7,Data Cloud,2024-08-01,2024-08-01,00130000002x9J7AAI
1,Success Architects,0010M00001Qlm0n,Data Cloud,2025-07-01,2025-06-01,0010M00001Qlm0nQAB
1,Success Guides,00130000009lkTX,Data Cloud,2025-04-01,2025-03-01,00130000009lkTXAAY
1,Success Architects,0013y00001cbF0C,Data Cloud,2024-10-01,2024-08-01,0013y00001cbF0CQAU
1,Success Guides,0010M00001Smxl3,Data Cloud,2023-06-01,2023-06-01,0010M00001Smxl3QAB
1,Success Guides,0010M00001QmhDj,Data Cloud,2025-07-01,2025-06-01,0010M00001QmhDjQAJ
1,Success Guides,0010M00001YavV3,Data Cloud,2025-09-01,2025-08-01,0010M00001YavV3QAJ
1,Success Architects,00100000000kt36,Data Cloud,2025-05-01,2025-04-01,00100000000kt36AAA
1,Onboarding Specialists,0013000001GW5FF,Data Cloud,2024-06-01,2024-05-01,0013000001GW5FFAA1
1,Success Guides,0013000000Zmgr1,Data Cloud,2025-11-01,2025-11-01,0013000000Zmgr1AAB
1,Success Guides,0013000001FjiSt,Data Cloud,2025-12-01,2025-11-01,0013000001FjiStAAJ
1,Success Architects,0013000000rpkdH,Data Cloud,2025-06-01,2025-05-01,0013000000rpkdHAAQ
2,Success Guides,0013y00001g8gbl,Data Cloud,2025-08-01,2025-08-01,0013y00001g8gblQAA
2,Success Guides,0010M00001Qahqo,Data Cloud,2024-10-01,2024-10-01,0010M00001QahqoQAB
2,Success Guides,00130000002lrAA,Data Cloud,2025-11-01,2025-11-01,00130000002lrAAAAY
3,Success Guides,00130000004vJLW,Data Cloud,2025-12-01,2025-12-01,00130000004vJLWAA2
2,Success Guides,0013000000hMbXo,Data Cloud,2025-11-01,2025-11-01,0013000000hMbXoAAK
2,Success Architects,0013000000M2MYN,Data Cloud,2025-09-01,2025-07-01,0013000000M2MYNAA3
1,1:M Content,001ed000009p86P,Data Cloud,2025-07-01,2025-07-01,001ed000009p86PYAQ
1,1:M Content,001ed00000goW9N,Data Cloud,2025-09-01,2025-09-01,001ed00000goW9NYAU
1,1:M Content,0013000001NXZJC,Data Cloud,2024-07-01,2024-07-01,0013000001NXZJCAA5
1,1:M Content,0013y00001eTzFo,Data Cloud,2025-01-01,2025-01-01,0013y00001eTzFoQAK
1,1:M Content,0013000000NPK0W,Data Cloud,2024-07-01,2024-07-01,0013000000NPK0WAAX
1,1:M Content,0013000001Msju5,Data Cloud,2024-09-01,2024-09-01,0013000001Msju5AAB
1,1:M Content,00130000002oZ1J,Data Cloud,2025-05-01,2025-05-01,00130000002oZ1JAAU
1,1:M Content,0013000001CC0ZY,Data Cloud,2024-08-01,2024-08-01,0013000001CC0ZYAA1
1,1:M Content,001ed00000L8nIt,Data Cloud,2025-08-01,2025-08-01,001ed00000L8nItYAJ
1,1:M Content,0010M00001SIpaw,Data Cloud,2025-07-01,2025-07-01,0010M00001SIpawQAD
1,1:M Content,0013000000NPphY,Data Cloud,2025-07-01,2025-07-01,0013000000NPphYAAT
1,1:M Content,0013000000LBr30,Data Cloud,2024-12-01,2024-12-01,0013000000LBr30AAD
1,1:M Content,0013000001Jyix3,Data Cloud,2024-08-01,2024-08-01,0013000001Jyix3AAB
1,1:M Content,00130000002xEnK,Data Cloud,2025-02-01,2025-02-01,00130000002xEnKAAU
1,1:M Content,00130000003W7Ox,Data Cloud,2025-06-01,2025-06-01,00130000003W7OxAAK
1,1:M Content,0013000001GXX4q,Data Cloud,2025-08-01,2025-08-01,0013000001GXX4qAAH
1,1:M Content,001ed000009HmFx,Data Cloud,2024-11-01,2024-11-01,001ed000009HmFxYAK
1,1:M Content,0013000001Fk9zk,Data Cloud,2025-07-01,2025-07-01,0013000001Fk9zkAAB
1,1:M Content,001ed00000gYTXG,Data Cloud,2025-09-01,2025-09-01,001ed00000gYTXGYA4
1,1:M Content,0013000000NQhgD,Data Cloud,2024-12-01,2024-12-01,0013000000NQhgDAAT
1,1:M Content,0013000001MsGKC,Data Cloud,2025-11-01,2025-11-01,0013000001MsGKCAA3
1,1:M Content,0010M00001NYbU9,Data Cloud,2025-10-01,2025-09-01,0010M00001NYbU9QAL
1,1:M Content,0013000000GtvNh,Data Cloud,2025-05-01,2025-05-01,0013000000GtvNhAAJ
1,1:M Content,0013y00001cmUAY,Data Cloud,2025-07-01,2025-07-01,0013y00001cmUAYQA2
1,1:M Content,0013000001MjTPr,Data Cloud,2025-01-01,2025-01-01,0013000001MjTPrAAN
1,1:M Content,0013y00001cfx5Z,Data Cloud,2024-10-01,2024-10-01,0013y00001cfx5ZQAQ
1,1:M Content,0010M00001P0VnP,Data Cloud,2025-09-01,2025-09-01,0010M00001P0VnPQAV
1,1:M Content,00130000004ESsO,Data Cloud,2025-07-01,2025-07-01,00130000004ESsOAAW
1,1:M Content,0013000000Fcvam,Data Cloud,2024-12-01,2024-12-01,0013000000FcvamAAB
1,1:M Content,00130000016hS8s,Data Cloud,2024-10-01,2024-10-01,00130000016hS8sAAE
1,1:M Content,0013000000hKofn,Data Cloud,2024-07-01,2024-07-01,0013000000hKofnAAC
1,1:M Content,0013000001NXvq2,Data Cloud,2025-03-01,2025-03-01,0013000001NXvq2AAD
1,1:M Content,0010M00001cCXKN,Data Cloud,2024-05-01,2024-05-01,0010M00001cCXKNQA4
1,1:M Content,0013y00001g9kFt,Data Cloud,2024-07-01,2024-07-01,0013y00001g9kFtQAI
1,1:M Content,0013y00001cmQAj,Data Cloud,2025-01-01,2025-01-01,0013y00001cmQAjQAM
1,1:M Content,0013000000Em3QQ,Data Cloud,2024-09-01,2024-09-01,0013000000Em3QQAAZ
1,1:M Content,0010M00001WYuvn,Data Cloud,2024-11-01,2024-11-01,0010M00001WYuvnQAD
1,1:M Content,0013000000IkXLo,Data Cloud,2025-07-01,2025-07-01,0013000000IkXLoAAN
1,1:M Content,0010M00001VMaHq,Data Cloud,2025-05-01,2025-05-01,0010M00001VMaHqQAL
1,1:M Content,0010M00001P0PP0,Data Cloud,2025-07-01,2025-07-01,0010M00001P0PP0QAN
1,1:M Content,0010M00001SIpaw,Data Cloud,2024-11-01,2024-11-01,0010M00001SIpawQAD
1,1:M Content,0013000000NSrEk,Data Cloud,2025-07-01,2025-06-01,0013000000NSrEkAAL
3,1:M Content,0013y00001cHWTm,Data Cloud,2025-12-01,2025-12-01,0013y00001cHWTmQAO
2,1:M Content,001000000027wI3,Data Cloud,2025-03-01,2025-03-01,001000000027wI3AAI
1,Success Guides,0010M00001U9rmo,Data Cloud,2025-02-01,2025-02-01,0010M00001U9rmoQAB
1,Success Guides,0010M00001WkkdI,Data Cloud,2025-07-01,2025-05-01,0010M00001WkkdIQAR
1,Success Guides,00100000002BwYU,Data Cloud,2024-05-01,2024-05-01,00100000002BwYUAA0
1,Success Guides,0013000000rpMST,Data Cloud,2024-10-01,2024-10-01,0013000000rpMSTAA2
1,Success Guides,0013000000DmE7O,Data Cloud,2025-11-01,2025-10-01,0013000000DmE7OAAV
1,Success Guides,0010M00001Qlage,Data Cloud,2023-10-01,2023-09-01,0010M00001QlageQAB
1,Success Guides,0013000000M2jd2,Data Cloud,2025-12-01,2025-12-01,0013000000M2jd2AAB
1,Success Guides,0013y00001cMoST,Data Cloud,2025-12-01,2025-11-01,0013y00001cMoSTQA0
1,Success Guides,0013000000rmrzz,Data Cloud,2024-01-01,2023-12-01,0013000000rmrzzAAA
1,Success Guides,0013000000KaZ48,Data Cloud,2025-06-01,2025-04-01,0013000000KaZ48AAF
1,Success Guides,001ed00000NE9kZ,Data Cloud,2025-12-01,2025-11-01,001ed00000NE9kZYAT
1,Success Guides,00130000016ip17,Data Cloud,2024-06-01,2024-05-01,00130000016ip17AAA
1,Success Guides,00100000001Y46r,Data Cloud,2025-12-01,2025-11-01,00100000001Y46rAAC
1,Success Guides,0010M00001bbxsZ,Data Cloud,2025-09-01,2025-09-01,0010M00001bbxsZQAQ
1,Success Architects,00130000002xYO9,Data Cloud,2025-09-01,2025-07-01,00130000002xYO9AAM
1,Onboarding Specialists,0010M00001MtMLQ,Data Cloud,2025-12-01,2025-12-01,0010M00001MtMLQQA3
1,Success Guides,0013000000hL7m2,Data Cloud,2025-08-01,2025-07-01,0013000000hL7m2AAC
1,Success Guides,00130000001Lhpe,Data Cloud,2024-10-01,2024-10-01,00130000001LhpeAAC
1,Success Guides,0013000001CCGjR,Data Cloud,2024-07-01,2024-07-01,0013000001CCGjRAAX
1,Success Architects,0013000001GXFhT,Data Cloud,2024-05-01,2024-04-01,0013000001GXFhTAAX
1,Success Architects,00100000002CN8M,Data Cloud,2025-03-01,2025-02-01,00100000002CN8MAAW
1,Success Architects,0010000000004QH,Data Cloud,2024-05-01,2024-05-01,0010000000004QHAAY
1,Success Architects,0010M00001UUyu9,Data Cloud,2024-07-01,2024-05-01,0010M00001UUyu9QAD
1,Onboarding Specialists,0013y00001cSUgB,Data Cloud,2025-12-01,2025-12-01,0013y00001cSUgBQAW
1,Success Architects,00100000001U17r,Data Cloud,2025-08-01,2025-07-01,00100000001U17rAAC
1,Success Architects,0013000000NSupc,Data Cloud,2024-12-01,2024-08-01,0013000000NSupcAAD
1,Success Guides,00130000002xS0p,Data Cloud,2025-07-01,2025-06-01,00130000002xS0pAAE
1,Success Guides,0013000001GUdwY,Data Cloud,2025-05-01,2025-05-01,0013000001GUdwYAAT
1,Success Guides,00130000016g5G7,Data Cloud,2024-07-01,2024-06-01,00130000016g5G7AAI
1,Success Guides,0010M00001W7wNU,Data Cloud,2025-04-01,2025-04-01,0010M00001W7wNUQAZ
1,Onboarding Specialists,00100000001DUQr,Data Cloud,2025-01-01,2024-11-01,00100000001DUQrAAO
1,Success Guides,0013y00001h5pBv,Data Cloud,2025-01-01,2024-12-01,0013y00001h5pBvQAI
1,Success Guides,0013000000NRupM,Data Cloud,2025-11-01,2025-10-01,0013000000NRupMAAT
1,Success Guides,0013y00001cSyVh,Data Cloud,2025-09-01,2025-08-01,0013y00001cSyVhQAK
1,Success Architects,0013y00001fSuSm,Data Cloud,2025-02-01,2025-01-01,0013y00001fSuSmQAK
1,Success Guides,00130000001ZklN,Data Cloud,2023-09-01,2023-09-01,00130000001ZklNAAS
1,Onboarding Specialists,0013000000Gu5xR,Data Cloud,2025-08-01,2025-08-01,0013000000Gu5xRAAR
1,Onboarding Specialists,00130000002xRiu,Data Cloud,2025-11-01,2025-10-01,00130000002xRiuAAE
1,Success Guides,0010M00001SeoEr,Data Cloud,2024-10-01,2024-10-01,0010M00001SeoErQAJ
1,Success Guides,00130000000NazM,Data Cloud,2025-08-01,2025-08-01,00130000000NazMAAS
1,Onboarding Specialists,0013000000RXT4B,Data Cloud,2025-12-01,2025-11-01,0013000000RXT4BAAX
2,Success Guides,0013000000Jjbta,Data Cloud,2025-11-01,2025-11-01,0013000000JjbtaAAB
2,Success Guides,0013000000M25YM,Data Cloud,2024-10-01,2024-10-01,0013000000M25YMAAZ
2,Success Guides,0013000000ZlQp1,Data Cloud,2024-07-01,2024-05-01,0013000000ZlQp1AAF
1,1:M Content,0013000001If89g,Data Cloud,2025-05-01,2025-05-01,0013000001If89gAAB
1,1:M Content,0013000000M2M4Z,Data Cloud,2024-10-01,2024-10-01,0013000000M2M4ZAAV
1,1:M Content,0010000000000h9,Data Cloud,2024-07-01,2024-07-01,0010000000000h9AAA
1,1:M Content,0013000001JyIvW,Data Cloud,2025-09-01,2025-09-01,0013000001JyIvWAAV
1,1:M Content,0013000000ZlQp2,Data Cloud,2025-09-01,2025-09-01,0013000000ZlQp2AAF
1,1:M Content,0013000000Li2SI,Data Cloud,2025-04-01,2025-04-01,0013000000Li2SIAAZ
1,1:M Content,001ed0000044Sxv,Data Cloud,2024-11-01,2024-11-01,001ed0000044SxvYAE
1,1:M Content,0013000001L5pBf,Data Cloud,2024-12-01,2024-12-01,0013000001L5pBfAAJ
1,1:M Content,0013y00001cgTLz,Data Cloud,2025-02-01,2025-02-01,0013y00001cgTLzQAM
1,1:M Content,0013000001GXAa5,Data Cloud,2025-06-01,2025-06-01,0013000001GXAa5AAH
1,1:M Content,0010M00001WkMIC,Data Cloud,2025-12-01,2025-12-01,0010M00001WkMICQA3
1,1:M Content,001ed00000QsmGn,Data Cloud,2025-05-01,2025-05-01,001ed00000QsmGnYAJ
1,1:M Content,0013y00001Y0nnM,Data Cloud,2025-06-01,2025-06-01,0013y00001Y0nnMQAR
1,1:M Content,0010M00001JzvBB,Data Cloud,2025-11-01,2025-11-01,0010M00001JzvBBQAZ
1,1:M Content,0013y00001ccHsN,Data Cloud,2025-04-01,2025-04-01,0013y00001ccHsNQAU
1,1:M Content,0013000001Jy00g,Data Cloud,2025-08-01,2025-08-01,0013000001Jy00gAAB
1,1:M Content,00100000000EKru,Data Cloud,2024-05-01,2024-05-01,00100000000EKruAAG
1,1:M Content,0010M00001Qme2r,Data Cloud,2024-08-01,2024-08-01,0010M00001Qme2rQAB
1,1:M Content,00130000000go1o,Data Cloud,2024-10-01,2024-10-01,00130000000go1oAAA
1,1:M Content,0010M00001QkdsO,Data Cloud,2024-10-01,2024-10-01,0010M00001QkdsOQAR
1,1:M Content,0010M00001XxzTT,Data Cloud,2025-02-01,2025-02-01,0010M00001XxzTTQAZ
1,1:M Content,0010M00001cCXNW,Data Cloud,2024-10-01,2024-10-01,0010M00001cCXNWQA4
1,1:M Content,001ed00000ifUqP,Data Cloud,2025-12-01,2025-12-01,001ed00000ifUqPYAU
1,1:M Content,0013000000hJmLw,Data Cloud,2025-07-01,2025-07-01,0013000000hJmLwAAK
1,1:M Content,001000000027UZ7,Data Cloud,2025-04-01,2025-04-01,001000000027UZ7AAM
1,1:M Content,0010M00001Qm6U5,Data Cloud,2025-08-01,2025-08-01,0010M00001Qm6U5QAJ
1,1:M Content,0013y00001cFUpW,Data Cloud,2025-11-01,2025-11-01,0013y00001cFUpWQAW
1,1:M Content,0010M00001P0QFu,Data Cloud,2025-03-01,2025-03-01,0010M00001P0QFuQAN
1,1:M Content,0010M00001QlrS4,Data Cloud,2025-03-01,2025-03-01,0010M00001QlrS4QAJ
1,1:M Content,0010M00001Wa78U,Data Cloud,2024-03-01,2024-03-01,0010M00001Wa78UQAR
1,1:M Content,0010M00001WJFBE,Data Cloud,2025-07-01,2025-07-01,0010M00001WJFBEQA5
1,1:M Content,0013000000ZlQp2,Data Cloud,2025-02-01,2025-02-01,0013000000ZlQp2AAF
1,1:M Content,00100000000EKru,Data Cloud,2025-07-01,2025-07-01,00100000000EKruAAG
1,1:M Content,0013y00001ck1VL,Data Cloud,2025-02-01,2025-02-01,0013y00001ck1VLQAY
1,1:M Content,0013000000KxIpj,Data Cloud,2024-05-01,2024-05-01,0013000000KxIpjAAF
1,1:M Content,001ed00000Yn8Tx,Data Cloud,2025-07-01,2025-07-01,001ed00000Yn8TxYAJ
1,1:M Content,0010M00001Qk1Y1,Data Cloud,2025-01-01,2025-01-01,0010M00001Qk1Y1QAJ
1,1:M Content,0010M00001P0QFu,Data Cloud,2025-05-01,2025-05-01,0010M00001P0QFuQAN
1,1:M Content,0010M00001UM6ur,Data Cloud,2024-02-01,2024-02-01,0010M00001UM6urQAD
1,1:M Content,0013000000JgpmQ,Data Cloud,2025-02-01,2025-02-01,0013000000JgpmQAAR
1,1:M Content,0013000000GpvVk,Data Cloud,2025-06-01,2025-06-01,0013000000GpvVkAAJ
1,1:M Content,001ed00000VrBUv,Data Cloud,2025-06-01,2025-06-01,001ed00000VrBUvYAN
1,1:M Content,0013y00001d9NIZ,Data Cloud,2025-10-01,2025-10-01,0013y00001d9NIZQA2
1,1:M Content,0013000000RaGMJ,Data Cloud,2024-03-01,2024-03-01,0013000000RaGMJAA3
1,1:M Content,0010M00001XyAva,Data Cloud,2025-05-01,2025-05-01,0010M00001XyAvaQAF
1,1:M Content,0013000000ZlsnC,Data Cloud,2025-11-01,2025-11-01,0013000000ZlsnCAAR
1,1:M Content,00130000016gV07,Data Cloud,2024-12-01,2024-12-01,00130000016gV07AAE
2,1:M Content,0013000000M2MYN,Data Cloud,2025-12-01,2025-12-01,0013000000M2MYNAA3
3,1:M Content,0013000001L62wY,Data Cloud,2025-11-01,2025-11-01,0013000001L62wYAAR
2,1:M Content,0013000000Ziqmj,Data Cloud,2025-11-01,2025-11-01,0013000000ZiqmjAAB
2,1:M Content,0010M00001XyAva,Data Cloud,2025-07-01,2025-07-01,0010M00001XyAvaQAF
3,1:M Content,0013000000HFbxu,Data Cloud,2025-03-01,2025-03-01,0013000000HFbxuAAD
2,1:M Content,0013000000NPxVN,Data Cloud,2025-07-01,2025-07-01,0013000000NPxVNAA1
3,1:M Content,00130000002xU2x,Data Cloud,2025-02-01,2025-02-01,00130000002xU2xAAE
1,Success Guides,00130000007UoeX,Data Cloud,2023-11-01,2023-10-01,00130000007UoeXAAS
1,Onboarding Specialists,0013000001GF5WO,Data Cloud,2024-05-01,2024-01-01,0013000001GF5WOAA1
1,Success Guides,0010M00001QmIzy,Data Cloud,2024-11-01,2024-10-01,0010M00001QmIzyQAF
1,Success Guides,0010M00001Y5R0d,Data Cloud,2025-09-01,2025-09-01,0010M00001Y5R0dQAF
1,Success Guides,0010M00001QaDuD,Data Cloud,2025-10-01,2025-10-01,0010M00001QaDuDQAV
1,Success Architects,0013000000HF54f,Data Cloud,2024-08-01,2024-08-01,0013000000HF54fAAD
1,Success Guides,0013000000ZkheC,Data Cloud,2025-12-01,2025-11-01,0013000000ZkheCAAR
1,Success Guides,00130000004IFiW,Data Cloud,2025-12-01,2025-11-01,00130000004IFiWAAW
1,Success Architects,0013000001NXjsO,Data Cloud,2024-03-01,2024-01-01,0013000001NXjsOAAT
1,Success Guides,00130000000mHiq,Data Cloud,2024-11-01,2024-11-01,00130000000mHiqAAE
1,Onboarding Specialists,0013000000HI3f9,Data Cloud,2024-01-01,2024-01-01,0013000000HI3f9AAD
1,Success Architects,00130000000hEOK,Data Cloud,2024-07-01,2024-06-01,00130000000hEOKAA2
1,Success Guides,00130000016iy4M,Data Cloud,2025-11-01,2025-10-01,00130000016iy4MAAQ
1,Success Guides,0013000001GEHMh,Data Cloud,2025-12-01,2025-12-01,0013000001GEHMhAAP
1,Success Guides,0013y00001cFxlo,Data Cloud,2025-08-01,2025-07-01,0013y00001cFxloQAC
1,Success Architects,00130000004mdMn,Data Cloud,2025-07-01,2025-06-01,00130000004mdMnAAI
1,Onboarding Specialists,0013000001C9yHq,Data Cloud,2024-02-01,2024-02-01,0013000001C9yHqAAJ
1,Onboarding Specialists,001ed00000Lj4OL,Data Cloud,2025-04-01,2025-03-01,001ed00000Lj4OLYAZ
1,Success Guides,0010M00001S9G5F,Data Cloud,2025-06-01,2025-06-01,0010M00001S9G5FQAV
1,Onboarding Specialists,00130000002xHpj,Data Cloud,2025-08-01,2025-07-01,00130000002xHpjAAE
1,Success Architects,0013y00001fSvHk,Data Cloud,2025-04-01,2025-04-01,0013y00001fSvHkQAK
1,Onboarding Specialists,0013y00001eEmAP,Data Cloud,2024-06-01,2024-03-01,0013y00001eEmAPQA0
1,Success Guides,0013000001KzEVs,Data Cloud,2024-10-01,2024-10-01,0013000001KzEVsAAN
1,Success Guides,001000000027vN5,Data Cloud,2024-07-01,2024-06-01,001000000027vN5AAI
1,Onboarding Specialists,0010M00001QqndU,Data Cloud,2024-02-01,2024-01-01,0010M00001QqndUQAR
1,Success Guides,00130000008ea6b,Data Cloud,2025-05-01,2025-04-01,00130000008ea6bAAA
1,Onboarding Specialists,0013000000CrNYV,Data Cloud,2025-06-01,2025-06-01,0013000000CrNYVAA3
1,Success Guides,0013000001Mj6G9,Data Cloud,2024-02-01,2024-01-01,0013000001Mj6G9AAJ
1,Success Guides,00130000001xWXP,Data Cloud,2024-11-01,2024-10-01,00130000001xWXPAA2
1,Success Guides,0010M00001Qaco9,Data Cloud,2024-03-01,2024-03-01,0010M00001Qaco9QAB
1,Success Guides,0013000000I4uri,Data Cloud,2025-12-01,2025-11-01,0013000000I4uriAAB
1,Success Guides,0010M00001QaUk7,Data Cloud,2024-11-01,2024-11-01,0010M00001QaUk7QAF
1,Success Guides,0013000000LDp2h,Data Cloud,2023-01-01,2022-12-01,0013000000LDp2hAAD
1,Success Architects,0013000000M2LyG,Data Cloud,2024-05-01,2024-03-01,0013000000M2LyGAAV
1,Success Guides,0013000000M2OhC,Data Cloud,2024-08-01,2024-07-01,0013000000M2OhCAAV
1,Success Guides,0013000001C9uLj,Data Cloud,2024-02-01,2024-01-01,0013000001C9uLjAAJ
1,Onboarding Specialists,00130000004FlW0,Data Cloud,2024-10-01,2024-08-01,00130000004FlW0AAK
1,Onboarding Specialists,0013y00001g8A5j,Data Cloud,2025-07-01,2025-07-01,0013y00001g8A5jQAE
1,Success Guides,001000000027wFN,Data Cloud,2025-11-01,2025-10-01,001000000027wFNAAY
39,Success Architects,,Data Cloud,2025-12-01,2025-10-01
2,Success Guides,00130000004J9cx,Data Cloud,2025-06-01,2025-06-01,00130000004J9cxAAC
2,Success Architects,0013y00001dKgj3,Data Cloud,2025-03-01,2025-02-01,0013y00001dKgj3QAC
2,Success Guides,0013y00001Z1Apj,Data Cloud,2024-10-01,2024-10-01,0013y00001Z1ApjQAF
2,Success Guides,0013y00001d7RsU,Data Cloud,2025-09-01,2025-09-01,0013y00001d7RsUQAU
2,Onboarding Specialists,0010M00001SHZkE,Data Cloud,2025-02-01,2025-02-01,0010M00001SHZkEQAX
1,1:M Content,0013y00001crf0n,Data Cloud,2025-07-01,2025-06-01,0013y00001crf0nQAA
1,1:M Content,0010M00001SegLt,Data Cloud,2025-09-01,2025-09-01,0010M00001SegLtQAJ
1,1:M Content,0013000000rpMsv,Data Cloud,2025-07-01,2025-07-01,0013000000rpMsvAAE
1,1:M Content,0013000001GVg6C,Data Cloud,2025-07-01,2025-07-01,0013000001GVg6CAAT
1,1:M Content,0013000000hJOi1,Data Cloud,2025-12-01,2025-12-01,0013000000hJOi1AAG
1,1:M Content,001ed000005fNPB,Data Cloud,2024-10-01,2024-10-01,001ed000005fNPBYA2
1,1:M Content,0010M00001QmP7J,Data Cloud,2025-03-01,2025-03-01,0010M00001QmP7JQAV
1,1:M Content,0013000000NRDv9,Data Cloud,2025-02-01,2025-02-01,0013000000NRDv9AAH
1,1:M Content,001ed00000EF8y7,Data Cloud,2025-09-01,2025-09-01,001ed00000EF8y7YAD
1,1:M Content,0013000000RXl5Q,Data Cloud,2025-09-01,2025-09-01,0013000000RXl5QAAT
1,1:M Content,00130000001kIa3,Data Cloud,2025-05-01,2025-05-01,00130000001kIa3AAE
1,1:M Content,0013000001GX8JM,Data Cloud,2025-11-01,2025-11-01,0013000001GX8JMAA1
1,1:M Content,00130000016g1Zx,Data Cloud,2025-10-01,2025-10-01,00130000016g1ZxAAI
1,1:M Content,001ed00000ZNlZz,Data Cloud,2025-07-01,2025-07-01,001ed00000ZNlZzYAL
1,1:M Content,0013y00001gFG0R,Data Cloud,2024-08-01,2024-08-01,0013y00001gFG0RQAW
1,1:M Content,0013y00001c4cvK,Data Cloud,2024-07-01,2024-07-01,0013y00001c4cvKQAQ
1,1:M Content,00100000001L5zm,Data Cloud,2025-12-01,2025-12-01,00100000001L5zmAAC
1,1:M Content,001ed000009zng9,Data Cloud,2025-10-01,2025-10-01,001ed000009zng9YAA
1,1:M Content,0010M00001W81ZJ,Data Cloud,2024-12-01,2024-12-01,0010M00001W81ZJQAZ
1,1:M Content,0013000000RXXIf,Data Cloud,2025-10-01,2025-10-01,0013000000RXXIfAAP
1,1:M Content,00130000002xRpD,Data Cloud,2025-12-01,2025-12-01,00130000002xRpDAAU
1,1:M Content,0013000001J606S,Data Cloud,2025-10-01,2025-10-01,0013000001J606SAAR
1,1:M Content,0013000001GY1ah,Data Cloud,2025-05-01,2025-05-01,0013000001GY1ahAAD
1,1:M Content,0013000001MjTPr,Data Cloud,2025-10-01,2025-10-01,0013000001MjTPrAAN
1,1:M Content,0010M00001YuJaR,Data Cloud,2025-05-01,2025-05-01,0010M00001YuJaRQAV
1,1:M Content,0013000000Exf8f,Data Cloud,2024-05-01,2024-05-01,0013000000Exf8fAAB
1,1:M Content,0013000000hJbod,Data Cloud,2025-12-01,2025-12-01,0013000000hJbodAAC
1,1:M Content,00130000003V1SH,Data Cloud,2025-06-01,2025-06-01,00130000003V1SHAA0
1,1:M Content,0013y00001g9SHv,Data Cloud,2024-06-01,2024-06-01,0013y00001g9SHvQAM
1,1:M Content,0013y00001fohMu,Data Cloud,2025-06-01,2025-06-01,0013y00001fohMuQAI
1,1:M Content,0013000000RZUpA,Data Cloud,2024-06-01,2024-06-01,0013000000RZUpAAAX
1,1:M Content,0010M00001WkVu2,Data Cloud,2025-06-01,2025-06-01,0010M00001WkVu2QAF
1,1:M Content,0013y00001esljA,Data Cloud,2024-11-01,2024-11-01,0013y00001esljAQAQ
1,1:M Content,0013000000GIhzI,Data Cloud,2025-12-01,2025-12-01,0013000000GIhzIAAT
1,1:M Content,0010M00001Jzvgi,Data Cloud,2025-11-01,2025-11-01,0010M00001JzvgiQAB
1,1:M Content,0013y00001grsw1,Data Cloud,2025-02-01,2025-02-01,0013y00001grsw1QAA
1,1:M Content,0010M00001WJTMg,Data Cloud,2025-09-01,2025-09-01,0010M00001WJTMgQAP
1,1:M Content,0013000000M1seT,Data Cloud,2025-06-01,2025-06-01,0013000000M1seTAAR
1,1:M Content,0013000000NRJqP,Data Cloud,2025-10-01,2025-10-01,0013000000NRJqPAAX
1,1:M Content,0010M00001Sq30P,Data Cloud,2025-03-01,2025-03-01,0010M00001Sq30PQAR
1,1:M Content,00130000016jeiN,Data Cloud,2025-07-01,2025-07-01,00130000016jeiNAAQ
1,1:M Content,0013000000hMMj4,Data Cloud,2024-02-01,2024-02-01,0013000000hMMj4AAG
1,1:M Content,00130000000Fr3e,Data Cloud,2025-01-01,2025-01-01,00130000000Fr3eAAC
1,1:M Content,0013y00001c4fAa,Data Cloud,2025-01-01,2025-01-01,0013y00001c4fAaQAI
3,1:M Content,0013000000CrNYV,Data Cloud,2025-07-01,2025-07-01,0013000000CrNYVAA3
3,1:M Content,0013000000CrNYV,Data Cloud,2025-08-01,2025-08-01,0013000000CrNYVAA3
3,1:M Content,0013000001CAeJ9,Data Cloud,2025-12-01,2025-12-01,0013000001CAeJ9AAL
2,1:M Content,00130000016j5bj,Data Cloud,2024-08-01,2024-08-01,00130000016j5bjAAA
2,1:M Content,0013000000Ra75U,Data Cloud,2025-02-01,2025-02-01,0013000000Ra75UAAR
2,1:M Content,0010M00001NYZIo,Data Cloud,2025-11-01,2025-11-01,0010M00001NYZIoQAP
1,Success Guides,001ed00000LQx6q,Data Cloud,2025-12-01,2025-10-01,001ed00000LQx6qYAD
1,Success Guides,0010M00001WZmx6,Data Cloud,2025-05-01,2025-05-01,0010M00001WZmx6QAD
1,Success Guides,0013y00001d7ycj,Data Cloud,2025-06-01,2025-04-01,0013y00001d7ycjQAA
1,Success Guides,0010M00001QaTHJ,Data Cloud,2024-07-01,2024-06-01,0010M00001QaTHJQA3
1,Success Architects,0013000000M2sOc,Data Cloud,2024-10-01,2024-08-01,0013000000M2sOcAAJ
1,Success Architects,0013y00001besY5,Data Cloud,2025-05-01,2025-03-01,0013y00001besY5QAI
1,Success Architects,0013y00001car1c,Data Cloud,2024-09-01,2024-08-01,0013y00001car1cQAA
1,Success Guides,0010M00001U1b4i,Data Cloud,2025-02-01,2025-02-01,0010M00001U1b4iQAB
1,Success Guides,0013y00001fOCer,Data Cloud,2024-11-01,2024-11-01,0013y00001fOCerQAG
1,Success Guides,0010M00001WOTZS,Data Cloud,2023-06-01,2023-06-01,0010M00001WOTZSQA5
1,Success Guides,0013000000roQBK,Data Cloud,2025-10-01,2025-10-01,0013000000roQBKAA2
1,Success Architects,00130000016jgHq,Data Cloud,2025-02-01,2024-12-01,00130000016jgHqAAI
1,Success Guides,00130000002xcAY,Data Cloud,2024-06-01,2024-06-01,00130000002xcAYAAY
1,Onboarding Specialists,0013000001GYSWa,Data Cloud,2024-04-01,2024-04-01,0013000001GYSWaAAP
1,Success Guides,0010M00001PEmCB,Data Cloud,2024-09-01,2024-09-01,0010M00001PEmCBQA1
1,Onboarding Specialists,0013y00001ck4vg,Data Cloud,2025-10-01,2025-10-01,0013y00001ck4vgQAA
1,Success Guides,00130000000Fr3e,Data Cloud,2025-10-01,2025-09-01,00130000000Fr3eAAC
1,Onboarding Specialists,0010M00001NYsYF,Data Cloud,2024-11-01,2024-10-01,0010M00001NYsYFQA1
1,Onboarding Specialists,0013y00001Y0Org,Data Cloud,2025-06-01,2025-05-01,0013y00001Y0OrgQAF
1,Success Architects,0013000000ZmLeJ,Data Cloud,2024-09-01,2024-07-01,0013000000ZmLeJAAV
1,Success Architects,0013y00001f94cl,Data Cloud,2025-01-01,2024-12-01,0013y00001f94clQAA
1,Success Guides,00130000002isqD,Data Cloud,2024-03-01,2024-02-01,00130000002isqDAAQ
1,Success Guides,0013000000NPEtp,Data Cloud,2025-04-01,2025-04-01,0013000000NPEtpAAH
1,Onboarding Specialists,0013y00001Y0SRJ,Data Cloud,2025-10-01,2025-10-01,0013y00001Y0SRJQA3
1,Success Architects,00130000002xcJa,Data Cloud,2025-05-01,2025-04-01,00130000002xcJaAAI
1,Success Architects,00100000000y4SW,Data Cloud,2025-05-01,2025-04-01,00100000000y4SWAAY
1,Success Guides,00130000016g0DU,Data Cloud,2024-09-01,2024-07-01,00130000016g0DUAAY
1,Success Guides,0013000001Mo0pJ,Data Cloud,2024-05-01,2024-04-01,0013000001Mo0pJAAR
1,Success Guides,00130000001wk4n,Data Cloud,2024-09-01,2024-08-01,00130000001wk4nAAA
1,Success Guides,0013000000rntc5,Data Cloud,2024-03-01,2024-03-01,0013000000rntc5AAA
1,Success Architects,0013000001Jd9ZO,Data Cloud,2025-03-01,2025-02-01,0013000001Jd9ZOAAZ
1,Success Guides,0013000000ZmAel,Data Cloud,2025-11-01,2025-10-01,0013000000ZmAelAAF
1,Success Guides,0013y00001bf4XU,Data Cloud,2025-11-01,2025-10-01,0013y00001bf4XUQAY
1,Success Guides,0013000000M1oQ9,Data Cloud,2025-12-01,2025-11-01,0013000000M1oQ9AAJ
1,Success Guides,0013000000M1ZQb,Data Cloud,2025-11-01,2025-11-01,0013000000M1ZQbAAN
1,Success Architects,0013y00001epNaN,Data Cloud,2025-06-01,2025-04-01,0013y00001epNaNQAU
1,Success Guides,00130000016j06t,Data Cloud,2023-05-01,2023-04-01,00130000016j06tAAA
1,Success Guides,0013000001JcLNW,Data Cloud,2025-04-01,2025-04-01,0013000001JcLNWAA3
1,Success Guides,0013000000E22lb,Data Cloud,2024-09-01,2024-09-01,0013000000E22lbAAB
41,Success Architects,,Data Cloud,2025-12-01,2025-11-01
21,Success Architects,,Data Cloud,2025-10-01,2025-10-01
7,Success Architects,,Data Cloud,2025-09-01,2025-07-01
2,Success Guides,0013000001L646U,Data Cloud,2025-01-01,2025-01-01,0013000001L646UAAR
2,Success Guides,0013000001CCB8L,Data Cloud,2025-10-01,2025-09-01,0013000001CCB8LAAX
2,Success Architects,00130000001S780,Data Cloud,2024-12-01,2024-12-01,00130000001S780AAC
1,1:M Content,0013y00001c6FTQ,Data Cloud,2024-11-01,2024-11-01,0013y00001c6FTQQA2
1,1:M Content,0010M00001Z0JmR,Data Cloud,2024-02-01,2024-02-01,0010M00001Z0JmRQAV
1,1:M Content,00130000016iOdF,Data Cloud,2025-11-01,2025-11-01,00130000016iOdFAAU
1,1:M Content,001ed00000F8NtK,Data Cloud,2025-11-01,2025-11-01,001ed00000F8NtKYAV
1,1:M Content,0013000001CCcas,Data Cloud,2024-10-01,2024-10-01,0013000001CCcasAAD
1,1:M Content,0013000000M2Mpp,Data Cloud,2025-10-01,2025-10-01,0013000000M2MppAAF
1,1:M Content,0010M00001NYS4h,Data Cloud,2025-05-01,2025-05-01,0010M00001NYS4hQAH
1,1:M Content,0013y00001cNQqd,Data Cloud,2025-09-01,2025-09-01,0013y00001cNQqdQAG
1,1:M Content,0013000000hMZos,Data Cloud,2024-06-01,2024-06-01,0013000000hMZosAAG
1,1:M Content,00130000002xBoL,Data Cloud,2025-12-01,2025-12-01,00130000002xBoLAAU
1,1:M Content,0013y00001cmX9s,Data Cloud,2025-07-01,2025-07-01,0013y00001cmX9sQAE
1,1:M Content,0013y00001cSRkv,Data Cloud,2025-05-01,2025-05-01,0013y00001cSRkvQAG
1,1:M Content,0010M00001Sq0KG,Data Cloud,2025-04-01,2025-04-01,0010M00001Sq0KGQAZ
1,1:M Content,00100000001L60P,Data Cloud,2024-05-01,2024-05-01,00100000001L60PAAS
1,1:M Content,0013000001MsAFj,Data Cloud,2025-08-01,2025-08-01,0013000001MsAFjAAN
1,1:M Content,0013000001J7tjF,Data Cloud,2025-10-01,2025-10-01,0013000001J7tjFAAR
1,1:M Content,00100000002IkOz,Data Cloud,2025-10-01,2025-10-01,00100000002IkOzAAK
1,1:M Content,0010M00001UMgoI,Data Cloud,2025-08-01,2025-08-01,0010M00001UMgoIQAT
1,1:M Content,00130000000rUlV,Data Cloud,2024-10-01,2024-10-01,00130000000rUlVAAU
1,1:M Content,0010M00001SJJSM,Data Cloud,2025-12-01,2025-12-01,0010M00001SJJSMQA5
1,1:M Content,001ed00000WSZus,Data Cloud,2025-07-01,2025-07-01,001ed00000WSZusYAH
1,1:M Content,001ed00000NzL5W,Data Cloud,2025-04-01,2025-04-01,001ed00000NzL5WYAV
1,1:M Content,0013000001CBMml,Data Cloud,2024-10-01,2024-10-01,0013000001CBMmlAAH
1,1:M Content,0013000000M0lvH,Data Cloud,2025-04-01,2025-04-01,0013000000M0lvHAAR
1,1:M Content,0013000000ELvwt,Data Cloud,2024-08-01,2024-07-01,0013000000ELvwtAAD
1,1:M Content,001ed00000HZS1F,Data Cloud,2025-02-01,2025-02-01,001ed00000HZS1FYAX
1,1:M Content,0013000000M1aay,Data Cloud,2025-07-01,2025-07-01,0013000000M1aayAAB
1,1:M Content,0013000000rqpm5,Data Cloud,2024-06-01,2024-06-01,0013000000rqpm5AAA
1,1:M Content,0013y00001cmUAY,Data Cloud,2025-10-01,2025-10-01,0013y00001cmUAYQA2
1,1:M Content,0013000001NWmJD,Data Cloud,2024-11-01,2024-11-01,0013000001NWmJDAA1
1,1:M Content,0013000000ImKKr,Data Cloud,2025-11-01,2025-11-01,0013000000ImKKrAAN
1,1:M Content,0013000000HHa8y,Data Cloud,2025-02-01,2025-02-01,0013000000HHa8yAAD
1,1:M Content,00130000000dTmq,Data Cloud,2024-04-01,2024-04-01,00130000000dTmqAAE
1,1:M Content,0013y00001hE8gA,Data Cloud,2024-08-01,2024-08-01,0013y00001hE8gAQAS
1,1:M Content,0013y00001fcZy9,Data Cloud,2024-08-01,2024-07-01,0013y00001fcZy9QAE
1,1:M Content,001ed000003iiel,Data Cloud,2025-01-01,2025-01-01,001ed000003iielYAA
1,1:M Content,0010M00001QkrMt,Data Cloud,2025-10-01,2025-10-01,0010M00001QkrMtQAJ
1,1:M Content,0013000000NOxGN,Data Cloud,2025-11-01,2025-11-01,0013000000NOxGNAA1
1,1:M Content,0013000000AbQ9B,Data Cloud,2025-06-01,2025-06-01,0013000000AbQ9BAAV
1,1:M Content,0013y00001gDYU5,Data Cloud,2025-08-01,2025-08-01,0013y00001gDYU5QAO
1,1:M Content,001ed00000ePjnh,Data Cloud,2025-12-01,2025-12-01,001ed00000ePjnhYAC
1,1:M Content,0013000000ZlQpU,Data Cloud,2025-08-01,2025-08-01,0013000000ZlQpUAAV
1,1:M Content,00130000016iTFE,Data Cloud,2025-09-01,2025-09-01,00130000016iTFEAA2
3,1:M Content,001000000027wFN,Data Cloud,2025-12-01,2025-12-01,001000000027wFNAAY
2,1:M Content,00130000001S780,Data Cloud,2025-04-01,2025-04-01,00130000001S780AAC
2,1:M Content,0010M00001W7hvQ,Data Cloud,2025-07-01,2025-07-01,0010M00001W7hvQQAR
3,1:M Content,00100000001Z2HV,Data Cloud,2025-10-01,2025-10-01,00100000001Z2HVAA0
3,1:M Content,0010000000063F0,Data Cloud,2025-11-01,2025-11-01,0010000000063F0AAI
2,1:M Content,0010M00001Sq0KG,Data Cloud,2024-11-01,2024-11-01,0010M00001Sq0KGQAZ
2,1:M Content,0010M00001XyAva,Data Cloud,2025-04-01,2025-04-01,0010M00001XyAvaQAF
1,Success Guides,0013000000rnIFa,Data Cloud,2024-07-01,2024-05-01,0013000000rnIFaAAM
1,Success Guides,00130000016jlbA,Data Cloud,2025-02-01,2025-01-01,00130000016jlbAAAQ
1,Success Guides,0013000000RZCav,Data Cloud,2025-12-01,2025-11-01,0013000000RZCavAAH
1,Success Guides,0013000000NPEtp,Data Cloud,2025-01-01,2025-01-01,0013000000NPEtpAAH
1,Success Guides,0013y00001dNAvM,Data Cloud,2025-11-01,2025-11-01,0013y00001dNAvMQAW
1,Success Guides,00130000002xUrL,Data Cloud,2024-10-01,2024-09-01,00130000002xUrLAAU
1,Success Architects,00100000001hgGw,Data Cloud,2025-07-01,2025-06-01,00100000001hgGwAAI
1,Success Architects,0013000000NPxVN,Data Cloud,2025-05-01,2025-04-01,0013000000NPxVNAA1
1,Onboarding Specialists,0010M00001UEVm4,Data Cloud,2023-11-01,2023-09-01,0010M00001UEVm4QAH
1,Success Guides,0010M00001WIEis,Data Cloud,2024-08-01,2024-08-01,0010M00001WIEisQAH
1,Onboarding Specialists,0013000000RX4aH,Data Cloud,2024-03-01,2024-01-01,0013000000RX4aHAAT
1,Success Architects,00100000001L5zm,Data Cloud,2024-03-01,2023-12-01,00100000001L5zmAAC
1,Success Guides,0013000000RX4aH,Data Cloud,2024-10-01,2024-09-01,0013000000RX4aHAAT
1,Success Guides,0010M00001P0Vy8,Data Cloud,2025-10-01,2025-10-01,0010M00001P0Vy8QAF
1,Success Guides,0010M00001WIUmL,Data Cloud,2023-11-01,2023-10-01,0010M00001WIUmLQAX
1,Success Guides,0013000000M2GwK,Data Cloud,2024-02-01,2024-02-01,0013000000M2GwKAAV
1,Success Architects,00130000009hFp5,Data Cloud,2024-05-01,2024-04-01,00130000009hFp5AAE
1,Success Guides,0013000000DmE7O,Data Cloud,2025-02-01,2025-01-01,0013000000DmE7OAAV
1,Success Guides,0013000001JzLy2,Data Cloud,2025-03-01,2025-02-01,0013000001JzLy2AAF
1,Success Guides,0010M00001Qlu45,Data Cloud,2025-11-01,2025-11-01,0010M00001Qlu45QAB
1,Success Guides,0013000001MsVRH,Data Cloud,2024-07-01,2024-06-01,0013000001MsVRHAA3
1,Success Guides,001ed00000ZO8y0,Data Cloud,2025-11-01,2025-11-01,001ed00000ZO8y0YAD
1,Onboarding Specialists,0010M00001Xxib4,Data Cloud,2025-08-01,2025-05-01,0010M00001Xxib4QAB
1,Success Guides,0013y00001bezU1,Data Cloud,2025-10-01,2025-09-01,0013y00001bezU1QAI
1,Success Architects,0013000000ZmQlH,Data Cloud,2024-07-01,2024-05-01,0013000000ZmQlHAAV
1,Onboarding Specialists,0013y00001d0h6R,Data Cloud,2025-11-01,2025-10-01,0013y00001d0h6RQAQ
1,Success Architects,0013y00001cShv1,Data Cloud,2025-01-01,2024-12-01,0013y00001cShv1QAC
1,Success Guides,0013000001LV46L,Data Cloud,2025-02-01,2025-01-01,0013000001LV46LAAT
1,Onboarding Specialists,0013000000ZmRXE,Data Cloud,2025-02-01,2025-01-01,0013000000ZmRXEAA3
1,Success Guides,00130000006vKKB,Data Cloud,2025-10-01,2025-10-01,00130000006vKKBAA2
1,Success Architects,0013y00001d70mB,Data Cloud,2025-09-01,2025-07-01,0013y00001d70mBQAQ
1,Success Architects,00130000001S780,Data Cloud,2025-03-01,2025-01-01,00130000001S780AAC
1,Success Architects,0013000000M1dxK,Data Cloud,2025-09-01,2025-07-01,0013000000M1dxKAAR
1,Success Guides,001ed00000LjGMH,Data Cloud,2025-10-01,2025-09-01,001ed00000LjGMHYA3
1,Onboarding Specialists,0010M00001YbM34,Data Cloud,2025-05-01,2025-03-01,0010M00001YbM34QAF
1,Success Architects,00130000002xabo,Data Cloud,2024-10-01,2024-08-01,00130000002xaboAAA
3,Success Guides,00130000002xRi9,Data Cloud,2024-10-01,2024-10-01,00130000002xRi9AAE
1,1:M Content,0013y00001gnKqB,Data Cloud,2025-04-01,2025-04-01,0013y00001gnKqBQAU
1,1:M Content,001ed000009B0lx,Data Cloud,2025-06-01,2025-06-01,001ed000009B0lxYAC
1,1:M Content,0013000000ZkDDu,Data Cloud,2024-07-01,2024-07-01,0013000000ZkDDuAAN
1,1:M Content,00130000003Nevx,Data Cloud,2025-09-01,2025-09-01,00130000003NevxAAC
1,1:M Content,0010M00001S9PxV,Data Cloud,2025-08-01,2025-08-01,0010M00001S9PxVQAV
1,1:M Content,00130000016jgHq,Data Cloud,2025-07-01,2025-07-01,00130000016jgHqAAI
1,1:M Content,0013000000JaMmg,Data Cloud,2025-03-01,2025-03-01,0013000000JaMmgAAF
1,1:M Content,0013000000ZlQpU,Data Cloud,2025-09-01,2025-09-01,0013000000ZlQpUAAV
1,1:M Content,0013000000Zl6JG,Data Cloud,2025-09-01,2025-09-01,0013000000Zl6JGAAZ
1,1:M Content,0013y00001ck4HE,Data Cloud,2024-03-01,2024-03-01,0013y00001ck4HEQAY
1,1:M Content,001ed00000n1Hvc,Data Cloud,2025-11-01,2025-11-01,001ed00000n1HvcYAE
1,1:M Content,00130000005cQyv,Data Cloud,2024-02-01,2024-02-01,00130000005cQyvAAE
1,1:M Content,00100000000leZj,Data Cloud,2024-12-01,2024-12-01,00100000000leZjAAI
1,1:M Content,0013000001GHjIs,Data Cloud,2025-08-01,2025-08-01,0013000001GHjIsAAL
1,1:M Content,0013000000M2NHn,Data Cloud,2025-03-01,2025-03-01,0013000000M2NHnAAN
1,1:M Content,0013000000ZkAph,Data Cloud,2025-10-01,2025-10-01,0013000000ZkAphAAF
1,1:M Content,0013y00001dKwvj,Data Cloud,2024-09-01,2024-09-01,0013y00001dKwvjQAC
1,1:M Content,0013y00001g9GQ6,Data Cloud,2024-05-01,2024-05-01,0013y00001g9GQ6QAM
1,1:M Content,0013y00001Xz3m9,Data Cloud,2025-02-01,2025-02-01,0013y00001Xz3m9QAB
1,1:M Content,0013y00001hE9ej,Data Cloud,2024-10-01,2024-09-01,0013y00001hE9ejQAC
1,1:M Content,0013000000ZmizK,Data Cloud,2025-03-01,2025-03-01,0013000000ZmizKAAR
1,1:M Content,0013000000KtPsS,Data Cloud,2025-08-01,2025-08-01,0013000000KtPsSAAV
1,1:M Content,0013000000JzTTf,Data Cloud,2025-08-01,2025-08-01,0013000000JzTTfAAN
1,1:M Content,0013000000rqQ4F,Data Cloud,2024-04-01,2024-04-01,0013000000rqQ4FAAU
1,1:M Content,0010M00001WJdru,Data Cloud,2025-10-01,2025-09-01,0010M00001WJdruQAD
1,1:M Content,0013000001J4lme,Data Cloud,2025-08-01,2025-08-01,0013000001J4lmeAAB
1,1:M Content,0013y00001Xz3m9,Data Cloud,2025-12-01,2025-12-01,0013y00001Xz3m9QAB
1,1:M Content,00130000016iBRl,Data Cloud,2025-05-01,2025-05-01,00130000016iBRlAAM
1,1:M Content,0013000000RWxyb,Data Cloud,2024-12-01,2024-12-01,0013000000RWxybAAD
1,1:M Content,0013000000RXdRy,Data Cloud,2024-06-01,2024-06-01,0013000000RXdRyAAL
1,1:M Content,0013y00001cgKxk,Data Cloud,2025-03-01,2025-03-01,0013y00001cgKxkQAE
1,1:M Content,00130000002UYXf,Data Cloud,2024-09-01,2024-09-01,00130000002UYXfAAO
1,1:M Content,0013y00001gmktW,Data Cloud,2024-05-01,2024-05-01,0013y00001gmktWQAQ
1,1:M Content,0010M00001WY8ll,Data Cloud,2025-08-01,2025-08-01,0010M00001WY8llQAD
1,1:M Content,001ed00000TNpAr,Data Cloud,2025-05-01,2025-05-01,001ed00000TNpArYAL
1,1:M Content,0013y00001h6htC,Data Cloud,2024-08-01,2024-08-01,0013y00001h6htCQAQ
1,1:M Content,00130000000TahM,Data Cloud,2025-10-01,2025-10-01,00130000000TahMAAS
2,1:M Content,001ed00000QPD6L,Data Cloud,2025-07-01,2025-07-01,001ed00000QPD6LYAX
3,1:M Content,0013y00001e5UTl,Data Cloud,2025-11-01,2025-11-01,0013y00001e5UTlQAM
2,1:M Content,0013000001CDqPL,Data Cloud,2025-07-01,2025-07-01,0013000001CDqPLAA1
2,1:M Content,0010M00001QaTnU,Data Cloud,2025-10-01,2025-10-01,0010M00001QaTnUQAV
2,1:M Content,0010M00001P0PDn,Data Cloud,2025-07-01,2025-07-01,0010M00001P0PDnQAN
2,1:M Content,0013000000RWxyb,Data Cloud,2025-06-01,2025-06-01,0013000000RWxybAAD
2,1:M Content,00130000000Vman,Data Cloud,2025-11-01,2025-11-01,00130000000VmanAAC
2,1:M Content,0013y00001eBr4u,Data Cloud,2024-03-01,2024-03-01,0013y00001eBr4uQAC
1,Success Guides,0010M00001XyAva,Data Cloud,2025-02-01,2025-01-01,0010M00001XyAvaQAF
1,Success Architects,0013000001GXFhT,Data Cloud,2025-06-01,2025-04-01,0013000001GXFhTAAX
1,Success Architects,0013y00001cU2S1,Data Cloud,2025-06-01,2025-04-01,0013y00001cU2S1QAK
1,Success Guides,0010M00001NYrhp,Data Cloud,2024-03-01,2024-03-01,0010M00001NYrhpQAD
1,Success Guides,0010M00001Qmsxj,Data Cloud,2025-11-01,2025-11-01,0010M00001QmsxjQAB
1,Success Guides,00130000016k7oI,Data Cloud,2025-06-01,2025-06-01,00130000016k7oIAAQ
1,Success Guides,0010M00001OzyxN,Data Cloud,2025-01-01,2025-01-01,0010M00001OzyxNQAR
1,Success Guides,00130000005bUGF,Data Cloud,2025-06-01,2025-06-01,00130000005bUGFAA2
1,Success Guides,0013y00001fodvP,Data Cloud,2025-12-01,2025-12-01,0013y00001fodvPQAQ
1,Success Guides,0013000000LzUsA,Data Cloud,2025-12-01,2025-11-01,0013000000LzUsAAAV
1,Success Architects,0013y00001cyfug,Data Cloud,2024-06-01,2024-04-01,0013y00001cyfugQAA
1,Success Guides,0013y00001c4iOs,Data Cloud,2023-12-01,2023-11-01,0013y00001c4iOsQAI
1,Onboarding Specialists,0013y00001erJod,Data Cloud,2025-11-01,2025-11-01,0013y00001erJodQAE
1,Success Guides,0010M00001W8Tmg,Data Cloud,2025-12-01,2025-11-01,0010M00001W8TmgQAF
1,Success Architects,00130000002xcia,Data Cloud,2025-02-01,2024-12-01,00130000002xciaAAA
1,Success Guides,0013000000ZlQp1,Data Cloud,2024-06-01,2024-05-01,0013000000ZlQp1AAF
1,Success Guides,0013y00001eBr4u,Data Cloud,2025-02-01,2025-02-01,0013y00001eBr4uQAC
1,Success Guides,0013000001CA6n1,Data Cloud,2024-09-01,2024-08-01,0013000001CA6n1AAD
1,Success Architects,00130000009hFp5,Data Cloud,2024-12-01,2024-10-01,00130000009hFp5AAE
1,Success Guides,00130000009ZpiQ,Data Cloud,2025-11-01,2025-10-01,00130000009ZpiQAAS
1,Success Guides,0013000001JzF3I,Data Cloud,2025-12-01,2025-11-01,0013000001JzF3IAAV
1,Success Guides,0010M00001W82aX,Data Cloud,2024-02-01,2024-01-01,0010M00001W82aXQAR
1,Success Guides,0013000000ImKKr,Data Cloud,2025-06-01,2025-05-01,0013000000ImKKrAAN
1,Success Architects,0013y00001f60wD,Data Cloud,2024-09-01,2024-08-01,0013y00001f60wDQAQ
1,Success Guides,0010M00001WkS56,Data Cloud,2025-12-01,2025-10-01,0010M00001WkS56QAF
1,Success Architects,0013000000rnvEk,Data Cloud,2024-10-01,2024-08-01,0013000000rnvEkAAI
1,Success Guides,0013000001CClGQ,Data Cloud,2025-10-01,2025-10-01,0013000001CClGQAA1
1,Onboarding Specialists,0010M00001bm1Ps,Data Cloud,2024-10-01,2024-08-01,0010M00001bm1PsQAI
1,Success Architects,0010M00001P06Qr,Data Cloud,2024-10-01,2024-08-01,0010M00001P06QrQAJ
3,Success Guides,00130000009wxKR,Data Cloud,2025-05-01,2025-05-01,00130000009wxKRAAY
4,Success Guides,0013000000hMcaz,Data Cloud,2025-12-01,2025-12-01,0013000000hMcazAAC
1,1:M Content,0013y00001hE9ig,Data Cloud,2024-08-01,2024-08-01,0013y00001hE9igQAC
1,1:M Content,001ed00000Kyhg5,Data Cloud,2025-03-01,2025-03-01,001ed00000Kyhg5YAB
1,1:M Content,0013000001NXjsO,Data Cloud,2024-10-01,2024-10-01,0013000001NXjsOAAT
1,1:M Content,0013000000GMPnW,Data Cloud,2024-12-01,2024-12-01,0013000000GMPnWAAX
1,1:M Content,0013y00001cCgI4,Data Cloud,2025-10-01,2025-10-01,0013y00001cCgI4QAK
1,1:M Content,0013000000794Fv,Data Cloud,2025-10-01,2025-10-01,0013000000794FvAAI
1,1:M Content,0010M00001Sn4O7,Data Cloud,2024-07-01,2024-07-01,0010M00001Sn4O7QAJ
1,1:M Content,0013000001KZjDf,Data Cloud,2025-08-01,2025-08-01,0013000001KZjDfAAL
2,1:M Content,00100000000aHKk,Data Cloud,2025-12-01,2025-12-01,00100000000aHKkAAM
2,1:M Content,0013y00001cjtQZ,Data Cloud,2025-12-01,2025-12-01,0013y00001cjtQZQAY
1,1:M Content,00130000009b1ep,Data Cloud,2025-07-01,2025-07-01,00130000009b1epAAA
1,1:M Content,0013000001GXaVu,Data Cloud,2024-11-01,2024-11-01,0013000001GXaVuAAL
1,1:M Content,0010M00001QaBKQ,Data Cloud,2024-08-01,2024-07-01,0010M00001QaBKQQA3
1,1:M Content,0013000001CB0cQ,Data Cloud,2024-05-01,2024-05-01,0013000001CB0cQAAT
1,1:M Content,001000000027UZ7,Data Cloud,2025-10-01,2025-09-01,001000000027UZ7AAM
1,1:M Content,0013000000I4JCA,Data Cloud,2025-09-01,2025-09-01,0013000000I4JCAAA3
1,1:M Content,001ed00000MYTKh,Data Cloud,2025-03-01,2025-03-01,001ed00000MYTKhYAP
1,1:M Content,0013000000IUPB2,Data Cloud,2025-07-01,2025-07-01,0013000000IUPB2AAP
1,1:M Content,00130000000UZUx,Data Cloud,2025-10-01,2025-10-01,00130000000UZUxAAO
1,1:M Content,0010M00001QlUO8,Data Cloud,2025-10-01,2025-10-01,0010M00001QlUO8QAN
1,1:M Content,0010M00001Qm5BC,Data Cloud,2025-12-01,2025-12-01,0010M00001Qm5BCQAZ
1,1:M Content,0013y00001c8Oal,Data Cloud,2025-04-01,2025-04-01,0013y00001c8OalQAE
1,1:M Content,0013000000Zkhwe,Data Cloud,2024-11-01,2024-11-01,0013000000ZkhweAAB
1,1:M Content,0013y00001crYKy,Data Cloud,2025-01-01,2025-01-01,0013y00001crYKyQAM
1,1:M Content,0010M00001Qk64L,Data Cloud,2024-05-01,2024-04-01,0010M00001Qk64LQAR
1,1:M Content,00130000016g05u,Data Cloud,2024-12-01,2024-12-01,00130000016g05uAAA
1,1:M Content,0013000000ZkJFl,Data Cloud,2025-07-01,2025-07-01,0013000000ZkJFlAAN
1,1:M Content,0013000000Hjlhm,Data Cloud,2024-08-01,2024-08-01,0013000000HjlhmAAB
1,1:M Content,00130000007WutT,Data Cloud,2024-08-01,2024-07-01,00130000007WutTAAS
1,1:M Content,00100000001CwNp,Data Cloud,2024-12-01,2024-12-01,00100000001CwNpAAK
1,1:M Content,0013y00001d779S,Data Cloud,2025-08-01,2025-08-01,0013y00001d779SQAQ
1,1:M Content,0013000000M2O3N,Data Cloud,2024-05-01,2024-05-01,0013000000M2O3NAAV
2,1:M Content,0013000000AXupC,Data Cloud,2025-04-01,2025-04-01,0013000000AXupCAAT
1,1:M Content,0013000000rnTji,Data Cloud,2025-03-01,2025-03-01,0013000000rnTjiAAE
1,1:M Content,0013000000Zkhwe,Data Cloud,2025-09-01,2025-09-01,0013000000ZkhweAAB
1,1:M Content,001ed000005ro8f,Data Cloud,2024-10-01,2024-10-01,001ed000005ro8fYAA
1,1:M Content,0010M00001UEVHu,Data Cloud,2024-12-01,2024-12-01,0010M00001UEVHuQAP
1,1:M Content,001ed00000JmHGY,Data Cloud,2025-03-01,2025-03-01,001ed00000JmHGYYA3
2,1:M Content,001ed000006Ywz0,Data Cloud,2025-08-01,2025-08-01,001ed000006Ywz0YAC
2,1:M Content,00130000004UfHd,Data Cloud,2024-12-01,2024-12-01,00130000004UfHdAAK
2,1:M Content,0010M00001Qm5BC,Data Cloud,2024-10-01,2024-10-01,0010M00001Qm5BCQAZ
1,Success Architects,00130000016hA4v,Data Cloud,2025-06-01,2025-06-01,00130000016hA4vAAE
1,Success Guides,0013000001GUeoP,Data Cloud,2024-11-01,2024-11-01,0013000001GUeoPAAT
1,Success Guides,0010M00001QaaZM,Data Cloud,2024-05-01,2024-04-01,0010M00001QaaZMQAZ
1,Success Guides,0013000001CBbjc,Data Cloud,2024-09-01,2024-08-01,0013000001CBbjcAAD
1,Success Guides,0010M00001XxtZR,Data Cloud,2025-08-01,2025-07-01,0010M00001XxtZRQAZ
1,Onboarding Specialists,0013y00001ey2Cl,Data Cloud,2025-08-01,2025-06-01,0013y00001ey2ClQAI
1,Onboarding Specialists,001ed00000GHsR6,Data Cloud,2025-10-01,2025-04-01,001ed00000GHsR6YAL
1,Success Guides,00130000008CfQM,Data Cloud,2023-06-01,2023-04-01,00130000008CfQMAA0
1,Success Guides,0013y00001dONdT,Data Cloud,2024-10-01,2024-10-01,0013y00001dONdTQAW
1,Success Architects,0013y00001gDk0W,Data Cloud,2024-10-01,2024-08-01,0013y00001gDk0WQAS
1,Success Architects,0013y00001cFOqS,Data Cloud,2025-06-01,2025-05-01,0013y00001cFOqSQAW
1,Onboarding Specialists,001ed00000dMzPm,Data Cloud,2025-11-01,2025-10-01,001ed00000dMzPmYAK
1,Success Architects,00100000001u5Qo,Data Cloud,2025-01-01,2024-11-01,00100000001u5QoAAI
1,Success Guides,00100000001rsa6,Data Cloud,2024-06-01,2024-05-01,00100000001rsa6AAA
1,Success Guides,0013000001L6LY7,Data Cloud,2025-02-01,2025-02-01,0013000001L6LY7AAN
1,Onboarding Specialists,0013y00001eIsyC,Data Cloud,2025-11-01,2025-10-01,0013y00001eIsyCQAS
1,Success Guides,00130000001g8Vb,Data Cloud,2024-05-01,2024-04-01,00130000001g8VbAAI
1,Success Guides,00100000001rsZy,Data Cloud,2025-07-01,2025-07-01,00100000001rsZyAAI
1,Onboarding Specialists,0013y00001cfy3p,Data Cloud,2024-04-01,2024-02-01,0013y00001cfy3pQAA
1,Success Architects,0013000000NQhgD,Data Cloud,2024-06-01,2024-05-01,0013000000NQhgDAAT
1,Success Guides,00130000002xHpj,Data Cloud,2025-08-01,2025-08-01,00130000002xHpjAAE
1,Success Architects,0013000000JzTEJ,Data Cloud,2025-05-01,2025-05-01,0013000000JzTEJAA3
1,Success Architects,0013y00001cw8ec,Data Cloud,2025-07-01,2025-06-01,0013y00001cw8ecQAA
1,Success Architects,0013000000RX3sV,Data Cloud,2025-09-01,2025-07-01,0013000000RX3sVAAT
1,Success Architects,0013000000Rauz2,Data Cloud,2024-07-01,2024-04-01,0013000000Rauz2AAB
1,Success Guides,0013000001Fk9zk,Data Cloud,2025-03-01,2025-01-01,0013000001Fk9zkAAB
1,Success Guides,0013000000hJBuc,Data Cloud,2023-11-01,2023-10-01,0013000000hJBucAAG
1,Success Guides,0013y00001h851W,Data Cloud,2025-02-01,2025-02-01,0013y00001h851WQAQ
1,Onboarding Specialists,0013y00001dNAvM,Data Cloud,2025-11-01,2025-10-01,0013y00001dNAvMQAW
1,Success Guides,0013000000ZjKl2,Data Cloud,2023-03-01,2023-03-01,0013000000ZjKl2AAF
1,Success Guides,0010M00001WAC9u,Data Cloud,2025-08-01,2025-07-01,0010M00001WAC9uQAH
2,Success Guides,0013y00001d1oVl,Data Cloud,2025-12-01,2025-12-01,0013y00001d1oVlQAI
1,1:M Content,0013000001CCQGh,Data Cloud,2024-09-01,2024-09-01,0013000001CCQGhAAP
1,1:M Content,001ed00000TVoKn,Data Cloud,2025-06-01,2025-06-01,001ed00000TVoKnYAL
1,1:M Content,0010M00001Qqm0v,Data Cloud,2025-12-01,2025-12-01,0010M00001Qqm0vQAB
1,1:M Content,0013000000JIZP4,Data Cloud,2025-12-01,2025-12-01,0013000000JIZP4AAP
1,1:M Content,0013000001Msju5,Data Cloud,2025-09-01,2025-09-01,0013000001Msju5AAB
1,1:M Content,0013y00001e2qGP,Data Cloud,2025-11-01,2025-11-01,0013y00001e2qGPQAY
1,1:M Content,00130000002xS4D,Data Cloud,2025-08-01,2025-08-01,00130000002xS4DAAU
1,1:M Content,0013y00001c8Lgn,Data Cloud,2025-01-01,2025-01-01,0013y00001c8LgnQAE
1,1:M Content,00130000003Fv9B,Data Cloud,2024-11-01,2024-11-01,00130000003Fv9BAAS
1,1:M Content,001ed00000Bt86f,Data Cloud,2025-10-01,2025-10-01,001ed00000Bt86fYAB
1,1:M Content,00130000003Of4x,Data Cloud,2025-04-01,2025-04-01,00130000003Of4xAAC
1,1:M Content,0013000000RaArt,Data Cloud,2025-01-01,2025-01-01,0013000000RaArtAAF
1,1:M Content,00130000000h1Jm,Data Cloud,2024-10-01,2024-10-01,00130000000h1JmAAI
1,1:M Content,0013000000hK1rm,Data Cloud,2025-04-01,2025-04-01,0013000000hK1rmAAC
1,1:M Content,0013y00001eqPqX,Data Cloud,2025-10-01,2025-10-01,0013y00001eqPqXQAU
1,1:M Content,001ed00000FvLez,Data Cloud,2025-12-01,2025-12-01,001ed00000FvLezYAF
1,1:M Content,0013y00001eXTQz,Data Cloud,2024-08-01,2024-07-01,0013y00001eXTQzQAO
1,1:M Content,0013000000CrNYV,Data Cloud,2025-05-01,2025-05-01,0013000000CrNYVAA3
1,1:M Content,0013y00001cILec,Data Cloud,2024-03-01,2024-03-01,0013y00001cILecQAG
1,1:M Content,0013y00001cgSxL,Data Cloud,2024-03-01,2024-03-01,0013y00001cgSxLQAU
1,1:M Content,0013000000hJJ4F,Data Cloud,2025-07-01,2025-07-01,0013000000hJJ4FAAW
1,1:M Content,00130000016j8mu,Data Cloud,2025-03-01,2025-03-01,00130000016j8muAAA
1,1:M Content,0013y00001eVMJt,Data Cloud,2025-07-01,2025-07-01,0013y00001eVMJtQAO
1,1:M Content,0013000001MsAd6,Data Cloud,2025-06-01,2025-06-01,0013000001MsAd6AAF
1,1:M Content,0013y00001e2j8X,Data Cloud,2024-09-01,2024-09-01,0013y00001e2j8XQAQ
1,1:M Content,0013000001Jy76X,Data Cloud,2025-10-01,2025-10-01,0013000001Jy76XAAR
1,1:M Content,00130000007pPUC,Data Cloud,2025-04-01,2025-04-01,00130000007pPUCAA2
1,1:M Content,001ed0000080alG,Data Cloud,2025-12-01,2025-12-01,001ed0000080alGYAQ
1,1:M Content,0013000000ZkJFl,Data Cloud,2024-05-01,2024-04-01,0013000000ZkJFlAAN
1,1:M Content,0010M00001SIWYz,Data Cloud,2024-03-01,2024-03-01,0010M00001SIWYzQAP
1,1:M Content,0013y00001fceP1,Data Cloud,2024-10-01,2024-10-01,0013y00001fceP1QAI
1,1:M Content,0013000001NWmJD,Data Cloud,2025-01-01,2025-01-01,0013000001NWmJDAA1
1,1:M Content,001000000019kNr,Data Cloud,2024-11-01,2024-11-01,001000000019kNrAAI
1,1:M Content,0013000000JKnzm,Data Cloud,2025-10-01,2025-10-01,0013000000JKnzmAAD
1,1:M Content,00100000000DKqH,Data Cloud,2025-06-01,2025-06-01,00100000000DKqHAAW
1,1:M Content,0013000000ZkDYe,Data Cloud,2025-11-01,2025-11-01,0013000000ZkDYeAAN
1,1:M Content,0010M00001Spv6M,Data Cloud,2025-03-01,2025-03-01,0010M00001Spv6MQAR
1,1:M Content,0013000001GVhBm,Data Cloud,2025-06-01,2025-06-01,0013000001GVhBmAAL
1,1:M Content,00100000001CwPP,Data Cloud,2025-11-01,2025-11-01,00100000001CwPPAA0
1,1:M Content,0013000001MrUPT,Data Cloud,2024-02-01,2024-02-01,0013000001MrUPTAA3
1,1:M Content,00130000004bZDk,Data Cloud,2025-02-01,2025-02-01,00130000004bZDkAAM
1,1:M Content,0013000001NXdvr,Data Cloud,2025-10-01,2025-10-01,0013000001NXdvrAAD
1,1:M Content,00130000000Nnji,Data Cloud,2025-12-01,2025-12-01,00130000000NnjiAAC
7,1:M Content,0013000000RWxyb,Data Cloud,2025-11-01,2025-11-01,0013000000RWxybAAD
2,1:M Content,00130000002xRpD,Data Cloud,2025-10-01,2025-10-01,00130000002xRpDAAU
2,1:M Content,0010M00001P0VKY,Data Cloud,2025-12-01,2025-12-01,0010M00001P0VKYQA3
4,1:M Content,0013y00001eHwgI,Data Cloud,2025-12-01,2025-12-01,0013y00001eHwgIQAS
2,1:M Content,00130000002xU2x,Data Cloud,2024-11-01,2024-11-01,00130000002xU2xAAE
2,1:M Content,00130000002xChB,Data Cloud,2025-11-01,2025-11-01,00130000002xChBAAU
2,1:M Content,0013000000ZlYEw,Data Cloud,2025-10-01,2025-10-01,0013000000ZlYEwAAN
1,Success Architects,0010M00001JzikW,Data Cloud,2024-08-01,2024-06-01,0010M00001JzikWQAR
1,Onboarding Specialists,0013y00001ch7t1,Data Cloud,2025-07-01,2025-06-01,0013y00001ch7t1QAA
1,Success Architects,00130000001S780,Data Cloud,2025-08-01,2025-07-01,00130000001S780AAC
1,Success Guides,0013y00001e61wz,Data Cloud,2025-12-01,2025-11-01,0013y00001e61wzQAA
1,Success Guides,0010M00001UEYG3,Data Cloud,2025-08-01,2025-07-01,0010M00001UEYG3QAP
1,Success Guides,0013000000NPEtp,Data Cloud,2025-01-01,2024-12-01,0013000000NPEtpAAH
1,Success Guides,00130000002xXwL,Data Cloud,2025-11-01,2025-10-01,00130000002xXwLAAU
1,Success Guides,00130000004IFiW,Data Cloud,2025-06-01,2025-06-01,00130000004IFiWAAW
1,Success Architects,0013000000M2MYN,Data Cloud,2025-06-01,2025-05-01,0013000000M2MYNAA3
1,Onboarding Specialists,0010M00001W8Kri,Data Cloud,2025-12-01,2025-10-01,0010M00001W8KriQAF
1,Success Guides,00130000000Pq5A,Data Cloud,2024-05-01,2024-04-01,00130000000Pq5AAAS
1,Success Architects,0010M00001WYbHX,Data Cloud,2025-04-01,2025-03-01,0010M00001WYbHXQA1
1,Success Guides,00130000000Df3f,Data Cloud,2025-12-01,2025-12-01,00130000000Df3fAAC
1,Success Architects,0013y00001cSM8G,Data Cloud,2025-02-01,2024-12-01,0013y00001cSM8GQAW
1,Success Guides,0013000000M0Q7I,Data Cloud,2025-12-01,2025-12-01,0013000000M0Q7IAAV
1,Success Guides,0013y00001cU8Jj,Data Cloud,2025-02-01,2025-02-01,0013y00001cU8JjQAK
1,Onboarding Specialists,0013000001EZKK1,Data Cloud,2025-06-01,2025-05-01,0013000001EZKK1AAP
1,Success Guides,00130000002xbQK,Data Cloud,2024-04-01,2024-03-01,00130000002xbQKAAY
1,Success Guides,0013000000RYm0W,Data Cloud,2025-09-01,2025-07-01,0013000000RYm0WAAT
1,Onboarding Specialists,0013000000roycF,Data Cloud,2024-10-01,2024-08-01,0013000000roycFAAQ
1,Success Guides,0013000001FbNWD,Data Cloud,2025-09-01,2025-08-01,0013000001FbNWDAA3
1,Success Guides,0013000000HFbxu,Data Cloud,2025-05-01,2025-05-01,0013000000HFbxuAAD
1,Success Guides,00130000002xcjP,Data Cloud,2025-12-01,2025-12-01,00130000002xcjPAAQ
1,Onboarding Specialists,001ed000005hBv0,Data Cloud,2024-11-01,2024-10-01,001ed000005hBv0YAE
1,Success Guides,0013000000rndOb,Data Cloud,2025-10-01,2025-09-01,0013000000rndObAAI
1,Onboarding Specialists,0013000000Boa3W,Data Cloud,2025-10-01,2025-10-01,0013000000Boa3WAAR
1,Success Architects,0013000001JyDCn,Data Cloud,2025-07-01,2025-06-01,0013000001JyDCnAAN
1,Onboarding Specialists,0010M00001Wa1et,Data Cloud,2025-04-01,2025-03-01,0010M00001Wa1etQAB
1,Success Guides,0010M00001QkQJz,Data Cloud,2025-12-01,2025-11-01,0010M00001QkQJzQAN
1,Onboarding Specialists,0013000001CA9pk,Data Cloud,2025-03-01,2025-02-01,0013000001CA9pkAAD
1,Onboarding Specialists,001ed0000032paz,Data Cloud,2025-09-01,2025-08-01,001ed0000032pazYAA
1,Success Architects,0013000001CDA2r,Data Cloud,2025-01-01,2025-01-01,0013000001CDA2rAAH
1,Success Guides,00130000002xWo2,Data Cloud,2024-12-01,2024-12-01,00130000002xWo2AAE
1,Success Guides,00130000002xYO9,Data Cloud,2025-08-01,2025-08-01,00130000002xYO9AAM
1,Success Guides,0013y00001f62wt,Data Cloud,2025-10-01,2025-10-01,0013y00001f62wtQAA
1,Onboarding Specialists,0013y00001e2je9,Data Cloud,2024-06-01,2024-03-01,0013y00001e2je9QAA
1,Onboarding Specialists,00100000001u5Qo,Data Cloud,2024-11-01,2024-10-01,00100000001u5QoAAI
1,Onboarding Specialists,0013000000RZSH2,Data Cloud,2025-07-01,2025-06-01,0013000000RZSH2AAP
1,Onboarding Specialists,0013000000ZlQpU,Data Cloud,2025-06-01,2025-06-01,0013000000ZlQpUAAV
1,Onboarding Specialists,0010M00001WOTXb,Data Cloud,2025-07-01,2025-07-01,0010M00001WOTXbQAP
2,Success Guides,0013000000Rauz2,Data Cloud,2024-08-01,2024-08-01,0013000000Rauz2AAB
3,Success Guides,0013000000ZmXzF,Data Cloud,2025-11-01,2025-11-01,0013000000ZmXzFAAV
1,1:M Content,0013000000hIjoC,Data Cloud,2025-02-01,2025-02-01,0013000000hIjoCAAS
1,1:M Content,0013y00001c8Lgn,Data Cloud,2024-10-01,2024-10-01,0013y00001c8LgnQAE
1,1:M Content,0010M00001Qk8Q8,Data Cloud,2025-08-01,2025-08-01,0010M00001Qk8Q8QAJ
1,1:M Content,0013000001MeDGy,Data Cloud,2025-10-01,2025-10-01,0013000001MeDGyAAN
1,1:M Content,0013y00001cUVR0,Data Cloud,2025-09-01,2025-09-01,0013y00001cUVR0QAO
1,1:M Content,00130000016ioOQ,Data Cloud,2025-07-01,2025-07-01,00130000016ioOQAAY
1,1:M Content,0013y00001d0qA0,Data Cloud,2025-08-01,2025-08-01,0013y00001d0qA0QAI
1,1:M Content,0013000001JyiPO,Data Cloud,2025-10-01,2025-10-01,0013000001JyiPOAAZ
1,1:M Content,0013000000M03uQ,Data Cloud,2025-07-01,2025-07-01,0013000000M03uQAAR
1,1:M Content,0013000001IeuPV,Data Cloud,2025-12-01,2025-12-01,0013000001IeuPVAAZ
1,1:M Content,001ed00000dZCnr,Data Cloud,2025-08-01,2025-08-01,001ed00000dZCnrYAG
1,1:M Content,001ed00000Pwccp,Data Cloud,2025-05-01,2025-05-01,001ed00000PwccpYAB
1,1:M Content,001ed00000JaCcS,Data Cloud,2025-02-01,2025-02-01,001ed00000JaCcSYAV
1,1:M Content,0010M00001UEWWJ,Data Cloud,2025-10-01,2025-10-01,0010M00001UEWWJQA5
1,1:M Content,0013000000LZRuo,Data Cloud,2025-06-01,2025-06-01,0013000000LZRuoAAH
1,1:M Content,0010M00001NYp8Q,Data Cloud,2024-02-01,2024-02-01,0010M00001NYp8QQAT
1,1:M Content,0013000000Zjptb,Data Cloud,2025-08-01,2025-08-01,0013000000ZjptbAAB
1,1:M Content,0013y00001epRfu,Data Cloud,2024-06-01,2024-06-01,0013y00001epRfuQAE
1,1:M Content,00130000003XMFZ,Data Cloud,2025-06-01,2025-06-01,00130000003XMFZAA4
1,1:M Content,0013000000DTBk1,Data Cloud,2025-01-01,2025-01-01,0013000000DTBk1AAH
1,1:M Content,00100000002CNGs,Data Cloud,2025-08-01,2025-08-01,00100000002CNGsAAO
1,1:M Content,0010M00001Sq0KG,Data Cloud,2025-10-01,2025-10-01,0010M00001Sq0KGQAZ
1,1:M Content,0013000000ZjcO4,Data Cloud,2025-10-01,2025-10-01,0013000000ZjcO4AAJ
1,1:M Content,0013000000NRDv9,Data Cloud,2025-01-01,2025-01-01,0013000000NRDv9AAH
1,1:M Content,0013000000JIu1e,Data Cloud,2024-05-01,2024-05-01,0013000000JIu1eAAD
1,1:M Content,0010M00001WZS8l,Data Cloud,2025-02-01,2025-02-01,0010M00001WZS8lQAH
1,1:M Content,0013000000hJJ4F,Data Cloud,2025-08-01,2025-08-01,0013000000hJJ4FAAW
1,1:M Content,0010M00001THETj,Data Cloud,2025-11-01,2025-11-01,0010M00001THETjQAP
1,1:M Content,00130000004IFiW,Data Cloud,2025-05-01,2025-05-01,00130000004IFiWAAW
1,1:M Content,0013000000ZljKq,Data Cloud,2025-04-01,2025-04-01,0013000000ZljKqAAJ
1,1:M Content,0013000000M2LyG,Data Cloud,2025-09-01,2025-09-01,0013000000M2LyGAAV
1,1:M Content,0010M00001WOWd4,Data Cloud,2024-07-01,2024-07-01,0010M00001WOWd4QAH
1,1:M Content,0013000001LWr8I,Data Cloud,2025-05-01,2025-05-01,0013000001LWr8IAAT
1,1:M Content,0010M00001WYv33,Data Cloud,2025-05-01,2025-05-01,0010M00001WYv33QAD
1,1:M Content,00130000002xaJ3,Data Cloud,2025-08-01,2025-08-01,00130000002xaJ3AAI
1,1:M Content,0013000000NSK3J,Data Cloud,2025-10-01,2025-09-01,0013000000NSK3JAAX
1,1:M Content,001ed00000ZxWNu,Data Cloud,2025-08-01,2025-08-01,001ed00000ZxWNuYAN
1,1:M Content,0013y00001cmX9s,Data Cloud,2025-06-01,2025-06-01,0013y00001cmX9sQAE
1,1:M Content,0010M00001QnwZd,Data Cloud,2025-07-01,2025-07-01,0010M00001QnwZdQAJ
1,1:M Content,0010M00001V4BgI,Data Cloud,2025-04-01,2025-04-01,0010M00001V4BgIQAV
1,1:M Content,0013000000JbNoe,Data Cloud,2024-02-01,2024-02-01,0013000000JbNoeAAF
1,1:M Content,0013000001GYTnf,Data Cloud,2025-08-01,2025-08-01,0013000001GYTnfAAH
1,1:M Content,0010M00001QlIjM,Data Cloud,2024-08-01,2024-08-01,0010M00001QlIjMQAV
1,1:M Content,0010M00001YzvDT,Data Cloud,2024-03-01,2024-03-01,0010M00001YzvDTQAZ
1,1:M Content,0013000001CCITG,Data Cloud,2025-10-01,2025-10-01,0013000001CCITGAA5
1,1:M Content,0010M00001SIeAb,Data Cloud,2025-10-01,2025-10-01,0010M00001SIeAbQAL
2,1:M Content,0013000001MrUPT,Data Cloud,2024-08-01,2024-08-01,0013000001MrUPTAA3
2,1:M Content,0010M00001W82aX,Data Cloud,2024-12-01,2024-12-01,0010M00001W82aXQAR
2,1:M Content,00130000008ea9K,Data Cloud,2025-11-01,2025-11-01,00130000008ea9KAAQ
5,1:M Content,0010M00001JzikW,Data Cloud,2025-11-01,2025-11-01,0010M00001JzikWQAR
2,1:M Content,001ed00000mJ7AJ,Data Cloud,2025-12-01,2025-12-01,001ed00000mJ7AJYA0
3,1:M Content,0013000000JbWm9,Data Cloud,2025-12-01,2025-12-01,0013000000JbWm9AAF
1,Success Guides,0013y00001Xzeim,Data Cloud,2025-06-01,2025-06-01,0013y00001XzeimQAB
1,Success Architects,0010M00001WkTgY,Data Cloud,2025-05-01,2025-04-01,0010M00001WkTgYQAV
1,Success Architects,00130000000cz3V,Data Cloud,2025-08-01,2025-06-01,00130000000cz3VAAQ
1,Success Guides,0013000000Ra6Ig,Data Cloud,2025-12-01,2025-11-01,0013000000Ra6IgAAJ
1,Success Architects,0010M00001W7jE5,Data Cloud,2025-03-01,2025-02-01,0010M00001W7jE5QAJ
1,Success Architects,001ed000001OXjv,Data Cloud,2025-08-01,2025-07-01,001ed000001OXjvYAG
1,Success Architects,0013000001NXjsO,Data Cloud,2025-04-01,2025-03-01,0013000001NXjsOAAT
1,Success Guides,0013000000CH6r7,Data Cloud,2025-12-01,2025-12-01,0013000000CH6r7AAD
1,Success Guides,0013000001FjpzO,Data Cloud,2025-05-01,2025-04-01,0013000001FjpzOAAR
1,Success Guides,0010M00001QmhDj,Data Cloud,2025-10-01,2025-10-01,0010M00001QmhDjQAJ
1,Success Guides,0010M00001SIQLl,Data Cloud,2025-10-01,2025-09-01,0010M00001SIQLlQAP
1,Success Guides,0013000001M1awJ,Data Cloud,2024-10-01,2024-09-01,0013000001M1awJAAR
1,Success Guides,0013y00001dxwho,Data Cloud,2025-11-01,2025-10-01,0013y00001dxwhoQAA
1,Success Guides,00130000002eHBY,Data Cloud,2025-01-01,2024-12-01,00130000002eHBYAA2
1,Success Architects,0010M00001QmYEg,Data Cloud,2025-03-01,2025-02-01,0010M00001QmYEgQAN
1,Success Architects,0010M00001NYqbT,Data Cloud,2025-02-01,2025-02-01,0010M00001NYqbTQAT
1,Success Architects,0013y00001cseuU,Data Cloud,2024-06-01,2024-06-01,0013y00001cseuUQAQ
1,Success Guides,0013000000RZXlA,Data Cloud,2025-09-01,2025-08-01,0013000000RZXlAAAX
1,Success Architects,0013000000M2LyG,Data Cloud,2025-05-01,2025-03-01,0013000000M2LyGAAV
1,Success Architects,0013y00001cG3oM,Data Cloud,2025-01-01,2025-01-01,0013y00001cG3oMQAS
1,Onboarding Specialists,0013y00001d1gsI,Data Cloud,2025-11-01,2025-11-01,0013y00001d1gsIQAQ
1,Onboarding Specialists,0013y00001Z0gKD,Data Cloud,2025-11-01,2025-11-01,0013y00001Z0gKDQAZ
1,Success Guides,0013000000M1auk,Data Cloud,2025-08-01,2025-07-01,0013000000M1aukAAB
1,Success Guides,0010M00001QoNjH,Data Cloud,2025-01-01,2025-01-01,0010M00001QoNjHQAV
1,Success Guides,00100000001rsa6,Data Cloud,2025-12-01,2025-11-01,00100000001rsa6AAA
1,Success Architects,0013000000hIgVy,Data Cloud,2025-03-01,2025-02-01,0013000000hIgVyAAK
1,Success Guides,0013000000ro9TU,Data Cloud,2025-09-01,2025-08-01,0013000000ro9TUAAY
1,Success Architects,00130000001S780,Data Cloud,2025-05-01,2025-03-01,00130000001S780AAC
1,Onboarding Specialists,001ed00000QPD6L,Data Cloud,2025-09-01,2025-08-01,001ed00000QPD6LYAX
1,Onboarding Specialists,0010M00001Xxib4,Data Cloud,2025-03-01,2025-03-01,0010M00001Xxib4QAB
1,Success Guides,0013000000RXJUb,Data Cloud,2023-04-01,2023-04-01,0013000000RXJUbAAP
1,Success Guides,00130000016iZLH,Data Cloud,2025-02-01,2025-01-01,00130000016iZLHAA2
1,Success Guides,0013000001Hevgz,Data Cloud,2025-11-01,2025-11-01,0013000001HevgzAAB
1,Onboarding Specialists,0013000000M2LyG,Data Cloud,2025-10-01,2025-10-01,0013000000M2LyGAAV
1,Success Architects,0010M00001P0Ub9,Data Cloud,2025-09-01,2025-07-01,0010M00001P0Ub9QAF
1,Success Guides,00130000004IFXF,Data Cloud,2025-08-01,2025-07-01,00130000004IFXFAA4
1,Success Guides,0013000000Jwyzr,Data Cloud,2025-04-01,2025-03-01,0013000000JwyzrAAB
1,Success Guides,0013000000M1uwt,Data Cloud,2024-02-01,2024-01-01,0013000000M1uwtAAB
1,Success Architects,00130000005bUGF,Data Cloud,2024-04-01,2024-03-01,00130000005bUGFAA2
1,Success Guides,0013000000RXLQM,Data Cloud,2023-05-01,2023-03-01,0013000000RXLQMAA5
1,Success Architects,0013000001CDlqN,Data Cloud,2025-08-01,2025-06-01,0013000001CDlqNAAT
1,Success Architects,0013000000rqy1R,Data Cloud,2025-05-01,2025-04-01,0013000000rqy1RAAQ
1,Onboarding Specialists,0013y00001ey273,Data Cloud,2025-08-01,2025-06-01,0013y00001ey273QAA
1,Success Guides,0013000001GUwPD,Data Cloud,2025-09-01,2025-09-01,0013000001GUwPDAA1
1,Success Guides,0013000001Kbqt7,Data Cloud,2024-03-01,2024-03-01,0013000001Kbqt7AAB
2,Success Guides,0013y00001cfmtO,Data Cloud,2025-10-01,2025-10-01,0013y00001cfmtOQAQ
1,1:M Content,0013000001J7AHZ,Data Cloud,2025-12-01,2025-12-01,0013000001J7AHZAA3
1,1:M Content,0013000000JgpmQ,Data Cloud,2024-10-01,2024-09-01,0013000000JgpmQAAR
1,1:M Content,0013y00001cSSXG,Data Cloud,2024-06-01,2024-06-01,0013y00001cSSXGQA4
1,1:M Content,0013000000ZkJFl,Data Cloud,2024-11-01,2024-11-01,0013000000ZkJFlAAN
1,1:M Content,00100000001o8oE,Data Cloud,2025-04-01,2025-04-01,00100000001o8oEAAQ
1,1:M Content,0013y00001g9hVy,Data Cloud,2025-02-01,2025-02-01,0013y00001g9hVyQAI
1,1:M Content,0010M00001QaVG8,Data Cloud,2025-03-01,2025-03-01,0010M00001QaVG8QAN
1,1:M Content,001000000001zcf,Data Cloud,2025-02-01,2025-02-01,001000000001zcfAAA
1,1:M Content,001ed00000DCIUk,Data Cloud,2025-01-01,2025-01-01,001ed00000DCIUkYAP
1,1:M Content,0013000000GtwQC,Data Cloud,2024-02-01,2024-02-01,0013000000GtwQCAAZ
1,1:M Content,0013000001J7h3H,Data Cloud,2025-06-01,2025-06-01,0013000001J7h3HAAR
1,1:M Content,0013y00001fFE4O,Data Cloud,2024-06-01,2024-06-01,0013y00001fFE4OQAW
1,1:M Content,0010M00001W82aX,Data Cloud,2025-12-01,2025-12-01,0010M00001W82aXQAR
1,1:M Content,0013000000M2MYN,Data Cloud,2025-04-01,2025-04-01,0013000000M2MYNAA3
1,1:M Content,00130000016jSIM,Data Cloud,2025-12-01,2025-12-01,00130000016jSIMAA2
1,1:M Content,0013y00001hNpav,Data Cloud,2024-08-01,2024-08-01,0013y00001hNpavQAC
1,1:M Content,001ed00000MXfB2,Data Cloud,2025-03-01,2025-03-01,001ed00000MXfB2YAL
1,1:M Content,0013000001KYwjf,Data Cloud,2024-08-01,2024-08-01,0013000001KYwjfAAD
1,1:M Content,00100000001KsQS,Data Cloud,2025-10-01,2025-10-01,00100000001KsQSAA0
1,1:M Content,00100000000D4zL,Data Cloud,2025-10-01,2025-10-01,00100000000D4zLAAS
1,1:M Content,0010M00001Sq0KG,Data Cloud,2025-02-01,2025-02-01,0010M00001Sq0KGQAZ
1,1:M Content,001000000002WRv,Data Cloud,2025-08-01,2025-08-01,001000000002WRvAAM
1,1:M Content,0013000000LiJvV,Data Cloud,2025-09-01,2025-09-01,0013000000LiJvVAAV
1,1:M Content,0010M00001Qk8Q8,Data Cloud,2024-12-01,2024-12-01,0010M00001Qk8Q8QAJ
1,1:M Content,0013000000M2sOc,Data Cloud,2025-10-01,2025-10-01,0013000000M2sOcAAJ
1,1:M Content,0013000001GVRRo,Data Cloud,2025-11-01,2025-11-01,0013000001GVRRoAAP
1,1:M Content,0010M00001QaJWA,Data Cloud,2025-11-01,2025-11-01,0010M00001QaJWAQA3
1,1:M Content,001ed00000QYpab,Data Cloud,2025-07-01,2025-07-01,001ed00000QYpabYAD
1,1:M Content,0013y00001g9Rtt,Data Cloud,2024-06-01,2024-06-01,0013y00001g9RttQAE
1,1:M Content,0010M00001WJFfO,Data Cloud,2025-07-01,2025-07-01,0010M00001WJFfOQAX
1,1:M Content,0010M00001YuN9u,Data Cloud,2025-03-01,2025-03-01,0010M00001YuN9uQAF
1,1:M Content,0013000000RZD5j,Data Cloud,2025-12-01,2025-12-01,0013000000RZD5jAAH
1,1:M Content,00100000001OhRy,Data Cloud,2024-11-01,2024-11-01,00100000001OhRyAAK
1,1:M Content,0010M00001XyAva,Data Cloud,2025-07-01,2025-06-01,0010M00001XyAvaQAF
1,1:M Content,00130000016hIYE,Data Cloud,2024-12-01,2024-12-01,00130000016hIYEAA2
1,1:M Content,0013000000HFbxu,Data Cloud,2024-06-01,2024-06-01,0013000000HFbxuAAD
1,1:M Content,0013y00001f8GhJ,Data Cloud,2025-01-01,2025-01-01,0013y00001f8GhJQAU
1,1:M Content,0013y00001g9Gtc,Data Cloud,2024-05-01,2024-05-01,0013y00001g9GtcQAE
1,1:M Content,0013000000KtPsS,Data Cloud,2025-11-01,2025-11-01,0013000000KtPsSAAV
1,1:M Content,0010M00001Qqin5,Data Cloud,2024-03-01,2024-03-01,0010M00001Qqin5QAB
1,1:M Content,001000000000wCb,Data Cloud,2025-07-01,2025-06-01,001000000000wCbAAI
1,1:M Content,00100000001L6sq,Data Cloud,2025-02-01,2025-02-01,00100000001L6sqAAC
1,1:M Content,0013000001CCq6u,Data Cloud,2024-10-01,2024-10-01,0013000001CCq6uAAD
1,1:M Content,00130000002xUMV,Data Cloud,2025-12-01,2025-12-01,00130000002xUMVAA2
1,1:M Content,0013000000Rapur,Data Cloud,2025-10-01,2025-10-01,0013000000RapurAAB
1,1:M Content,00130000016hvXY,Data Cloud,2025-05-01,2025-05-01,00130000016hvXYAAY
1,1:M Content,001ed00000JJL7V,Data Cloud,2025-02-01,2025-02-01,001ed00000JJL7VYAX
1,1:M Content,0010M00001Q6zro,Data Cloud,2025-04-01,2025-04-01,0010M00001Q6zroQAB
3,1:M Content,00130000007WutT,Data Cloud,2024-03-01,2024-03-01,00130000007WutTAAS
2,1:M Content,001ed00000VBIhN,Data Cloud,2025-09-01,2025-09-01,001ed00000VBIhNYAX
2,1:M Content,0013000000LBr30,Data Cloud,2025-04-01,2025-04-01,0013000000LBr30AAD
2,1:M Content,00130000007WutT,Data Cloud,2024-07-01,2024-07-01,00130000007WutTAAS
2,1:M Content,0013y00001eycsM,Data Cloud,2025-05-01,2025-05-01,0013y00001eycsMQAQ
1,Success Guides,0010M00001Wko63,Data Cloud,2025-02-01,2025-02-01,0010M00001Wko63QAB
1,Success Architects,00130000000cf9m,Data Cloud,2024-12-01,2024-10-01,00130000000cf9mAAA
1,Onboarding Specialists,0013y00001epI95,Data Cloud,2025-07-01,2025-06-01,0013y00001epI95QAE
1,Success Guides,00130000004mv1i,Data Cloud,2024-05-01,2024-03-01,00130000004mv1iAAA
1,Success Guides,00130000001GVZH,Data Cloud,2024-05-01,2024-04-01,00130000001GVZHAA4
1,Success Architects,00130000016hI02,Data Cloud,2025-04-01,2025-03-01,00130000016hI02AAE
1,Onboarding Specialists,0013y00001eXR1l,Data Cloud,2025-06-01,2025-03-01,0013y00001eXR1lQAG
1,Success Guides,00100000002CN8g,Data Cloud,2025-06-01,2025-06-01,00100000002CN8gAAG
1,Success Guides,00130000000TCmw,Data Cloud,2024-04-01,2024-04-01,00130000000TCmwAAG
1,Success Guides,0010M00001QoNIV,Data Cloud,2023-05-01,2023-04-01,0010M00001QoNIVQA3
1,Success Guides,0013000000rpjtj,Data Cloud,2025-01-01,2025-01-01,0013000000rpjtjAAA
1,Success Guides,0013y00001cQJp5,Data Cloud,2025-09-01,2025-08-01,0013y00001cQJp5QAG
1,Onboarding Specialists,0013000001CCq1V,Data Cloud,2024-07-01,2024-04-01,0013000001CCq1VAAT
1,Success Guides,00130000000cz3V,Data Cloud,2025-05-01,2025-04-01,00130000000cz3VAAQ
1,Onboarding Specialists,0013y00001Y0Org,Data Cloud,2025-10-01,2025-07-01,0013y00001Y0OrgQAF
1,Success Guides,00130000004UfHd,Data Cloud,2025-09-01,2025-08-01,00130000004UfHdAAK
1,Success Guides,0013y00001cyiXH,Data Cloud,2025-02-01,2025-01-01,0013y00001cyiXHQAY
1,Success Guides,0013000001CBTQG,Data Cloud,2025-12-01,2025-12-01,0013000001CBTQGAA5
1,Success Guides,00130000001e40D,Data Cloud,2026-01-01,2025-11-01,00130000001e40DAAQ
1,Onboarding Specialists,0013000001J71Li,Data Cloud,2025-09-01,2025-08-01,0013000001J71LiAAJ
1,Success Guides,0010M00001WJN3t,Data Cloud,2025-09-01,2025-09-01,0010M00001WJN3tQAH
1,Success Guides,0013y00001Z0gKD,Data Cloud,2025-05-01,2025-05-01,0013y00001Z0gKDQAZ
1,Onboarding Specialists,00130000002xYO9,Data Cloud,2025-06-01,2025-05-01,00130000002xYO9AAM
1,Success Architects,0010M00001X8Hci,Data Cloud,2025-07-01,2025-04-01,0010M00001X8HciQAF
1,Onboarding Specialists,0013000001J4Zf9,Data Cloud,2025-11-01,2025-09-01,0013000001J4Zf9AAF
1,Onboarding Specialists,0013000001Msi1c,Data Cloud,2025-10-01,2025-10-01,0013000001Msi1cAAB
1,Success Architects,0013y00001d9EsL,Data Cloud,2025-02-01,2025-01-01,0013y00001d9EsLQAU
1,Onboarding Specialists,0013000001CClGQ,Data Cloud,2025-10-01,2025-10-01,0013000001CClGQAA1
1,Success Guides,0013000000RaW8t,Data Cloud,2024-06-01,2024-06-01,0013000000RaW8tAAF
1,Onboarding Specialists,0010M00001SIYvV,Data Cloud,2024-02-01,2024-01-01,0010M00001SIYvVQAX
1,Success Guides,0013000000M0A5j,Data Cloud,2023-10-01,2023-09-01,0013000000M0A5jAAF
1,Success Guides,001ed000000lNnb,Data Cloud,2025-03-01,2025-02-01,001ed000000lNnbYAE
1,Success Guides,00130000002xHpj,Data Cloud,2025-07-01,2025-07-01,00130000002xHpjAAE
1,Success Architects,0013000001CArCy,Data Cloud,2025-09-01,2025-06-01,0013000001CArCyAAL
1,Success Guides,0013000000roCWg,Data Cloud,2024-03-01,2024-03-01,0013000000roCWgAAM
1,Success Guides,0013000000K6Z9S,Data Cloud,2025-12-01,2025-11-01,0013000000K6Z9SAAV
1,Success Guides,0013y00001dNGSM,Data Cloud,2025-12-01,2025-11-01,0013y00001dNGSMQA4
1,Success Architects,0010M00001Qlm0n,Data Cloud,2025-05-01,2025-04-01,0010M00001Qlm0nQAB
1,Onboarding Specialists,0010M00001SHrn1,Data Cloud,2025-10-01,2025-10-01,0010M00001SHrn1QAD
2,Success Guides,00100000000sJgG,Data Cloud,2025-09-01,2025-09-01,00100000000sJgGAAU
1,1:M Content,0013y00001hEAEm,Data Cloud,2024-08-01,2024-08-01,0013y00001hEAEmQAO
1,1:M Content,0013y00001cFgTO,Data Cloud,2025-10-01,2025-10-01,0013y00001cFgTOQA0
1,1:M Content,00100000000y4SW,Data Cloud,2024-12-01,2024-12-01,00100000000y4SWAAY
1,1:M Content,00100000001L6ql,Data Cloud,2025-11-01,2025-11-01,00100000001L6qlAAC
1,1:M Content,0013000000ALdWo,Data Cloud,2025-08-01,2025-08-01,0013000000ALdWoAAL
1,1:M Content,0013y00001cScNo,Data Cloud,2025-05-01,2025-05-01,0013y00001cScNoQAK
1,1:M Content,0013000001J6KSM,Data Cloud,2025-05-01,2025-05-01,0013000001J6KSMAA3
1,1:M Content,0013y00001h7XuL,Data Cloud,2025-05-01,2025-05-01,0013y00001h7XuLQAU
1,1:M Content,0013y00001cagHg,Data Cloud,2025-02-01,2025-02-01,0013y00001cagHgQAI
1,1:M Content,0013000000JzTEJ,Data Cloud,2025-06-01,2025-06-01,0013000000JzTEJAA3
1,1:M Content,0013000000hJI0w,Data Cloud,2024-07-01,2024-07-01,0013000000hJI0wAAG
1,1:M Content,0013y00001cTG8M,Data Cloud,2025-02-01,2025-02-01,0013y00001cTG8MQAW
1,1:M Content,0013000000Ijc82,Data Cloud,2024-08-01,2024-07-01,0013000000Ijc82AAB
1,1:M Content,001300000025ReU,Data Cloud,2025-09-01,2025-09-01,001300000025ReUAAU
1,1:M Content,00130000007J5kS,Data Cloud,2025-08-01,2025-08-01,00130000007J5kSAAS
1,1:M Content,0013000000NPauX,Data Cloud,2025-12-01,2025-12-01,0013000000NPauXAAT
1,1:M Content,0013000000JHj90,Data Cloud,2025-01-01,2025-01-01,0013000000JHj90AAD
1,1:M Content,0013y00001h81SN,Data Cloud,2024-09-01,2024-08-01,0013y00001h81SNQAY
1,1:M Content,00130000002rruG,Data Cloud,2025-04-01,2025-04-01,00130000002rruGAAQ
1,1:M Content,00100000001X1Of,Data Cloud,2025-04-01,2025-04-01,00100000001X1OfAAK
1,1:M Content,0013y00001g9KQP,Data Cloud,2024-05-01,2024-05-01,0013y00001g9KQPQA2
1,1:M Content,0013y00001cZenZ,Data Cloud,2025-04-01,2025-03-01,0013y00001cZenZQAS
1,1:M Content,0013000000AXupC,Data Cloud,2025-05-01,2025-05-01,0013000000AXupCAAT
1,1:M Content,0013000000LBr30,Data Cloud,2025-08-01,2025-08-01,0013000000LBr30AAD
1,1:M Content,001ed000005k9S1,Data Cloud,2025-05-01,2025-05-01,001ed000005k9S1YAI
1,1:M Content,001ed00000NyUfY,Data Cloud,2025-04-01,2025-04-01,001ed00000NyUfYYAV
1,1:M Content,001ed00000YnQ2b,Data Cloud,2025-07-01,2025-07-01,001ed00000YnQ2bYAF
1,1:M Content,0013000001JeN7D,Data Cloud,2024-05-01,2024-05-01,0013000001JeN7DAAV
1,1:M Content,0013y00001d1zfT,Data Cloud,2025-11-01,2025-11-01,0013y00001d1zfTQAQ
1,1:M Content,0010M00001YbM34,Data Cloud,2025-10-01,2025-10-01,0010M00001YbM34QAF
1,1:M Content,0013000001NX77B,Data Cloud,2025-08-01,2025-08-01,0013000001NX77BAAT
1,1:M Content,0013000000NPK0W,Data Cloud,2024-10-01,2024-10-01,0013000000NPK0WAAX
1,1:M Content,001ed00000VxdRh,Data Cloud,2025-12-01,2025-12-01,001ed00000VxdRhYAJ
1,1:M Content,0013y00001cFZgt,Data Cloud,2025-12-01,2025-12-01,0013y00001cFZgtQAG
1,1:M Content,0013y00001ce36K,Data Cloud,2024-12-01,2024-12-01,0013y00001ce36KQAQ
1,1:M Content,00130000016g1Zx,Data Cloud,2025-07-01,2025-07-01,00130000016g1ZxAAI
1,1:M Content,0010M00001UMe5a,Data Cloud,2025-09-01,2025-09-01,0010M00001UMe5aQAD
1,1:M Content,0010M00001U3qjB,Data Cloud,2024-09-01,2024-09-01,0010M00001U3qjBQAR
1,1:M Content,0013y00001fceP1,Data Cloud,2025-09-01,2025-09-01,0013y00001fceP1QAI
1,1:M Content,0010M00001Qa8Qa,Data Cloud,2025-05-01,2025-05-01,0010M00001Qa8QaQAJ
1,1:M Content,0013000000rnJ0j,Data Cloud,2024-05-01,2024-05-01,0013000000rnJ0jAAE
1,1:M Content,00130000002A9Vj,Data Cloud,2025-06-01,2025-06-01,00130000002A9VjAAK
1,1:M Content,00130000016jSIM,Data Cloud,2025-09-01,2025-09-01,00130000016jSIMAA2
1,1:M Content,0010M00001WJMwY,Data Cloud,2025-12-01,2025-12-01,0010M00001WJMwYQAX
1,1:M Content,0013000000rpsTK,Data Cloud,2024-10-01,2024-09-01,0013000000rpsTKAAY
3,1:M Content,0013y00001dLB4w,Data Cloud,2025-10-01,2025-10-01,0013y00001dLB4wQAG
2,1:M Content,0013000001GiH22,Data Cloud,2024-11-01,2024-11-01,0013000001GiH22AAF
2,1:M Content,0013000000IkQD7,Data Cloud,2025-12-01,2025-12-01,0013000000IkQD7AAN
2,1:M Content,0010M00001YFcWS,Data Cloud,2025-08-01,2025-08-01,0010M00001YFcWSQA1
3,1:M Content,00130000004GZ3A,Data Cloud,2025-12-01,2025-12-01,00130000004GZ3AAAW
2,1:M Content,0010M00001JzikW,Data Cloud,2025-10-01,2025-10-01,0010M00001JzikWQAR
2,1:M Content,00130000004IFiW,Data Cloud,2025-07-01,2025-07-01,00130000004IFiWAAW
2,1:M Content,0013000001CAoab,Data Cloud,2025-08-01,2025-08-01,0013000001CAoabAAD
2,1:M Content,00130000009zecv,Data Cloud,2024-10-01,2024-10-01,00130000009zecvAAA
1,Success Guides,0013000000M1acM,Data Cloud,2025-07-01,2025-06-01,0013000000M1acMAAR
1,Success Guides,0013y00001esljA,Data Cloud,2025-12-01,2025-12-01,0013y00001esljAQAQ
1,Success Guides,0013000001MrLxj,Data Cloud,2025-12-01,2025-12-01,0013000001MrLxjAAF
1,Success Guides,0010M00001QqpEY,Data Cloud,2025-11-01,2025-11-01,0010M00001QqpEYQAZ
1,Success Guides,00130000000Um8M,Data Cloud,2025-11-01,2025-09-01,00130000000Um8MAAS
1,Success Guides,0013y00001bdiZz,Data Cloud,2025-06-01,2025-06-01,0013y00001bdiZzQAI
1,Success Guides,0013000000NPlxL,Data Cloud,2025-05-01,2025-05-01,0013000000NPlxLAAT
1,Success Guides,0013000000ZkGQH,Data Cloud,2024-01-01,2024-01-01,0013000000ZkGQHAA3
1,Success Guides,0013y00001cw53E,Data Cloud,2025-05-01,2025-04-01,0013y00001cw53EQAQ
1,Success Guides,0010M00001Y5R0d,Data Cloud,2025-05-01,2025-05-01,0010M00001Y5R0dQAF
1,Success Guides,00100000001nu5D,Data Cloud,2025-06-01,2025-06-01,00100000001nu5DAAQ
1,Success Guides,00130000016hIO9,Data Cloud,2024-11-01,2024-11-01,00130000016hIO9AAM
1,Success Architects,0010M00001Smwui,Data Cloud,2025-05-01,2025-04-01,0010M00001SmwuiQAB
1,Success Guides,00130000008l1H6,Data Cloud,2025-10-01,2025-10-01,00130000008l1H6AAI
1,Success Guides,0013000000NQR28,Data Cloud,2024-03-01,2024-02-01,0013000000NQR28AAH
1,Success Guides,00100000000nEfY,Data Cloud,2024-12-01,2024-12-01,00100000000nEfYAAU
1,Success Guides,00100000001E1OP,Data Cloud,2025-10-01,2025-09-01,00100000001E1OPAA0
1,Success Guides,0013y00001cFOqS,Data Cloud,2024-06-01,2024-05-01,0013y00001cFOqSQAW
1,Success Guides,00130000002xdVy,Data Cloud,2025-10-01,2025-10-01,00130000002xdVyAAI
1,Onboarding Specialists,0010M00001NYu8c,Data Cloud,2025-11-01,2025-08-01,0010M00001NYu8cQAD
1,Success Guides,0013000000C5Kvh,Data Cloud,2023-04-01,2023-04-01,0013000000C5KvhAAF
1,Success Guides,0013000000ZmAel,Data Cloud,2025-10-01,2025-10-01,0013000000ZmAelAAF
1,Success Guides,0013000000M1hpw,Data Cloud,2025-12-01,2025-11-01,0013000000M1hpwAAB
1,Success Architects,0013y00001cSVkJ,Data Cloud,2024-11-01,2024-09-01,0013y00001cSVkJQAW
1,Onboarding Specialists,0013000001JxuIc,Data Cloud,2025-08-01,2025-06-01,0013000001JxuIcAAJ
1,Success Guides,0013000001L5pC9,Data Cloud,2025-10-01,2025-10-01,0013000001L5pC9AAJ
1,Success Guides,00100000001JMGq,Data Cloud,2023-03-01,2023-03-01,00100000001JMGqAAO
1,Success Guides,0013000001JeN7D,Data Cloud,2024-02-01,2024-01-01,0013000001JeN7DAAV
2,Success Guides,00130000002lrAA,Data Cloud,2025-12-01,2025-12-01,00130000002lrAAAAY
1,Success Architects,00130000009JOmz,Data Cloud,2025-07-01,2025-05-01,00130000009JOmzAAG
1,Success Guides,0010M00001QnpcF,Data Cloud,2025-08-01,2025-06-01,0010M00001QnpcFQAR
1,Success Architects,001200000005ztl,Data Cloud,2025-07-01,2025-07-01,001200000005ztlAAA
1,Success Architects,0013y00001dKgj3,Data Cloud,2024-05-01,2024-03-01,0013y00001dKgj3QAC
1,Success Architects,0013000000JzTEJ,Data Cloud,2025-06-01,2025-06-01,0013000000JzTEJAA3
1,Onboarding Specialists,0010M00001Qkb4g,Data Cloud,2025-09-01,2025-08-01,0010M00001Qkb4gQAB
1,Success Architects,0013000001LV46L,Data Cloud,2025-02-01,2025-01-01,0013000001LV46LAAT
1,Onboarding Specialists,00130000004IFhf,Data Cloud,2025-09-01,2025-06-01,00130000004IFhfAAG
1,Success Architects,0013y00001d6xbj,Data Cloud,2025-07-01,2025-06-01,0013y00001d6xbjQAA
1,Onboarding Specialists,0013y00001g8A5j,Data Cloud,2025-10-01,2025-09-01,0013y00001g8A5jQAE
1,Success Guides,0013y00001cSa4t,Data Cloud,2025-03-01,2025-03-01,0013y00001cSa4tQAC
1,Onboarding Specialists,0010M00001NYush,Data Cloud,2025-11-01,2025-10-01,0010M00001NYushQAD
6,Success Guides,00130000016hJBE,Data Cloud,2025-11-01,2025-11-01,00130000016hJBEAA2
3,Success Guides,0013000001CBTQG,Data Cloud,2025-11-01,2025-11-01,0013000001CBTQGAA5
2,Success Guides,0013y00001cykGD,Data Cloud,2025-11-01,2025-10-01,0013y00001cykGDQAY
1,1:M Content,00100000000nEca,Data Cloud,2024-09-01,2024-09-01,00100000000nEcaAAE
1,1:M Content,00130000016glLv,Data Cloud,2025-06-01,2025-06-01,00130000016glLvAAI
1,1:M Content,0013000000NQhgD,Data Cloud,2025-04-01,2025-04-01,0013000000NQhgDAAT
1,1:M Content,001ed00000nVpzn,Data Cloud,2025-12-01,2025-12-01,001ed00000nVpznYAC
1,1:M Content,0013y00001Z0i8E,Data Cloud,2025-10-01,2025-10-01,0013y00001Z0i8EQAR
1,1:M Content,0013000000rnBOC,Data Cloud,2024-08-01,2024-08-01,0013000000rnBOCAA2
1,1:M Content,00100000001ow6d,Data Cloud,2025-12-01,2025-12-01,00100000001ow6dAAA
1,1:M Content,0013000000GMPnW,Data Cloud,2024-09-01,2024-09-01,0013000000GMPnWAAX
1,1:M Content,0013000001CBRI8,Data Cloud,2025-06-01,2025-06-01,0013000001CBRI8AAP
1,1:M Content,001000000000wCb,Data Cloud,2025-10-01,2025-10-01,001000000000wCbAAI
1,1:M Content,0013y00001cQD82,Data Cloud,2025-04-01,2025-04-01,0013y00001cQD82QAG
1,1:M Content,0013y00001gDgl5,Data Cloud,2024-10-01,2024-09-01,0013y00001gDgl5QAC
1,1:M Content,00130000002yFZh,Data Cloud,2025-10-01,2025-10-01,00130000002yFZhAAM
1,1:M Content,0013000000E1so2,Data Cloud,2025-11-01,2025-11-01,0013000000E1so2AAB
1,1:M Content,001ed00000i6sHJ,Data Cloud,2025-11-01,2025-11-01,001ed00000i6sHJYAY
1,1:M Content,0013y00001cyfug,Data Cloud,2025-01-01,2025-01-01,0013y00001cyfugQAA
1,1:M Content,0010M00001QnmaJ,Data Cloud,2024-12-01,2024-12-01,0010M00001QnmaJQAR
1,1:M Content,0013y00001c4mli,Data Cloud,2025-05-01,2025-05-01,0013y00001c4mliQAA
1,1:M Content,00130000001S780,Data Cloud,2025-02-01,2025-02-01,00130000001S780AAC
1,1:M Content,0010M00001Xy4hs,Data Cloud,2024-05-01,2024-05-01,0010M00001Xy4hsQAB
1,1:M Content,00130000002xcJa,Data Cloud,2024-09-01,2024-09-01,00130000002xcJaAAI
1,1:M Content,0013000001CDpt0,Data Cloud,2025-06-01,2025-06-01,0013000001CDpt0AAD
1,1:M Content,0010M00001U44r7,Data Cloud,2025-06-01,2025-06-01,0010M00001U44r7QAB
1,1:M Content,0013000000NQsdP,Data Cloud,2025-12-01,2025-12-01,0013000000NQsdPAAT
1,1:M Content,0013y00001cUVR0,Data Cloud,2025-03-01,2025-03-01,0013y00001cUVR0QAO
1,1:M Content,001ed00000ARVrb,Data Cloud,2024-12-01,2024-12-01,001ed00000ARVrbYAH
1,1:M Content,0010M00001U3wGP,Data Cloud,2025-04-01,2025-04-01,0010M00001U3wGPQAZ
1,1:M Content,0013y00001cSRkv,Data Cloud,2025-09-01,2025-09-01,0013y00001cSRkvQAG
1,1:M Content,00100000001DUQr,Data Cloud,2025-04-01,2025-04-01,00100000001DUQrAAO
1,1:M Content,0010M00001Y5R0d,Data Cloud,2025-08-01,2025-08-01,0010M00001Y5R0dQAF
1,1:M Content,00130000009zAXX,Data Cloud,2025-03-01,2025-03-01,00130000009zAXXAA2
1,1:M Content,0013000000Zjai8,Data Cloud,2025-10-01,2025-10-01,0013000000Zjai8AAB
1,1:M Content,0013000000ZmFYL,Data Cloud,2025-03-01,2025-03-01,0013000000ZmFYLAA3
1,1:M Content,00130000002xANG,Data Cloud,2025-07-01,2025-07-01,00130000002xANGAA2
1,1:M Content,0013y00001cQEyn,Data Cloud,2024-06-01,2024-06-01,0013y00001cQEynQAG
1,1:M Content,00130000016j76i,Data Cloud,2025-05-01,2025-05-01,00130000016j76iAAA
1,1:M Content,0013000000RWw8R,Data Cloud,2025-05-01,2025-05-01,0013000000RWw8RAAT
1,1:M Content,0013000001NXdwu,Data Cloud,2025-07-01,2025-07-01,0013000001NXdwuAAD
1,1:M Content,0013000001KYSmT,Data Cloud,2025-07-01,2025-07-01,0013000001KYSmTAAX
1,1:M Content,0013y00001cMuUa,Data Cloud,2024-12-01,2024-12-01,0013y00001cMuUaQAK
1,1:M Content,0013000001NX77B,Data Cloud,2025-12-01,2025-12-01,0013000001NX77BAAT
1,1:M Content,0013000000CHhsB,Data Cloud,2025-07-01,2025-07-01,0013000000CHhsBAAT
1,1:M Content,00130000002xKzA,Data Cloud,2024-03-01,2024-03-01,00130000002xKzAAAU
1,1:M Content,0010M00001Xy5RL,Data Cloud,2024-09-01,2024-09-01,0010M00001Xy5RLQAZ
1,1:M Content,00130000000NmT2,Data Cloud,2024-10-01,2024-10-01,00130000000NmT2AAK
1,1:M Content,0013000000Zl6Lq,Data Cloud,2025-07-01,2025-07-01,0013000000Zl6LqAAJ
1,1:M Content,0013y00001grsw1,Data Cloud,2024-10-01,2024-09-01,0013y00001grsw1QAA
1,1:M Content,0010M00001ULt6h,Data Cloud,2025-06-01,2025-06-01,0010M00001ULt6hQAD
1,1:M Content,00130000016gPO2,Data Cloud,2025-11-01,2025-11-01,00130000016gPO2AAM
1,1:M Content,0010M00001SISsn,Data Cloud,2025-12-01,2025-12-01,0010M00001SISsnQAH
1,1:M Content,00130000007ra91,Data Cloud,2024-08-01,2024-07-01,00130000007ra91AAA
1,1:M Content,0010M00001YFcWS,Data Cloud,2025-09-01,2025-09-01,0010M00001YFcWSQA1
1,1:M Content,0013y00001f5ytF,Data Cloud,2025-11-01,2025-11-01,0013y00001f5ytFQAQ
1,1:M Content,001ed00000IkFRZ,Data Cloud,2025-07-01,2025-07-01,001ed00000IkFRZYA3
1,1:M Content,0013y00001g9O2D,Data Cloud,2024-05-01,2024-04-01,0013y00001g9O2DQAU
1,1:M Content,00100000000EKru,Data Cloud,2025-04-01,2025-04-01,00100000000EKruAAG
1,1:M Content,0013000000M1VHZ,Data Cloud,2025-11-01,2025-11-01,0013000000M1VHZAA3
1,1:M Content,00130000004IFiW,Data Cloud,2025-07-01,2025-06-01,00130000004IFiWAAW
2,1:M Content,0013000000Gu5Cy,Data Cloud,2025-11-01,2025-11-01,0013000000Gu5CyAAJ
2,1:M Content,0010M00001Xy0s6,Data Cloud,2024-10-01,2024-10-01,0010M00001Xy0s6QAB
3,1:M Content,0013000000RWxyb,Data Cloud,2025-08-01,2025-08-01,0013000000RWxybAAD
7,1:M Content,001000000017PhD,Data Cloud,2025-12-01,2025-12-01,001000000017PhDAAU
2,1:M Content,0013000000RX51y,Data Cloud,2025-02-01,2025-02-01,0013000000RX51yAAD
3,1:M Content,0013000000HFbxu,Data Cloud,2025-08-01,2025-08-01,0013000000HFbxuAAD
2,1:M Content,0013000000I3dRG,Data Cloud,2025-02-01,2025-02-01,0013000000I3dRGAAZ
1,Onboarding Specialists,0013y00001gmkGZ,Data Cloud,2025-06-01,2025-05-01,0013y00001gmkGZQAY
1,Success Guides,0013y00001cg237,Data Cloud,2025-12-01,2025-10-01,0013y00001cg237QAA
1,Success Guides,0013000000ZltRw,Data Cloud,2025-01-01,2024-12-01,0013000000ZltRwAAJ
1,Onboarding Specialists,0013000000NQ4Sq,Data Cloud,2025-05-01,2025-05-01,0013000000NQ4SqAAL
1,Success Guides,00130000009amDe,Data Cloud,2023-03-01,2023-03-01,00130000009amDeAAI
1,Onboarding Specialists,0013000001L6dP3,Data Cloud,2025-02-01,2025-01-01,0013000001L6dP3AAJ
1,Success Guides,0013000000GIhzI,Data Cloud,2025-11-01,2025-10-01,0013000000GIhzIAAT
1,Success Guides,0013y00001hNmqa,Data Cloud,2025-12-01,2025-11-01,0013y00001hNmqaQAC
1,Onboarding Specialists,0010M00001WJjvC,Data Cloud,2024-01-01,2023-11-01,0010M00001WJjvCQAT
1,Onboarding Specialists,0013000000Em7Ii,Data Cloud,2025-11-01,2025-10-01,0013000000Em7IiAAJ
1,Success Guides,0013000000GpvVk,Data Cloud,2023-10-01,2023-09-01,0013000000GpvVkAAJ
1,Onboarding Specialists,0013000000JKS2V,Data Cloud,2025-08-01,2025-07-01,0013000000JKS2VAAX
1,Success Architects,00130000016jl2t,Data Cloud,2025-08-01,2025-07-01,00130000016jl2tAAA
1,Success Guides,0013000000M2jOh,Data Cloud,2024-03-01,2024-03-01,0013000000M2jOhAAJ
1,Success Architects,0013y00001c8Lgn,Data Cloud,2024-09-01,2024-07-01,0013y00001c8LgnQAE
1,Onboarding Specialists,0013y00001fStWX,Data Cloud,2025-10-01,2025-03-01,0013y00001fStWXQA0
1,Success Architects,0013y00001gDk0W,Data Cloud,2024-09-01,2024-08-01,0013y00001gDk0WQAS
1,Onboarding Specialists,0013000000KxDMK,Data Cloud,2025-07-01,2025-04-01,0013000000KxDMKAA3
1,Success Architects,0010M00001Qlm0n,Data Cloud,2024-09-01,2024-08-01,0010M00001Qlm0nQAB
1,Success Architects,0013y00001fSvHk,Data Cloud,2024-10-01,2024-08-01,0013y00001fSvHkQAK
1,Onboarding Specialists,0013000000ZmQlH,Data Cloud,2023-10-01,2023-08-01,0013000000ZmQlHAAV
1,Success Guides,0010M00001WJMmx,Data Cloud,2025-04-01,2025-03-01,0010M00001WJMmxQAH
1,Success Guides,0013000001GWibG,Data Cloud,2025-12-01,2025-10-01,0013000001GWibGAAT
1,Success Guides,00130000002xL6L,Data Cloud,2025-06-01,2025-05-01,00130000002xL6LAAU
1,Success Guides,0013000001CB6Ob,Data Cloud,2024-04-01,2024-04-01,0013000001CB6ObAAL
1,Success Guides,00130000002lrAA,Data Cloud,2025-11-01,2025-10-01,00130000002lrAAAAY
1,Success Guides,0013000000M2UOx,Data Cloud,2025-11-01,2025-10-01,0013000000M2UOxAAN
1,Success Guides,0010M00001XxtZR,Data Cloud,2025-12-01,2025-11-01,0010M00001XxtZRQAZ
1,Onboarding Specialists,0013000000I3yIi,Data Cloud,2025-12-01,2025-08-01,0013000000I3yIiAAJ
1,Success Guides,0013000000hLidY,Data Cloud,2025-09-01,2025-09-01,0013000000hLidYAAS
1,Success Guides,0010M00001Yb35z,Data Cloud,2025-09-01,2025-07-01,0010M00001Yb35zQAB
1,Success Guides,0010M00001W7n0r,Data Cloud,2024-12-01,2024-12-01,0010M00001W7n0rQAB
1,Success Architects,0013000001CAoab,Data Cloud,2024-07-01,2024-06-01,0013000001CAoabAAD
1,Success Guides,001ed00000GLtRh,Data Cloud,2025-08-01,2025-08-01,001ed00000GLtRhYAL
1,Success Guides,00130000016hAC6,Data Cloud,2024-01-01,2023-12-01,00130000016hAC6AAM
1,Success Guides,0013y00001eDPkS,Data Cloud,2025-12-01,2025-12-01,0013y00001eDPkSQAW
1,Success Guides,0010M00001NYceD,Data Cloud,2025-11-01,2025-11-01,0010M00001NYceDQAT
3,Success Guides,0013000000JJgYS,Data Cloud,2025-03-01,2025-03-01,0013000000JJgYSAA1
1,1:M Content,001ed000004OThl,Data Cloud,2025-08-01,2025-08-01,001ed000004OThlYAG
1,1:M Content,0010000000164Oi,Data Cloud,2025-12-01,2025-12-01,0010000000164OiAAI
1,1:M Content,0013000000Zja08,Data Cloud,2024-03-01,2024-03-01,0013000000Zja08AAB
1,1:M Content,00130000000jtHD,Data Cloud,2024-04-01,2024-04-01,00130000000jtHDAAY
1,1:M Content,0013000000HFbxu,Data Cloud,2024-05-01,2024-05-01,0013000000HFbxuAAD
1,1:M Content,0013000001CCIFs,Data Cloud,2025-11-01,2025-11-01,0013000001CCIFsAAP
1,1:M Content,0013000000794Fv,Data Cloud,2025-11-01,2025-11-01,0013000000794FvAAI
1,1:M Content,0013000000RZ2fO,Data Cloud,2025-11-01,2025-11-01,0013000000RZ2fOAAT
1,1:M Content,001ed00000OM1Z7,Data Cloud,2025-04-01,2025-04-01,001ed00000OM1Z7YAL
1,1:M Content,0013y00001eBr4u,Data Cloud,2024-04-01,2024-04-01,0013y00001eBr4uQAC
1,1:M Content,0013000000NPEtp,Data Cloud,2025-07-01,2025-07-01,0013000000NPEtpAAH
1,1:M Content,0013000001Msue0,Data Cloud,2024-08-01,2024-08-01,0013000001Msue0AAB
1,1:M Content,0010M00001PDxAR,Data Cloud,2025-10-01,2025-10-01,0010M00001PDxARQA1
1,1:M Content,0013000001CA5do,Data Cloud,2024-05-01,2024-05-01,0013000001CA5doAAD
1,1:M Content,0013y00001ck1OU,Data Cloud,2025-02-01,2025-02-01,0013y00001ck1OUQAY
1,1:M Content,0013000001CD0Vk,Data Cloud,2024-12-01,2024-12-01,0013000001CD0VkAAL
1,1:M Content,0013000000RZC8c,Data Cloud,2025-03-01,2025-03-01,0013000000RZC8cAAH
1,1:M Content,00100000001rsZy,Data Cloud,2025-01-01,2025-01-01,00100000001rsZyAAI
1,1:M Content,0010M00001X8IFE,Data Cloud,2025-07-01,2025-07-01,0010M00001X8IFEQA3
1,1:M Content,0013000000Rauz2,Data Cloud,2025-07-01,2025-07-01,0013000000Rauz2AAB
1,1:M Content,0010M00001SejQ4,Data Cloud,2024-12-01,2024-12-01,0010M00001SejQ4QAJ
1,1:M Content,00130000016h1fV,Data Cloud,2025-01-01,2025-01-01,00130000016h1fVAAQ
1,1:M Content,0010M00001QmhDj,Data Cloud,2025-01-01,2025-01-01,0010M00001QmhDjQAJ
1,1:M Content,0013000000RZFFE,Data Cloud,2025-06-01,2025-06-01,0013000000RZFFEAA5
1,1:M Content,0010M00001Qm5BC,Data Cloud,2024-06-01,2024-06-01,0010M00001Qm5BCQAZ
1,1:M Content,0010M00001XxfAV,Data Cloud,2025-08-01,2025-08-01,0010M00001XxfAVQAZ
1,1:M Content,0013000000HFbqL,Data Cloud,2025-12-01,2025-12-01,0013000000HFbqLAAT
1,1:M Content,0013000000IkQD7,Data Cloud,2025-08-01,2025-08-01,0013000000IkQD7AAN
1,1:M Content,0013y00001chJYj,Data Cloud,2025-11-01,2025-11-01,0013y00001chJYjQAM
1,1:M Content,0013y00001ck1VL,Data Cloud,2025-04-01,2025-03-01,0013y00001ck1VLQAY
1,1:M Content,0013000001CArCy,Data Cloud,2025-05-01,2025-05-01,0013000001CArCyAAL
1,1:M Content,0013000001CA8Y8,Data Cloud,2025-10-01,2025-10-01,0013000001CA8Y8AAL
1,1:M Content,0013000000Zl1ia,Data Cloud,2024-11-01,2024-11-01,0013000000Zl1iaAAB
1,1:M Content,0013000000A8XLn,Data Cloud,2025-10-01,2025-10-01,0013000000A8XLnAAN
1,1:M Content,0013y00001dxey4,Data Cloud,2025-05-01,2025-05-01,0013y00001dxey4QAA
1,1:M Content,0013000001M1awJ,Data Cloud,2025-07-01,2025-07-01,0013000001M1awJAAR
1,1:M Content,00130000002MExN,Data Cloud,2025-05-01,2025-05-01,00130000002MExNAAW
1,1:M Content,0013000001GW3Fh,Data Cloud,2025-06-01,2025-06-01,0013000001GW3FhAAL
1,1:M Content,0013000000M2BN2,Data Cloud,2024-03-01,2024-03-01,0013000000M2BN2AAN
1,1:M Content,001ed00000JNDss,Data Cloud,2025-02-01,2025-02-01,001ed00000JNDssYAH
1,1:M Content,0013y00001h5p0n,Data Cloud,2025-10-01,2025-10-01,0013y00001h5p0nQAA
1,1:M Content,0013y00001g9kmd,Data Cloud,2025-05-01,2025-05-01,0013y00001g9kmdQAA
1,1:M Content,0013000000HHaj7,Data Cloud,2025-06-01,2025-06-01,0013000000HHaj7AAD
1,1:M Content,0013y00001cfeGH,Data Cloud,2025-08-01,2025-08-01,0013y00001cfeGHQAY
5,1:M Content,001ed0000068oiY,Data Cloud,2025-12-01,2025-12-01,001ed0000068oiYYAQ
2,1:M Content,0013000001CCq4U,Data Cloud,2025-11-01,2025-11-01,0013000001CCq4UAAT
1,Onboarding Specialists,00130000002xICA,Data Cloud,2024-06-01,2024-05-01,00130000002xICAAA2
1,Success Guides,00130000004EBQ0,Data Cloud,2025-12-01,2025-11-01,00130000004EBQ0AAO
1,Success Architects,00130000002x8gl,Data Cloud,2025-05-01,2025-03-01,00130000002x8glAAA
1,Onboarding Specialists,0013y00001c8DqV,Data Cloud,2023-05-01,2023-02-01,0013y00001c8DqVQAU
1,Success Guides,0010M00001UVaOO,Data Cloud,2025-11-01,2025-10-01,0010M00001UVaOOQA1
1,Success Architects,0013y00001d2GZC,Data Cloud,2024-11-01,2024-09-01,0013y00001d2GZCQA2
1,Success Architects,0013000001GHjIs,Data Cloud,2025-05-01,2025-05-01,0013000001GHjIsAAL
1,Success Architects,0013y00001cIbCr,Data Cloud,2024-07-01,2024-06-01,0013y00001cIbCrQAK
1,Success Architects,0013000000M2MYN,Data Cloud,2024-12-01,2024-10-01,0013000000M2MYNAA3
1,Success Guides,0013000001CCLEB,Data Cloud,2025-08-01,2025-07-01,0013000001CCLEBAA5
1,Success Architects,0013000000hJ0ST,Data Cloud,2025-05-01,2025-04-01,0013000000hJ0STAA0
1,Success Guides,0010M00001QmbNf,Data Cloud,2025-09-01,2025-08-01,0010M00001QmbNfQAJ
1,Onboarding Specialists,0013y00001camCB,Data Cloud,2025-09-01,2025-07-01,0013y00001camCBQAY
1,Success Architects,00100000001rsZy,Data Cloud,2025-05-01,2025-03-01,00100000001rsZyAAI
1,Success Guides,0013000001CCpyw,Data Cloud,2025-09-01,2025-08-01,0013000001CCpywAAD
1,Success Architects,0010M00001QnS1D,Data Cloud,2024-06-01,2024-04-01,0010M00001QnS1DQAV
1,Success Architects,0013000001CDlqN,Data Cloud,2025-07-01,2025-05-01,0013000001CDlqNAAT
1,Success Guides,0013y00001d1gsI,Data Cloud,2025-12-01,2025-12-01,0013y00001d1gsIQAQ
1,Success Guides,0013000000RZXlA,Data Cloud,2025-10-01,2025-09-01,0013000000RZXlAAAX
1,Success Architects,0013000000ZkPdh,Data Cloud,2025-05-01,2025-05-01,0013000000ZkPdhAAF
1,Onboarding Specialists,001ed00000UKWDz,Data Cloud,2025-11-01,2025-07-01,001ed00000UKWDzYAP
1,Success Guides,00100000001eIPb,Data Cloud,2025-07-01,2025-05-01,00100000001eIPbAAM
1,Onboarding Specialists,0013y00001f9L2n,Data Cloud,2025-08-01,2025-08-01,0013y00001f9L2nQAE
1,Success Guides,0010M00001YavND,Data Cloud,2024-11-01,2024-10-01,0010M00001YavNDQAZ
1,Onboarding Specialists,0013y00001Y0Org,Data Cloud,2025-07-01,2025-04-01,0013y00001Y0OrgQAF
1,Success Architects,0013000000rotO4,Data Cloud,2024-07-01,2024-07-01,0013000000rotO4AAI
1,Success Guides,001ed00000njZND,Data Cloud,2026-01-01,2025-11-01,001ed00000njZNDYA2
1,Success Architects,0013y00001d0irs,Data Cloud,2025-01-01,2024-11-01,0013y00001d0irsQAA
1,Success Architects,0013000000ImKKr,Data Cloud,2024-08-01,2024-06-01,0013000000ImKKrAAN
1,Success Guides,0013000000RXVwg,Data Cloud,2025-06-01,2025-05-01,0013000000RXVwgAAH
1,Success Guides,0013y00001dy1HG,Data Cloud,2025-07-01,2025-06-01,0013y00001dy1HGQAY
1,Success Architects,001ed00000AvYTp,Data Cloud,2025-03-01,2025-02-01,001ed00000AvYTpYAN
1,Success Guides,00100000001ih1e,Data Cloud,2024-05-01,2024-05-01,00100000001ih1eAAA
1,Success Guides,0010M00001QaaLy,Data Cloud,2025-12-01,2025-12-01,0010M00001QaaLyQAJ
1,Success Guides,0013000001GW3Gk,Data Cloud,2025-03-01,2025-03-01,0013000001GW3GkAAL
2,Success Guides,0013000000rqy1R,Data Cloud,2025-02-01,2025-02-01,0013000000rqy1RAAQ
2,Success Architects,0013000000hJrzc,Data Cloud,2025-08-01,2025-07-01,0013000000hJrzcAAC
2,Success Guides,00130000002xHpj,Data Cloud,2025-09-01,2025-09-01,00130000002xHpjAAE
1,1:M Content,00130000016juHr,Data Cloud,2025-06-01,2025-06-01,00130000016juHrAAI
1,1:M Content,0013y00001Z1Apj,Data Cloud,2025-02-01,2025-02-01,0013y00001Z1ApjQAF
1,1:M Content,0013000000RWsMU,Data Cloud,2025-10-01,2025-10-01,0013000000RWsMUAA1
1,1:M Content,0013000000Zjb8c,Data Cloud,2025-12-01,2025-12-01,0013000000Zjb8cAAB
1,1:M Content,0010M00001WYLku,Data Cloud,2025-10-01,2025-10-01,0010M00001WYLkuQAH
1,1:M Content,001ed000006Ywz0,Data Cloud,2025-05-01,2025-05-01,001ed000006Ywz0YAC
1,1:M Content,0013000000HFbxu,Data Cloud,2025-10-01,2025-10-01,0013000000HFbxuAAD
1,1:M Content,0010M00001Wa9pf,Data Cloud,2025-12-01,2025-12-01,0010M00001Wa9pfQAB
1,1:M Content,00130000009zAXX,Data Cloud,2025-09-01,2025-09-01,00130000009zAXXAA2
1,1:M Content,0013000000M2UOx,Data Cloud,2025-03-01,2025-03-01,0013000000M2UOxAAN
1,1:M Content,0013000000RZ2Ls,Data Cloud,2025-01-01,2025-01-01,0013000000RZ2LsAAL
1,1:M Content,001ed00000mOazf,Data Cloud,2025-10-01,2025-10-01,001ed00000mOazfYAC
1,1:M Content,001000000012srh,Data Cloud,2024-06-01,2024-06-01,001000000012srhAAA
1,1:M Content,00130000016jDzn,Data Cloud,2025-08-01,2025-08-01,00130000016jDznAAE
1,1:M Content,00100000001mAxy,Data Cloud,2024-06-01,2024-06-01,00100000001mAxyAAE
1,1:M Content,0010M00001NYW29,Data Cloud,2025-04-01,2025-03-01,0010M00001NYW29QAH
1,1:M Content,0013000001CBbS3,Data Cloud,2025-12-01,2025-12-01,0013000001CBbS3AAL
1,1:M Content,0010M00001QaVY2,Data Cloud,2024-12-01,2024-12-01,0010M00001QaVY2QAN
1,1:M Content,0013y00001ceCUp,Data Cloud,2025-04-01,2025-03-01,0013y00001ceCUpQAM
1,1:M Content,0013000000CFA4v,Data Cloud,2025-08-01,2025-08-01,0013000000CFA4vAAH
1,1:M Content,001ed00000AZvNX,Data Cloud,2024-11-01,2024-11-01,001ed00000AZvNXYA1
1,1:M Content,0013000000rqpm5,Data Cloud,2024-07-01,2024-07-01,0013000000rqpm5AAA
1,1:M Content,001ed00000RcS70,Data Cloud,2025-06-01,2025-06-01,001ed00000RcS70YAF
1,1:M Content,0013000000LBr30,Data Cloud,2025-03-01,2025-03-01,0013000000LBr30AAD
1,1:M Content,001ed00000QiGi1,Data Cloud,2025-06-01,2025-06-01,001ed00000QiGi1YAF
1,1:M Content,0013000000ZlxVH,Data Cloud,2025-06-01,2025-06-01,0013000000ZlxVHAAZ
1,1:M Content,0013000001CBMml,Data Cloud,2025-02-01,2025-02-01,0013000001CBMmlAAH
1,1:M Content,00130000005ufos,Data Cloud,2024-08-01,2024-07-01,00130000005ufosAAA
1,1:M Content,0013000001GWBGd,Data Cloud,2024-08-01,2024-08-01,0013000001GWBGdAAP
1,1:M Content,001ed00000HIJqV,Data Cloud,2025-02-01,2025-02-01,001ed00000HIJqVYAX
1,1:M Content,00130000016k8ZF,Data Cloud,2024-03-01,2024-03-01,00130000016k8ZFAAY
1,1:M Content,0013000000Ra75U,Data Cloud,2025-04-01,2025-04-01,0013000000Ra75UAAR
1,1:M Content,0010M00001WZ3Eo,Data Cloud,2025-12-01,2025-12-01,0010M00001WZ3EoQAL
1,1:M Content,00100000001TIwe,Data Cloud,2025-01-01,2025-01-01,00100000001TIweAAG
1,1:M Content,0013y00001dOEQ1,Data Cloud,2024-10-01,2024-10-01,0013y00001dOEQ1QAO
1,1:M Content,0013000000NRDv9,Data Cloud,2025-03-01,2025-03-01,0013000000NRDv9AAH
1,1:M Content,0013000000ZkNk7,Data Cloud,2025-06-01,2025-06-01,0013000000ZkNk7AAF
1,1:M Content,0013y00001dNGSM,Data Cloud,2025-05-01,2025-05-01,0013y00001dNGSMQA4
1,1:M Content,0013y00001g8AHR,Data Cloud,2024-05-01,2024-05-01,0013y00001g8AHRQA2
1,1:M Content,001ed00000jBiqJ,Data Cloud,2025-09-01,2025-09-01,001ed00000jBiqJYAS
1,1:M Content,0013000000RWsMU,Data Cloud,2025-09-01,2025-09-01,0013000000RWsMUAA1
1,1:M Content,0010M00001U3wGP,Data Cloud,2025-08-01,2025-08-01,0010M00001U3wGPQAZ
1,1:M Content,0013000001JeN7D,Data Cloud,2024-06-01,2024-06-01,0013000001JeN7DAAV
1,1:M Content,0013000001LVXWn,Data Cloud,2025-02-01,2025-02-01,0013000001LVXWnAAP
1,1:M Content,0013y00001cfqL1,Data Cloud,2025-02-01,2025-02-01,0013y00001cfqL1QAI
3,1:M Content,0013000000RZ2Ls,Data Cloud,2025-11-01,2025-11-01,0013000000RZ2LsAAL
2,1:M Content,001ed00000Vo9uH,Data Cloud,2025-07-01,2025-07-01,001ed00000Vo9uHYAR
2,1:M Content,0013y00001cjtQZ,Data Cloud,2025-10-01,2025-10-01,0013y00001cjtQZQAY
2,1:M Content,0013000001MeDGy,Data Cloud,2025-05-01,2025-05-01,0013000001MeDGyAAN
2,1:M Content,00130000000h1Jm,Data Cloud,2025-03-01,2025-03-01,00130000000h1JmAAI
2,1:M Content,0010000000063F0,Data Cloud,2025-12-01,2025-12-01,0010000000063F0AAI
1,Success Guides,0010M00001WZnpq,Data Cloud,2025-06-01,2025-05-01,0010M00001WZnpqQAD
1,Success Architects,0013000001CDA2r,Data Cloud,2024-04-01,2024-02-01,0013000001CDA2rAAH
1,Success Guides,00130000002x8Xw,Data Cloud,2024-12-01,2024-12-01,00130000002x8XwAAI
1,Success Guides,0013000000rpkHG,Data Cloud,2025-10-01,2025-09-01,0013000000rpkHGAAY
1,Success Architects,00130000016ik2c,Data Cloud,2025-02-01,2024-10-01,00130000016ik2cAAA
1,Onboarding Specialists,0010M00001cCTU5,Data Cloud,2025-07-01,2025-07-01,0010M00001cCTU5QAO
1,Success Guides,0010M00001UEbix,Data Cloud,2025-09-01,2025-09-01,0010M00001UEbixQAD
1,Onboarding Specialists,0013y00001Z15bh,Data Cloud,2024-03-01,2024-03-01,0013y00001Z15bhQAB
1,Success Guides,00130000008vApD,Data Cloud,2025-11-01,2025-11-01,00130000008vApDAAU
1,Success Guides,00130000000LY3e,Data Cloud,2025-09-01,2025-08-01,00130000000LY3eAAG
1,Onboarding Specialists,0013000001GXuOp,Data Cloud,2025-10-01,2025-07-01,0013000001GXuOpAAL
1,Onboarding Specialists,0013y00001fvAe3,Data Cloud,2025-10-01,2025-09-01,0013y00001fvAe3QAE
1,Success Architects,00130000000FEBh,Data Cloud,2024-08-01,2024-07-01,00130000000FEBhAAO
1,Success Guides,0010M00001QlurM,Data Cloud,2024-02-01,2024-01-01,0010M00001QlurMQAR
1,Success Architects,0013000000ZlQp2,Data Cloud,2025-06-01,2025-05-01,0013000000ZlQp2AAF
1,Success Architects,00100000000y4SW,Data Cloud,2025-07-01,2025-07-01,00100000000y4SWAAY
1,Success Guides,001000000013TWW,Data Cloud,2025-07-01,2025-07-01,001000000013TWWAA2
1,Success Architects,0013000000hL7m2,Data Cloud,2025-06-01,2025-05-01,0013000000hL7m2AAC
1,Success Guides,0013000000M0iNf,Data Cloud,2025-12-01,2025-11-01,0013000000M0iNfAAJ
1,Success Architects,0013000000hIgVy,Data Cloud,2025-05-01,2025-04-01,0013000000hIgVyAAK
1,Success Guides,0010M00001NYXCZ,Data Cloud,2024-06-01,2024-06-01,0010M00001NYXCZQA5
1,Success Guides,001ed00000JrlVi,Data Cloud,2025-11-01,2025-11-01,001ed00000JrlViYAJ
1,Success Guides,0013000000ITqMu,Data Cloud,2023-06-01,2023-06-01,0013000000ITqMuAAL
1,Success Guides,0013000000RZ2Ls,Data Cloud,2025-02-01,2025-01-01,0013000000RZ2LsAAL
1,Success Guides,0013000000Zmc3Z,Data Cloud,2025-09-01,2025-08-01,0013000000Zmc3ZAAR
1,Success Architects,0013000001NXjsO,Data Cloud,2024-04-01,2024-03-01,0013000001NXjsOAAT
1,Success Guides,0013y00001cYGDO,Data Cloud,2025-05-01,2025-05-01,0013y00001cYGDOQA4
1,Success Guides,0013000000roCWg,Data Cloud,2023-09-01,2023-08-01,0013000000roCWgAAM
1,Success Architects,0013y00001cShv1,Data Cloud,2024-05-01,2024-04-01,0013y00001cShv1QAC
1,Success Architects,0013000000hJOi1,Data Cloud,2025-05-01,2025-05-01,0013000000hJOi1AAG
1,Success Architects,0010M00001W7xkz,Data Cloud,2024-07-01,2024-06-01,0010M00001W7xkzQAB
1,Onboarding Specialists,0010M00001Jzbte,Data Cloud,2024-05-01,2024-05-01,0010M00001JzbteQAB
1,Success Guides,0013y00001gccbp,Data Cloud,2025-07-01,2025-06-01,0013y00001gccbpQAA
1,Success Guides,0013000001Fqw7q,Data Cloud,2025-10-01,2025-09-01,0013000001Fqw7qAAB
1,Success Guides,0010M00001THEjc,Data Cloud,2025-04-01,2025-04-01,0010M00001THEjcQAH
1,Success Architects,001ed000005k9S1,Data Cloud,2025-03-01,2025-02-01,001ed000005k9S1YAI
7,Success Guides,0013000001M1hVL,Data Cloud,2025-02-01,2025-02-01,0013000001M1hVLAAZ
2,Success Guides,00100000000Rn64,Data Cloud,2025-11-01,2025-11-01,00100000000Rn64AAC
2,Success Guides,0010M00001UVQ98,Data Cloud,2025-12-01,2025-11-01,0010M00001UVQ98QAH
2,Success Guides,0013000000CGwgV,Data Cloud,2025-07-01,2025-07-01,0013000000CGwgVAAT
1,1:M Content,0010M00001WAEUI,Data Cloud,2024-06-01,2024-06-01,0010M00001WAEUIQA5
1,1:M Content,001000000027wMk,Data Cloud,2024-07-01,2024-07-01,001000000027wMkAAI
1,1:M Content,0010M00001Spwtj,Data Cloud,2024-04-01,2024-04-01,0010M00001SpwtjQAB
1,1:M Content,0010M00001WYLku,Data Cloud,2025-11-01,2025-11-01,0010M00001WYLkuQAH
1,1:M Content,00130000002xaAq,Data Cloud,2025-07-01,2025-07-01,00130000002xaAqAAI
1,1:M Content,001ed00000JN8DG,Data Cloud,2025-09-01,2025-09-01,001ed00000JN8DGYA1
1,1:M Content,00100000001u5Qo,Data Cloud,2025-01-01,2025-01-01,00100000001u5QoAAI
1,1:M Content,001ed00000ecuqA,Data Cloud,2025-11-01,2025-11-01,001ed00000ecuqAYAQ
1,1:M Content,0013000000Zkvqb,Data Cloud,2024-06-01,2024-06-01,0013000000ZkvqbAAB
1,1:M Content,0013000000rnvEk,Data Cloud,2024-10-01,2024-10-01,0013000000rnvEkAAI
1,1:M Content,001ed00000Rii5p,Data Cloud,2025-08-01,2025-08-01,001ed00000Rii5pYAB
1,1:M Content,0013y00001cgV9Y,Data Cloud,2025-05-01,2025-05-01,0013y00001cgV9YQAU
1,1:M Content,0013000000M2fnj,Data Cloud,2024-10-01,2024-10-01,0013000000M2fnjAAB
1,1:M Content,0013000000Fe2w8,Data Cloud,2025-05-01,2025-05-01,0013000000Fe2w8AAB
1,1:M Content,0013000001CBbjc,Data Cloud,2025-09-01,2025-09-01,0013000001CBbjcAAD
1,1:M Content,0010M00001S99H9,Data Cloud,2024-10-01,2024-10-01,0010M00001S99H9QAJ
1,1:M Content,0013000001J65nY,Data Cloud,2024-09-01,2024-09-01,0013000001J65nYAAR
1,1:M Content,0010M00001JzePR,Data Cloud,2024-10-01,2024-10-01,0010M00001JzePRQAZ
1,1:M Content,0013y00001gFG3B,Data Cloud,2024-08-01,2024-08-01,0013y00001gFG3BQAW
1,1:M Content,0013000000FKiEP,Data Cloud,2024-07-01,2024-07-01,0013000000FKiEPAA1
1,1:M Content,0010M00001c4SZ0,Data Cloud,2025-07-01,2025-07-01,0010M00001c4SZ0QAM
1,1:M Content,0010M00001WaNaP,Data Cloud,2025-08-01,2025-08-01,0010M00001WaNaPQAV
1,1:M Content,00100000000nEZj,Data Cloud,2024-12-01,2024-12-01,00100000000nEZjAAM
1,1:M Content,0013y00001g9i3b,Data Cloud,2024-08-01,2024-07-01,0013y00001g9i3bQAA
1,1:M Content,00100000002CN8M,Data Cloud,2024-11-01,2024-11-01,00100000002CN8MAAW
1,1:M Content,0013y00001fEqyK,Data Cloud,2025-08-01,2025-08-01,0013y00001fEqyKQAS
1,1:M Content,001ed000006F0HE,Data Cloud,2025-11-01,2025-11-01,001ed000006F0HEYA0
1,1:M Content,00100000001TmK9,Data Cloud,2024-08-01,2024-07-01,00100000001TmK9AAK
1,1:M Content,0013000000LDluk,Data Cloud,2025-10-01,2025-10-01,0013000000LDlukAAD
1,1:M Content,0010M00001bm3tV,Data Cloud,2025-07-01,2025-07-01,0010M00001bm3tVQAQ
1,1:M Content,0013y00001d9KMd,Data Cloud,2024-11-01,2024-11-01,0013y00001d9KMdQAM
1,1:M Content,0013y00001cT9p6,Data Cloud,2024-10-01,2024-10-01,0013y00001cT9p6QAC
1,1:M Content,0010M00001WYru7,Data Cloud,2025-07-01,2025-07-01,0010M00001WYru7QAD
1,1:M Content,0013000000ZkXzz,Data Cloud,2024-09-01,2024-09-01,0013000000ZkXzzAAF
1,1:M Content,0013000000ACWtf,Data Cloud,2024-05-01,2024-05-01,0013000000ACWtfAAH
2,1:M Content,0010M00001SHnsv,Data Cloud,2025-10-01,2025-10-01,0010M00001SHnsvQAD
2,1:M Content,001ed00000BXPmD,Data Cloud,2024-12-01,2024-12-01,001ed00000BXPmDYAX
2,1:M Content,0013y00001cSRkv,Data Cloud,2025-06-01,2025-06-01,0013y00001cSRkvQAG
2,1:M Content,0013000000GIXDX,Data Cloud,2025-08-01,2025-08-01,0013000000GIXDXAA5
3,1:M Content,0013000000Em4El,Data Cloud,2025-11-01,2025-11-01,0013000000Em4ElAAJ
2,1:M Content,0013000001CArCy,Data Cloud,2025-04-01,2025-04-01,0013000001CArCyAAL
2,1:M Content,00100000000leZj,Data Cloud,2025-04-01,2025-04-01,00100000000leZjAAI
2,1:M Content,00130000004IFXF,Data Cloud,2025-12-01,2025-12-01,00130000004IFXFAA4
1,Success Guides,0013000000BoAeN,Data Cloud,2024-11-01,2024-10-01,0013000000BoAeNAAV
1,Onboarding Specialists,0013000001GWQlT,Data Cloud,2025-10-01,2025-09-01,0013000001GWQlTAAX
1,Success Guides,0013y00001d0KDZ,Data Cloud,2025-03-01,2025-02-01,0013y00001d0KDZQA2
1,Onboarding Specialists,0013000001MicDY,Data Cloud,2025-03-01,2024-10-01,0013000001MicDYAAZ
1,Success Architects,0013000000hJ0ST,Data Cloud,2025-08-01,2025-07-01,0013000000hJ0STAA0
1,Success Guides,0010M00001UM3EN,Data Cloud,2025-02-01,2025-02-01,0010M00001UM3ENQA1
1,Success Architects,0013y00001ch1xC,Data Cloud,2025-01-01,2024-11-01,0013y00001ch1xCQAQ
1,Onboarding Specialists,001ed00000mIqiw,Data Cloud,2025-12-01,2025-12-01,001ed00000mIqiwYAC
1,Success Guides,0013y00001dP1sO,Data Cloud,2024-09-01,2024-07-01,0013y00001dP1sOQAS
1,Success Architects,001200000005ztl,Data Cloud,2025-06-01,2025-05-01,001200000005ztlAAA
1,Success Guides,00130000002xS0p,Data Cloud,2025-04-01,2025-03-01,00130000002xS0pAAE
1,Success Guides,0010M00001Sq048,Data Cloud,2024-08-01,2024-08-01,0010M00001Sq048QAB
1,Success Guides,0013y00001crgEH,Data Cloud,2025-09-01,2025-09-01,0013y00001crgEHQAY
1,Success Guides,0010M00001SIc8D,Data Cloud,2024-04-01,2024-03-01,0010M00001SIc8DQAT
1,Success Guides,0013000000rqWjR,Data Cloud,2025-07-01,2025-07-01,0013000000rqWjRAAU
1,Onboarding Specialists,0013000000CIEzq,Data Cloud,2024-05-01,2024-01-01,0013000000CIEzqAAH
1,Success Guides,0010M00001Sq2Vq,Data Cloud,2024-09-01,2024-08-01,0010M00001Sq2VqQAJ
1,Success Guides,0013000000GKRTK,Data Cloud,2024-06-01,2024-05-01,0013000000GKRTKAA5
1,Success Architects,0013y00001cyiXH,Data Cloud,2024-08-01,2024-07-01,0013y00001cyiXHQAY
1,Success Architects,0013y00001d7RG1,Data Cloud,2025-02-01,2025-01-01,0013y00001d7RG1QAM
1,Success Guides,0013y00001eX2sH,Data Cloud,2025-11-01,2025-11-01,0013y00001eX2sHQAS
1,Success Guides,00130000002xcpu,Data Cloud,2025-02-01,2025-01-01,00130000002xcpuAAA
1,Onboarding Specialists,0013y00001dNGgu,Data Cloud,2025-11-01,2025-10-01,0013y00001dNGguQAG
1,Success Guides,0013y00001ceADw,Data Cloud,2024-10-01,2024-08-01,0013y00001ceADwQAM
1,Success Guides,0013000001CBEJ9,Data Cloud,2025-03-01,2025-01-01,0013000001CBEJ9AAP
1,Onboarding Specialists,0013000001LX12T,Data Cloud,2025-11-01,2025-10-01,0013000001LX12TAAT
1,Onboarding Specialists,0010M00001WYAbY,Data Cloud,2025-11-01,2025-11-01,0010M00001WYAbYQAX
1,Success Guides,0010M00001Qk0Ib,Data Cloud,2023-12-01,2023-10-01,0010M00001Qk0IbQAJ
1,Success Guides,0010M00001QaXU2,Data Cloud,2025-11-01,2025-10-01,0010M00001QaXU2QAN
1,Success Guides,0013y00001emP2V,Data Cloud,2025-12-01,2025-12-01,0013y00001emP2VQAU
1,Onboarding Specialists,0013y00001dNdna,Data Cloud,2024-03-01,2024-03-01,0013y00001dNdnaQAC
1,Success Guides,00130000016hJBE,Data Cloud,2025-12-01,2025-11-01,00130000016hJBEAA2
1,Success Guides,0013000000rnUKL,Data Cloud,2024-07-01,2024-06-01,0013000000rnUKLAA2
1,Success Guides,0013000000I3SOX,Data Cloud,2024-12-01,2024-10-01,0013000000I3SOXAA3
1,Success Guides,00100000002AuZO,Data Cloud,2024-11-01,2024-11-01,00100000002AuZOAA0
1,Onboarding Specialists,0010M00001XxfUu,Data Cloud,2025-05-01,2025-02-01,0010M00001XxfUuQAJ
1,Success Guides,0013000001GUSzb,Data Cloud,2025-12-01,2025-11-01,0013000001GUSzbAAH
1,Success Guides,0013000000RXVwg,Data Cloud,2025-09-01,2025-09-01,0013000000RXVwgAAH
1,Onboarding Specialists,0010M00001Qkl4E,Data Cloud,2025-06-01,2025-05-01,0010M00001Qkl4EQAR
1,Success Guides,0013y00001cseuU,Data Cloud,2024-09-01,2024-09-01,0013y00001cseuUQAQ
1,Success Architects,0013y00001cyiXH,Data Cloud,2024-05-01,2024-04-01,0013y00001cyiXHQAY
1,Success Guides,0013000001J7YNW,Data Cloud,2024-10-01,2024-09-01,0013000001J7YNWAA3
1,Success Guides,0010M00001SIYye,Data Cloud,2024-02-01,2024-01-01,0010M00001SIYyeQAH
3,Success Guides,0013000000ZmXzF,Data Cloud,2025-12-01,2025-12-01,0013000000ZmXzFAAV
2,Success Guides,001ed00000cOC6z,Data Cloud,2025-11-01,2025-11-01,001ed00000cOC6zYAG
4,Success Guides,00130000009wxKR,Data Cloud,2025-04-01,2025-04-01,00130000009wxKRAAY
2,Success Guides,0013y00001eX4Os,Data Cloud,2025-02-01,2025-02-01,0013y00001eX4OsQAK
2,Success Guides,0010M00001WaNKC,Data Cloud,2025-04-01,2025-04-01,0010M00001WaNKCQA3
3,Success Guides,0013000001KzEVs,Data Cloud,2025-04-01,2025-04-01,0013000001KzEVsAAN
1,1:M Content,0013y00001c4mli,Data Cloud,2025-07-01,2025-07-01,0013y00001c4mliQAA
1,1:M Content,001ed000003FGkJ,Data Cloud,2025-01-01,2025-01-01,001ed000003FGkJYAW
1,1:M Content,00100000001CwPP,Data Cloud,2025-02-01,2025-02-01,00100000001CwPPAA0
1,1:M Content,001ed000003ZpKU,Data Cloud,2024-11-01,2024-11-01,001ed000003ZpKUYA0
1,1:M Content,001ed000004KBRe,Data Cloud,2024-10-01,2024-09-01,001ed000004KBReYAO
1,1:M Content,0013y00001f8EeS,Data Cloud,2024-03-01,2024-03-01,0013y00001f8EeSQAU
1,1:M Content,0013y00001hE8SN,Data Cloud,2024-07-01,2024-07-01,0013y00001hE8SNQA0
1,1:M Content,00130000008eaJm,Data Cloud,2025-12-01,2025-12-01,00130000008eaJmAAI
1,1:M Content,001300000041E6I,Data Cloud,2025-05-01,2025-05-01,001300000041E6IAAU
1,1:M Content,0013000001CD2zo,Data Cloud,2025-08-01,2025-08-01,0013000001CD2zoAAD
1,1:M Content,0013000001NX77B,Data Cloud,2025-09-01,2025-09-01,0013000001NX77BAAT
1,1:M Content,00130000016gfd5,Data Cloud,2024-05-01,2024-05-01,00130000016gfd5AAA
1,1:M Content,0013y00001fEsrV,Data Cloud,2024-03-01,2024-03-01,0013y00001fEsrVQAS
1,1:M Content,0013000000Ra75U,Data Cloud,2025-07-01,2025-07-01,0013000000Ra75UAAR
1,1:M Content,001ed00000ERbMo,Data Cloud,2025-02-01,2025-02-01,001ed00000ERbMoYAL
1,1:M Content,0013000001GXdKT,Data Cloud,2025-11-01,2025-11-01,0013000001GXdKTAA1
1,1:M Content,0013000000ZkHNR,Data Cloud,2025-11-01,2025-11-01,0013000000ZkHNRAA3
1,1:M Content,0010M00001X8HIm,Data Cloud,2025-06-01,2025-06-01,0010M00001X8HImQAN
1,1:M Content,0010M00001P090L,Data Cloud,2025-01-01,2025-01-01,0010M00001P090LQAR
1,1:M Content,00100000001CwPP,Data Cloud,2024-10-01,2024-09-01,00100000001CwPPAA0
1,1:M Content,0013000001MjUkq,Data Cloud,2025-03-01,2025-03-01,0013000001MjUkqAAF
1,1:M Content,00100000001mAxy,Data Cloud,2024-05-01,2024-05-01,00100000001mAxyAAE
1,1:M Content,00130000001XB13,Data Cloud,2025-10-01,2025-10-01,00130000001XB13AAG
1,1:M Content,001ed00000Q6rid,Data Cloud,2025-05-01,2025-05-01,001ed00000Q6ridYAB
1,1:M Content,0013y00001g8SwB,Data Cloud,2024-07-01,2024-07-01,0013y00001g8SwBQAU
1,1:M Content,0013000000JIQdx,Data Cloud,2024-05-01,2024-04-01,0013000000JIQdxAAH
1,1:M Content,00130000002A9Vj,Data Cloud,2024-11-01,2024-11-01,00130000002A9VjAAK
1,1:M Content,001ed00000lb0G6,Data Cloud,2025-10-01,2025-10-01,001ed00000lb0G6YAI
1,1:M Content,00130000016hRMP,Data Cloud,2024-02-01,2024-02-01,00130000016hRMPAA2
1,1:M Content,00130000001S780,Data Cloud,2025-06-01,2025-06-01,00130000001S780AAC
1,1:M Content,0010M00001WZMm6,Data Cloud,2025-01-01,2025-01-01,0010M00001WZMm6QAH
1,1:M Content,0010M00001UVDFl,Data Cloud,2025-10-01,2025-10-01,0010M00001UVDFlQAP
1,1:M Content,0013000000M2yCF,Data Cloud,2024-03-01,2024-03-01,0013000000M2yCFAAZ
1,1:M Content,0013000000NOx5U,Data Cloud,2025-12-01,2025-12-01,0013000000NOx5UAAT
1,1:M Content,00100000001Z2HV,Data Cloud,2025-11-01,2025-11-01,00100000001Z2HVAA0
1,1:M Content,001ed00000caSBH,Data Cloud,2025-08-01,2025-08-01,001ed00000caSBHYA2
1,1:M Content,00130000016g1Zx,Data Cloud,2025-04-01,2025-04-01,00130000016g1ZxAAI
1,1:M Content,0013y00001cw8IM,Data Cloud,2025-03-01,2025-03-01,0013y00001cw8IMQAY
1,1:M Content,0013000000ro8BZ,Data Cloud,2024-06-01,2024-06-01,0013000000ro8BZAAY
1,1:M Content,0010M00001UUyu9,Data Cloud,2025-04-01,2025-04-01,0010M00001UUyu9QAD
1,1:M Content,0013000000ronZU,Data Cloud,2025-11-01,2025-11-01,0013000000ronZUAAY
1,1:M Content,0010M00001X8IFE,Data Cloud,2025-12-01,2025-12-01,0010M00001X8IFEQA3
2,1:M Content,0010M00001SpuEn,Data Cloud,2025-12-01,2025-12-01,0010M00001SpuEnQAJ
5,1:M Content,0013000000JIBWV,Data Cloud,2025-10-01,2025-10-01,0013000000JIBWVAA5
1,Success Guides,0013000000hLhTa,Data Cloud,2025-10-01,2025-09-01,0013000000hLhTaAAK
1,Success Architects,0013000000FK8jG,Data Cloud,2024-10-01,2024-08-01,0013000000FK8jGAAT
1,Success Guides,0013000000CHhsB,Data Cloud,2025-05-01,2025-04-01,0013000000CHhsBAAT
1,Success Guides,0010M00001WIJGP,Data Cloud,2024-12-01,2024-12-01,0010M00001WIJGPQA5
1,Success Guides,0013y00001fKxPY,Data Cloud,2025-11-01,2025-11-01,0013y00001fKxPYQA0
1,Success Guides,0013000000ZkGQH,Data Cloud,2023-04-01,2023-01-01,0013000000ZkGQHAA3
1,Success Architects,0013000000ImKKr,Data Cloud,2024-04-01,2024-02-01,0013000000ImKKrAAN
1,Onboarding Specialists,0013000000Em4KY,Data Cloud,2025-12-01,2025-10-01,0013000000Em4KYAAZ
1,Success Guides,0013000001Gl6A9,Data Cloud,2025-02-01,2025-02-01,0013000001Gl6A9AAJ
1,Success Architects,0013y00001d0irs,Data Cloud,2024-07-01,2024-06-01,0013y00001d0irsQAA
1,Success Guides,00130000002xTI6,Data Cloud,2025-02-01,2025-01-01,00130000002xTI6AAM
1,Success Guides,0013y00001d1oVl,Data Cloud,2025-11-01,2025-11-01,0013y00001d1oVlQAI
1,Success Guides,0013000000Gpu4s,Data Cloud,2025-12-01,2025-11-01,0013000000Gpu4sAAB
1,Onboarding Specialists,00130000002xdVy,Data Cloud,2023-03-01,2023-02-01,00130000002xdVyAAI
1,Success Guides,0013y00001gD1xH,Data Cloud,2025-11-01,2025-11-01,0013y00001gD1xHQAS
1,Onboarding Specialists,0013000000hKqBc,Data Cloud,2025-02-01,2025-02-01,0013000000hKqBcAAK
1,Success Architects,0013y00001h6GEY,Data Cloud,2025-05-01,2025-04-01,0013y00001h6GEYQA2
1,Onboarding Specialists,0010M00001Qkl4E,Data Cloud,2025-06-01,2025-04-01,0010M00001Qkl4EQAR
1,Success Guides,0013000000NSPcL,Data Cloud,2023-03-01,2023-02-01,0013000000NSPcLAAX
1,Success Guides,00130000007A1iv,Data Cloud,2024-03-01,2024-03-01,00130000007A1ivAAC
1,Success Architects,0013y00001cQ2aP,Data Cloud,2024-03-01,2024-03-01,0013y00001cQ2aPQAS
1,Success Guides,0013000001NXIsu,Data Cloud,2025-09-01,2025-08-01,0013000001NXIsuAAH
1,Onboarding Specialists,0013y00001eXR1l,Data Cloud,2025-06-01,2025-05-01,0013y00001eXR1lQAG
1,Onboarding Specialists,0013y00001gmmjy,Data Cloud,2024-09-01,2024-08-01,0013y00001gmmjyQAA
1,Success Guides,0013y00001eBr4u,Data Cloud,2025-04-01,2025-04-01,0013y00001eBr4uQAC
1,Success Guides,0013000000M2Nw7,Data Cloud,2025-08-01,2025-08-01,0013000000M2Nw7AAF
1,Success Architects,0013000000GqJRh,Data Cloud,2024-07-01,2024-06-01,0013000000GqJRhAAN
1,Onboarding Specialists,0013000000IkQD7,Data Cloud,2025-06-01,2025-04-01,0013000000IkQD7AAN
1,Success Guides,0013000000RYnyK,Data Cloud,2025-04-01,2025-03-01,0013000000RYnyKAAT
1,Success Architects,0013000000ZlaXD,Data Cloud,2024-10-01,2024-09-01,0013000000ZlaXDAAZ
1,Success Guides,00130000016jcqo,Data Cloud,2023-01-01,2022-12-01,00130000016jcqoAAA
1,Success Architects,0013000000NPK0W,Data Cloud,2024-07-01,2024-07-01,0013000000NPK0WAAX
1,Onboarding Specialists,0010M00001Sefyf,Data Cloud,2024-04-01,2024-04-01,0010M00001SefyfQAB
1,Success Guides,0013y00001f63kP,Data Cloud,2025-07-01,2025-06-01,0013y00001f63kPQAQ
1,Onboarding Specialists,0013000000FI20D,Data Cloud,2023-04-01,2023-03-01,0013000000FI20DAAT
1,Success Guides,00130000001gCLm,Data Cloud,2024-02-01,2024-01-01,00130000001gCLmAAM
1,Onboarding Specialists,0010M00001Xy64I,Data Cloud,2025-12-01,2025-10-01,0010M00001Xy64IQAR
1,Success Architects,0013y00001cfmtO,Data Cloud,2025-07-01,2025-05-01,0013y00001cfmtOQAQ
1,Success Guides,0013y00001d0irs,Data Cloud,2025-08-01,2025-02-01,0013y00001d0irsQAA
1,Success Architects,0010M00001W7xkz,Data Cloud,2025-01-01,2024-12-01,0010M00001W7xkzQAB
1,Success Guides,00130000009Yncw,Data Cloud,2025-12-01,2025-11-01,00130000009YncwAAC
1,Success Guides,00130000016hZuZ,Data Cloud,2024-03-01,2024-02-01,00130000016hZuZAAU
1,Success Guides,00100000000idWK,Data Cloud,2024-11-01,2024-11-01,00100000000idWKAAY
1,Success Guides,0010M00001NYj0M,Data Cloud,2024-03-01,2024-02-01,0010M00001NYj0MQAT
1,Success Architects,0013000000hJJ4F,Data Cloud,2024-09-01,2024-08-01,0013000000hJJ4FAAW
1,Success Guides,0013000001Jyh7Y,Data Cloud,2024-03-01,2024-01-01,0013000001Jyh7YAAR
6,Success Guides,0013y00001fDqrC,Data Cloud,2025-10-01,2025-10-01,0013y00001fDqrCQAS
1,1:M Content,0013000000ZkJGb,Data Cloud,2025-03-01,2025-03-01,0013000000ZkJGbAAN
1,1:M Content,0010M00001YFcWS,Data Cloud,2025-04-01,2025-04-01,0010M00001YFcWSQA1
1,1:M Content,00130000002xL6L,Data Cloud,2025-04-01,2025-04-01,00130000002xL6LAAU
1,1:M Content,0010M00001X8HIm,Data Cloud,2025-08-01,2025-08-01,0010M00001X8HImQAN
1,1:M Content,001000000001cUL,Data Cloud,2024-11-01,2024-11-01,001000000001cULAAY
1,1:M Content,001ed00000Qtkpf,Data Cloud,2025-05-01,2025-05-01,001ed00000QtkpfYAB
1,1:M Content,0010M00001P0TLn,Data Cloud,2024-10-01,2024-09-01,0010M00001P0TLnQAN
1,1:M Content,00130000000pVGh,Data Cloud,2025-11-01,2025-11-01,00130000000pVGhAAM
1,1:M Content,0013y00001fSpyi,Data Cloud,2025-07-01,2025-06-01,0013y00001fSpyiQAC
1,1:M Content,0013y00001g9Enr,Data Cloud,2025-09-01,2025-09-01,0013y00001g9EnrQAE
1,1:M Content,00130000000L7kp,Data Cloud,2025-07-01,2025-07-01,00130000000L7kpAAC
1,1:M Content,0013000001JyamS,Data Cloud,2025-08-01,2025-08-01,0013000001JyamSAAR
1,1:M Content,0010M00001SIjAd,Data Cloud,2024-11-01,2024-11-01,0010M00001SIjAdQAL
1,1:M Content,0013y00001cykVD,Data Cloud,2024-02-01,2024-02-01,0013y00001cykVDQAY
1,1:M Content,001ed00000AP6EC,Data Cloud,2024-12-01,2024-12-01,001ed00000AP6ECYA1
1,1:M Content,0010M00001WZ98N,Data Cloud,2025-09-01,2025-09-01,0010M00001WZ98NQAT
1,1:M Content,0013000000rpodV,Data Cloud,2025-10-01,2025-10-01,0013000000rpodVAAQ
1,1:M Content,0013000000ZkNk7,Data Cloud,2024-05-01,2024-05-01,0013000000ZkNk7AAF
1,1:M Content,0013000000JjZYh,Data Cloud,2025-12-01,2025-12-01,0013000000JjZYhAAN
1,1:M Content,0013000000AnD1x,Data Cloud,2025-08-01,2025-08-01,0013000000AnD1xAAF
1,1:M Content,0013000000E22lb,Data Cloud,2025-01-01,2025-01-01,0013000000E22lbAAB
1,1:M Content,0013000000hJkVe,Data Cloud,2024-07-01,2024-07-01,0013000000hJkVeAAK
1,1:M Content,0010M00001QlCE4,Data Cloud,2024-06-01,2024-06-01,0010M00001QlCE4QAN
1,1:M Content,0013000000INKJe,Data Cloud,2025-05-01,2025-05-01,0013000000INKJeAAP
1,1:M Content,0010M00001YasZJ,Data Cloud,2025-11-01,2025-11-01,0010M00001YasZJQAZ
1,1:M Content,0010M00001QaiXT,Data Cloud,2024-10-01,2024-09-01,0010M00001QaiXTQAZ
1,1:M Content,0010M00001PDwek,Data Cloud,2024-08-01,2024-07-01,0010M00001PDwekQAD
1,1:M Content,0010M00001ULy1f,Data Cloud,2024-07-01,2024-07-01,0010M00001ULy1fQAD
1,1:M Content,0010M00001SIfq1,Data Cloud,2025-04-01,2025-04-01,0010M00001SIfq1QAD
1,1:M Content,0013000000M1aQV,Data Cloud,2025-07-01,2025-07-01,0013000000M1aQVAAZ
1,1:M Content,0013000000ZkDYe,Data Cloud,2025-08-01,2025-08-01,0013000000ZkDYeAAN
1,1:M Content,001ed000000lGMJ,Data Cloud,2024-08-01,2024-08-01,001ed000000lGMJYA2
1,1:M Content,0013y00001g9GJe,Data Cloud,2024-05-01,2024-05-01,0013y00001g9GJeQAM
1,1:M Content,0013000000hMZVg,Data Cloud,2025-06-01,2025-06-01,0013000000hMZVgAAO
1,1:M Content,0013000000ZjE58,Data Cloud,2025-12-01,2025-12-01,0013000000ZjE58AAF
1,1:M Content,001ed00000gOMti,Data Cloud,2025-09-01,2025-09-01,001ed00000gOMtiYAG
1,1:M Content,0013000001GVAmf,Data Cloud,2025-10-01,2025-10-01,0013000001GVAmfAAH
1,1:M Content,001ed00000ZOiLd,Data Cloud,2025-07-01,2025-07-01,001ed00000ZOiLdYAL
1,1:M Content,00100000001KsQh,Data Cloud,2025-05-01,2025-05-01,00100000001KsQhAAK
1,1:M Content,0013y00001fFCje,Data Cloud,2025-08-01,2025-08-01,0013y00001fFCjeQAG
3,1:M Content,00130000004UfHd,Data Cloud,2025-01-01,2025-01-01,00130000004UfHdAAK
3,1:M Content,0010M00001UVVio,Data Cloud,2025-01-01,2025-01-01,0010M00001UVVioQAH
2,1:M Content,001ed00000FvLez,Data Cloud,2025-10-01,2025-10-01,001ed00000FvLezYAF
2,1:M Content,0013000000NQhgD,Data Cloud,2025-10-01,2025-10-01,0013000000NQhgDAAT
2,1:M Content,0013000001JzNbW,Data Cloud,2024-12-01,2024-12-01,0013000001JzNbWAAV
3,1:M Content,0013000000hMbXo,Data Cloud,2025-12-01,2025-12-01,0013000000hMbXoAAK
2,1:M Content,0013000000ALdWo,Data Cloud,2025-12-01,2025-12-01,0013000000ALdWoAAL
1,Success Guides,0010M00001Qlm0n,Data Cloud,2025-12-01,2025-09-01,0010M00001Qlm0nQAB
1,Success Guides,0013000000Gu5xR,Data Cloud,2025-08-01,2025-07-01,0013000000Gu5xRAAR
1,Success Architects,0010M00001UM3EN,Data Cloud,2025-03-01,2025-01-01,0010M00001UM3ENQA1
1,Success Architects,00130000002xI5m,Data Cloud,2025-07-01,2025-05-01,00130000002xI5mAAE
1,Success Guides,0013000000M2oAL,Data Cloud,2025-08-01,2025-08-01,0013000000M2oALAAZ
1,Onboarding Specialists,00120000000AY06,Data Cloud,2025-08-01,2025-04-01,00120000000AY06AAG
1,Success Guides,0010M00001SJHPR,Data Cloud,2025-01-01,2025-01-01,0010M00001SJHPRQA5
1,Success Guides,0013000000ALdWo,Data Cloud,2025-11-01,2025-11-01,0013000000ALdWoAAL
1,Success Guides,0010M00001XyCy2,Data Cloud,2025-12-01,2025-11-01,0010M00001XyCy2QAF
1,Success Guides,0013000000ZlQpU,Data Cloud,2025-06-01,2025-05-01,0013000000ZlQpUAAV
1,Success Guides,0013y00001fEbIW,Data Cloud,2025-08-01,2025-07-01,0013y00001fEbIWQA0
1,Success Guides,0010M00001UVXgx,Data Cloud,2025-04-01,2025-04-01,0010M00001UVXgxQAH
1,Onboarding Specialists,0013000001JyaqM,Data Cloud,2024-12-01,2024-10-01,0013000001JyaqMAAR
1,Success Guides,0013000000roCWg,Data Cloud,2023-07-01,2023-06-01,0013000000roCWgAAM
1,Success Guides,001000000028r8t,Data Cloud,2024-07-01,2024-06-01,001000000028r8tAAA
1,Success Architects,,Data Cloud,2025-11-01,2025-08-01
1,Success Guides,0010M00001QqW5F,Data Cloud,2024-07-01,2024-07-01,0010M00001QqW5FQAV
1,Success Architects,0013y00001cQENI,Data Cloud,2024-05-01,2024-03-01,0013y00001cQENIQA4
1,Success Guides,0010M00001Qkldi,Data Cloud,2024-09-01,2024-09-01,0010M00001QkldiQAB
1,Success Architects,0010M00001QlrS4,Data Cloud,2025-06-01,2025-06-01,0010M00001QlrS4QAJ
1,Success Guides,0010M00001Y5Prz,Data Cloud,2025-12-01,2025-10-01,0010M00001Y5PrzQAF
1,Success Guides,0013000000RWy9v,Data Cloud,2024-02-01,2024-01-01,0013000000RWy9vAAD
1,Success Architects,0013y00001d9EsL,Data Cloud,2025-07-01,2025-05-01,0013y00001d9EsLQAU
1,Success Guides,001300000027Qzx,Data Cloud,2025-11-01,2025-11-01,001300000027QzxAAE
1,Success Guides,0010M00001QoIyX,Data Cloud,2025-12-01,2025-11-01,0010M00001QoIyXQAV
1,Success Guides,0013y00001fcdJ2,Data Cloud,2025-11-01,2025-11-01,0013y00001fcdJ2QAI
1,Success Architects,00130000002xI5m,Data Cloud,2024-07-01,2024-05-01,00130000002xI5mAAE
1,Success Architects,0013y00001cShv1,Data Cloud,2024-08-01,2024-06-01,0013y00001cShv1QAC
1,Success Guides,0013000001J606S,Data Cloud,2023-02-01,2023-01-01,0013000001J606SAAR
1,Success Architects,0013000000M1dxK,Data Cloud,2025-07-01,2025-06-01,0013000000M1dxKAAR
1,Success Architects,00100000001hgGw,Data Cloud,2024-09-01,2024-08-01,00100000001hgGwAAI
1,Success Guides,0013y00001gD1xH,Data Cloud,2025-09-01,2025-09-01,0013y00001gD1xHQAS
1,Success Guides,0013y00001cw9JG,Data Cloud,2025-11-01,2025-10-01,0013y00001cw9JGQAY
1,Success Architects,0010M00001QnS1D,Data Cloud,2025-03-01,2025-02-01,0010M00001QnS1DQAV
1,Success Architects,00130000016jyLs,Data Cloud,2024-12-01,2024-11-01,00130000016jyLsAAI
1,Success Guides,0013000001GXFhT,Data Cloud,2025-01-01,2025-01-01,0013000001GXFhTAAX
1,Success Architects,0010M00001QlgOJ,Data Cloud,2025-04-01,2025-02-01,0010M00001QlgOJQAZ
1,Success Guides,0013000001Jybpv,Data Cloud,2024-10-01,2024-09-01,0013000001JybpvAAB
1,Success Guides,0013000001FalEl,Data Cloud,2025-09-01,2025-08-01,0013000001FalElAAJ
1,Onboarding Specialists,0013000000hMcaz,Data Cloud,2025-10-01,2025-10-01,0013000000hMcazAAC
1,Success Guides,0013000000Fe2w8,Data Cloud,2025-11-01,2025-10-01,0013000000Fe2w8AAB
1,Success Architects,0013y00001dNFtH,Data Cloud,2025-07-01,2025-06-01,0013y00001dNFtHQAW
1,Success Architects,0013y00001bdiZz,Data Cloud,2025-04-01,2025-04-01,0013y00001bdiZzQAI
1,Success Architects,0013y00001be1ln,Data Cloud,2025-06-01,2025-04-01,0013y00001be1lnQAA
3,Success Guides,0013000001MoCqM,Data Cloud,2025-12-01,2025-12-01,0013000001MoCqMAAV
5,Success Guides,0010M00001WYuvn,Data Cloud,2025-06-01,2025-06-01,0010M00001WYuvnQAD
1,1:M Content,0013000000JJqiA,Data Cloud,2025-11-01,2025-11-01,0013000000JJqiAAAT
1,1:M Content,0013000000M2for,Data Cloud,2024-05-01,2024-05-01,0013000000M2forAAB
1,1:M Content,0013y00001d1gnc,Data Cloud,2024-08-01,2024-08-01,0013y00001d1gncQAA
1,1:M Content,00130000005np5D,Data Cloud,2024-05-01,2024-04-01,00130000005np5DAAQ
1,1:M Content,0013000000rojaG,Data Cloud,2024-10-01,2024-10-01,0013000000rojaGAAQ
1,1:M Content,0013000000hKjT9,Data Cloud,2024-05-01,2024-05-01,0013000000hKjT9AAK
1,1:M Content,0013000000FdceL,Data Cloud,2025-01-01,2025-01-01,0013000000FdceLAAR
1,1:M Content,0010000000000h9,Data Cloud,2025-10-01,2025-10-01,0010000000000h9AAA
1,1:M Content,001ed00000LBFSn,Data Cloud,2025-03-01,2025-03-01,001ed00000LBFSnYAP
1,1:M Content,0013000001CArCy,Data Cloud,2025-04-01,2025-03-01,0013000001CArCyAAL
1,1:M Content,001ed000006mHkf,Data Cloud,2025-06-01,2025-06-01,001ed000006mHkfYAE
1,1:M Content,001300000019DWQ,Data Cloud,2024-10-01,2024-09-01,001300000019DWQAA2
1,1:M Content,00130000008eaMA,Data Cloud,2025-10-01,2025-10-01,00130000008eaMAAAY
1,1:M Content,00130000005WAcx,Data Cloud,2025-12-01,2025-12-01,00130000005WAcxAAG
1,1:M Content,00100000001hgGw,Data Cloud,2025-05-01,2025-05-01,00100000001hgGwAAI
1,1:M Content,0013000000JgAa7,Data Cloud,2025-12-01,2025-12-01,0013000000JgAa7AAF
1,1:M Content,0013000000Zl6Lq,Data Cloud,2025-08-01,2025-08-01,0013000000Zl6LqAAJ
1,1:M Content,0010M00001XxtAH,Data Cloud,2024-07-01,2024-07-01,0010M00001XxtAHQAZ
1,1:M Content,0013000000Zjptb,Data Cloud,2024-10-01,2024-10-01,0013000000ZjptbAAB
1,1:M Content,0010M00001Yzvo5,Data Cloud,2025-11-01,2025-11-01,0010M00001Yzvo5QAB
1,1:M Content,0013000001GVAmf,Data Cloud,2024-11-01,2024-11-01,0013000001GVAmfAAH
1,1:M Content,0010M00001WJEh4,Data Cloud,2024-03-01,2024-03-01,0010M00001WJEh4QAH
1,1:M Content,0010M00001UVfII,Data Cloud,2024-11-01,2024-11-01,0010M00001UVfIIQA1
1,1:M Content,001ed00000cOYic,Data Cloud,2025-09-01,2025-09-01,001ed00000cOYicYAG
1,1:M Content,001ed00000UJe6y,Data Cloud,2025-06-01,2025-06-01,001ed00000UJe6yYAD
1,1:M Content,001ed00000B3Siz,Data Cloud,2025-05-01,2025-05-01,001ed00000B3SizYAF
1,1:M Content,0013y00001d1oVl,Data Cloud,2025-11-01,2025-11-01,0013y00001d1oVlQAI
1,1:M Content,0013000001CBqOy,Data Cloud,2024-06-01,2024-06-01,0013000001CBqOyAAL
1,1:M Content,0013y00001cooYj,Data Cloud,2025-12-01,2025-12-01,0013y00001cooYjQAI
1,1:M Content,0010M00001UM3EN,Data Cloud,2024-07-01,2024-07-01,0010M00001UM3ENQA1
1,1:M Content,0013000001L5iwk,Data Cloud,2025-12-01,2025-12-01,0013000001L5iwkAAB
1,1:M Content,001ed00000KfFxR,Data Cloud,2025-03-01,2025-03-01,001ed00000KfFxRYAV
1,1:M Content,0013000000ZkJFl,Data Cloud,2025-04-01,2025-04-01,0013000000ZkJFlAAN
1,1:M Content,001ed000009APBH,Data Cloud,2025-01-01,2025-01-01,001ed000009APBHYA4
1,1:M Content,0010M00001Qm5BC,Data Cloud,2024-07-01,2024-07-01,0010M00001Qm5BCQAZ
1,1:M Content,0013y00001eEIpo,Data Cloud,2024-11-01,2024-11-01,0013y00001eEIpoQAG
1,1:M Content,001ed00000JhzgT,Data Cloud,2025-01-01,2025-01-01,001ed00000JhzgTYAR
1,1:M Content,0013y00001g8A5j,Data Cloud,2025-08-01,2025-08-01,0013y00001g8A5jQAE
1,1:M Content,0013000000NRdAS,Data Cloud,2025-09-01,2025-09-01,0013000000NRdASAA1
3,1:M Content,0013y00001eqPqX,Data Cloud,2025-11-01,2025-11-01,0013y00001eqPqXQAU
2,1:M Content,0013000001NX8to,Data Cloud,2025-10-01,2025-10-01,0013000001NX8toAAD
3,1:M Content,001300000025ReU,Data Cloud,2025-11-01,2025-11-01,001300000025ReUAAU
2,1:M Content,00100000001KsQh,Data Cloud,2025-11-01,2025-11-01,00100000001KsQhAAK
2,1:M Content,001000000001zcf,Data Cloud,2025-10-01,2025-10-01,001000000001zcfAAA
2,1:M Content,0013y00001g8A5j,Data Cloud,2025-12-01,2025-12-01,0013y00001g8A5jQAE
2,1:M Content,00130000004aj0z,Data Cloud,2025-06-01,2025-06-01,00130000004aj0zAAA
2,1:M Content,0010M00001QlSr8,Data Cloud,2025-11-01,2025-11-01,0010M00001QlSr8QAF
1,Success Architects,0013y00001d7RG1,Data Cloud,2025-01-01,2024-11-01,0013y00001d7RG1QAM
1,Onboarding Specialists,0013000001L6JsZ,Data Cloud,2025-11-01,2025-11-01,0013000001L6JsZAAV
1,Onboarding Specialists,00130000002xcld,Data Cloud,2025-09-01,2025-08-01,00130000002xcldAAA
1,Success Guides,0013000000HIhoz,Data Cloud,2025-09-01,2025-09-01,0013000000HIhozAAD
1,Success Guides,0013000001CA4V0,Data Cloud,2025-02-01,2025-02-01,0013000001CA4V0AAL
1,Onboarding Specialists,0010M00001WIEQ0,Data Cloud,2025-11-01,2025-10-01,0010M00001WIEQ0QAP
1,Onboarding Specialists,0013y00001Z0hzl,Data Cloud,2025-02-01,2024-12-01,0013y00001Z0hzlQAB
1,Success Guides,0013000001CC3mX,Data Cloud,2023-08-01,2023-07-01,0013000001CC3mXAAT
1,Success Guides,0013000000hK16m,Data Cloud,2025-11-01,2025-11-01,0013000000hK16mAAC
1,Success Guides,0013000001CBbjc,Data Cloud,2024-09-01,2024-09-01,0013000001CBbjcAAD
1,Success Guides,00130000000Csl8,Data Cloud,2023-06-01,2023-06-01,00130000000Csl8AAC
1,Success Guides,0010M00001Sn4G8,Data Cloud,2025-12-01,2025-11-01,0010M00001Sn4G8QAJ
1,Success Architects,0013y00001dOLbj,Data Cloud,2024-08-01,2024-08-01,0013y00001dOLbjQAG
1,Success Guides,0010M00001VKbni,Data Cloud,2025-11-01,2025-11-01,0010M00001VKbniQAD
1,Success Guides,0013000001CCpyw,Data Cloud,2025-10-01,2025-10-01,0013000001CCpywAAD
1,Success Guides,0013y00001f6M5n,Data Cloud,2023-08-01,2023-07-01,0013y00001f6M5nQAE
1,Onboarding Specialists,00130000002xI5m,Data Cloud,2024-09-01,2024-07-01,00130000002xI5mAAE
1,Success Architects,0013y00001equjM,Data Cloud,2025-06-01,2025-05-01,0013y00001equjMQAQ
1,Success Guides,0010M00001YuHWh,Data Cloud,2023-09-01,2023-08-01,0010M00001YuHWhQAN
1,Success Guides,0010M00001W8Kri,Data Cloud,2025-12-01,2025-12-01,0010M00001W8KriQAF
1,Success Guides,0010M00001YzwA6,Data Cloud,2025-01-01,2025-01-01,0010M00001YzwA6QAJ
1,Success Guides,00130000001S780,Data Cloud,2025-07-01,2025-06-01,00130000001S780AAC
1,Success Guides,0013000000M2O0K,Data Cloud,2024-12-01,2024-11-01,0013000000M2O0KAAV
1,Success Guides,0013000000IklLM,Data Cloud,2025-11-01,2025-10-01,0013000000IklLMAAZ
1,Success Guides,0013000001KzEVs,Data Cloud,2025-04-01,2025-03-01,0013000001KzEVsAAN
1,Success Guides,00130000002xT0q,Data Cloud,2025-05-01,2025-05-01,00130000002xT0qAAE
1,Success Architects,0013000000hK5D7,Data Cloud,2025-02-01,2025-02-01,0013000000hK5D7AAK
1,Success Guides,001300000018mqh,Data Cloud,2025-12-01,2025-11-01,001300000018mqhAAA
1,Success Architects,00130000002xXHa,Data Cloud,2025-09-01,2025-06-01,00130000002xXHaAAM
1,Success Architects,0013y00001epI95,Data Cloud,2025-07-01,2025-06-01,0013y00001epI95QAE
1,Success Architects,0010M00001QlrS4,Data Cloud,2025-05-01,2025-05-01,0010M00001QlrS4QAJ
1,Success Guides,0013000001CCB8L,Data Cloud,2025-09-01,2025-09-01,0013000001CCB8LAAX
1,Onboarding Specialists,0010M00001QqVtr,Data Cloud,2025-10-01,2025-09-01,0010M00001QqVtrQAF
1,Success Architects,00100000002IsDc,Data Cloud,2024-12-01,2024-11-01,00100000002IsDcAAK
1,Success Architects,0013y00001f6AAD,Data Cloud,2025-03-01,2025-02-01,0013y00001f6AADQA2
1,Success Guides,0010M00001QkrMt,Data Cloud,2025-01-01,2025-01-01,0010M00001QkrMtQAJ
1,Success Guides,0013000000IknmW,Data Cloud,2025-12-01,2025-12-01,0013000000IknmWAAR
1,Success Guides,0010M00001Qai6S,Data Cloud,2023-01-01,2022-12-01,0010M00001Qai6SQAR
1,Onboarding Specialists,0010M00001QaaLy,Data Cloud,2025-12-01,2025-12-01,0010M00001QaaLyQAJ
1,Success Guides,00130000000cz3V,Data Cloud,2024-07-01,2024-06-01,00130000000cz3VAAQ
1,Success Guides,0013y00001cgWjc,Data Cloud,2025-11-01,2025-11-01,0013y00001cgWjcQAE
1,Success Architects,0013000001CAoab,Data Cloud,2024-04-01,2024-03-01,0013000001CAoabAAD
1,Success Architects,0013000000RXpim,Data Cloud,2024-08-01,2024-07-01,0013000000RXpimAAD
1,Success Architects,00100000002CN8g,Data Cloud,2025-08-01,2025-06-01,00100000002CN8gAAG
1,Success Architects,0013000000ZmQlH,Data Cloud,2024-12-01,2024-12-01,0013000000ZmQlHAAV
1,Success Architects,0013y00001cyfug,Data Cloud,2025-07-01,2025-05-01,0013y00001cyfugQAA
1,Success Architects,0013y00001besY5,Data Cloud,2024-07-01,2024-05-01,0013y00001besY5QAI
1,Success Architects,0010M00001JzikW,Data Cloud,2024-02-01,2023-12-01,0010M00001JzikWQAR
2,Success Guides,0010M00001SHwPu,Data Cloud,2024-11-01,2024-10-01,0010M00001SHwPuQAL
2,Success Architects,0013y00001dKgj3,Data Cloud,2024-05-01,2024-05-01,0013y00001dKgj3QAC
2,Success Guides,0013000000Raj07,Data Cloud,2025-11-01,2025-11-01,0013000000Raj07AAB
1,1:M Content,0013y00001etRyA,Data Cloud,2025-08-01,2025-08-01,0013y00001etRyAQAU
1,1:M Content,0013000000LzMYs,Data Cloud,2025-12-01,2025-12-01,0013000000LzMYsAAN
1,1:M Content,00130000000Fr3e,Data Cloud,2024-11-01,2024-11-01,00130000000Fr3eAAC
1,1:M Content,001ed00000Aaipb,Data Cloud,2024-11-01,2024-11-01,001ed00000AaipbYAB
1,1:M Content,0010M00001QaZXt,Data Cloud,2024-03-01,2024-03-01,0010M00001QaZXtQAN
1,1:M Content,0013y00001hE97V,Data Cloud,2024-08-01,2024-08-01,0013y00001hE97VQAS
1,1:M Content,0013000000LBPlY,Data Cloud,2025-05-01,2025-05-01,0013000000LBPlYAAX
1,1:M Content,0013000000Zj9VP,Data Cloud,2025-07-01,2025-07-01,0013000000Zj9VPAAZ
1,1:M Content,00100000000fvEp,Data Cloud,2024-12-01,2024-12-01,00100000000fvEpAAI
1,1:M Content,0013y00001gDHyR,Data Cloud,2025-05-01,2025-05-01,0013y00001gDHyRQAW
1,1:M Content,0013y00001fSvHk,Data Cloud,2024-11-01,2024-11-01,0013y00001fSvHkQAK
1,1:M Content,0013000000ZjzpG,Data Cloud,2025-07-01,2025-06-01,0013000000ZjzpGAAR
1,1:M Content,00100000001rsZy,Data Cloud,2025-06-01,2025-06-01,00100000001rsZyAAI
1,1:M Content,0013000001GVKmJ,Data Cloud,2024-04-01,2024-04-01,0013000001GVKmJAAX
1,1:M Content,00130000000eOWT,Data Cloud,2025-10-01,2025-10-01,00130000000eOWTAA2
1,1:M Content,0013000000GtvNh,Data Cloud,2025-01-01,2025-01-01,0013000000GtvNhAAJ
1,1:M Content,0013y00001cyfug,Data Cloud,2024-11-01,2024-11-01,0013y00001cyfugQAA
1,1:M Content,0013y00001dy5aB,Data Cloud,2025-08-01,2025-08-01,0013y00001dy5aBQAQ
1,1:M Content,001ed00000AQrsX,Data Cloud,2024-11-01,2024-11-01,001ed00000AQrsXYAT
1,1:M Content,0013000000HFbxu,Data Cloud,2023-12-01,2023-12-01,0013000000HFbxuAAD
1,1:M Content,0013y00001g8XpZ,Data Cloud,2024-08-01,2024-08-01,0013y00001g8XpZQAU
1,1:M Content,0013000000M0KHt,Data Cloud,2025-12-01,2025-12-01,0013000000M0KHtAAN
1,1:M Content,0013000000Zk0jL,Data Cloud,2025-04-01,2025-04-01,0013000000Zk0jLAAR
1,1:M Content,0013y00001d0NHO,Data Cloud,2024-03-01,2024-03-01,0013y00001d0NHOQA2
1,1:M Content,0013y00001cEFEA,Data Cloud,2024-03-01,2024-03-01,0013y00001cEFEAQA4
1,1:M Content,001ed000004aI90,Data Cloud,2025-05-01,2025-05-01,001ed000004aI90YAE
1,1:M Content,0013y00001Xz1oh,Data Cloud,2024-07-01,2024-07-01,0013y00001Xz1ohQAB
1,1:M Content,001ed000003zkAj,Data Cloud,2024-12-01,2024-12-01,001ed000003zkAjYAI
1,1:M Content,0010M00001QkM7Z,Data Cloud,2025-10-01,2025-10-01,0010M00001QkM7ZQAV
1,1:M Content,0013000001MsBH4,Data Cloud,2025-08-01,2025-08-01,0013000001MsBH4AAN
1,1:M Content,0010M00001WY6Lq,Data Cloud,2025-02-01,2025-02-01,0010M00001WY6LqQAL
1,1:M Content,001000000017rRO,Data Cloud,2024-03-01,2024-03-01,001000000017rROAAY
1,1:M Content,00100000001wk1w,Data Cloud,2024-09-01,2024-09-01,00100000001wk1wAAA
1,1:M Content,00130000002xWCW,Data Cloud,2025-04-01,2025-04-01,00130000002xWCWAA2
1,1:M Content,00130000000Muaz,Data Cloud,2024-11-01,2024-11-01,00130000000MuazAAC
1,1:M Content,0010M00001U3mnE,Data Cloud,2024-10-01,2024-10-01,0010M00001U3mnEQAR
1,1:M Content,0010M00001Z0QRX,Data Cloud,2025-02-01,2025-02-01,0010M00001Z0QRXQA3
1,1:M Content,0013000001KzEVs,Data Cloud,2025-11-01,2025-11-01,0013000001KzEVsAAN
1,1:M Content,0010M00001bm1zW,Data Cloud,2024-10-01,2024-10-01,0010M00001bm1zWQAQ
1,1:M Content,0013000000FIlqS,Data Cloud,2024-03-01,2024-03-01,0013000000FIlqSAAT
1,1:M Content,0013000000DALU8,Data Cloud,2024-03-01,2024-03-01,0013000000DALU8AAP
1,1:M Content,0013y00001d9OMm,Data Cloud,2024-03-01,2024-03-01,0013y00001d9OMmQAM
1,1:M Content,00130000001gg7r,Data Cloud,2025-05-01,2025-05-01,00130000001gg7rAAA
1,1:M Content,0013000000HI3g3,Data Cloud,2025-05-01,2025-05-01,0013000000HI3g3AAD
1,1:M Content,001ed00000Ab5J7,Data Cloud,2024-11-01,2024-11-01,001ed00000Ab5J7YAJ
1,1:M Content,001ed00000CfZkU,Data Cloud,2024-12-01,2024-12-01,001ed00000CfZkUYAV
1,1:M Content,0013000000NStm0,Data Cloud,2025-06-01,2025-06-01,0013000000NStm0AAD
1,1:M Content,0013000000rpXG1,Data Cloud,2025-11-01,2025-11-01,0013000000rpXG1AAM
1,1:M Content,001ed00000Q97rJ,Data Cloud,2025-05-01,2025-05-01,001ed00000Q97rJYAR
2,1:M Content,0013y00001c8NLi,Data Cloud,2025-07-01,2025-07-01,0013y00001c8NLiQAM
3,1:M Content,0010M00001XyAva,Data Cloud,2025-09-01,2025-09-01,0010M00001XyAvaQAF
2,1:M Content,0013y00001Z1Apj,Data Cloud,2025-03-01,2025-03-01,0013y00001Z1ApjQAF
3,1:M Content,00130000002xChB,Data Cloud,2025-12-01,2025-12-01,00130000002xChBAAU
1,Success Guides,00130000002xcuu,Data Cloud,2025-10-01,2025-08-01,00130000002xcuuAAA
1,Success Architects,0013y00001crQvF,Data Cloud,2025-01-01,2024-12-01,0013y00001crQvFQAU
1,Onboarding Specialists,0010M00001NYZIo,Data Cloud,2025-11-01,2025-09-01,0010M00001NYZIoQAP
1,Success Architects,00100000000sJgG,Data Cloud,2025-05-01,2025-04-01,00100000000sJgGAAU
1,Success Guides,0013y00001d6xbj,Data Cloud,2025-05-01,2025-05-01,0013y00001d6xbjQAA
1,Success Guides,0010M00001QaRw2,Data Cloud,2025-05-01,2025-03-01,0010M00001QaRw2QAF
1,Success Architects,00130000000cz3V,Data Cloud,2025-03-01,2025-01-01,00130000000cz3VAAQ
1,Success Guides,0010M00001QlcaS,Data Cloud,2024-08-01,2024-08-01,0010M00001QlcaSQAR
1,Success Architects,0013000000NQhgD,Data Cloud,2024-12-01,2024-11-01,0013000000NQhgDAAT
1,Success Guides,0010M00001UVZmF,Data Cloud,2025-10-01,2025-09-01,0010M00001UVZmFQAX
1,Success Guides,0013y00001cSd0q,Data Cloud,2024-07-01,2024-07-01,0013y00001cSd0qQAC
1,Onboarding Specialists,0013000001JyKMn,Data Cloud,2024-04-01,2024-03-01,0013000001JyKMnAAN
1,Success Guides,00100000001rsZy,Data Cloud,2025-03-01,2025-02-01,00100000001rsZyAAI
1,Onboarding Specialists,0010M00001U1k6S,Data Cloud,2024-04-01,2024-02-01,0010M00001U1k6SQAR
1,Success Guides,0013000001KzEVs,Data Cloud,2024-08-01,2024-08-01,0013000001KzEVsAAN
1,Success Guides,001000000027wFN,Data Cloud,2024-05-01,2024-04-01,001000000027wFNAAY
1,Success Guides,00100000000ktis,Data Cloud,2024-12-01,2024-11-01,00100000000ktisAAA
1,Success Architects,00130000009UK31,Data Cloud,2025-07-01,2025-07-01,00130000009UK31AAG
1,Success Guides,0013000000M2UOx,Data Cloud,2025-08-01,2025-08-01,0013000000M2UOxAAN
1,Success Guides,00100000000Fj9m,Data Cloud,2025-01-01,2025-01-01,00100000000Fj9mAAC
1,Onboarding Specialists,0013000000FL0hJ,Data Cloud,2025-06-01,2025-04-01,0013000000FL0hJAAT
1,Onboarding Specialists,0013y00001eTzj0,Data Cloud,2024-03-01,2023-10-01,0013y00001eTzj0QAC
1,Success Guides,00130000016iy4M,Data Cloud,2025-12-01,2025-12-01,00130000016iy4MAAQ
1,Success Guides,0013000001GVJS0,Data Cloud,2025-01-01,2024-11-01,0013000001GVJS0AAP
1,Onboarding Specialists,0013000000M1auk,Data Cloud,2025-10-01,2025-07-01,0013000000M1aukAAB
1,Success Guides,0010M00001P01IN,Data Cloud,2023-12-01,2023-11-01,0010M00001P01INQAZ
1,Success Guides,00130000004IFXF,Data Cloud,2025-08-01,2025-08-01,00130000004IFXFAA4
1,Success Guides,0010M00001QnPG9,Data Cloud,2025-05-01,2025-04-01,0010M00001QnPG9QAN
1,Success Guides,0013000000Rauz2,Data Cloud,2024-08-01,2024-06-01,0013000000Rauz2AAB
1,Success Guides,0010M00001QaXU2,Data Cloud,2025-12-01,2025-12-01,0010M00001QaXU2QAN
1,Success Architects,0013y00001coljP,Data Cloud,2024-07-01,2024-05-01,0013y00001coljPQAQ
1,Success Guides,0010M00001QmYEg,Data Cloud,2024-12-01,2024-11-01,0010M00001QmYEgQAN
1,Success Guides,0013000000M12PF,Data Cloud,2025-09-01,2025-08-01,0013000000M12PFAAZ
1,Onboarding Specialists,0010M00001VKbni,Data Cloud,2025-11-01,2025-11-01,0010M00001VKbniQAD
2,Success Guides,00130000008eaSm,Data Cloud,2025-07-01,2025-07-01,00130000008eaSmAAI
3,Success Guides,0013000001MrefX,Data Cloud,2025-01-01,2025-01-01,0013000001MrefXAAR
4,Success Guides,0013000000GIhzI,Data Cloud,2025-10-01,2025-10-01,0013000000GIhzIAAT
1,1:M Content,0010M00001QkuJZ,Data Cloud,2025-01-01,2025-01-01,0010M00001QkuJZQAZ
1,1:M Content,0013y00001e5quX,Data Cloud,2025-02-01,2025-02-01,0013y00001e5quXQAQ
1,1:M Content,0013000000NPxVN,Data Cloud,2025-08-01,2025-08-01,0013000000NPxVNAA1
1,1:M Content,0010M00001W8O6X,Data Cloud,2025-10-01,2025-09-01,0010M00001W8O6XQAV
1,1:M Content,00100000001o8oE,Data Cloud,2025-03-01,2025-03-01,00100000001o8oEAAQ
1,1:M Content,00100000002JlrN,Data Cloud,2024-08-01,2024-08-01,00100000002JlrNAAS
1,1:M Content,0013y00001fSvlf,Data Cloud,2024-02-01,2024-02-01,0013y00001fSvlfQAC
1,1:M Content,0013000000M0KHt,Data Cloud,2025-08-01,2025-08-01,0013000000M0KHtAAN
1,1:M Content,0013000000hL2I4,Data Cloud,2025-04-01,2025-04-01,0013000000hL2I4AAK
1,1:M Content,0013000001GWr72,Data Cloud,2024-10-01,2024-10-01,0013000001GWr72AAD
1,1:M Content,0013000000HFbxu,Data Cloud,2024-12-01,2024-12-01,0013000000HFbxuAAD
1,1:M Content,0013000001FoRw2,Data Cloud,2024-11-01,2024-11-01,0013000001FoRw2AAF
1,1:M Content,00130000016ik2c,Data Cloud,2024-02-01,2024-02-01,00130000016ik2cAAA
1,1:M Content,001ed00000gCSjY,Data Cloud,2025-09-01,2025-09-01,001ed00000gCSjYYAW
1,1:M Content,0013000000ZmW0i,Data Cloud,2024-10-01,2024-10-01,0013000000ZmW0iAAF
1,1:M Content,0010M00001SegTQ,Data Cloud,2025-12-01,2025-12-01,0010M00001SegTQQAZ
1,1:M Content,00100000001iqcK,Data Cloud,2024-11-01,2024-11-01,00100000001iqcKAAQ
1,1:M Content,0013000000RWxyb,Data Cloud,2025-07-01,2025-06-01,0013000000RWxybAAD
1,1:M Content,0013000000LZRuo,Data Cloud,2025-07-01,2025-07-01,0013000000LZRuoAAH
1,1:M Content,00130000016iMK4,Data Cloud,2025-05-01,2025-05-01,00130000016iMK4AAM
1,1:M Content,0013000000GIhuv,Data Cloud,2025-08-01,2025-08-01,0013000000GIhuvAAD
1,1:M Content,001ed00000Bd2d9,Data Cloud,2024-12-01,2024-12-01,001ed00000Bd2d9YAB
1,1:M Content,001ed00000SNFhN,Data Cloud,2025-05-01,2025-05-01,001ed00000SNFhNYAX
1,1:M Content,0013000001NX8to,Data Cloud,2025-11-01,2025-11-01,0013000001NX8toAAD
1,1:M Content,0013000001JyRmP,Data Cloud,2025-09-01,2025-09-01,0013000001JyRmPAAV
1,1:M Content,0013000001NWoOO,Data Cloud,2025-01-01,2025-01-01,0013000001NWoOOAA1
1,1:M Content,0010M00001WYgnF,Data Cloud,2024-02-01,2024-02-01,0010M00001WYgnFQAT
1,1:M Content,0013y00001d1fTf,Data Cloud,2025-12-01,2025-12-01,0013y00001d1fTfQAI
1,1:M Content,0013y00001gERPk,Data Cloud,2025-10-01,2025-10-01,0013y00001gERPkQAO
1,1:M Content,0013000000BNY2p,Data Cloud,2025-11-01,2025-11-01,0013000000BNY2pAAH
1,1:M Content,0013y00001cZhbq,Data Cloud,2025-07-01,2025-07-01,0013y00001cZhbqQAC
1,1:M Content,0013y00001fElwJ,Data Cloud,2024-08-01,2024-08-01,0013y00001fElwJQAS
1,1:M Content,0013000001JzNQx,Data Cloud,2025-03-01,2025-03-01,0013000001JzNQxAAN
1,1:M Content,00130000016hGT0,Data Cloud,2025-06-01,2025-06-01,00130000016hGT0AAM
1,1:M Content,0013000000FeB1i,Data Cloud,2025-04-01,2025-04-01,0013000000FeB1iAAF
2,1:M Content,00130000002xGL6,Data Cloud,2025-03-01,2025-03-01,00130000002xGL6AAM
1,1:M Content,0013y00001cyfug,Data Cloud,2024-08-01,2024-08-01,0013y00001cyfugQAA
1,1:M Content,0010M00001YFkFW,Data Cloud,2024-05-01,2024-05-01,0010M00001YFkFWQA1
1,1:M Content,0010M00001SJRwo,Data Cloud,2025-08-01,2025-08-01,0010M00001SJRwoQAH
1,1:M Content,00100000001u5Qo,Data Cloud,2025-04-01,2025-04-01,00100000001u5QoAAI
1,1:M Content,0013000000ZigW5,Data Cloud,2025-08-01,2025-08-01,0013000000ZigW5AAJ
1,1:M Content,0013000000HGVDC,Data Cloud,2024-08-01,2024-07-01,0013000000HGVDCAA5
1,1:M Content,0013000001NXkQt,Data Cloud,2025-05-01,2025-05-01,0013000001NXkQtAAL
2,1:M Content,0013000000LBPlY,Data Cloud,2025-07-01,2025-07-01,0013000000LBPlYAAX
2,1:M Content,0013000001NWmJD,Data Cloud,2025-02-01,2025-02-01,0013000001NWmJDAA1
2,1:M Content,0013000000I4JCA,Data Cloud,2025-12-01,2025-12-01,0013000000I4JCAAA3
1,Onboarding Specialists,0013000000FK8ie,Data Cloud,2025-10-01,2025-10-01,0013000000FK8ieAAD
1,Success Guides,00130000002xGOh,Data Cloud,2025-11-01,2025-10-01,00130000002xGOhAAM
1,Success Guides,0013y00001cChih,Data Cloud,2025-09-01,2025-08-01,0013y00001cChihQAC
1,Success Architects,0013y00001epJ4x,Data Cloud,2025-07-01,2025-06-01,0013y00001epJ4xQAE
1,Success Guides,0013000000rotO4,Data Cloud,2025-02-01,2025-01-01,0013000000rotO4AAI
1,Success Guides,0013000000GqiHG,Data Cloud,2024-06-01,2024-06-01,0013000000GqiHGAAZ
1,Success Guides,0013000001HhbBB,Data Cloud,2024-01-01,2024-01-01,0013000001HhbBBAAZ
1,Onboarding Specialists,0013y00001euOjF,Data Cloud,2023-08-01,2023-06-01,0013y00001euOjFQAU
1,Success Architects,0013y00001bdceh,Data Cloud,2025-04-01,2025-03-01,0013y00001bdcehQAA
1,Success Architects,0013y00001cFOqS,Data Cloud,2024-11-01,2024-09-01,0013y00001cFOqSQAW
1,Success Guides,0010M00001QaRw2,Data Cloud,2024-09-01,2024-08-01,0010M00001QaRw2QAF
1,Onboarding Specialists,0013000001MiQWs,Data Cloud,2025-05-01,2024-12-01,0013000001MiQWsAAN
1,Success Architects,0010M00001QmLgI,Data Cloud,2024-08-01,2024-06-01,0010M00001QmLgIQAV
1,Success Guides,00100000001Siph,Data Cloud,2024-10-01,2024-10-01,00100000001SiphAAC
1,Onboarding Specialists,001ed000008kKTl,Data Cloud,2025-02-01,2024-11-01,001ed000008kKTlYAM
1,Success Architects,0013000000M2MYN,Data Cloud,2024-09-01,2024-08-01,0013000000M2MYNAA3
1,Success Architects,0010M00001Wkh9D,Data Cloud,2025-06-01,2025-04-01,0010M00001Wkh9DQAR
1,Success Guides,00130000000BeUH,Data Cloud,2023-01-01,2022-12-01,00130000000BeUHAA0
1,Success Guides,0013y00001ea3iD,Data Cloud,2025-12-01,2025-11-01,0013y00001ea3iDQAQ
1,Success Architects,001ed000003kaze,Data Cloud,2025-06-01,2025-05-01,001ed000003kazeYAA
1,Success Architects,0013000000M2MYN,Data Cloud,2024-05-01,2024-04-01,0013000000M2MYNAA3
1,Onboarding Specialists,0010M00001YtzhS,Data Cloud,2025-08-01,2025-08-01,0010M00001YtzhSQAR
1,Success Guides,0013000000I3oMa,Data Cloud,2024-10-01,2024-09-01,0013000000I3oMaAAJ
1,Success Architects,0013000000M2sOc,Data Cloud,2025-03-01,2025-02-01,0013000000M2sOcAAJ
1,Onboarding Specialists,001ed00000MVrHv,Data Cloud,2025-11-01,2025-11-01,001ed00000MVrHvYAL
1,Success Architects,0013000000Gu3Ka,Data Cloud,2024-10-01,2024-09-01,0013000000Gu3KaAAJ
1,Success Guides,00130000002PhR5,Data Cloud,2024-11-01,2024-09-01,00130000002PhR5AAK
1,Success Architects,0013y00001cTO1F,Data Cloud,2024-07-01,2024-07-01,0013y00001cTO1FQAW
1,Success Guides,0013y00001c84w9,Data Cloud,2025-03-01,2025-03-01,0013y00001c84w9QAA
1,Success Guides,0013000000GKLec,Data Cloud,2024-12-01,2024-11-01,0013000000GKLecAAH
1,Onboarding Specialists,0010M00001WJTfd,Data Cloud,2024-06-01,2024-05-01,0010M00001WJTfdQAH
1,Success Guides,0013y00001Z1KVe,Data Cloud,2025-10-01,2025-10-01,0013y00001Z1KVeQAN
1,Success Guides,0010M00001SeO3a,Data Cloud,2025-09-01,2025-08-01,0010M00001SeO3aQAF
1,Success Guides,0013y00001cSdd5,Data Cloud,2025-11-01,2025-11-01,0013y00001cSdd5QAC
1,Success Guides,0013000000Zmi1k,Data Cloud,2024-12-01,2024-11-01,0013000000Zmi1kAAB
1,Onboarding Specialists,0010M00001YFlNo,Data Cloud,2025-03-01,2025-01-01,0010M00001YFlNoQAL
40,Success Architects,,Data Cloud,2025-11-01,2025-10-01
3,Success Guides,0013000000Raj07,Data Cloud,2025-12-01,2025-12-01,0013000000Raj07AAB
2,Success Guides,0013000000ZiYzB,Data Cloud,2025-10-01,2025-10-01,0013000000ZiYzBAAV
1,1:M Content,00130000004DKxU,Data Cloud,2024-03-01,2024-03-01,00130000004DKxUAAW
1,1:M Content,0013y00001c837o,Data Cloud,2025-06-01,2025-06-01,0013y00001c837oQAA
1,1:M Content,0013y00001fSzMz,Data Cloud,2025-10-01,2025-10-01,0013y00001fSzMzQAK
1,1:M Content,0013000000AnD1x,Data Cloud,2024-12-01,2024-12-01,0013000000AnD1xAAF
1,1:M Content,001ed000002i77v,Data Cloud,2024-03-01,2024-03-01,001ed000002i77vYAA
1,1:M Content,0013000001LWzB6,Data Cloud,2025-10-01,2025-10-01,0013000001LWzB6AAL
1,1:M Content,0010M00001NYXRt,Data Cloud,2024-08-01,2024-08-01,0010M00001NYXRtQAP
1,1:M Content,001000000027LnG,Data Cloud,2025-03-01,2025-03-01,001000000027LnGAAU
1,1:M Content,00130000016hA4v,Data Cloud,2025-08-01,2025-08-01,00130000016hA4vAAE
1,1:M Content,0013y00001bdceh,Data Cloud,2025-10-01,2025-10-01,0013y00001bdcehQAA
1,1:M Content,0010M00001THLtS,Data Cloud,2025-03-01,2025-03-01,0010M00001THLtSQAX
1,1:M Content,0010M00001Y5R0d,Data Cloud,2025-04-01,2025-04-01,0010M00001Y5R0dQAF
1,1:M Content,0010M00001S9P3m,Data Cloud,2025-12-01,2025-12-01,0010M00001S9P3mQAF
1,1:M Content,0013y00001bdc53,Data Cloud,2025-03-01,2025-03-01,0013y00001bdc53QAA
1,1:M Content,00100000001KsPr,Data Cloud,2025-04-01,2025-04-01,00100000001KsPrAAK
1,1:M Content,0013000001CBeD3,Data Cloud,2025-06-01,2025-06-01,0013000001CBeD3AAL
1,1:M Content,0010M00001cHSPq,Data Cloud,2025-10-01,2025-10-01,0010M00001cHSPqQAO
1,1:M Content,0013y00001csA11,Data Cloud,2025-02-01,2025-02-01,0013y00001csA11QAE
1,1:M Content,0013y00001hE8gK,Data Cloud,2024-07-01,2024-07-01,0013y00001hE8gKQAS
1,1:M Content,0013000000M2LyG,Data Cloud,2025-04-01,2025-03-01,0013000000M2LyGAAV
1,1:M Content,00130000002xcpu,Data Cloud,2025-05-01,2025-05-01,00130000002xcpuAAA
1,1:M Content,0010M00001WA3DB,Data Cloud,2025-12-01,2025-12-01,0010M00001WA3DBQA1
1,1:M Content,0013000000ZjKpR,Data Cloud,2025-02-01,2025-02-01,0013000000ZjKpRAAV
1,1:M Content,0013000000NQhgD,Data Cloud,2025-11-01,2025-11-01,0013000000NQhgDAAT
1,1:M Content,001000000027wFN,Data Cloud,2025-11-01,2025-11-01,001000000027wFNAAY
1,1:M Content,0013000001JyaqM,Data Cloud,2025-11-01,2025-11-01,0013000001JyaqMAAR
1,1:M Content,0013000001M0XmF,Data Cloud,2025-05-01,2025-05-01,0013000001M0XmFAAV
1,1:M Content,0013000001GWgUR,Data Cloud,2025-11-01,2025-11-01,0013000001GWgURAA1
1,1:M Content,001ed00000VCrZm,Data Cloud,2025-06-01,2025-06-01,001ed00000VCrZmYAL
1,1:M Content,001ed00000hddC7,Data Cloud,2025-10-01,2025-10-01,001ed00000hddC7YAI
1,1:M Content,0010M00001PE2XN,Data Cloud,2025-04-01,2025-04-01,0010M00001PE2XNQA1
1,1:M Content,0013y00001cFUpW,Data Cloud,2025-07-01,2025-07-01,0013y00001cFUpWQAW
1,1:M Content,0013000000I4Ktt,Data Cloud,2025-07-01,2025-07-01,0013000000I4KttAAF
1,1:M Content,001ed00000XJnbX,Data Cloud,2025-07-01,2025-07-01,001ed00000XJnbXYAT
1,1:M Content,0013000000ro8zj,Data Cloud,2025-09-01,2025-09-01,0013000000ro8zjAAA
1,1:M Content,00130000004DL0g,Data Cloud,2025-09-01,2025-09-01,00130000004DL0gAAG
1,1:M Content,0013y00001c5Q2z,Data Cloud,2025-06-01,2025-06-01,0013y00001c5Q2zQAE
1,1:M Content,0013000000Ran13,Data Cloud,2025-07-01,2025-07-01,0013000000Ran13AAB
1,1:M Content,0010M00001QanXI,Data Cloud,2024-06-01,2024-06-01,0010M00001QanXIQAZ
1,1:M Content,0013000001J4n3T,Data Cloud,2025-07-01,2025-06-01,0013000001J4n3TAAR
1,1:M Content,0013000001GY3mt,Data Cloud,2024-10-01,2024-10-01,0013000001GY3mtAAD
1,1:M Content,0010M00001Qm5BC,Data Cloud,2024-08-01,2024-08-01,0010M00001Qm5BCQAZ
1,1:M Content,001ed00000ak5Ub,Data Cloud,2025-10-01,2025-10-01,001ed00000ak5UbYAI
1,1:M Content,001ed0000066qgQ,Data Cloud,2025-02-01,2025-02-01,001ed0000066qgQYAQ
1,1:M Content,0013000000M1tXv,Data Cloud,2025-04-01,2025-04-01,0013000000M1tXvAAJ
1,1:M Content,0013000000NPcgD,Data Cloud,2024-12-01,2024-12-01,0013000000NPcgDAAT
2,1:M Content,00130000009aNB2,Data Cloud,2025-11-01,2025-11-01,00130000009aNB2AAM
3,1:M Content,00130000002eHBY,Data Cloud,2024-12-01,2024-12-01,00130000002eHBYAA2
2,1:M Content,0010M00001QmhDj,Data Cloud,2025-11-01,2025-11-01,0010M00001QmhDjQAJ
2,1:M Content,001ed00000ERdLN,Data Cloud,2025-01-01,2025-01-01,001ed00000ERdLNYA1
1,Onboarding Specialists,0013000001NWmOD,Data Cloud,2025-11-01,2025-10-01,0013000001NWmODAA1
1,Success Guides,0010M00001PE2bK,Data Cloud,2024-07-01,2024-07-01,0010M00001PE2bKQAT
1,Success Guides,0013y00001cp2Kd,Data Cloud,2024-06-01,2024-06-01,0013y00001cp2KdQAI
1,Success Guides,0013000001FitDv,Data Cloud,2023-03-01,2023-01-01,0013000001FitDvAAJ
1,Onboarding Specialists,0013000001MicDY,Data Cloud,2024-10-01,2024-07-01,0013000001MicDYAAZ
1,Onboarding Specialists,00130000016jPP4,Data Cloud,2024-03-01,2024-02-01,00130000016jPP4AAM
1,Success Architects,0013000000NT0e4,Data Cloud,2025-02-01,2024-11-01,0013000000NT0e4AAD
1,Success Guides,0013000000NPfix,Data Cloud,2024-11-01,2024-11-01,0013000000NPfixAAD
1,Success Guides,0013000000HIEBz,Data Cloud,2023-05-01,2023-05-01,0013000000HIEBzAAP
1,Success Architects,0013y00001cQENI,Data Cloud,2024-11-01,2024-09-01,0013y00001cQENIQA4
1,Success Guides,00100000000JIOi,Data Cloud,2025-12-01,2025-12-01,00100000000JIOiAAO
1,Success Guides,00130000002xY5t,Data Cloud,2024-07-01,2024-06-01,00130000002xY5tAAE
1,Success Guides,0013y00001cSeja,Data Cloud,2025-12-01,2025-11-01,0013y00001cSejaQAC
1,Success Guides,0013y00001cCeao,Data Cloud,2023-02-01,2023-01-01,0013y00001cCeaoQAC
1,Success Guides,00130000016gE0S,Data Cloud,2024-10-01,2024-10-01,00130000016gE0SAAU
1,Success Guides,0013000000E22lb,Data Cloud,2025-03-01,2025-03-01,0013000000E22lbAAB
1,Success Guides,0010M00001Spqst,Data Cloud,2025-04-01,2025-04-01,0010M00001SpqstQAB
1,Success Architects,0013000001LVwlx,Data Cloud,2024-10-01,2024-09-01,0013000001LVwlxAAD
1,Onboarding Specialists,0013000001JyDCn,Data Cloud,2025-06-01,2025-05-01,0013000001JyDCnAAN
1,Success Architects,0013000000NQhgD,Data Cloud,2025-03-01,2025-02-01,0013000000NQhgDAAT
1,Success Guides,00130000002xTR0,Data Cloud,2024-07-01,2024-06-01,00130000002xTR0AAM
1,Success Guides,0013000000rojaG,Data Cloud,2025-12-01,2025-11-01,0013000000rojaGAAQ
1,Success Guides,0013000000M24hf,Data Cloud,2025-01-01,2025-01-01,0013000000M24hfAAB
1,Success Guides,0010M00001QkrMt,Data Cloud,2025-08-01,2025-08-01,0010M00001QkrMtQAJ
1,Success Guides,0013000000GLN8I,Data Cloud,2024-03-01,2024-02-01,0013000000GLN8IAAX
1,Success Architects,0013y00001d0irs,Data Cloud,2025-05-01,2025-03-01,0013y00001d0irsQAA
1,Success Guides,0013000001CBOdX,Data Cloud,2024-11-01,2024-10-01,0013000001CBOdXAAX
1,Success Guides,0010M00001WOTZS,Data Cloud,2024-02-01,2024-02-01,0010M00001WOTZSQA5
1,Success Guides,0013000000ZlGtt,Data Cloud,2024-03-01,2024-03-01,0013000000ZlGttAAF
1,Onboarding Specialists,0013000001GWVAF,Data Cloud,2024-05-01,2024-03-01,0013000001GWVAFAA5
1,Success Architects,00130000000FEBh,Data Cloud,2024-12-01,2024-09-01,00130000000FEBhAAO
1,Success Architects,0013y00001dOLbj,Data Cloud,2024-09-01,2024-09-01,0013y00001dOLbjQAG
1,Onboarding Specialists,0010M00001UVeTw,Data Cloud,2023-08-01,2023-07-01,0010M00001UVeTwQAL
1,Success Architects,0013000000FdMei,Data Cloud,2025-01-01,2024-11-01,0013000000FdMeiAAF
1,Success Architects,0010M00001Y5R0d,Data Cloud,2025-08-01,2025-06-01,0010M00001Y5R0dQAF
1,Success Guides,0013000001CA9kL,Data Cloud,2025-10-01,2025-10-01,0013000001CA9kLAAT
1,Success Architects,0013y00001cFOqS,Data Cloud,2025-08-01,2025-07-01,0013y00001cFOqSQAW
4,Success Guides,00130000002xS2l,Data Cloud,2025-11-01,2025-11-01,00130000002xS2lAAE
2,Success Guides,001ed000006Ywz0,Data Cloud,2025-11-01,2025-11-01,001ed000006Ywz0YAC
2,Success Guides,00100000001CwNb,Data Cloud,2024-11-01,2024-11-01,00100000001CwNbAAK
1,1:M Content,0010M00001bttWM,Data Cloud,2024-12-01,2024-12-01,0010M00001bttWMQAY
1,1:M Content,0013000001Fk9zk,Data Cloud,2025-12-01,2025-12-01,0013000001Fk9zkAAB
1,1:M Content,0010M00001U3wGP,Data Cloud,2025-03-01,2025-03-01,0010M00001U3wGPQAZ
1,1:M Content,00130000002yFZh,Data Cloud,2024-12-01,2024-12-01,00130000002yFZhAAM
1,1:M Content,0013000000hLcOx,Data Cloud,2025-05-01,2025-05-01,0013000000hLcOxAAK
1,1:M Content,0013000001CArCy,Data Cloud,2024-07-01,2024-07-01,0013000001CArCyAAL
1,1:M Content,0010M00001UM0VV,Data Cloud,2025-09-01,2025-09-01,0010M00001UM0VVQA1
1,1:M Content,00130000002xRiA,Data Cloud,2025-10-01,2025-10-01,00130000002xRiAAAU
1,1:M Content,00130000002xYli,Data Cloud,2025-04-01,2025-04-01,00130000002xYliAAE
1,1:M Content,00130000016hRUT,Data Cloud,2025-06-01,2025-06-01,00130000016hRUTAA2
1,1:M Content,00130000000vbQd,Data Cloud,2025-07-01,2025-07-01,00130000000vbQdAAI
1,1:M Content,0013000000Ziqmj,Data Cloud,2025-08-01,2025-08-01,0013000000ZiqmjAAB
1,1:M Content,0013y00001hEAIj,Data Cloud,2024-09-01,2024-08-01,0013y00001hEAIjQAO
1,1:M Content,0013y00001g9jvP,Data Cloud,2024-09-01,2024-08-01,0013y00001g9jvPQAQ
1,1:M Content,0013000000M1jsP,Data Cloud,2025-05-01,2025-05-01,0013000000M1jsPAAR
1,1:M Content,00130000009wxMb,Data Cloud,2025-05-01,2025-05-01,00130000009wxMbAAI
1,1:M Content,0013000000ZkJFl,Data Cloud,2024-04-01,2024-04-01,0013000000ZkJFlAAN
1,1:M Content,001ed000005k9S1,Data Cloud,2025-06-01,2025-06-01,001ed000005k9S1YAI
1,1:M Content,0013000000ZlQp2,Data Cloud,2025-08-01,2025-08-01,0013000000ZlQp2AAF
1,1:M Content,0013y00001Z1Apj,Data Cloud,2024-11-01,2024-11-01,0013y00001Z1ApjQAF
1,1:M Content,0010M00001UMe5a,Data Cloud,2025-05-01,2025-05-01,0010M00001UMe5aQAD
1,1:M Content,0013000001GjElt,Data Cloud,2025-07-01,2025-07-01,0013000001GjEltAAF
1,1:M Content,0010M00001UVfvZ,Data Cloud,2025-02-01,2025-02-01,0010M00001UVfvZQAT
1,1:M Content,0013000000I4JCA,Data Cloud,2024-08-01,2024-08-01,0013000000I4JCAAA3
1,1:M Content,0013000001FoRw2,Data Cloud,2025-05-01,2025-05-01,0013000001FoRw2AAF
1,1:M Content,001ed00000ggPUt,Data Cloud,2025-09-01,2025-09-01,001ed00000ggPUtYAM
1,1:M Content,0013000000ZlaXD,Data Cloud,2025-02-01,2025-02-01,0013000000ZlaXDAAZ
1,1:M Content,001ed0000060M6l,Data Cloud,2024-10-01,2024-10-01,001ed0000060M6lYAE
1,1:M Content,0013000000HFbxu,Data Cloud,2025-04-01,2025-04-01,0013000000HFbxuAAD
1,1:M Content,0013y00001g9kXs,Data Cloud,2024-07-01,2024-07-01,0013y00001g9kXsQAI
1,1:M Content,0013y00001fMVED,Data Cloud,2025-06-01,2025-06-01,0013y00001fMVEDQA4
2,1:M Content,00100000001pHFs,Data Cloud,2024-10-01,2024-10-01,00100000001pHFsAAM
2,1:M Content,0013000000Rauz2,Data Cloud,2024-10-01,2024-10-01,0013000000Rauz2AAB
2,1:M Content,0010M00001Qahqo,Data Cloud,2025-08-01,2025-08-01,0010M00001QahqoQAB
2,1:M Content,0013000000M0lvH,Data Cloud,2025-03-01,2025-03-01,0013000000M0lvHAAR
3,1:M Content,0013000001CAoab,Data Cloud,2025-12-01,2025-12-01,0013000001CAoabAAD
2,1:M Content,00130000001S780,Data Cloud,2025-10-01,2025-10-01,00130000001S780AAC
1,Success Guides,0010M00001YuHWh,Data Cloud,2024-03-01,2024-03-01,0010M00001YuHWhQAN
1,Success Guides,0013y00001cHUOu,Data Cloud,2023-10-01,2023-09-01,0013y00001cHUOuQAO
1,Success Architects,0010M00001c4SZ0,Data Cloud,2025-08-01,2025-06-01,0010M00001c4SZ0QAM
1,Success Architects,0013000001CCpyb,Data Cloud,2024-11-01,2024-08-01,0013000001CCpybAAD
1,Success Guides,0010M00001P02Cz,Data Cloud,2024-08-01,2024-07-01,0010M00001P02CzQAJ
1,Success Guides,0013000001GXjnj,Data Cloud,2025-04-01,2025-04-01,0013000001GXjnjAAD
1,Success Guides,00130000002xZAi,Data Cloud,2025-01-01,2024-11-01,00130000002xZAiAAM
1,Success Guides,00130000000gQcC,Data Cloud,2023-01-01,2023-01-01,00130000000gQcCAAU
1,Success Guides,0013000000LliZO,Data Cloud,2025-06-01,2025-06-01,0013000000LliZOAAZ
1,Success Guides,0010M00001WIUmL,Data Cloud,2023-12-01,2023-12-01,0010M00001WIUmLQAX
1,Onboarding Specialists,0013y00001d7ydX,Data Cloud,2025-08-01,2025-08-01,0013y00001d7ydXQAQ
1,Onboarding Specialists,00130000002xJPH,Data Cloud,2025-10-01,2025-08-01,00130000002xJPHAA2
1,Success Architects,0013y00001fSuSm,Data Cloud,2025-08-01,2025-06-01,0013y00001fSuSmQAK
1,Success Guides,0013000000hMZVg,Data Cloud,2025-12-01,2025-11-01,0013000000hMZVgAAO
1,Success Architects,0013y00001g9bVr,Data Cloud,2025-06-01,2025-06-01,0013y00001g9bVrQAI
1,Success Guides,0013000000hJMc6,Data Cloud,2025-10-01,2025-09-01,0013000000hJMc6AAG
1,Onboarding Specialists,0013y00001eEIpo,Data Cloud,2024-05-01,2024-05-01,0013y00001eEIpoQAG
1,Success Guides,0013000000ZjVL0,Data Cloud,2025-11-01,2025-10-01,0013000000ZjVL0AAN
1,Success Guides,0013y00001cwAuS,Data Cloud,2025-11-01,2025-11-01,0013y00001cwAuSQAU
1,Onboarding Specialists,0013y00001eBqDA,Data Cloud,2023-11-01,2023-10-01,0013y00001eBqDAQA0
1,Success Architects,0010M00001UMgoI,Data Cloud,2025-05-01,2025-04-01,0010M00001UMgoIQAT
1,Onboarding Specialists,0013y00001be1ln,Data Cloud,2024-12-01,2024-10-01,0013y00001be1lnQAA
1,Success Architects,0013y00001cQENI,Data Cloud,2024-10-01,2024-08-01,0013y00001cQENIQA4
1,Success Architects,0013y00001fMyRQ,Data Cloud,2024-09-01,2024-09-01,0013y00001fMyRQQA0
1,Success Guides,0013y00001eXSTZ,Data Cloud,2024-12-01,2024-11-01,0013y00001eXSTZQA4
1,Onboarding Specialists,0013y00001chSgD,Data Cloud,2025-10-01,2025-08-01,0013y00001chSgDQAU
1,Success Guides,0010M00001WkTgY,Data Cloud,2024-08-01,2024-07-01,0010M00001WkTgYQAV
1,Success Architects,0010M00001S9GBw,Data Cloud,2024-11-01,2024-10-01,0010M00001S9GBwQAN
1,Success Guides,00130000008ebBF,Data Cloud,2025-05-01,2025-05-01,00130000008ebBFAAY
1,Success Architects,0013000001Fk9zk,Data Cloud,2024-09-01,2024-08-01,0013000001Fk9zkAAB
1,Success Guides,0010M00001Ytrnf,Data Cloud,2024-11-01,2024-09-01,0010M00001YtrnfQAB
1,Success Guides,00130000001evRV,Data Cloud,2025-04-01,2025-04-01,00130000001evRVAAY
1,Success Guides,0010M00001QmqlC,Data Cloud,2025-01-01,2025-01-01,0010M00001QmqlCQAR
1,Onboarding Specialists,0013000000hJBhx,Data Cloud,2024-09-01,2024-08-01,0013000000hJBhxAAG
1,Success Architects,0013000000GqJRh,Data Cloud,2025-07-01,2025-05-01,0013000000GqJRhAAN
1,Success Guides,0013000001MiUTj,Data Cloud,2023-08-01,2023-07-01,0013000001MiUTjAAN
1,Onboarding Specialists,0013000000hMMfW,Data Cloud,2025-11-01,2025-10-01,0013000000hMMfWAAW
1,Onboarding Specialists,00130000001cZRn,Data Cloud,2025-11-01,2025-10-01,00130000001cZRnAAM
1,Success Architects,0013000000AXupC,Data Cloud,2024-10-01,2024-09-01,0013000000AXupCAAT
1,Success Guides,0013000000M2MHK,Data Cloud,2025-12-01,2025-11-01,0013000000M2MHKAA3
1,Success Guides,00100000001rsa6,Data Cloud,2024-07-01,2024-06-01,00100000001rsa6AAA
1,Success Architects,0013y00001c8RMs,Data Cloud,2024-08-01,2024-07-01,0013y00001c8RMsQAM
1,Success Guides,0013000001CCB8L,Data Cloud,2025-08-01,2025-07-01,0013000001CCB8LAAX
1,Success Guides,0010M00001WJN3t,Data Cloud,2025-10-01,2025-09-01,0010M00001WJN3tQAH
1,Success Guides,001ed00000i5cjH,Data Cloud,2025-11-01,2025-11-01,001ed00000i5cjHYAQ
1,Success Guides,00100000001bbaQ,Data Cloud,2025-03-01,2025-03-01,00100000001bbaQAAQ
8,Success Guides,001ed00000GDurE,Data Cloud,2025-12-01,2025-12-01,001ed00000GDurEYAT
2,Success Guides,00100000001rsa6,Data Cloud,2024-05-01,2024-05-01,00100000001rsa6AAA
1,1:M Content,0013000001GVpJu,Data Cloud,2025-08-01,2025-08-01,0013000001GVpJuAAL
1,1:M Content,0013y00001cSSXG,Data Cloud,2025-05-01,2025-05-01,0013y00001cSSXGQA4
1,1:M Content,0013000000hLr4Z,Data Cloud,2025-01-01,2025-01-01,0013000000hLr4ZAAS
1,1:M Content,00130000006rvqB,Data Cloud,2025-10-01,2025-10-01,00130000006rvqBAAQ
1,1:M Content,0013000001CCAll,Data Cloud,2025-10-01,2025-10-01,0013000001CCAllAAH
1,1:M Content,00130000002xL6L,Data Cloud,2025-12-01,2025-12-01,00130000002xL6LAAU
1,1:M Content,00130000002xHZc,Data Cloud,2025-11-01,2025-11-01,00130000002xHZcAAM
1,1:M Content,0013000000HF54f,Data Cloud,2025-11-01,2025-11-01,0013000000HF54fAAD
1,1:M Content,0013000000HF5Rx,Data Cloud,2025-11-01,2025-11-01,0013000000HF5RxAAL
1,1:M Content,001ed00000Nyw2I,Data Cloud,2025-04-01,2025-04-01,001ed00000Nyw2IYAR
1,1:M Content,0013000000rqpm5,Data Cloud,2025-06-01,2025-06-01,0013000000rqpm5AAA
1,1:M Content,00130000002xV5Z,Data Cloud,2024-05-01,2024-05-01,00130000002xV5ZAAU
1,1:M Content,0010M00001WkOqr,Data Cloud,2025-01-01,2025-01-01,0010M00001WkOqrQAF
1,1:M Content,0010M00001NYrDM,Data Cloud,2025-03-01,2025-03-01,0010M00001NYrDMQA1
1,1:M Content,00130000001kJxj,Data Cloud,2025-08-01,2025-08-01,00130000001kJxjAAE
1,1:M Content,00100000000Cc6Q,Data Cloud,2025-10-01,2025-10-01,00100000000Cc6QAAS
1,1:M Content,00100000002JlrN,Data Cloud,2025-07-01,2025-07-01,00100000002JlrNAAS
1,1:M Content,0010M00001QnT9I,Data Cloud,2025-11-01,2025-11-01,0010M00001QnT9IQAV
1,1:M Content,0010M00001UMe5a,Data Cloud,2025-07-01,2025-07-01,0010M00001UMe5aQAD
1,1:M Content,0013000000M1pj4,Data Cloud,2024-03-01,2024-03-01,0013000000M1pj4AAB
1,1:M Content,0013000000Gqno4,Data Cloud,2024-10-01,2024-09-01,0013000000Gqno4AAB
1,1:M Content,0010M00001VMdpB,Data Cloud,2025-03-01,2025-03-01,0010M00001VMdpBQAT
1,1:M Content,0010M00001SnFFq,Data Cloud,2025-07-01,2025-07-01,0010M00001SnFFqQAN
1,1:M Content,0013000001GWgUR,Data Cloud,2025-10-01,2025-10-01,0013000001GWgURAA1
1,1:M Content,0013y00001f6TiT,Data Cloud,2024-08-01,2024-08-01,0013y00001f6TiTQAU
1,1:M Content,0013000000RaGMJ,Data Cloud,2024-10-01,2024-10-01,0013000000RaGMJAA3
1,1:M Content,001000000007wVh,Data Cloud,2025-08-01,2025-08-01,001000000007wVhAAI
1,1:M Content,001ed00000aJQRv,Data Cloud,2025-07-01,2025-07-01,001ed00000aJQRvYAO
1,1:M Content,0013000000ZkPdh,Data Cloud,2025-05-01,2025-05-01,0013000000ZkPdhAAF
1,1:M Content,0013000000M2NHn,Data Cloud,2025-06-01,2025-06-01,0013000000M2NHnAAN
1,1:M Content,0010M00001P0ObF,Data Cloud,2024-02-01,2024-02-01,0010M00001P0ObFQAV
1,1:M Content,00130000016jZVR,Data Cloud,2024-03-01,2024-03-01,00130000016jZVRAA2
1,1:M Content,0013000000M28YF,Data Cloud,2025-12-01,2025-12-01,0013000000M28YFAAZ
1,1:M Content,0013000000LzN6u,Data Cloud,2025-04-01,2025-04-01,0013000000LzN6uAAF
1,1:M Content,0013y00001gTcev,Data Cloud,2024-03-01,2024-03-01,0013y00001gTcevQAC
1,1:M Content,0010M00001QlF1c,Data Cloud,2025-12-01,2025-12-01,0010M00001QlF1cQAF
1,1:M Content,0013000000rpZHi,Data Cloud,2025-04-01,2025-03-01,0013000000rpZHiAAM
1,1:M Content,0010M00001Qkb4g,Data Cloud,2025-02-01,2025-02-01,0010M00001Qkb4gQAB
3,1:M Content,0013000000LBr30,Data Cloud,2025-10-01,2025-10-01,0013000000LBr30AAD
3,1:M Content,0013000000IkQD7,Data Cloud,2025-11-01,2025-11-01,0013000000IkQD7AAN
2,1:M Content,0010M00001UVDFl,Data Cloud,2025-12-01,2025-12-01,0010M00001UVDFlQAP
2,1:M Content,00130000002eHBY,Data Cloud,2024-10-01,2024-10-01,00130000002eHBYAA2
1,Success Guides,0013000000LZRuo,Data Cloud,2025-08-01,2025-07-01,0013000000LZRuoAAH
1,Onboarding Specialists,0013000000LAnay,Data Cloud,2024-11-01,2024-07-01,0013000000LAnayAAD
1,Success Guides,0013y00001g5OUv,Data Cloud,2025-01-01,2024-12-01,0013y00001g5OUvQAM
1,Success Guides,0013000000M2QSN,Data Cloud,2025-12-01,2025-12-01,0013000000M2QSNAA3
1,Success Guides,0013000000M1tEU,Data Cloud,2025-08-01,2025-07-01,0013000000M1tEUAAZ
1,Success Guides,0013000000Gu2qk,Data Cloud,2025-04-01,2025-04-01,0013000000Gu2qkAAB
1,Success Guides,00130000009DHqq,Data Cloud,2025-12-01,2025-12-01,00130000009DHqqAAG
1,Onboarding Specialists,0013y00001buGzO,Data Cloud,2025-11-01,2025-10-01,0013y00001buGzOQAU
1,Onboarding Specialists,0010M00001Qkl4E,Data Cloud,2025-09-01,2025-06-01,0010M00001Qkl4EQAR
1,Success Architects,0013y00001cSLLY,Data Cloud,2024-11-01,2024-10-01,0013y00001cSLLYQA4
1,Success Guides,0010M00001Waigu,Data Cloud,2024-06-01,2024-06-01,0010M00001WaiguQAB
1,Success Architects,0013000000HF5Rx,Data Cloud,2024-09-01,2024-08-01,0013000000HF5RxAAL
1,Success Guides,0013y00001cCXv9,Data Cloud,2025-08-01,2025-07-01,0013y00001cCXv9QAG
1,Onboarding Specialists,0013000000ITWmE,Data Cloud,2025-12-01,2025-11-01,0013000000ITWmEAAX
1,Success Guides,001000000018wYy,Data Cloud,2024-07-01,2024-06-01,001000000018wYyAAI
1,Success Guides,0010M00001QlzZr,Data Cloud,2024-07-01,2024-07-01,0010M00001QlzZrQAJ
1,Onboarding Specialists,00130000000lDRJ,Data Cloud,2024-05-01,2024-05-01,00130000000lDRJAA2
1,Success Architects,0013000000RXpim,Data Cloud,2024-05-01,2024-03-01,0013000000RXpimAAD
1,Onboarding Specialists,001ed00000azldE,Data Cloud,2025-11-01,2025-11-01,001ed00000azldEYAQ
1,Onboarding Specialists,0013y00001cIoru,Data Cloud,2025-12-01,2025-12-01,0013y00001cIoruQAC
1,Success Architects,0013000000LzQuq,Data Cloud,2024-11-01,2024-09-01,0013000000LzQuqAAF
1,Success Guides,0013000000CGwgV,Data Cloud,2025-07-01,2025-06-01,0013000000CGwgVAAT
1,Success Guides,0013000000JkH37,Data Cloud,2022-12-01,2022-11-01,0013000000JkH37AAF
1,Success Guides,0013000000NQEok,Data Cloud,2024-01-01,2023-12-01,0013000000NQEokAAH
1,Onboarding Specialists,00120000000AY06,Data Cloud,2025-04-01,2025-02-01,00120000000AY06AAG
1,Success Guides,0013000001JyIvW,Data Cloud,2025-08-01,2025-08-01,0013000001JyIvWAAV
1,Success Architects,0013000000ZlQp1,Data Cloud,2025-08-01,2025-06-01,0013000000ZlQp1AAF
1,Success Guides,00130000002xZ7U,Data Cloud,2025-11-01,2025-11-01,00130000002xZ7UAAU
1,Success Architects,0010M00001WaOgJ,Data Cloud,2024-04-01,2024-03-01,0010M00001WaOgJQAV
1,Success Guides,0010M00001SHZkE,Data Cloud,2024-11-01,2024-10-01,0010M00001SHZkEQAX
1,Success Guides,00100000001L62i,Data Cloud,2025-04-01,2025-02-01,00100000001L62iAAC
1,Onboarding Specialists,0013000000RX560,Data Cloud,2024-03-01,2023-12-01,0013000000RX560AAD
1,Onboarding Specialists,0013000000M2RoC,Data Cloud,2025-04-01,2025-02-01,0013000000M2RoCAAV
1,Success Guides,0013000000KwIqO,Data Cloud,2025-08-01,2025-08-01,0013000000KwIqOAAV
1,Success Architects,00130000002xL6L,Data Cloud,2024-11-01,2024-09-01,00130000002xL6LAAU
3,Success Guides,0013y00001eBwKU,Data Cloud,2025-12-01,2025-09-01,0013y00001eBwKUQA0
2,Success Guides,0013000000M2MYN,Data Cloud,2025-06-01,2025-05-01,0013000000M2MYNAA3
2,Success Guides,00130000008UtFc,Data Cloud,2025-06-01,2025-06-01,00130000008UtFcAAK
1,1:M Content,0013000000ZkMoj,Data Cloud,2025-12-01,2025-12-01,0013000000ZkMojAAF
1,1:M Content,001ed000003AYOV,Data Cloud,2025-11-01,2025-11-01,001ed000003AYOVYA4
1,1:M Content,00130000001n1ZT,Data Cloud,2025-02-01,2025-02-01,00130000001n1ZTAAY
1,1:M Content,0010M00001S9Ctf,Data Cloud,2025-10-01,2025-10-01,0010M00001S9CtfQAF
1,1:M Content,0010M00001QkorK,Data Cloud,2024-10-01,2024-10-01,0010M00001QkorKQAR
1,1:M Content,0013000001GXLgo,Data Cloud,2024-10-01,2024-10-01,0013000001GXLgoAAH
1,1:M Content,00100000001T7qV,Data Cloud,2025-03-01,2025-03-01,00100000001T7qVAAS
1,1:M Content,0010M00001Qm5BC,Data Cloud,2024-05-01,2024-05-01,0010M00001Qm5BCQAZ
1,1:M Content,0013y00001dWxgn,Data Cloud,2025-11-01,2025-11-01,0013y00001dWxgnQAC
1,1:M Content,0013000000hIhIO,Data Cloud,2024-11-01,2024-11-01,0013000000hIhIOAA0
1,1:M Content,0010000000000h9,Data Cloud,2025-08-01,2025-08-01,0010000000000h9AAA
1,1:M Content,001000000027vN5,Data Cloud,2025-12-01,2025-12-01,001000000027vN5AAI
1,1:M Content,0013y00001d78w3,Data Cloud,2024-10-01,2024-10-01,0013y00001d78w3QAA
1,1:M Content,001ed000001kk0s,Data Cloud,2025-11-01,2025-11-01,001ed000001kk0sYAA
1,1:M Content,0010M00001QqNxV,Data Cloud,2025-11-01,2025-11-01,0010M00001QqNxVQAV
1,1:M Content,0010M00001SIeTE,Data Cloud,2025-05-01,2025-05-01,0010M00001SIeTEQA1
1,1:M Content,0010M00001QmhDj,Data Cloud,2025-08-01,2025-08-01,0010M00001QmhDjQAJ
1,1:M Content,001ed00000QO8By,Data Cloud,2025-06-01,2025-06-01,001ed00000QO8ByYAL
1,1:M Content,0013000000roetF,Data Cloud,2025-05-01,2025-05-01,0013000000roetFAAQ
1,1:M Content,0013y00001bfAwW,Data Cloud,2024-06-01,2024-06-01,0013y00001bfAwWQAU
1,1:M Content,0010M00001QnRKw,Data Cloud,2025-05-01,2025-05-01,0010M00001QnRKwQAN
1,1:M Content,0013y00001hE9rY,Data Cloud,2024-08-01,2024-08-01,0013y00001hE9rYQAS
1,1:M Content,0013y00001cbEyL,Data Cloud,2024-10-01,2024-10-01,0013y00001cbEyLQAU
1,1:M Content,00130000016jWa9,Data Cloud,2025-12-01,2025-12-01,00130000016jWa9AAE
1,1:M Content,00130000001Tqk1,Data Cloud,2024-03-01,2024-03-01,00130000001Tqk1AAC
1,1:M Content,0013y00001cG37A,Data Cloud,2025-06-01,2025-06-01,0013y00001cG37AQAS
1,1:M Content,0010M00001Xxfe6,Data Cloud,2025-02-01,2025-02-01,0010M00001Xxfe6QAB
1,1:M Content,0010M00001JzguL,Data Cloud,2025-11-01,2025-11-01,0010M00001JzguLQAR
1,1:M Content,00130000016gfuV,Data Cloud,2025-04-01,2025-04-01,00130000016gfuVAAQ
1,1:M Content,00130000008ea9K,Data Cloud,2025-10-01,2025-10-01,00130000008ea9KAAQ
1,1:M Content,0013y00001g9ki7,Data Cloud,2024-07-01,2024-07-01,0013y00001g9ki7QAA
1,1:M Content,0010M00001PDwvR,Data Cloud,2025-12-01,2025-12-01,0010M00001PDwvRQAT
1,1:M Content,0013000001CC93H,Data Cloud,2025-03-01,2025-03-01,0013000001CC93HAAT
1,1:M Content,00130000008eb27,Data Cloud,2025-04-01,2025-04-01,00130000008eb27AAA
1,1:M Content,001300000021FzU,Data Cloud,2025-10-01,2025-10-01,001300000021FzUAAU
1,1:M Content,0013y00001f61BI,Data Cloud,2024-08-01,2024-08-01,0013y00001f61BIQAY
1,1:M Content,0010M00001WZ3Eo,Data Cloud,2025-05-01,2025-05-01,0010M00001WZ3EoQAL
1,1:M Content,0013000000M2MYN,Data Cloud,2025-02-01,2025-02-01,0013000000M2MYNAA3
1,1:M Content,0013y00001cItCw,Data Cloud,2025-03-01,2025-03-01,0013y00001cItCwQAK
1,1:M Content,00130000016gXsl,Data Cloud,2025-03-01,2025-03-01,00130000016gXslAAE
1,1:M Content,0013000001FbNWD,Data Cloud,2025-09-01,2025-09-01,0013000001FbNWDAA3
1,1:M Content,0013y00001XzTMM,Data Cloud,2025-08-01,2025-08-01,0013y00001XzTMMQA3
1,1:M Content,0013y00001g9k4H,Data Cloud,2024-08-01,2024-08-01,0013y00001g9k4HQAQ
1,1:M Content,0013y00001dVsQJ,Data Cloud,2025-08-01,2025-08-01,0013y00001dVsQJQA0
1,1:M Content,0013000000GIhuv,Data Cloud,2025-07-01,2025-07-01,0013000000GIhuvAAD
1,1:M Content,0013y00001fwJ3G,Data Cloud,2024-10-01,2024-10-01,0013y00001fwJ3GQAU
1,1:M Content,0013000001MsvTR,Data Cloud,2025-07-01,2025-07-01,0013000001MsvTRAAZ
1,1:M Content,0010M00001PE2XN,Data Cloud,2025-08-01,2025-08-01,0010M00001PE2XNQA1
1,1:M Content,0013000001CDyyq,Data Cloud,2025-12-01,2025-12-01,0013000001CDyyqAAD
1,1:M Content,0013000000NP4yP,Data Cloud,2025-05-01,2025-05-01,0013000000NP4yPAAT
2,1:M Content,0013000000hJOi1,Data Cloud,2025-08-01,2025-08-01,0013000000hJOi1AAG
2,1:M Content,00100000001UKxw,Data Cloud,2025-04-01,2025-04-01,00100000001UKxwAAG
2,1:M Content,0013000000LZIqJ,Data Cloud,2025-11-01,2025-11-01,0013000000LZIqJAAX
2,1:M Content,0013000000ImJcj,Data Cloud,2025-04-01,2025-04-01,0013000000ImJcjAAF
2,1:M Content,001ed000004Yot0,Data Cloud,2025-07-01,2025-07-01,001ed000004Yot0YAC
2,1:M Content,0013000000rnlWw,Data Cloud,2025-12-01,2025-12-01,0013000000rnlWwAAI
1,Onboarding Specialists,001ed00000F9BEx,Data Cloud,2025-07-01,2025-07-01,001ed00000F9BExYAN
1,Onboarding Specialists,0013000000GK1PC,Data Cloud,2025-10-01,2025-10-01,0013000000GK1PCAA1
1,Onboarding Specialists,0010M00001JzeYs,Data Cloud,2024-01-01,2023-11-01,0010M00001JzeYsQAJ
1,Success Guides,0013y00001d9NGi,Data Cloud,2024-06-01,2024-05-01,0013y00001d9NGiQAM
1,Onboarding Specialists,0010M00001SJA5p,Data Cloud,2025-11-01,2025-11-01,0010M00001SJA5pQAH
1,Success Guides,0010M00001Qk8bp,Data Cloud,2024-12-01,2024-11-01,0010M00001Qk8bpQAB
1,Success Guides,00130000008ebQH,Data Cloud,2025-09-01,2025-09-01,00130000008ebQHAAY
1,Onboarding Specialists,0010M00001Wa05n,Data Cloud,2025-12-01,2025-11-01,0010M00001Wa05nQAB
1,Success Architects,0013000001CAC62,Data Cloud,2024-12-01,2024-12-01,0013000001CAC62AAH
1,Success Guides,0010M00001NYiXe,Data Cloud,2025-11-01,2025-11-01,0010M00001NYiXeQAL
1,Success Guides,00130000004IFyG,Data Cloud,2025-04-01,2025-03-01,00130000004IFyGAAW
1,Success Architects,00130000004mdMn,Data Cloud,2025-02-01,2024-11-01,00130000004mdMnAAI
1,Success Architects,0013y00001f9U0Z,Data Cloud,2024-08-01,2024-08-01,0013y00001f9U0ZQAU
1,Onboarding Specialists,0013y00001cFXDp,Data Cloud,2025-10-01,2025-10-01,0013y00001cFXDpQAO
1,Success Architects,00130000000FEBh,Data Cloud,2024-12-01,2024-12-01,00130000000FEBhAAO
1,Success Guides,0013y00001fSvHk,Data Cloud,2025-10-01,2025-09-01,0013y00001fSvHkQAK
1,Success Architects,0013000001FbNWD,Data Cloud,2024-09-01,2024-08-01,0013000001FbNWDAA3
1,Success Guides,0013y00001dWtia,Data Cloud,2024-10-01,2024-09-01,0013y00001dWtiaQAC
1,Success Guides,0013y00001crQvF,Data Cloud,2025-08-01,2025-07-01,0013y00001crQvFQAU
1,Success Architects,0013y00001fFHCk,Data Cloud,2025-04-01,2025-03-01,0013y00001fFHCkQAO
1,Onboarding Specialists,00130000005whbl,Data Cloud,2025-10-01,2025-10-01,00130000005whblAAA
1,Success Guides,0010M00001QaKTb,Data Cloud,2024-09-01,2024-08-01,0010M00001QaKTbQAN
1,Success Guides,001000000029tAD,Data Cloud,2025-12-01,2025-11-01,001000000029tADAAY
1,Success Guides,0013000001JyRmP,Data Cloud,2024-11-01,2024-11-01,0013000001JyRmPAAV
1,Success Architects,0013y00001d9EsL,Data Cloud,2025-04-01,2025-03-01,0013y00001d9EsLQAU
1,Success Guides,0010M00001U3yIl,Data Cloud,2025-04-01,2025-04-01,0010M00001U3yIlQAJ
1,Success Guides,0010M00001SHit9,Data Cloud,2025-10-01,2025-09-01,0010M00001SHit9QAD
1,Success Architects,0013000001GXFhT,Data Cloud,2025-10-01,2025-07-01,0013000001GXFhTAAX
1,Success Guides,00130000001fMyv,Data Cloud,2023-08-01,2023-07-01,00130000001fMyvAAE
1,Success Architects,00130000016j5bj,Data Cloud,2025-04-01,2025-03-01,00130000016j5bjAAA
1,Success Guides,0013y00001cffQX,Data Cloud,2024-09-01,2024-08-01,0013y00001cffQXQAY
1,Success Architects,00100000001U17r,Data Cloud,2025-04-01,2025-03-01,00100000001U17rAAC
1,Onboarding Specialists,0010M00001THCGs,Data Cloud,2024-03-01,2024-01-01,0010M00001THCGsQAP
1,Success Guides,0013000001LYPIs,Data Cloud,2025-11-01,2025-11-01,0013000001LYPIsAAP
1,Onboarding Specialists,0010M00001YbM34,Data Cloud,2025-05-01,2025-05-01,0010M00001YbM34QAF
1,Success Guides,0013000000RZ5Q8,Data Cloud,2025-09-01,2025-08-01,0013000000RZ5Q8AAL
1,Success Guides,0013000000M2IEJ,Data Cloud,2025-11-01,2025-10-01,0013000000M2IEJAA3
1,Success Guides,0013y00001g8ETw,Data Cloud,2025-01-01,2024-12-01,0013y00001g8ETwQAM
1,Success Guides,0013y00001eU1f0,Data Cloud,2025-08-01,2025-07-01,0013y00001eU1f0QAC
1,Success Guides,0013000000M0wuv,Data Cloud,2023-03-01,2023-01-01,0013000000M0wuvAAB
1,Success Guides,00130000000T6hN,Data Cloud,2024-01-01,2023-12-01,00130000000T6hNAAS
1,Success Guides,0013000000M1byr,Data Cloud,2024-04-01,2024-04-01,0013000000M1byrAAB
1,Success Architects,00130000002xL6L,Data Cloud,2025-06-01,2025-05-01,00130000002xL6LAAU
1,Success Guides,0013000001CA9pk,Data Cloud,2025-02-01,2025-02-01,0013000001CA9pkAAD
1,Onboarding Specialists,0013000001KZn36,Data Cloud,2025-09-01,2025-08-01,0013000001KZn36AAD
1,Success Guides,0013000000ZlQxG,Data Cloud,2025-04-01,2025-04-01,0013000000ZlQxGAAV
1,Success Guides,0013000000RYtfm,Data Cloud,2023-07-01,2023-06-01,0013000000RYtfmAAD
1,Success Guides,0013000001J7YNW,Data Cloud,2024-09-01,2024-09-01,0013000001J7YNWAA3
1,Onboarding Specialists,0013000001CAFzX,Data Cloud,2025-10-01,2025-09-01,0013000001CAFzXAAX
1,Success Guides,0013y00001cfmtO,Data Cloud,2025-10-01,2025-09-01,0013y00001cfmtOQAQ
1,Onboarding Specialists,0013y00001cgW0c,Data Cloud,2025-05-01,2025-03-01,0013y00001cgW0cQAE
1,Success Guides,00130000016iMhe,Data Cloud,2024-10-01,2024-10-01,00130000016iMheAAE
1,Success Guides,0013000000HIzRy,Data Cloud,2025-12-01,2025-12-01,0013000000HIzRyAAL
1,Onboarding Specialists,0013000000ZjaVN,Data Cloud,2025-12-01,2025-12-01,0013000000ZjaVNAAZ
1,Onboarding Specialists,0013000000ZkEsU,Data Cloud,2025-02-01,2025-02-01,0013000000ZkEsUAAV
1,Onboarding Specialists,0013y00001g8ETw,Data Cloud,2024-10-01,2024-09-01,0013y00001g8ETwQAM
3,Success Guides,0013000001GXjnj,Data Cloud,2025-03-01,2025-03-01,0013000001GXjnjAAD
2,Success Guides,0013000001CAFzX,Data Cloud,2025-09-01,2025-09-01,0013000001CAFzXAAX
2,Success Guides,0013y00001YbXL2,Data Cloud,2025-12-01,2025-12-01,0013y00001YbXL2QAN
2,Success Architects,00100000000CK5K,Data Cloud,2025-09-01,2025-07-01,00100000000CK5KAAW
1,1:M Content,001ed00000IcRTA,Data Cloud,2025-02-01,2025-02-01,001ed00000IcRTAYA3
1,1:M Content,0013000000Gtw9g,Data Cloud,2025-01-01,2025-01-01,0013000000Gtw9gAAB
1,1:M Content,0010M00001QkjsC,Data Cloud,2024-08-01,2024-08-01,0010M00001QkjsCQAR
1,1:M Content,0010M00001V4BgI,Data Cloud,2025-08-01,2025-08-01,0010M00001V4BgIQAV
1,1:M Content,0013000000rnQR9,Data Cloud,2025-04-01,2025-04-01,0013000000rnQR9AAM
1,1:M Content,0010M00001Qakik,Data Cloud,2025-04-01,2025-04-01,0010M00001QakikQAB
1,1:M Content,0013000000rqZdt,Data Cloud,2025-11-01,2025-11-01,0013000000rqZdtAAE
1,1:M Content,0013y00001YbVF9,Data Cloud,2024-10-01,2024-10-01,0013y00001YbVF9QAN
1,1:M Content,0010M00001P0Ub9,Data Cloud,2025-11-01,2025-11-01,0010M00001P0Ub9QAF
1,1:M Content,0010M00001Z06Dk,Data Cloud,2024-11-01,2024-11-01,0010M00001Z06DkQAJ
1,1:M Content,00130000000NazM,Data Cloud,2025-09-01,2025-09-01,00130000000NazMAAS
1,1:M Content,0013000000CHhsB,Data Cloud,2025-11-01,2025-11-01,0013000000CHhsBAAT
1,1:M Content,00130000009wxMb,Data Cloud,2025-08-01,2025-08-01,00130000009wxMbAAI
1,1:M Content,001ed00000btp2z,Data Cloud,2025-08-01,2025-08-01,001ed00000btp2zYAA
1,1:M Content,0010M00001Qmsxj,Data Cloud,2025-11-01,2025-11-01,0010M00001QmsxjQAB
1,1:M Content,0013000000RXXIf,Data Cloud,2025-08-01,2025-08-01,0013000000RXXIfAAP
1,1:M Content,0013000000IkLOS,Data Cloud,2025-11-01,2025-11-01,0013000000IkLOSAA3
1,1:M Content,00100000000DiI7,Data Cloud,2025-01-01,2025-01-01,00100000000DiI7AAK
1,1:M Content,00130000005np5D,Data Cloud,2024-06-01,2024-06-01,00130000005np5DAAQ
1,1:M Content,00130000009wxLV,Data Cloud,2024-11-01,2024-11-01,00130000009wxLVAAY
1,1:M Content,0013000000NSK1h,Data Cloud,2024-03-01,2024-03-01,0013000000NSK1hAAH
1,1:M Content,001ed00000XV2Qk,Data Cloud,2025-06-01,2025-06-01,001ed00000XV2QkYAL
1,1:M Content,0013000000JjZBO,Data Cloud,2025-03-01,2025-03-01,0013000000JjZBOAA3
1,1:M Content,00130000016g1Zx,Data Cloud,2025-11-01,2025-11-01,00130000016g1ZxAAI
1,1:M Content,001ed00000L4Has,Data Cloud,2025-05-01,2025-05-01,001ed00000L4HasYAF
1,1:M Content,001ed00000SL5HZ,Data Cloud,2025-05-01,2025-05-01,001ed00000SL5HZYA1
1,1:M Content,0013000001If89g,Data Cloud,2025-04-01,2025-03-01,0013000001If89gAAB
1,1:M Content,0010M00001WZ1Ml,Data Cloud,2025-03-01,2025-03-01,0010M00001WZ1MlQAL
1,1:M Content,001000000004aOo,Data Cloud,2025-12-01,2025-12-01,001000000004aOoAAI
1,1:M Content,00130000002xANG,Data Cloud,2025-08-01,2025-08-01,00130000002xANGAA2
1,1:M Content,0010M00001bm0A8,Data Cloud,2025-04-01,2025-04-01,0010M00001bm0A8QAI
1,1:M Content,0010M00001WJEh4,Data Cloud,2024-12-01,2024-12-01,0010M00001WJEh4QAH
1,1:M Content,0013000000hJI0w,Data Cloud,2024-09-01,2024-09-01,0013000000hJI0wAAG
1,1:M Content,00130000000NazM,Data Cloud,2025-03-01,2025-03-01,00130000000NazMAAS
1,1:M Content,0013000001MjTPr,Data Cloud,2024-08-01,2024-08-01,0013000001MjTPrAAN
1,1:M Content,00130000002xUlC,Data Cloud,2025-01-01,2025-01-01,00130000002xUlCAAU
2,1:M Content,0010M00001QaTnU,Data Cloud,2025-09-01,2025-09-01,0010M00001QaTnUQAV
4,1:M Content,00130000001g8Vb,Data Cloud,2025-11-01,2025-11-01,00130000001g8VbAAI
2,1:M Content,00130000002X8u9,Data Cloud,2024-10-01,2024-10-01,00130000002X8u9AAC
1,Success Architects,0013000001CBDaJ,Data Cloud,2024-11-01,2024-10-01,0013000001CBDaJAAX
1,Success Guides,0010M00001W7n0r,Data Cloud,2025-12-01,2025-11-01,0010M00001W7n0rQAB
1,Success Guides,00100000000sJgG,Data Cloud,2025-03-01,2025-03-01,00100000000sJgGAAU
1,Success Guides,0010M00001SJ3KS,Data Cloud,2025-09-01,2025-09-01,0010M00001SJ3KSQA1
1,Success Guides,0010M00001U1dx3,Data Cloud,2024-06-01,2024-05-01,0010M00001U1dx3QAB
1,Success Architects,0013y00001embZ1,Data Cloud,2025-04-01,2025-03-01,0013y00001embZ1QAI
1,Success Architects,0013000000RXJUb,Data Cloud,2025-02-01,2024-12-01,0013000000RXJUbAAP
1,Onboarding Specialists,0013y00001f9NKa,Data Cloud,2024-06-01,2024-04-01,0013y00001f9NKaQAM
1,Success Guides,0013000000RafK7,Data Cloud,2025-02-01,2024-12-01,0013000000RafK7AAJ
1,Success Guides,0010M00001Z03tV,Data Cloud,2025-01-01,2025-01-01,0010M00001Z03tVQAR
1,Success Guides,0013y00001csA7d,Data Cloud,2025-03-01,2025-02-01,0013y00001csA7dQAE
1,Onboarding Specialists,0010M00001YtqOe,Data Cloud,2025-11-01,2025-10-01,0010M00001YtqOeQAJ
1,Success Guides,0013y00001fSlj0,Data Cloud,2024-06-01,2024-06-01,0013y00001fSlj0QAC
1,Success Guides,0013y00001cg237,Data Cloud,2025-08-01,2025-07-01,0013y00001cg237QAA
1,Success Architects,0013y00001d7RG1,Data Cloud,2024-06-01,2024-05-01,0013y00001d7RG1QAM
1,Success Architects,0013000000NQj5m,Data Cloud,2025-07-01,2025-05-01,0013000000NQj5mAAD
1,Success Guides,0013y00001e5eYc,Data Cloud,2024-07-01,2024-03-01,0013y00001e5eYcQAI
1,Onboarding Specialists,00100000001bOXn,Data Cloud,2024-11-01,2024-10-01,00100000001bOXnAAM
1,Success Guides,00130000002aAAA,Data Cloud,2025-01-01,2024-12-01,00130000002aAAAAA2
1,Success Guides,0013000000rndOb,Data Cloud,2023-11-01,2023-10-01,0013000000rndObAAI
1,Success Architects,0013000001IgPLa,Data Cloud,2024-10-01,2024-10-01,0013000001IgPLaAAN
1,Success Guides,00130000002xItg,Data Cloud,2024-08-01,2024-07-01,00130000002xItgAAE
1,Onboarding Specialists,0010M00001NYX2t,Data Cloud,2025-12-01,2025-09-01,0010M00001NYX2tQAH
1,Success Architects,0013y00001cQENI,Data Cloud,2024-03-01,2024-01-01,0013y00001cQENIQA4
1,Success Guides,0013000001FbNWD,Data Cloud,2025-06-01,2025-05-01,0013000001FbNWDAA3
1,Onboarding Specialists,0013000000roGY7,Data Cloud,2025-12-01,2025-12-01,0013000000roGY7AAM
1,Success Guides,0013000000M1A2j,Data Cloud,2024-04-01,2024-04-01,0013000000M1A2jAAF
1,Success Guides,0013000001C9xLc,Data Cloud,2025-06-01,2025-05-01,0013000001C9xLcAAJ
1,Onboarding Specialists,0013y00001cZn4T,Data Cloud,2025-12-01,2025-11-01,0013y00001cZn4TQAS
1,Success Guides,0013000000M1auk,Data Cloud,2025-10-01,2025-10-01,0013000000M1aukAAB
1,Success Guides,0013y00001cHXPw,Data Cloud,2025-10-01,2025-09-01,0013y00001cHXPwQAO
1,Success Guides,0010M00001W82ty,Data Cloud,2025-12-01,2025-11-01,0010M00001W82tyQAB
1,Success Guides,0013000000rp1Td,Data Cloud,2025-02-01,2025-01-01,0013000000rp1TdAAI
1,Success Architects,0013000001GXFhT,Data Cloud,2025-03-01,2025-02-01,0013000001GXFhTAAX
1,Onboarding Specialists,0010M00001JziUE,Data Cloud,2025-08-01,2025-07-01,0010M00001JziUEQAZ
1,Success Guides,0013y00001c8Bck,Data Cloud,2024-05-01,2024-04-01,0013y00001c8BckQAE
1,Success Guides,0013000000LzN3D,Data Cloud,2025-09-01,2025-08-01,0013000000LzN3DAAV
1,Success Guides,0013y00001gb3KP,Data Cloud,2024-02-01,2024-02-01,0013y00001gb3KPQAY
1,Success Guides,0013000001CAWFq,Data Cloud,2025-07-01,2025-07-01,0013000001CAWFqAAP
1,Onboarding Specialists,0013y00001d75kn,Data Cloud,2024-06-01,2024-05-01,0013y00001d75knQAA
1,Success Architects,00130000002xL6L,Data Cloud,2025-07-01,2025-07-01,00130000002xL6LAAU
1,Onboarding Specialists,0013y00001f62wt,Data Cloud,2025-04-01,2025-03-01,0013y00001f62wtQAA
1,Success Guides,0013000000M0iI6,Data Cloud,2024-07-01,2024-07-01,0013000000M0iI6AAJ
1,Success Architects,0013y00001c8Lgn,Data Cloud,2025-02-01,2024-12-01,0013y00001c8LgnQAE
1,Success Guides,0013y00001emM0l,Data Cloud,2025-12-01,2025-12-01,0013y00001emM0lQAE
1,Onboarding Specialists,00130000002xT0q,Data Cloud,2024-06-01,2024-02-01,00130000002xT0qAAE
1,Success Guides,0013000001GWwZH,Data Cloud,2025-06-01,2025-05-01,0013000001GWwZHAA1
1,Success Guides,0013y00001dWtia,Data Cloud,2025-01-01,2024-12-01,0013y00001dWtiaQAC
1,Success Architects,0013000001L6MQc,Data Cloud,2024-12-01,2024-12-01,0013000001L6MQcAAN
1,Success Guides,0013000000hItdc,Data Cloud,2024-08-01,2024-07-01,0013000000hItdcAAC
1,Success Architects,0013y00001cQCM3,Data Cloud,2025-08-01,2025-07-01,0013y00001cQCM3QAO
1,Success Guides,0013000000M1hpw,Data Cloud,2024-11-01,2024-10-01,0013000000M1hpwAAB
1,Success Guides,0013y00001eTzFo,Data Cloud,2025-09-01,2025-09-01,0013y00001eTzFoQAK
1,Success Guides,0010M00001WZmuf,Data Cloud,2025-10-01,2025-09-01,0010M00001WZmufQAD
1,Success Guides,0013y00001fTEps,Data Cloud,2024-08-01,2024-08-01,0013y00001fTEpsQAG
2,Success Guides,0013000001CAZa7,Data Cloud,2025-01-01,2024-12-01,0013000001CAZa7AAH
2,Success Guides,0013000000Jwyzr,Data Cloud,2025-05-01,2025-05-01,0013000000JwyzrAAB
3,Success Guides,0013000000NQR28,Data Cloud,2024-06-01,2024-06-01,0013000000NQR28AAH
1,1:M Content,00130000008ebBF,Data Cloud,2025-07-01,2025-07-01,00130000008ebBFAAY
1,1:M Content,0013y00001d1mxx,Data Cloud,2025-01-01,2025-01-01,0013y00001d1mxxQAA
1,1:M Content,0013y00001c8Lgn,Data Cloud,2025-06-01,2025-06-01,0013y00001c8LgnQAE
1,1:M Content,0013000000rqpm5,Data Cloud,2024-11-01,2024-11-01,0013000000rqpm5AAA
1,1:M Content,0013000000ZjZys,Data Cloud,2024-03-01,2024-03-01,0013000000ZjZysAAF
1,1:M Content,0010M00001NYaIG,Data Cloud,2025-11-01,2025-11-01,0010M00001NYaIGQA1
1,1:M Content,0013y00001c4cRP,Data Cloud,2025-09-01,2025-09-01,0013y00001c4cRPQAY
1,1:M Content,00130000016g05u,Data Cloud,2024-10-01,2024-10-01,00130000016g05uAAA
1,1:M Content,0010M00001SJRwo,Data Cloud,2025-09-01,2025-09-01,0010M00001SJRwoQAH
1,1:M Content,0013000001MnrE4,Data Cloud,2025-06-01,2025-06-01,0013000001MnrE4AAJ
1,1:M Content,0013000000M2fou,Data Cloud,2025-07-01,2025-07-01,0013000000M2fouAAB
1,1:M Content,0010M00001Spww4,Data Cloud,2024-09-01,2024-09-01,0010M00001Spww4QAB
1,1:M Content,0013000000GIaEX,Data Cloud,2025-12-01,2025-12-01,0013000000GIaEXAA1
1,1:M Content,0013y00001g9irv,Data Cloud,2024-07-01,2024-07-01,0013y00001g9irvQAA
1,1:M Content,001ed00000Z5A0z,Data Cloud,2025-08-01,2025-08-01,001ed00000Z5A0zYAF
1,1:M Content,001ed000001YSyz,Data Cloud,2024-08-01,2024-08-01,001ed000001YSyzYAG
1,1:M Content,0013000000Gu5xR,Data Cloud,2024-02-01,2024-02-01,0013000000Gu5xRAAR
1,1:M Content,0013000001Fk9zk,Data Cloud,2024-03-01,2024-03-01,0013000001Fk9zkAAB
1,1:M Content,0013000000RX6uW,Data Cloud,2025-09-01,2025-09-01,0013000000RX6uWAAT
1,1:M Content,0010M00001NYS4h,Data Cloud,2025-02-01,2025-02-01,0010M00001NYS4hQAH
1,1:M Content,0013000000HFbxu,Data Cloud,2024-03-01,2024-03-01,0013000000HFbxuAAD
1,1:M Content,00100000001rtxY,Data Cloud,2025-07-01,2025-07-01,00100000001rtxYAAQ
1,1:M Content,0013y00001foaGN,Data Cloud,2025-07-01,2025-07-01,0013y00001foaGNQAY
1,1:M Content,0013000000ZlBtc,Data Cloud,2025-01-01,2025-01-01,0013000000ZlBtcAAF
1,1:M Content,0013y00001cawuO,Data Cloud,2024-10-01,2024-10-01,0013y00001cawuOQAQ
1,1:M Content,0013y00001eq529,Data Cloud,2025-04-01,2025-04-01,0013y00001eq529QAA
1,1:M Content,0013000000ZlI6H,Data Cloud,2025-01-01,2025-01-01,0013000000ZlI6HAAV
1,1:M Content,0013y00001gcpSS,Data Cloud,2025-01-01,2025-01-01,0013y00001gcpSSQAY
1,1:M Content,0010M00001QjuYZ,Data Cloud,2024-07-01,2024-07-01,0010M00001QjuYZQAZ
1,1:M Content,0013000000ZiZY8,Data Cloud,2025-12-01,2025-12-01,0013000000ZiZY8AAN
1,1:M Content,0010M00001Qm5BC,Data Cloud,2024-03-01,2024-03-01,0010M00001Qm5BCQAZ
1,1:M Content,0013000000Gu39d,Data Cloud,2024-10-01,2024-10-01,0013000000Gu39dAAB
1,1:M Content,0010M00001SegJ4,Data Cloud,2024-10-01,2024-10-01,0010M00001SegJ4QAJ
1,1:M Content,0013y00001c4bfG,Data Cloud,2025-06-01,2025-06-01,0013y00001c4bfGQAQ
1,1:M Content,0013000000INKJe,Data Cloud,2024-10-01,2024-09-01,0013000000INKJeAAP
1,1:M Content,0010M00001Yaw8f,Data Cloud,2024-11-01,2024-11-01,0010M00001Yaw8fQAB
1,1:M Content,001000000027AAr,Data Cloud,2024-06-01,2024-06-01,001000000027AArAAM
1,1:M Content,0010M00001QmOSz,Data Cloud,2024-12-01,2024-12-01,0010M00001QmOSzQAN
1,1:M Content,001ed00000GKL2H,Data Cloud,2025-01-01,2025-01-01,001ed00000GKL2HYAX
1,1:M Content,0010M00001S9R8p,Data Cloud,2025-03-01,2025-03-01,0010M00001S9R8pQAF
1,1:M Content,0013y00001cSM8G,Data Cloud,2025-08-01,2025-08-01,0013y00001cSM8GQAW
1,1:M Content,0013000000ZlQp1,Data Cloud,2025-11-01,2025-11-01,0013000000ZlQp1AAF
1,1:M Content,00100000001hgGw,Data Cloud,2024-10-01,2024-10-01,00100000001hgGwAAI
1,1:M Content,00100000001kdz6,Data Cloud,2025-11-01,2025-11-01,00100000001kdz6AAA
6,1:M Content,0013000000ZkDYe,Data Cloud,2025-12-01,2025-12-01,0013000000ZkDYeAAN
2,1:M Content,0010M00001QmOSz,Data Cloud,2025-08-01,2025-08-01,0010M00001QmOSzQAN
6,1:M Content,0013000000JIBWV,Data Cloud,2025-12-01,2025-12-01,0013000000JIBWVAA5
2,1:M Content,0013y00001cagHg,Data Cloud,2025-01-01,2025-01-01,0013y00001cagHgQAI
3,1:M Content,0013000001NWmJD,Data Cloud,2025-11-01,2025-11-01,0013000001NWmJDAA1
2,1:M Content,0013000000Ikr5Q,Data Cloud,2025-11-01,2025-11-01,0013000000Ikr5QAAR
2,1:M Content,0013000000GIaEX,Data Cloud,2025-04-01,2025-04-01,0013000000GIaEXAA1
1,Success Architects,0013y00001dVsQJ,Data Cloud,2025-03-01,2025-01-01,0013y00001dVsQJQA0
1,Success Guides,0013000000M1qqs,Data Cloud,2023-05-01,2023-05-01,0013000000M1qqsAAB
1,Success Architects,0013000000rotO4,Data Cloud,2025-03-01,2025-02-01,0013000000rotO4AAI
1,Success Architects,00130000004J9cx,Data Cloud,2025-01-01,2024-11-01,00130000004J9cxAAC
1,Onboarding Specialists,001ed00000Ch3we,Data Cloud,2025-11-01,2025-09-01,001ed00000Ch3weYAB
1,Success Architects,0013000001KaQJP,Data Cloud,2025-05-01,2025-04-01,0013000001KaQJPAA3
1,Onboarding Specialists,00130000016jWa9,Data Cloud,2024-09-01,2024-08-01,00130000016jWa9AAE
1,Success Guides,0013y00001ck4vg,Data Cloud,2025-10-01,2025-10-01,0013y00001ck4vgQAA
1,Onboarding Specialists,0010M00001WIMeF,Data Cloud,2025-11-01,2025-10-01,0010M00001WIMeFQAX
1,Success Architects,0013000000M2jOh,Data Cloud,2024-12-01,2024-11-01,0013000000M2jOhAAJ
1,Onboarding Specialists,0013y00001cG1gX,Data Cloud,2025-03-01,2025-02-01,0013y00001cG1gXQAS
1,Success Guides,0013000000rojaG,Data Cloud,2025-10-01,2025-10-01,0013000000rojaGAAQ
1,Success Guides,0013000000E22lb,Data Cloud,2024-11-01,2024-11-01,0013000000E22lbAAB
1,Success Guides,0010M00001WIOmK,Data Cloud,2024-09-01,2024-09-01,0010M00001WIOmKQAX
1,Success Guides,0013000000hK5D7,Data Cloud,2025-12-01,2025-11-01,0013000000hK5D7AAK
1,Success Guides,0013000001CAFzX,Data Cloud,2025-10-01,2025-09-01,0013000001CAFzXAAX
1,Success Guides,00130000006BiQG,Data Cloud,2025-12-01,2025-11-01,00130000006BiQGAA0
1,Success Architects,0013000000LzN3D,Data Cloud,2025-02-01,2025-01-01,0013000000LzN3DAAV
1,Success Guides,0010M00001Qkl4E,Data Cloud,2025-10-01,2025-09-01,0010M00001Qkl4EQAR
1,Onboarding Specialists,00130000003Nevx,Data Cloud,2024-05-01,2024-02-01,00130000003NevxAAC
1,Success Guides,0013000000rnaiW,Data Cloud,2025-01-01,2025-01-01,0013000000rnaiWAAQ
1,Onboarding Specialists,0013y00001fTCQq,Data Cloud,2024-06-01,2024-03-01,0013y00001fTCQqQAO
1,Onboarding Specialists,00130000008eaSm,Data Cloud,2025-07-01,2025-05-01,00130000008eaSmAAI
1,Success Guides,0010M00001UMcsa,Data Cloud,2025-01-01,2024-12-01,0010M00001UMcsaQAD
1,Onboarding Specialists,00130000003W7Ox,Data Cloud,2025-10-01,2025-09-01,00130000003W7OxAAK
1,Success Architects,0013y00001fElwJ,Data Cloud,2025-08-01,2025-06-01,0013y00001fElwJQAS
1,Success Guides,0010M00001U1b4i,Data Cloud,2024-07-01,2024-07-01,0010M00001U1b4iQAB
1,Success Guides,0013y00001ey273,Data Cloud,2025-11-01,2025-10-01,0013y00001ey273QAA
1,Success Architects,0013000000Zjptb,Data Cloud,2024-02-01,2024-01-01,0013000000ZjptbAAB
1,Success Guides,0013000000hL7m2,Data Cloud,2024-02-01,2023-12-01,0013000000hL7m2AAC
1,Success Guides,00130000004J9cx,Data Cloud,2025-08-01,2025-07-01,00130000004J9cxAAC
1,Onboarding Specialists,0013000000ZjacR,Data Cloud,2024-06-01,2024-06-01,0013000000ZjacRAAR
1,Success Guides,00100000000j54K,Data Cloud,2025-09-01,2025-09-01,00100000000j54KAAQ
1,Success Guides,0013y00001eU5Yl,Data Cloud,2024-11-01,2024-11-01,0013y00001eU5YlQAK
1,Success Guides,0013000001GUVHk,Data Cloud,2025-05-01,2025-04-01,0013000001GUVHkAAP
1,Success Architects,00130000000hE5S,Data Cloud,2025-05-01,2025-05-01,00130000000hE5SAAU
1,Success Architects,0013000000M2PXs,Data Cloud,2025-01-01,2024-11-01,0013000000M2PXsAAN
1,Success Architects,0010M00001UMGwU,Data Cloud,2025-08-01,2025-07-01,0010M00001UMGwUQAX
1,Onboarding Specialists,0013y00001dNGSM,Data Cloud,2025-11-01,2025-10-01,0013y00001dNGSMQA4
1,Success Guides,00130000002x9J7,Data Cloud,2025-07-01,2025-07-01,00130000002x9J7AAI
1,Success Architects,0013y00001eqPqX,Data Cloud,2025-09-01,2025-07-01,0013y00001eqPqXQAU
1,Success Architects,0013y00001cQCM3,Data Cloud,2025-06-01,2025-04-01,0013y00001cQCM3QAO
1,Success Guides,0010M00001NYVup,Data Cloud,2025-12-01,2025-11-01,0010M00001NYVupQAH
2,Success Guides,0013000000HIhoz,Data Cloud,2025-11-01,2025-11-01,0013000000HIhozAAD
2,Success Guides,0013000000GIT65,Data Cloud,2025-12-01,2025-12-01,0013000000GIT65AAH
2,Success Guides,0013000001Msi7Q,Data Cloud,2025-10-01,2025-10-01,0013000001Msi7QAAR
2,Success Architects,0013y00001bdiZz,Data Cloud,2025-05-01,2025-05-01,0013y00001bdiZzQAI
1,1:M Content,0013000000RXXIf,Data Cloud,2025-12-01,2025-12-01,0013000000RXXIfAAP
1,1:M Content,001000000027UZ7,Data Cloud,2025-10-01,2025-10-01,001000000027UZ7AAM
1,1:M Content,00130000002x8gl,Data Cloud,2025-07-01,2025-06-01,00130000002x8glAAA
1,1:M Content,0010M00001WYbHX,Data Cloud,2025-05-01,2025-05-01,0010M00001WYbHXQA1
1,1:M Content,00130000004DKxU,Data Cloud,2025-11-01,2025-11-01,00130000004DKxUAAW
1,1:M Content,0013y00001cU5WQ,Data Cloud,2025-10-01,2025-10-01,0013y00001cU5WQQA0
1,1:M Content,0013000000ZmUSh,Data Cloud,2025-12-01,2025-12-01,0013000000ZmUShAAN
1,1:M Content,0013y00001f9OGa,Data Cloud,2024-12-01,2024-12-01,0013y00001f9OGaQAM
1,1:M Content,0013y00001g9lNZ,Data Cloud,2024-09-01,2024-09-01,0013y00001g9lNZQAY
1,1:M Content,0013y00001g9Gx0,Data Cloud,2024-05-01,2024-05-01,0013y00001g9Gx0QAE
1,1:M Content,0013000001GjElt,Data Cloud,2025-05-01,2025-05-01,0013000001GjEltAAF
1,1:M Content,0013000000ZiZ1M,Data Cloud,2024-06-01,2024-06-01,0013000000ZiZ1MAAV
1,1:M Content,0013y00001d9KMd,Data Cloud,2025-06-01,2025-06-01,0013y00001d9KMdQAM
1,1:M Content,001ed00000Vqtg8,Data Cloud,2025-06-01,2025-06-01,001ed00000Vqtg8YAB
1,1:M Content,001ed00000EyyAv,Data Cloud,2025-02-01,2025-02-01,001ed00000EyyAvYAJ
1,1:M Content,001ed00000NsRAu,Data Cloud,2025-04-01,2025-04-01,001ed00000NsRAuYAN
1,1:M Content,00130000004IEsA,Data Cloud,2024-10-01,2024-10-01,00130000004IEsAAAW
1,1:M Content,0013y00001g9QGW,Data Cloud,2024-06-01,2024-06-01,0013y00001g9QGWQA2
1,1:M Content,0010M00001QnwZd,Data Cloud,2025-08-01,2025-08-01,0010M00001QnwZdQAJ
1,1:M Content,0010M00001QmKtt,Data Cloud,2025-12-01,2025-12-01,0010M00001QmKttQAF
1,1:M Content,001ed00000VxdRh,Data Cloud,2025-11-01,2025-11-01,001ed00000VxdRhYAJ
1,1:M Content,0010M00001V4Fky,Data Cloud,2025-11-01,2025-11-01,0010M00001V4FkyQAF
1,1:M Content,0010M00001QmnNx,Data Cloud,2024-11-01,2024-11-01,0010M00001QmnNxQAJ
1,1:M Content,0013000001NXj4L,Data Cloud,2025-09-01,2025-09-01,0013000001NXj4LAAT
1,1:M Content,0013000000NPEtp,Data Cloud,2025-05-01,2025-05-01,0013000000NPEtpAAH
1,1:M Content,0013000000RXQZy,Data Cloud,2024-11-01,2024-11-01,0013000000RXQZyAAP
1,1:M Content,0013000001GV520,Data Cloud,2024-08-01,2024-08-01,0013000001GV520AAD
1,1:M Content,0013y00001coqiv,Data Cloud,2024-11-01,2024-11-01,0013y00001coqivQAA
1,1:M Content,0010M00001QqlLT,Data Cloud,2025-12-01,2025-12-01,0010M00001QqlLTQAZ
1,1:M Content,0013000001CAiQ5,Data Cloud,2025-11-01,2025-11-01,0013000001CAiQ5AAL
1,1:M Content,0013y00001Z1Apj,Data Cloud,2025-04-01,2025-04-01,0013y00001Z1ApjQAF
1,1:M Content,0013y00001gDHyR,Data Cloud,2025-07-01,2025-07-01,0013y00001gDHyRQAW
1,1:M Content,0013y00001e5eYc,Data Cloud,2024-09-01,2024-09-01,0013y00001e5eYcQAI
1,1:M Content,0013y00001g9cKq,Data Cloud,2024-12-01,2024-12-01,0013y00001g9cKqQAI
1,1:M Content,001ed00000QAoxV,Data Cloud,2025-05-01,2025-05-01,001ed00000QAoxVYAT
1,1:M Content,001ed000005mmQu,Data Cloud,2024-10-01,2024-10-01,001ed000005mmQuYAI
1,1:M Content,00130000006AlnO,Data Cloud,2025-10-01,2025-10-01,00130000006AlnOAAS
1,1:M Content,0013000000rojaG,Data Cloud,2025-07-01,2025-07-01,0013000000rojaGAAQ
1,1:M Content,0013y00001cFX9O,Data Cloud,2025-02-01,2025-02-01,0013y00001cFX9OQAW
1,1:M Content,0013y00001g95g1,Data Cloud,2025-01-01,2025-01-01,0013y00001g95g1QAA
1,1:M Content,00100000000cV1Z,Data Cloud,2025-03-01,2025-03-01,00100000000cV1ZAAU
5,1:M Content,0010M00001XyAva,Data Cloud,2025-12-01,2025-12-01,0010M00001XyAvaQAF
2,1:M Content,0013000000NPjic,Data Cloud,2025-07-01,2025-07-01,0013000000NPjicAAD
3,1:M Content,0013000001CAoab,Data Cloud,2024-10-01,2024-10-01,0013000001CAoabAAD
2,1:M Content,001ed0000068oiY,Data Cloud,2025-11-01,2025-11-01,001ed0000068oiYYAQ
2,1:M Content,0013000000RWxyb,Data Cloud,2025-12-01,2025-12-01,0013000000RWxybAAD
1,Onboarding Specialists,00130000000Ec9Q,Data Cloud,2024-06-01,2024-06-01,00130000000Ec9QAAS
1,Onboarding Specialists,0013000000Jgo2R,Data Cloud,2025-11-01,2025-10-01,0013000000Jgo2RAAR
1,Success Guides,0013000001L6MQc,Data Cloud,2025-07-01,2025-07-01,0013000001L6MQcAAN
1,Success Guides,0010M00001Spx7O,Data Cloud,2025-09-01,2025-09-01,0010M00001Spx7OQAR
1,Success Guides,0010M00001OzyxN,Data Cloud,2025-02-01,2025-02-01,0010M00001OzyxNQAR
1,Success Guides,00130000016jsgW,Data Cloud,2025-12-01,2025-11-01,00130000016jsgWAAQ
1,Success Guides,0013000001GYVzO,Data Cloud,2024-12-01,2024-12-01,0013000001GYVzOAAX
1,Onboarding Specialists,0013y00001bepS9,Data Cloud,2025-11-01,2025-11-01,0013y00001bepS9QAI
1,Success Guides,0013000001NXIG2,Data Cloud,2024-09-01,2024-07-01,0013000001NXIG2AAP
1,Success Guides,001ed00000Lj4OL,Data Cloud,2025-10-01,2025-09-01,001ed00000Lj4OLYAZ
1,Onboarding Specialists,0010M00001XxtZR,Data Cloud,2025-08-01,2025-07-01,0010M00001XxtZRQAZ
1,Success Architects,0013000000M2LyG,Data Cloud,2024-04-01,2024-02-01,0013000000M2LyGAAV
1,Success Guides,00130000000DrPN,Data Cloud,2025-10-01,2025-09-01,00130000000DrPNAA0
1,Success Guides,0013000000ZkDYe,Data Cloud,2026-01-01,2025-12-01,0013000000ZkDYeAAN
1,Success Guides,0013000000ZkGQH,Data Cloud,2023-08-01,2023-06-01,0013000000ZkGQHAA3
1,Success Architects,0013000001JyriP,Data Cloud,2025-03-01,2025-01-01,0013000001JyriPAAR
1,Success Guides,0013y00001gD2gl,Data Cloud,2025-08-01,2025-08-01,0013y00001gD2glQAC
1,Onboarding Specialists,0010M00001W82ty,Data Cloud,2025-11-01,2025-10-01,0010M00001W82tyQAB
1,Success Architects,0010M00001WIJGP,Data Cloud,2025-04-01,2025-03-01,0010M00001WIJGPQA5
1,Onboarding Specialists,0013y00001gDkBN,Data Cloud,2024-07-01,2024-05-01,0013y00001gDkBNQA0
1,Success Guides,0013000000Raj07,Data Cloud,2025-10-01,2025-09-01,0013000000Raj07AAB
2,Success Guides,0013y00001dVtGf,Data Cloud,2025-12-01,2025-12-01,0013y00001dVtGfQAK
1,Success Architects,0010M00001UMgoI,Data Cloud,2025-07-01,2025-05-01,0010M00001UMgoIQAT
1,Success Guides,0013y00001c4gix,Data Cloud,2023-02-01,2023-02-01,0013y00001c4gixQAA
1,Success Guides,0013000001Jz35t,Data Cloud,2025-12-01,2025-11-01,0013000001Jz35tAAB
1,Success Guides,0013000001CDMDm,Data Cloud,2024-03-01,2024-01-01,0013000001CDMDmAAP
1,Success Guides,0013y00001eEIpo,Data Cloud,2024-12-01,2024-11-01,0013y00001eEIpoQAG
1,Success Guides,0010M00001WJKV8,Data Cloud,2025-10-01,2025-10-01,0010M00001WJKV8QAP
1,Success Architects,0013y00001eqzbF,Data Cloud,2024-10-01,2024-08-01,0013y00001eqzbFQAQ
1,Success Guides,0010M00001Sq7qW,Data Cloud,2025-10-01,2025-10-01,0010M00001Sq7qWQAR
1,Onboarding Specialists,0013000001CCp3B,Data Cloud,2025-11-01,2025-11-01,0013000001CCp3BAAT
1,Success Architects,0013000000M2NBm,Data Cloud,2025-09-01,2025-07-01,0013000000M2NBmAAN
1,Success Guides,00130000007UoeX,Data Cloud,2023-10-01,2023-09-01,00130000007UoeXAAS
1,Success Architects,0010M00001c4SZ0,Data Cloud,2025-03-01,2025-02-01,0010M00001c4SZ0QAM
1,Success Guides,0013000000ZjaVN,Data Cloud,2025-12-01,2025-11-01,0013000000ZjaVNAAZ
1,Success Guides,0013000000Eyvmu,Data Cloud,2025-06-01,2025-06-01,0013000000EyvmuAAB
1,Success Guides,0010M00001WJMmx,Data Cloud,2025-03-01,2025-02-01,0010M00001WJMmxQAH
1,Success Guides,0010M00001QmWgu,Data Cloud,2025-03-01,2025-03-01,0010M00001QmWguQAF
1,Success Architects,00130000007Ela7,Data Cloud,2024-11-01,2024-07-01,00130000007Ela7AAC
1,Success Architects,0013y00001cSRkv,Data Cloud,2024-12-01,2024-10-01,0013y00001cSRkvQAG
1,Success Architects,0013y00001coljP,Data Cloud,2024-05-01,2024-02-01,0013y00001coljPQAQ
1,Onboarding Specialists,0013000001LWxPC,Data Cloud,2025-06-01,2025-04-01,0013000001LWxPCAA1
1,Onboarding Specialists,0013000001L6i8m,Data Cloud,2025-08-01,2025-08-01,0013000001L6i8mAAB
1,Success Guides,0013000000RZ2Ls,Data Cloud,2025-08-01,2025-01-01,0013000000RZ2LsAAL
1,1:M Content,0013000000rp7qL,Data Cloud,2025-10-01,2025-10-01,0013000000rp7qLAAQ
1,1:M Content,0010M00001WkOiZ,Data Cloud,2025-06-01,2025-06-01,0010M00001WkOiZQAV
1,1:M Content,0013y00001cyhaK,Data Cloud,2024-02-01,2024-02-01,0013y00001cyhaKQAQ
1,1:M Content,0013000000ZkgR9,Data Cloud,2025-11-01,2025-11-01,0013000000ZkgR9AAJ
1,1:M Content,0010M00001PDunS,Data Cloud,2025-07-01,2025-07-01,0010M00001PDunSQAT
1,1:M Content,0013y00001bdyal,Data Cloud,2025-08-01,2025-08-01,0013y00001bdyalQAA
1,1:M Content,0013y00001f9Tpl,Data Cloud,2024-05-01,2024-05-01,0013y00001f9TplQAE
1,1:M Content,0010M00001YayHQ,Data Cloud,2025-10-01,2025-10-01,0010M00001YayHQQAZ
1,1:M Content,0010M00001Yan1P,Data Cloud,2025-06-01,2025-06-01,0010M00001Yan1PQAR
1,1:M Content,0013000000hJJ4F,Data Cloud,2025-05-01,2025-05-01,0013000000hJJ4FAAW
1,1:M Content,0010M00001SIqfi,Data Cloud,2024-10-01,2024-10-01,0010M00001SIqfiQAD
1,1:M Content,00100000000p8CV,Data Cloud,2025-03-01,2025-03-01,00100000000p8CVAAY
1,1:M Content,0013000001JzG8J,Data Cloud,2025-10-01,2025-10-01,0013000001JzG8JAAV
1,1:M Content,0013000000LiPBN,Data Cloud,2024-08-01,2024-07-01,0013000000LiPBNAA3
1,1:M Content,0013y00001canHW,Data Cloud,2024-03-01,2024-03-01,0013y00001canHWQAY
1,1:M Content,001ed00000MQuy1,Data Cloud,2025-05-01,2025-05-01,001ed00000MQuy1YAD
1,1:M Content,001ed00000QCizE,Data Cloud,2025-08-01,2025-08-01,001ed00000QCizEYAT
1,1:M Content,0013y00001cSLLY,Data Cloud,2025-12-01,2025-12-01,0013y00001cSLLYQA4
1,1:M Content,0013y00001gnrFI,Data Cloud,2024-03-01,2024-03-01,0013y00001gnrFIQAY
1,1:M Content,0013000000RWw8R,Data Cloud,2025-09-01,2025-09-01,0013000000RWw8RAAT
1,1:M Content,0013000000NRkmj,Data Cloud,2024-10-01,2024-10-01,0013000000NRkmjAAD
1,1:M Content,0010M00001V40vL,Data Cloud,2024-12-01,2024-12-01,0010M00001V40vLQAR
1,1:M Content,0013y00001bdoYd,Data Cloud,2025-06-01,2025-06-01,0013y00001bdoYdQAI
1,1:M Content,0010M00001SJHGe,Data Cloud,2025-06-01,2025-06-01,0010M00001SJHGeQAP
1,1:M Content,0013y00001f7h91,Data Cloud,2024-06-01,2024-06-01,0013y00001f7h91QAA
1,1:M Content,0013y00001cIlyE,Data Cloud,2025-04-01,2025-03-01,0013y00001cIlyEQAS
1,1:M Content,0013000000K13F4,Data Cloud,2024-08-01,2024-07-01,0013000000K13F4AAJ
1,1:M Content,00130000000DrPN,Data Cloud,2025-03-01,2025-03-01,00130000000DrPNAA0
1,1:M Content,0013000000ZmUSh,Data Cloud,2025-09-01,2025-09-01,0013000000ZmUShAAN
1,1:M Content,001000000027atx,Data Cloud,2024-10-01,2024-10-01,001000000027atxAAA
1,1:M Content,0013000000ITYF8,Data Cloud,2025-10-01,2025-10-01,0013000000ITYF8AAP
1,1:M Content,00130000002xHUj,Data Cloud,2025-12-01,2025-12-01,00130000002xHUjAAM
1,1:M Content,0013000000M2UOx,Data Cloud,2025-06-01,2025-06-01,0013000000M2UOxAAN
1,1:M Content,0010M00001UMgoI,Data Cloud,2025-09-01,2025-09-01,0010M00001UMgoIQAT
1,1:M Content,0013000000NQhgD,Data Cloud,2024-10-01,2024-09-01,0013000000NQhgDAAT
1,1:M Content,0013000000M2MYN,Data Cloud,2025-05-01,2025-05-01,0013000000M2MYNAA3
1,1:M Content,00130000016g1Zx,Data Cloud,2025-04-01,2025-03-01,00130000016g1ZxAAI
1,1:M Content,00130000004IFiW,Data Cloud,2025-08-01,2025-08-01,00130000004IFiWAAW
1,1:M Content,001ed00000AtVv3,Data Cloud,2024-12-01,2024-12-01,001ed00000AtVv3YAF
1,1:M Content,0013y00001g9bnb,Data Cloud,2024-06-01,2024-06-01,0013y00001g9bnbQAA
1,1:M Content,0013000000hMZVg,Data Cloud,2025-10-01,2025-10-01,0013000000hMZVgAAO
1,1:M Content,001ed0000064Z3o,Data Cloud,2024-10-01,2024-10-01,001ed0000064Z3oYAE
1,1:M Content,0013000000ZlQp2,Data Cloud,2024-10-01,2024-10-01,0013000000ZlQp2AAF
1,1:M Content,0010M00001QoV4Y,Data Cloud,2024-02-01,2024-02-01,0010M00001QoV4YQAV
1,1:M Content,001ed00000IiKK1,Data Cloud,2025-04-01,2025-04-01,001ed00000IiKK1YAN
1,1:M Content,0013y00001cyk4b,Data Cloud,2025-03-01,2025-03-01,0013y00001cyk4bQAA
1,1:M Content,0013000001FbNWD,Data Cloud,2024-11-01,2024-11-01,0013000001FbNWDAA3
1,1:M Content,0013y00001besY5,Data Cloud,2024-07-01,2024-07-01,0013y00001besY5QAI
1,1:M Content,0013000000RYTX9,Data Cloud,2025-10-01,2025-10-01,0013000000RYTX9AAP
2,1:M Content,0013000000GLN8I,Data Cloud,2025-08-01,2025-08-01,0013000000GLN8IAAX
2,1:M Content,0013000000M2LyG,Data Cloud,2025-11-01,2025-11-01,0013000000M2LyGAAV
2,1:M Content,00100000001hgGw,Data Cloud,2025-01-01,2025-01-01,00100000001hgGwAAI
3,1:M Content,00100000001u5Qo,Data Cloud,2025-02-01,2025-02-01,00100000001u5QoAAI
1,Onboarding Specialists,0013000000hLEY2,Data Cloud,2025-06-01,2025-03-01,0013000000hLEY2AAO
1,Onboarding Specialists,0013y00001fEfpC,Data Cloud,2024-12-01,2024-11-01,0013y00001fEfpCQAS
1,Success Guides,0013000000RYtfm,Data Cloud,2023-06-01,2023-04-01,0013000000RYtfmAAD
1,Success Architects,0013000000Rauz2,Data Cloud,2024-09-01,2024-08-01,0013000000Rauz2AAB
1,Success Architects,00100000000nPrS,Data Cloud,2024-06-01,2024-04-01,00100000000nPrSAAU
1,Success Guides,0013000001CCCby,Data Cloud,2025-09-01,2025-09-01,0013000001CCCbyAAH
1,Success Guides,0010M00001W8PSy,Data Cloud,2023-03-01,2023-01-01,0010M00001W8PSyQAN
1,Success Guides,0013000000RZYVN,Data Cloud,2025-11-01,2025-11-01,0013000000RZYVNAA5
1,Success Architects,00100000001TIvi,Data Cloud,2025-06-01,2025-05-01,00100000001TIviAAG
1,Success Architects,001000000027wKD,Data Cloud,2024-12-01,2024-10-01,001000000027wKDAAY
1,Success Guides,00100000000leZj,Data Cloud,2025-03-01,2025-03-01,00100000000leZjAAI
1,Success Guides,0013000000E3nPX,Data Cloud,2024-07-01,2024-06-01,0013000000E3nPXAAZ
1,Success Guides,0013y00001cgUoz,Data Cloud,2025-07-01,2025-06-01,0013y00001cgUozQAE
1,Onboarding Specialists,0010M00001WJPrJ,Data Cloud,2025-11-01,2025-10-01,0010M00001WJPrJQAX
1,Success Guides,0010M00001Qlnej,Data Cloud,2024-08-01,2024-07-01,0010M00001QlnejQAB
1,Success Architects,00130000016k8IO,Data Cloud,2025-08-01,2025-07-01,00130000016k8IOAAY
1,Success Guides,0010M00001Sq0iN,Data Cloud,2024-11-01,2024-10-01,0010M00001Sq0iNQAR
1,Success Guides,0013000000M1cYV,Data Cloud,2022-06-01,2022-04-01,0013000000M1cYVAAZ
1,Success Guides,0013000001CCpyb,Data Cloud,2025-06-01,2025-05-01,0013000001CCpybAAD
1,Success Guides,00130000002xdVy,Data Cloud,2023-06-01,2023-05-01,00130000002xdVyAAI
1,Success Guides,0010M00001P0Gm6,Data Cloud,2025-11-01,2025-11-01,0010M00001P0Gm6QAF
1,Onboarding Specialists,001000000029xDX,Data Cloud,2024-01-01,2023-11-01,001000000029xDXAAY
1,Success Architects,0013y00001dWtia,Data Cloud,2025-09-01,2025-07-01,0013y00001dWtiaQAC
1,Success Architects,0013y00001epXBb,Data Cloud,2024-11-01,2024-08-01,0013y00001epXBbQAM
1,Success Guides,0013000000ZknYT,Data Cloud,2025-12-01,2025-12-01,0013000000ZknYTAAZ
1,Success Guides,0013000000ZkL9f,Data Cloud,2025-10-01,2025-09-01,0013000000ZkL9fAAF
1,Onboarding Specialists,0013000000M2j0O,Data Cloud,2024-11-01,2024-08-01,0013000000M2j0OAAR
1,Success Guides,0013000000Em2KI,Data Cloud,2025-10-01,2025-10-01,0013000000Em2KIAAZ
1,Success Architects,0013y00001f60wD,Data Cloud,2024-07-01,2024-06-01,0013y00001f60wDQAQ
1,Onboarding Specialists,00130000009hFp5,Data Cloud,2024-04-01,2024-01-01,00130000009hFp5AAE
1,Success Guides,0010000000282Re,Data Cloud,2025-11-01,2025-10-01,0010000000282ReAAI
1,Success Guides,0010M00001WJJrG,Data Cloud,2025-09-01,2025-09-01,0010M00001WJJrGQAX
1,Success Guides,0013000000FdMei,Data Cloud,2024-12-01,2024-11-01,0013000000FdMeiAAF
1,Onboarding Specialists,0010M00001WOPjO,Data Cloud,2025-12-01,2025-10-01,0010M00001WOPjOQAX
1,Success Guides,0013000001JxurQ,Data Cloud,2025-11-01,2025-11-01,0013000001JxurQAAR
1,Success Guides,00130000002x8Mv,Data Cloud,2024-08-01,2024-07-01,00130000002x8MvAAI
1,Success Guides,0013000000ZiYzB,Data Cloud,2025-11-01,2025-10-01,0013000000ZiYzBAAV
1,Success Architects,0013y00001cShv1,Data Cloud,2024-11-01,2024-09-01,0013y00001cShv1QAC
1,Success Guides,0013000001Fk9zk,Data Cloud,2024-04-01,2024-03-01,0013000001Fk9zkAAB
2,Success Guides,0013000000LBUYf,Data Cloud,2025-05-01,2025-05-01,0013000000LBUYfAAP
2,Success Guides,00130000002xS2l,Data Cloud,2025-12-01,2025-12-01,00130000002xS2lAAE
2,Success Guides,00130000002xL6L,Data Cloud,2024-10-01,2024-10-01,00130000002xL6LAAU
2,Success Guides,0013y00001cyk7G,Data Cloud,2025-12-01,2025-12-01,0013y00001cyk7GQAQ
2,Success Guides,00130000002xRi9,Data Cloud,2024-09-01,2024-09-01,00130000002xRi9AAE
1,1:M Content,0013000000M1ny7,Data Cloud,2025-02-01,2025-02-01,0013000000M1ny7AAB
1,1:M Content,0010M00001Qahqo,Data Cloud,2025-06-01,2025-06-01,0010M00001QahqoQAB
1,1:M Content,0013y00001c8NLi,Data Cloud,2025-06-01,2025-06-01,0013y00001c8NLiQAM
1,1:M Content,001ed00000Pdj0T,Data Cloud,2025-04-01,2025-04-01,001ed00000Pdj0TYAR
1,1:M Content,001ed00000nGROI,Data Cloud,2025-12-01,2025-12-01,001ed00000nGROIYA4
1,1:M Content,001ed00000Gmx7r,Data Cloud,2025-03-01,2025-03-01,001ed00000Gmx7rYAB
1,1:M Content,0013000001HgArP,Data Cloud,2025-08-01,2025-08-01,0013000001HgArPAAV
1,1:M Content,0010M00001WZZwi,Data Cloud,2025-12-01,2025-12-01,0010M00001WZZwiQAH
1,1:M Content,0013y00001cTGTz,Data Cloud,2025-02-01,2025-02-01,0013y00001cTGTzQAO
1,1:M Content,0013000001JyriP,Data Cloud,2025-12-01,2025-12-01,0013000001JyriPAAR
1,1:M Content,00130000001Vy98,Data Cloud,2025-08-01,2025-08-01,00130000001Vy98AAC
1,1:M Content,001ed00000AZuOB,Data Cloud,2024-11-01,2024-11-01,001ed00000AZuOBYA1
1,1:M Content,0013y00001cb6z4,Data Cloud,2025-11-01,2025-11-01,0013y00001cb6z4QAA
1,1:M Content,0013y00001YbT8Q,Data Cloud,2025-07-01,2025-07-01,0013y00001YbT8QQAV
1,1:M Content,0013000000IjwQZ,Data Cloud,2025-02-01,2025-02-01,0013000000IjwQZAAZ
1,1:M Content,0013000001LWAiT,Data Cloud,2024-03-01,2024-03-01,0013000001LWAiTAAX
1,1:M Content,0013000001CD0Vk,Data Cloud,2024-10-01,2024-10-01,0013000001CD0VkAAL
1,1:M Content,0010M00001WYRv8,Data Cloud,2025-10-01,2025-10-01,0010M00001WYRv8QAH
1,1:M Content,0013y00001f61BI,Data Cloud,2024-10-01,2024-10-01,0013y00001f61BIQAY
1,1:M Content,00130000002U4wm,Data Cloud,2024-12-01,2024-12-01,00130000002U4wmAAC
1,1:M Content,0013y00001dKx9x,Data Cloud,2024-12-01,2024-12-01,0013y00001dKx9xQAC
1,1:M Content,00130000000LAFw,Data Cloud,2025-11-01,2025-11-01,00130000000LAFwAAO
1,1:M Content,0013000001CBOKk,Data Cloud,2025-11-01,2025-11-01,0013000001CBOKkAAP
1,1:M Content,0010M00001UVV3H,Data Cloud,2024-10-01,2024-10-01,0010M00001UVV3HQAX
1,1:M Content,0010M00001X8J4p,Data Cloud,2025-07-01,2025-07-01,0010M00001X8J4pQAF
1,1:M Content,00130000016hZuZ,Data Cloud,2025-08-01,2025-08-01,00130000016hZuZAAU
1,1:M Content,00130000004UfHd,Data Cloud,2025-03-01,2025-03-01,00130000004UfHdAAK
1,1:M Content,0010M00001SpmZq,Data Cloud,2025-06-01,2025-06-01,0010M00001SpmZqQAJ
1,1:M Content,00130000002xYWy,Data Cloud,2025-01-01,2025-01-01,00130000002xYWyAAM
1,1:M Content,00130000002xBoL,Data Cloud,2025-04-01,2025-04-01,00130000002xBoLAAU
1,1:M Content,0013000001EZKK1,Data Cloud,2025-06-01,2025-06-01,0013000001EZKK1AAP
1,1:M Content,001000000007X4y,Data Cloud,2024-11-01,2024-11-01,001000000007X4yAAE
1,1:M Content,0013000000RYtJl,Data Cloud,2025-10-01,2025-10-01,0013000000RYtJlAAL
1,1:M Content,00130000007J5kS,Data Cloud,2025-03-01,2025-03-01,00130000007J5kSAAS
1,1:M Content,0013y00001cTGTz,Data Cloud,2025-04-01,2025-03-01,0013y00001cTGTzQAO
1,1:M Content,0013y00001dxzqY,Data Cloud,2025-02-01,2025-02-01,0013y00001dxzqYQAQ
1,1:M Content,0010M00001ULuEw,Data Cloud,2025-04-01,2025-04-01,0010M00001ULuEwQAL
1,1:M Content,0013y00001cU3PN,Data Cloud,2025-12-01,2025-12-01,0013y00001cU3PNQA0
1,1:M Content,0013000000ZlQpU,Data Cloud,2025-10-01,2025-10-01,0013000000ZlQpUAAV
1,1:M Content,00100000001TIvi,Data Cloud,2024-09-01,2024-09-01,00100000001TIviAAG
1,1:M Content,0010M00001QmQvR,Data Cloud,2024-05-01,2024-05-01,0010M00001QmQvRQAV
3,1:M Content,0013y00001bdygF,Data Cloud,2025-05-01,2025-05-01,0013y00001bdygFQAQ
4,1:M Content,00130000002xaAq,Data Cloud,2025-11-01,2025-11-01,00130000002xaAqAAI
2,1:M Content,0013y00001fEbIW,Data Cloud,2025-11-01,2025-11-01,0013y00001fEbIWQA0
2,1:M Content,001ed000006Ywz0,Data Cloud,2025-04-01,2025-04-01,001ed000006Ywz0YAC
3,1:M Content,0013000000Raquy,Data Cloud,2025-12-01,2025-12-01,0013000000RaquyAAB
2,1:M Content,0013000000JzTEJ,Data Cloud,2024-10-01,2024-10-01,0013000000JzTEJAA3
2,1:M Content,00130000002xcgH,Data Cloud,2025-10-01,2025-10-01,00130000002xcgHAAQ
1,Success Guides,0013000001KZwQO,Data Cloud,2025-01-01,2024-11-01,0013000001KZwQOAA1
1,Onboarding Specialists,0010M00001W86ah,Data Cloud,2025-11-01,2025-09-01,0010M00001W86ahQAB
1,Onboarding Specialists,0013y00001emRIk,Data Cloud,2024-01-01,2023-11-01,0013y00001emRIkQAM
1,Success Guides,0013y00001be0Da,Data Cloud,2025-07-01,2025-07-01,0013y00001be0DaQAI
1,Success Guides,0013000001L646U,Data Cloud,2025-03-01,2025-02-01,0013000001L646UAAR
1,Success Architects,0013000000Zmec6,Data Cloud,2025-05-01,2025-03-01,0013000000Zmec6AAB
1,Success Architects,0013000000ZkfiX,Data Cloud,2025-07-01,2025-07-01,0013000000ZkfiXAAR
1,Success Guides,0010M00001Z0Ro4,Data Cloud,2025-10-01,2025-10-01,0010M00001Z0Ro4QAF
1,Success Architects,0010M00001WZnpq,Data Cloud,2025-07-01,2025-04-01,0010M00001WZnpqQAD
1,Success Guides,00130000008ea6P,Data Cloud,2025-08-01,2025-08-01,00130000008ea6PAAQ
1,Onboarding Specialists,001ed000006ghl5,Data Cloud,2025-09-01,2025-07-01,001ed000006ghl5YAA
1,Success Guides,0013000000M1J2b,Data Cloud,2025-08-01,2025-03-01,0013000000M1J2bAAF
1,Success Guides,0013y00001cIOOH,Data Cloud,2024-10-01,2024-09-01,0013y00001cIOOHQA4
1,Onboarding Specialists,0013000000J81eI,Data Cloud,2025-10-01,2025-09-01,0013000000J81eIAAR
1,Success Guides,0013y00001epJ4x,Data Cloud,2025-04-01,2025-02-01,0013y00001epJ4xQAE
1,Success Guides,0013000001MsvTR,Data Cloud,2024-11-01,2024-11-01,0013000001MsvTRAAZ
1,Success Architects,0013000000Gu5xR,Data Cloud,2024-05-01,2024-03-01,0013000000Gu5xRAAR
1,Success Guides,0010M00001WZ1Ml,Data Cloud,2025-09-01,2025-09-01,0010M00001WZ1MlQAL
1,Success Guides,0013000001GVn45,Data Cloud,2024-03-01,2024-03-01,0013000001GVn45AAD
1,Success Architects,00130000002xHpj,Data Cloud,2025-07-01,2025-05-01,00130000002xHpjAAE
1,Success Guides,0013000001NXIsu,Data Cloud,2025-08-01,2025-07-01,0013000001NXIsuAAH
1,Success Guides,0013y00001crf0x,Data Cloud,2024-05-01,2024-05-01,0013y00001crf0xQAA
1,Success Guides,0013000001FjCoQ,Data Cloud,2025-01-01,2025-01-01,0013000001FjCoQAAV
1,Success Guides,0013000000IjwQZ,Data Cloud,2025-02-01,2025-02-01,0013000000IjwQZAAZ
1,Success Guides,0013000000Zme3a,Data Cloud,2025-12-01,2025-11-01,0013000000Zme3aAAB
1,Onboarding Specialists,001ed00000YZ8bq,Data Cloud,2025-11-01,2025-09-01,001ed00000YZ8bqYAD
1,Success Guides,0013000001CBMxV,Data Cloud,2024-09-01,2024-09-01,0013000001CBMxVAAX
1,Success Architects,0013000001FbNWD,Data Cloud,2025-05-01,2025-04-01,0013000001FbNWDAA3
1,Success Guides,00130000002xTez,Data Cloud,2024-12-01,2024-12-01,00130000002xTezAAE
1,Success Architects,0013y00001cyfug,Data Cloud,2024-09-01,2024-07-01,0013y00001cyfugQAA
1,Success Guides,0013000000M2TWb,Data Cloud,2025-10-01,2025-09-01,0013000000M2TWbAAN
1,Onboarding Specialists,0013y00001dXRie,Data Cloud,2025-05-01,2025-02-01,0013y00001dXRieQAG
1,Success Architects,0013000000hL7m2,Data Cloud,2024-05-01,2024-04-01,0013000000hL7m2AAC
1,Success Guides,001000000029t9U,Data Cloud,2025-04-01,2025-04-01,001000000029t9UAAQ
1,Success Guides,0010M00001VMZvP,Data Cloud,2025-01-01,2024-12-01,0010M00001VMZvPQAX
1,Success Guides,001300000006VQp,Data Cloud,2025-09-01,2025-07-01,001300000006VQpAAM
1,Success Guides,001ed00000W4COM,Data Cloud,2025-10-01,2025-08-01,001ed00000W4COMYA3
3,Success Guides,0013000000rpONK,Data Cloud,2025-11-01,2025-11-01,0013000000rpONKAA2
2,Success Architects,0013y00001cFOqS,Data Cloud,2025-04-01,2025-04-01,0013y00001cFOqSQAW
2,Success Guides,0010M00001WkVed,Data Cloud,2025-10-01,2025-09-01,0010M00001WkVedQAF
2,Success Guides,0010M00001QlcaS,Data Cloud,2024-10-01,2024-10-01,0010M00001QlcaSQAR
1,1:M Content,001ed00000TFuZ3,Data Cloud,2025-10-01,2025-10-01,001ed00000TFuZ3YAL
1,1:M Content,0010M00001WkPFX,Data Cloud,2024-05-01,2024-05-01,0010M00001WkPFXQA3
1,1:M Content,0013000000rqRYw,Data Cloud,2024-10-01,2024-09-01,0013000000rqRYwAAM
1,1:M Content,0013000000rpmjP,Data Cloud,2025-08-01,2025-08-01,0013000000rpmjPAAQ
1,1:M Content,0013000000Zjai8,Data Cloud,2025-09-01,2025-09-01,0013000000Zjai8AAB
1,1:M Content,0013y00001g9cay,Data Cloud,2024-07-01,2024-07-01,0013y00001g9cayQAA
1,1:M Content,0010M00001ULiD0,Data Cloud,2025-06-01,2025-06-01,0010M00001ULiD0QAL
1,1:M Content,0013000001KbGH4,Data Cloud,2025-04-01,2025-04-01,0013000001KbGH4AAN
1,1:M Content,0013y00001dXF8I,Data Cloud,2025-09-01,2025-09-01,0013y00001dXF8IQAW
1,1:M Content,001ed00000Uqp6q,Data Cloud,2025-10-01,2025-10-01,001ed00000Uqp6qYAB
1,1:M Content,0010M00001NYarl,Data Cloud,2025-09-01,2025-09-01,0010M00001NYarlQAD
1,1:M Content,00130000009b1ep,Data Cloud,2024-07-01,2024-07-01,00130000009b1epAAA
1,1:M Content,00100000001qYN7,Data Cloud,2025-10-01,2025-10-01,00100000001qYN7AAM
1,1:M Content,0013000000ZkEzS,Data Cloud,2025-07-01,2025-07-01,0013000000ZkEzSAAV
1,1:M Content,0013000001NX77B,Data Cloud,2025-06-01,2025-06-01,0013000001NX77BAAT
1,1:M Content,001ed00000RKMeT,Data Cloud,2025-07-01,2025-07-01,001ed00000RKMeTYAX
1,1:M Content,0010M00001JzikW,Data Cloud,2025-02-01,2025-02-01,0010M00001JzikWQAR
1,1:M Content,0013000000HFbxu,Data Cloud,2025-12-01,2025-12-01,0013000000HFbxuAAD
1,1:M Content,0010M00001NYq3M,Data Cloud,2025-05-01,2025-05-01,0010M00001NYq3MQAT
1,1:M Content,0013000000Zl6JG,Data Cloud,2025-08-01,2025-08-01,0013000000Zl6JGAAZ
1,1:M Content,00130000016ggXE,Data Cloud,2025-05-01,2025-05-01,00130000016ggXEAAY
1,1:M Content,00130000016ig3h,Data Cloud,2025-12-01,2025-12-01,00130000016ig3hAAA
1,1:M Content,0010M00001THLtS,Data Cloud,2025-04-01,2025-04-01,0010M00001THLtSQAX
1,1:M Content,00130000002xL6L,Data Cloud,2024-10-01,2024-09-01,00130000002xL6LAAU
1,1:M Content,0010M00001QlgOJ,Data Cloud,2025-06-01,2025-06-01,0010M00001QlgOJQAZ
1,1:M Content,0013000000HF5Sw,Data Cloud,2024-12-01,2024-12-01,0013000000HF5SwAAL
1,1:M Content,0010M00001QaMJx,Data Cloud,2024-11-01,2024-11-01,0010M00001QaMJxQAN
1,1:M Content,0013000000ZjtPN,Data Cloud,2025-06-01,2025-06-01,0013000000ZjtPNAAZ
1,1:M Content,0010M00001W8XXK,Data Cloud,2025-12-01,2025-12-01,0010M00001W8XXKQA3
1,1:M Content,0010M00001XxtoM,Data Cloud,2025-02-01,2025-02-01,0010M00001XxtoMQAR
1,1:M Content,001ed00000AgaEE,Data Cloud,2024-12-01,2024-12-01,001ed00000AgaEEYAZ
1,1:M Content,0013y00001dOGqJ,Data Cloud,2024-05-01,2024-05-01,0013y00001dOGqJQAW
1,1:M Content,0013y00001c8Oal,Data Cloud,2024-02-01,2024-02-01,0013y00001c8OalQAE
1,1:M Content,0013000000ZiZKZ,Data Cloud,2025-10-01,2025-10-01,0013000000ZiZKZAA3
1,1:M Content,00130000002xAOd,Data Cloud,2025-06-01,2025-06-01,00130000002xAOdAAM
1,1:M Content,0013000000RYi2R,Data Cloud,2024-07-01,2024-07-01,0013000000RYi2RAAT
1,1:M Content,0013000000GtwQC,Data Cloud,2024-10-01,2024-09-01,0013000000GtwQCAAZ
1,1:M Content,001ed00000baGyh,Data Cloud,2025-08-01,2025-08-01,001ed00000baGyhYAE
2,1:M Content,00100000001UPGh,Data Cloud,2024-10-01,2024-10-01,00100000001UPGhAAO
2,1:M Content,0013y00001btx4S,Data Cloud,2025-10-01,2025-10-01,0013y00001btx4SQAQ
2,1:M Content,0010M00001UMe5a,Data Cloud,2025-06-01,2025-06-01,0010M00001UMe5aQAD
2,1:M Content,0013000000DmE7O,Data Cloud,2025-03-01,2025-03-01,0013000000DmE7OAAV
2,1:M Content,0013y00001eBr4u,Data Cloud,2024-12-01,2024-12-01,0013y00001eBr4uQAC
2,1:M Content,0010M00001Y5RaZ,Data Cloud,2025-12-01,2025-12-01,0010M00001Y5RaZQAV
2,1:M Content,0013000000RXXIf,Data Cloud,2025-11-01,2025-11-01,0013000000RXXIfAAP
1,Success Guides,0013000000I7uBo,Data Cloud,2025-12-01,2025-11-01,0013000000I7uBoAAJ
1,Success Guides,0010M00001Qmd1e,Data Cloud,2024-11-01,2024-10-01,0010M00001Qmd1eQAB
1,Success Guides,0013y00001Xz3EH,Data Cloud,2025-12-01,2025-11-01,0013y00001Xz3EHQAZ
1,Success Guides,00130000004EBQ0,Data Cloud,2025-10-01,2025-09-01,00130000004EBQ0AAO
1,Success Architects,0010M00001Qlm0n,Data Cloud,2025-04-01,2025-02-01,0010M00001Qlm0nQAB
1,Success Guides,0013y00001h5OmH,Data Cloud,2025-11-01,2025-10-01,0013y00001h5OmHQAU
1,Onboarding Specialists,001ed00000mgQot,Data Cloud,2025-12-01,2025-12-01,001ed00000mgQotYAE
1,Success Guides,0013000000hJddJ,Data Cloud,2025-11-01,2025-11-01,0013000000hJddJAAS
1,Success Architects,0013000001GXFhT,Data Cloud,2024-11-01,2024-10-01,0013000001GXFhTAAX
1,Success Guides,0013y00001cILec,Data Cloud,2025-05-01,2025-05-01,0013y00001cILecQAG
1,Success Guides,0010M00001SIg3e,Data Cloud,2024-11-01,2024-09-01,0010M00001SIg3eQAD
1,Success Guides,0010M00001WkY4n,Data Cloud,2025-12-01,2025-11-01,0010M00001WkY4nQAF
1,Onboarding Specialists,0013000000RZXlA,Data Cloud,2025-06-01,2025-05-01,0013000000RZXlAAAX
1,Success Architects,0013000001Jy6GX,Data Cloud,2024-05-01,2024-04-01,0013000001Jy6GXAAZ
1,Success Guides,0013y00001coljP,Data Cloud,2023-12-01,2023-11-01,0013y00001coljPQAQ
1,Success Guides,001ed000006OvWL,Data Cloud,2025-02-01,2025-01-01,001ed000006OvWLYA0
1,Success Guides,0013000001M1Gzy,Data Cloud,2024-09-01,2024-09-01,0013000001M1GzyAAF
1,Success Architects,0013y00001cSRkv,Data Cloud,2025-05-01,2025-03-01,0013y00001cSRkvQAG
1,Onboarding Specialists,0010M00001QlF1c,Data Cloud,2025-11-01,2025-11-01,0010M00001QlF1cQAF
1,Success Guides,0010M00001WIOmK,Data Cloud,2024-02-01,2024-01-01,0010M00001WIOmKQAX
1,Onboarding Specialists,0013000000rnUKL,Data Cloud,2024-05-01,2024-04-01,0013000000rnUKLAA2
1,Success Guides,0013y00001eTyuv,Data Cloud,2025-10-01,2025-09-01,0013y00001eTyuvQAC
1,Success Guides,00130000016j7px,Data Cloud,2025-02-01,2025-01-01,00130000016j7pxAAA
1,Success Guides,0013000000EzxNF,Data Cloud,2025-09-01,2025-08-01,0013000000EzxNFAAZ
1,Success Guides,0013000001JzNbW,Data Cloud,2025-11-01,2025-10-01,0013000001JzNbWAAV
1,Success Guides,0013y00001XzU5M,Data Cloud,2025-10-01,2025-10-01,0013y00001XzU5MQAV
1,Success Architects,0013y00001dKgj3,Data Cloud,2024-04-01,2024-03-01,0013y00001dKgj3QAC
1,Success Guides,00130000000Vrwf,Data Cloud,2025-11-01,2025-11-01,00130000000VrwfAAC
1,Onboarding Specialists,0013000000ZjBRP,Data Cloud,2025-12-01,2025-11-01,0013000000ZjBRPAA3
1,Success Guides,0013y00001cHUOu,Data Cloud,2023-07-01,2023-06-01,0013y00001cHUOuQAO
1,Success Guides,00130000002xJA9,Data Cloud,2025-12-01,2025-12-01,00130000002xJA9AAM
1,Success Guides,0013000000hMcaz,Data Cloud,2025-12-01,2025-11-01,0013000000hMcazAAC
1,Success Architects,0010M00001Qakik,Data Cloud,2025-03-01,2025-03-01,0010M00001QakikQAB
1,Success Architects,00130000002xHpj,Data Cloud,2025-07-01,2025-07-01,00130000002xHpjAAE
1,Onboarding Specialists,00130000016hrJm,Data Cloud,2024-03-01,2024-03-01,00130000016hrJmAAI
1,Onboarding Specialists,0013y00001f6l84,Data Cloud,2025-11-01,2025-10-01,0013y00001f6l84QAA
1,Success Architects,0013000000M2LyG,Data Cloud,2025-09-01,2025-07-01,0013000000M2LyGAAV
1,Onboarding Specialists,0013000000M2UOx,Data Cloud,2025-01-01,2024-12-01,0013000000M2UOxAAN
1,Onboarding Specialists,00100000000oMzq,Data Cloud,2025-05-01,2025-02-01,00100000000oMzqAAE
14,Success Architects,,Data Cloud,2025-09-01,2025-09-01
2,Success Architects,00100000001L5zm,Data Cloud,2025-08-01,2025-06-01,00100000001L5zmAAC
1,1:M Content,0013y00001cb6z4,Data Cloud,2024-07-01,2024-07-01,0013y00001cb6z4QAA
1,1:M Content,001ed00000U3kLF,Data Cloud,2025-10-01,2025-10-01,001ed00000U3kLFYAZ
1,1:M Content,0013000000HlAOj,Data Cloud,2024-03-01,2024-03-01,0013000000HlAOjAAN
1,1:M Content,001ed00000QsByt,Data Cloud,2025-05-01,2025-05-01,001ed00000QsBytYAF
1,1:M Content,0013y00001fT5cG,Data Cloud,2025-08-01,2025-08-01,0013y00001fT5cGQAS
1,1:M Content,0010M00001YFcWS,Data Cloud,2025-07-01,2025-07-01,0010M00001YFcWSQA1
1,1:M Content,0010M00001WaRTm,Data Cloud,2025-09-01,2025-09-01,0010M00001WaRTmQAN
1,1:M Content,0013y00001cCYC5,Data Cloud,2024-11-01,2024-11-01,0013y00001cCYC5QAO
1,1:M Content,001ed000004Xpb2,Data Cloud,2025-01-01,2025-01-01,001ed000004Xpb2YAC
1,1:M Content,0013y00001fFCje,Data Cloud,2024-12-01,2024-12-01,0013y00001fFCjeQAG
1,1:M Content,0013000000JIYSZ,Data Cloud,2025-06-01,2025-06-01,0013000000JIYSZAA5
1,1:M Content,0013000000rojaG,Data Cloud,2025-09-01,2025-09-01,0013000000rojaGAAQ
1,1:M Content,0013y00001gDdm5,Data Cloud,2025-10-01,2025-10-01,0013y00001gDdm5QAC
1,1:M Content,0013000001FbQsb,Data Cloud,2025-02-01,2025-02-01,0013000001FbQsbAAF
1,1:M Content,0010M00001WYR5H,Data Cloud,2024-11-01,2024-11-01,0010M00001WYR5HQAX
1,1:M Content,0013000000rns1N,Data Cloud,2025-05-01,2025-05-01,0013000000rns1NAAQ
1,1:M Content,00130000007WutT,Data Cloud,2024-09-01,2024-09-01,00130000007WutTAAS
1,1:M Content,0010M00001P0FPf,Data Cloud,2025-11-01,2025-11-01,0010M00001P0FPfQAN
1,1:M Content,0013000000HFbqL,Data Cloud,2025-11-01,2025-11-01,0013000000HFbqLAAT
1,1:M Content,0013000000Gtvss,Data Cloud,2025-12-01,2025-12-01,0013000000GtvssAAB
1,1:M Content,0013y00001dxey4,Data Cloud,2025-01-01,2025-01-01,0013y00001dxey4QAA
1,1:M Content,0013000000Gtvss,Data Cloud,2024-08-01,2024-07-01,0013000000GtvssAAB
1,1:M Content,0010M00001SemY6,Data Cloud,2025-04-01,2025-04-01,0010M00001SemY6QAJ
1,1:M Content,0013y00001gcpSS,Data Cloud,2025-04-01,2025-03-01,0013y00001gcpSSQAY
1,1:M Content,00130000002xS2p,Data Cloud,2025-11-01,2025-11-01,00130000002xS2pAAE
1,1:M Content,0013000000rojaG,Data Cloud,2025-05-01,2025-05-01,0013000000rojaGAAQ
1,1:M Content,0013y00001cocAe,Data Cloud,2025-11-01,2025-11-01,0013y00001cocAeQAI
1,1:M Content,0013y00001eveVk,Data Cloud,2024-03-01,2024-03-01,0013y00001eveVkQAI
1,1:M Content,00130000002xRui,Data Cloud,2025-07-01,2025-07-01,00130000002xRuiAAE
1,1:M Content,0013y00001eEmAP,Data Cloud,2025-06-01,2025-06-01,0013y00001eEmAPQA0
1,1:M Content,0013000001NWoOO,Data Cloud,2025-08-01,2025-08-01,0013000001NWoOOAA1
1,1:M Content,001ed00000RqA8b,Data Cloud,2025-05-01,2025-05-01,001ed00000RqA8bYAF
1,1:M Content,0013y00001cosU0,Data Cloud,2025-06-01,2025-06-01,0013y00001cosU0QAI
1,1:M Content,001ed00000AhfJt,Data Cloud,2024-02-01,2024-02-01,001ed00000AhfJtYAJ
1,1:M Content,0013000000ZkEvE,Data Cloud,2024-10-01,2024-10-01,0013000000ZkEvEAAV
1,1:M Content,00130000000go1o,Data Cloud,2024-11-01,2024-11-01,00130000000go1oAAA
1,1:M Content,001ed00000Daxwa,Data Cloud,2025-03-01,2025-03-01,001ed00000DaxwaYAB
1,1:M Content,0013y00001cZenZ,Data Cloud,2025-02-01,2025-02-01,0013y00001cZenZQAS
1,1:M Content,00100000001o8iB,Data Cloud,2025-05-01,2025-05-01,00100000001o8iBAAQ
1,1:M Content,0010M00001SHnsv,Data Cloud,2025-09-01,2025-09-01,0010M00001SHnsvQAD
3,1:M Content,0013000000ZmUSh,Data Cloud,2025-10-01,2025-10-01,0013000000ZmUShAAN
3,1:M Content,0013000000GIaEX,Data Cloud,2025-07-01,2025-07-01,0013000000GIaEXAA1
2,1:M Content,0013y00001eTzFo,Data Cloud,2025-10-01,2025-10-01,0013y00001eTzFoQAK
3,1:M Content,001ed00000dtx0z,Data Cloud,2025-12-01,2025-12-01,001ed00000dtx0zYAA
2,1:M Content,00130000002xaAq,Data Cloud,2025-10-01,2025-10-01,00130000002xaAqAAI
1,Success Architects,0013y00001d7TSE,Data Cloud,2025-06-01,2025-04-01,0013y00001d7TSEQA2
1,Onboarding Specialists,0010M00001W8QBZ,Data Cloud,2025-11-01,2025-10-01,0010M00001W8QBZQA3
1,Success Guides,0013y00001bdhvP,Data Cloud,2024-03-01,2024-03-01,0013y00001bdhvPQAQ
1,Onboarding Specialists,0013000000RXJUb,Data Cloud,2024-03-01,2024-01-01,0013000000RXJUbAAP
1,Success Guides,0013000001GXDwO,Data Cloud,2025-01-01,2025-01-01,0013000001GXDwOAAX
1,Success Architects,0010M00001UUyu9,Data Cloud,2025-01-01,2025-01-01,0010M00001UUyu9QAD
1,Success Guides,0013y00001cSM8G,Data Cloud,2024-03-01,2024-03-01,0013y00001cSM8GQAW
1,Success Architects,0010M00001QnS1D,Data Cloud,2025-07-01,2025-05-01,0010M00001QnS1DQAV
1,Success Guides,001ed00000UDmta,Data Cloud,2025-09-01,2025-09-01,001ed00000UDmtaYAD
1,Success Architects,0013y00001d0irs,Data Cloud,2025-06-01,2025-05-01,0013y00001d0irsQAA
1,Success Guides,0013000000KwIqO,Data Cloud,2025-09-01,2025-09-01,0013000000KwIqOAAV
1,Success Guides,0010M00001OzyxN,Data Cloud,2024-12-01,2024-12-01,0010M00001OzyxNQAR
1,Success Guides,0013000001L6MQc,Data Cloud,2025-10-01,2025-09-01,0013000001L6MQcAAN
1,Success Architects,0010M00001QaTHJ,Data Cloud,2024-06-01,2024-05-01,0010M00001QaTHJQA3
1,Success Guides,001ed00000EfLzl,Data Cloud,2025-06-01,2025-05-01,001ed00000EfLzlYAF
1,Success Guides,0013y00001eTyuv,Data Cloud,2025-01-01,2025-01-01,0013y00001eTyuvQAC
1,Success Guides,0013000001GX06l,Data Cloud,2025-01-01,2024-12-01,0013000001GX06lAAD
1,Onboarding Specialists,0013y00001dWxgn,Data Cloud,2024-03-01,2024-02-01,0013y00001dWxgnQAC
1,Success Guides,0013y00001cYFys,Data Cloud,2025-07-01,2025-06-01,0013y00001cYFysQAG
1,Success Guides,0013y00001bdiZz,Data Cloud,2025-03-01,2025-02-01,0013y00001bdiZzQAI
1,Success Guides,0013000000GtvDF,Data Cloud,2025-01-01,2024-12-01,0013000000GtvDFAAZ
1,Success Guides,00130000016jl2t,Data Cloud,2025-12-01,2025-11-01,00130000016jl2tAAA
1,Success Guides,00130000008UtFc,Data Cloud,2025-08-01,2025-08-01,00130000008UtFcAAK
1,Onboarding Specialists,0013000001CDyyq,Data Cloud,2025-09-01,2025-07-01,0013000001CDyyqAAD
1,Success Guides,00130000016hT4r,Data Cloud,2025-08-01,2025-04-01,00130000016hT4rAAE
1,Success Guides,0013000000hMbXo,Data Cloud,2025-11-01,2025-10-01,0013000000hMbXoAAK
1,Success Guides,0013000000ZjaTB,Data Cloud,2025-01-01,2025-01-01,0013000000ZjaTBAAZ
1,Success Architects,00130000002xYWy,Data Cloud,2024-11-01,2024-09-01,00130000002xYWyAAM
1,Success Guides,00130000016ieQP,Data Cloud,2023-07-01,2023-07-01,00130000016ieQPAAY
1,Success Guides,0010M00001WYuvn,Data Cloud,2025-06-01,2025-05-01,0010M00001WYuvnQAD
1,Success Guides,0013000001Jy76X,Data Cloud,2025-07-01,2025-06-01,0013000001Jy76XAAR
1,Success Guides,0013000000Gu5xR,Data Cloud,2025-06-01,2025-05-01,0013000000Gu5xRAAR
1,Success Guides,0010M00001Xxib4,Data Cloud,2025-08-01,2025-08-01,0010M00001Xxib4QAB
1,Onboarding Specialists,0013000001CCq1V,Data Cloud,2024-12-01,2024-12-01,0013000001CCq1VAAT
1,Success Architects,0013000000rmrfJ,Data Cloud,2024-08-01,2024-06-01,0013000000rmrfJAAQ
1,Success Guides,0010M00001Sn8x1,Data Cloud,2024-10-01,2024-10-01,0010M00001Sn8x1QAB
1,Success Guides,0013000000hMX79,Data Cloud,2025-08-01,2025-06-01,0013000000hMX79AAG
1,Success Guides,00130000001e40D,Data Cloud,2025-11-01,2025-11-01,00130000001e40DAAQ
1,Success Guides,00130000000TCmw,Data Cloud,2024-03-01,2024-03-01,00130000000TCmwAAG
1,Success Guides,0013000001Msju5,Data Cloud,2024-11-01,2024-10-01,0013000001Msju5AAB
1,Success Guides,0010M00001QaTHJ,Data Cloud,2024-07-01,2024-07-01,0010M00001QaTHJQA3
1,Success Guides,0013000000RX9G1,Data Cloud,2025-11-01,2025-10-01,0013000000RX9G1AAL
1,Success Guides,0013y00001fOCer,Data Cloud,2023-11-01,2023-10-01,0013y00001fOCerQAG
1,Success Guides,0010M00001QmLgI,Data Cloud,2025-07-01,2025-07-01,0010M00001QmLgIQAV
1,Success Guides,0013y00001gDkBN,Data Cloud,2025-12-01,2025-11-01,0013y00001gDkBNQA0
1,Success Guides,0013000000hLjpo,Data Cloud,2025-05-01,2025-04-01,0013000000hLjpoAAC
1,Success Guides,00130000002xVo8,Data Cloud,2025-12-01,2025-11-01,00130000002xVo8AAE
1,Success Guides,0010M00001QnUsQ,Data Cloud,2025-12-01,2025-12-01,0010M00001QnUsQQAV
1,Success Guides,0013000000Zkhwe,Data Cloud,2024-07-01,2024-06-01,0013000000ZkhweAAB
3,Success Guides,00130000000cz3V,Data Cloud,2025-05-01,2025-05-01,00130000000cz3VAAQ
2,Success Guides,0013000000E1rjU,Data Cloud,2025-08-01,2025-08-01,0013000000E1rjUAAR
4,Onboarding Specialists,0013000000BOUdV,Data Cloud,2024-05-01,2024-05-01,0013000000BOUdVAAX
4,Success Guides,001ed000006aHer,Data Cloud,2025-12-01,2025-12-01,001ed000006aHerYAE
2,Success Guides,0010M00001YtqOe,Data Cloud,2025-03-01,2025-03-01,0010M00001YtqOeQAJ
1,1:M Content,0013000000HkkOA,Data Cloud,2025-08-01,2025-08-01,0013000000HkkOAAAZ
1,1:M Content,00130000003QTRs,Data Cloud,2025-11-01,2025-11-01,00130000003QTRsAAO
1,1:M Content,00130000002xL6o,Data Cloud,2025-02-01,2025-02-01,00130000002xL6oAAE
1,1:M Content,0013000000RYIbk,Data Cloud,2025-06-01,2025-06-01,0013000000RYIbkAAH
1,1:M Content,0010M00001YuLmK,Data Cloud,2024-08-01,2024-08-01,0010M00001YuLmKQAV
1,1:M Content,00130000002xbrv,Data Cloud,2024-05-01,2024-05-01,00130000002xbrvAAA
1,1:M Content,0013y00001d6y6I,Data Cloud,2025-05-01,2025-05-01,0013y00001d6y6IQAQ
1,1:M Content,0010M00001WACjj,Data Cloud,2025-02-01,2025-02-01,0010M00001WACjjQAH
1,1:M Content,001ed00000QDKwW,Data Cloud,2025-05-01,2025-05-01,001ed00000QDKwWYAX
1,1:M Content,001ed00000Nz4W7,Data Cloud,2025-04-01,2025-04-01,001ed00000Nz4W7YAJ
1,1:M Content,001ed00000C13BR,Data Cloud,2024-12-01,2024-12-01,001ed00000C13BRYAZ
1,1:M Content,001ed00000UJe6y,Data Cloud,2025-07-01,2025-07-01,001ed00000UJe6yYAD
1,1:M Content,00130000016gPO2,Data Cloud,2025-12-01,2025-12-01,00130000016gPO2AAM
1,1:M Content,00130000002xJ4t,Data Cloud,2025-01-01,2025-01-01,00130000002xJ4tAAE
1,1:M Content,001000000016Odw,Data Cloud,2025-12-01,2025-12-01,001000000016OdwAAE
1,1:M Content,0013000001LyHcE,Data Cloud,2025-03-01,2025-03-01,0013000001LyHcEAAV
1,1:M Content,001ed000005hI8T,Data Cloud,2025-11-01,2025-11-01,001ed000005hI8TYAU
1,1:M Content,001000000002x8f,Data Cloud,2025-10-01,2025-10-01,001000000002x8fAAA
1,1:M Content,0013y00001hASN8,Data Cloud,2025-02-01,2025-02-01,0013y00001hASN8QAO
1,1:M Content,0010M00001WZ3Eo,Data Cloud,2024-10-01,2024-10-01,0010M00001WZ3EoQAL
1,1:M Content,0010M00001QaJWA,Data Cloud,2025-10-01,2025-10-01,0010M00001QaJWAQA3
1,1:M Content,001000000017Phq,Data Cloud,2025-01-01,2025-01-01,001000000017PhqAAE
1,1:M Content,0013000001CAB1r,Data Cloud,2025-07-01,2025-07-01,0013000001CAB1rAAH
1,1:M Content,0013y00001fSvlf,Data Cloud,2024-03-01,2024-03-01,0013y00001fSvlfQAC
1,1:M Content,0013y00001hE8kv,Data Cloud,2024-07-01,2024-07-01,0013y00001hE8kvQAC
1,1:M Content,0013000000HmMfK,Data Cloud,2025-05-01,2025-05-01,0013000000HmMfKAAV
1,1:M Content,001ed00000KDo9y,Data Cloud,2025-04-01,2025-04-01,001ed00000KDo9yYAD
1,1:M Content,001ed00000JbtfJ,Data Cloud,2025-02-01,2025-02-01,001ed00000JbtfJYAR
1,1:M Content,0013y00001fEbIW,Data Cloud,2025-12-01,2025-12-01,0013y00001fEbIWQA0
1,1:M Content,0013000000hKmKE,Data Cloud,2025-12-01,2025-12-01,0013000000hKmKEAA0
1,1:M Content,0010M00001QmLgI,Data Cloud,2025-10-01,2025-10-01,0010M00001QmLgIQAV
1,1:M Content,0010000000000X1,Data Cloud,2024-03-01,2024-03-01,0010000000000X1AAI
1,1:M Content,0013y00001f9OTY,Data Cloud,2024-05-01,2024-05-01,0013y00001f9OTYQA2
1,1:M Content,0013y00001dVv4G,Data Cloud,2025-06-01,2025-06-01,0013y00001dVv4GQAS
1,1:M Content,0013000000ZjhfT,Data Cloud,2025-11-01,2025-11-01,0013000000ZjhfTAAR
1,1:M Content,00130000005XZL6,Data Cloud,2025-12-01,2025-12-01,00130000005XZL6AAO
3,1:M Content,00130000001S780,Data Cloud,2025-12-01,2025-12-01,00130000001S780AAC
4,1:M Content,0013000000ImJcj,Data Cloud,2025-10-01,2025-10-01,0013000000ImJcjAAF
2,1:M Content,00130000002x8ad,Data Cloud,2025-08-01,2025-08-01,00130000002x8adAAA
2,1:M Content,0010M00001WZH2r,Data Cloud,2025-11-01,2025-11-01,0010M00001WZH2rQAH
1,Success Architects,00130000016ik2c,Data Cloud,2025-03-01,2025-03-01,00130000016ik2cAAA
1,Success Architects,0013000000ZmAel,Data Cloud,2025-06-01,2025-05-01,0013000000ZmAelAAF
1,Success Architects,00130000002x9J7,Data Cloud,2024-10-01,2024-10-01,00130000002x9J7AAI
1,Success Guides,0010M00001XxtZR,Data Cloud,2025-10-01,2025-10-01,0010M00001XxtZRQAZ
1,Success Architects,0013y00001dOLbj,Data Cloud,2024-07-01,2024-06-01,0013y00001dOLbjQAG
1,Onboarding Specialists,0013000000RafK7,Data Cloud,2025-05-01,2024-12-01,0013000000RafK7AAJ
1,Success Architects,00100000001t2qk,Data Cloud,2025-08-01,2025-06-01,00100000001t2qkAAA
1,Success Guides,0013000001MnrE4,Data Cloud,2025-10-01,2025-10-01,0013000001MnrE4AAJ
1,Success Guides,0013y00001h555O,Data Cloud,2025-11-01,2025-09-01,0013y00001h555OQAQ
1,Success Guides,0010M00001Sel1z,Data Cloud,2025-11-01,2025-11-01,0010M00001Sel1zQAB
1,Success Guides,0010M00001Qahqo,Data Cloud,2025-04-01,2025-04-01,0010M00001QahqoQAB
1,Success Guides,0013000000ZiYzB,Data Cloud,2025-10-01,2025-09-01,0013000000ZiYzBAAV
1,Success Guides,00130000003taPM,Data Cloud,2023-02-01,2023-01-01,00130000003taPMAAY
2,Success Guides,0013000000hLjpo,Data Cloud,2025-05-01,2025-05-01,0013000000hLjpoAAC
1,Success Guides,0013y00001cgUnX,Data Cloud,2025-11-01,2025-10-01,0013y00001cgUnXQAU
1,Success Architects,00130000002xANG,Data Cloud,2024-04-01,2024-03-01,00130000002xANGAA2
1,Success Guides,0013000001Gh4Xf,Data Cloud,2025-11-01,2025-10-01,0013000001Gh4XfAAJ
1,Success Guides,0013000000Gqno4,Data Cloud,2024-12-01,2024-11-01,0013000000Gqno4AAB
1,Success Guides,0013000001FjxOp,Data Cloud,2024-11-01,2024-10-01,0013000001FjxOpAAJ
1,Success Guides,0013000000Gu2pn,Data Cloud,2025-03-01,2025-03-01,0013000000Gu2pnAAB
1,Success Architects,0013y00001h7wYF,Data Cloud,2025-09-01,2025-07-01,0013y00001h7wYFQAY
1,Success Architects,00130000016jWa9,Data Cloud,2025-05-01,2025-05-01,00130000016jWa9AAE
1,Success Guides,0013000000Em4KY,Data Cloud,2025-10-01,2025-10-01,0013000000Em4KYAAZ
1,Onboarding Specialists,0013000001HeGWN,Data Cloud,2025-10-01,2025-07-01,0013000001HeGWNAA3
1,Success Guides,0013y00001Z0g3H,Data Cloud,2025-06-01,2025-05-01,0013y00001Z0g3HQAR
1,Success Guides,0010M00001NYl5o,Data Cloud,2025-12-01,2025-11-01,0010M00001NYl5oQAD
1,Success Guides,0010M00001Qlm0n,Data Cloud,2025-06-01,2025-05-01,0010M00001Qlm0nQAB
1,Success Guides,0013000000M2nnR,Data Cloud,2024-10-01,2024-10-01,0013000000M2nnRAAR
1,Success Guides,00130000008cidG,Data Cloud,2025-08-01,2025-07-01,00130000008cidGAAQ
2,Success Guides,0013000000CuW0r,Data Cloud,2025-11-01,2025-11-01,0013000000CuW0rAAF
1,1:M Content,0013y00001hD7DU,Data Cloud,2024-05-01,2024-05-01,0013y00001hD7DUQA0
1,1:M Content,0013y00001cyfB7,Data Cloud,2024-05-01,2024-05-01,0013y00001cyfB7QAI
1,1:M Content,00130000016ggXE,Data Cloud,2025-07-01,2025-07-01,00130000016ggXEAAY
1,1:M Content,0013y00001g9GxK,Data Cloud,2024-05-01,2024-05-01,0013y00001g9GxKQAU
1,1:M Content,001ed00000aKAo5,Data Cloud,2025-07-01,2025-07-01,001ed00000aKAo5YAG
1,1:M Content,00130000000WcYx,Data Cloud,2025-10-01,2025-10-01,00130000000WcYxAAK
1,1:M Content,00130000016hOHc,Data Cloud,2025-01-01,2025-01-01,00130000016hOHcAAM
1,1:M Content,0013000000M1Z5H,Data Cloud,2024-02-01,2024-02-01,0013000000M1Z5HAAV
1,1:M Content,0013000000GtvNh,Data Cloud,2024-12-01,2024-12-01,0013000000GtvNhAAJ
1,1:M Content,0013000000HF54f,Data Cloud,2025-07-01,2025-07-01,0013000000HF54fAAD
1,1:M Content,001ed000005wWj2,Data Cloud,2024-12-01,2024-12-01,001ed000005wWj2YAE
1,1:M Content,00130000002X8u9,Data Cloud,2024-08-01,2024-08-01,00130000002X8u9AAC
1,1:M Content,0013000001CBjx4,Data Cloud,2024-06-01,2024-06-01,0013000001CBjx4AAD
1,1:M Content,00100000001L6ti,Data Cloud,2024-05-01,2024-05-01,00100000001L6tiAAC
1,1:M Content,0013000000LBr30,Data Cloud,2025-01-01,2025-01-01,0013000000LBr30AAD
1,1:M Content,0013y00001Z0i8E,Data Cloud,2024-12-01,2024-12-01,0013y00001Z0i8EQAR
1,1:M Content,00130000004EBQ0,Data Cloud,2025-05-01,2025-05-01,00130000004EBQ0AAO
1,1:M Content,0013y00001crf0n,Data Cloud,2025-09-01,2025-09-01,0013y00001crf0nQAA
1,1:M Content,0013000001GXjnj,Data Cloud,2025-05-01,2025-05-01,0013000001GXjnjAAD
1,1:M Content,0013y00001Xz6li,Data Cloud,2025-07-01,2025-07-01,0013y00001Xz6liQAB
1,1:M Content,0013000001MrWzb,Data Cloud,2025-08-01,2025-08-01,0013000001MrWzbAAF
1,1:M Content,0013000000INKJe,Data Cloud,2024-04-01,2024-04-01,0013000000INKJeAAP
1,1:M Content,0013y00001fholG,Data Cloud,2025-05-01,2025-05-01,0013y00001fholGQAQ
1,1:M Content,0013000000Zju41,Data Cloud,2025-05-01,2025-05-01,0013000000Zju41AAB
1,1:M Content,0013y00001cU2S1,Data Cloud,2025-03-01,2025-03-01,0013y00001cU2S1QAK
1,1:M Content,0010M00001ULt6h,Data Cloud,2025-07-01,2025-07-01,0010M00001ULt6hQAD
1,1:M Content,00130000002xTI6,Data Cloud,2025-02-01,2025-02-01,00130000002xTI6AAM
1,1:M Content,0010M00001UUyu9,Data Cloud,2025-07-01,2025-07-01,0010M00001UUyu9QAD
1,1:M Content,00130000016h9rm,Data Cloud,2024-05-01,2024-05-01,00130000016h9rmAAA
1,1:M Content,0010M00001WZdSI,Data Cloud,2025-11-01,2025-11-01,0010M00001WZdSIQA1
1,1:M Content,00130000000FDMi,Data Cloud,2025-08-01,2025-08-01,00130000000FDMiAAO
1,1:M Content,0013000000JwxIp,Data Cloud,2025-11-01,2025-11-01,0013000000JwxIpAAJ
1,1:M Content,0013000001CA73J,Data Cloud,2024-12-01,2024-12-01,0013000001CA73JAAT
1,1:M Content,0013y00001Y0Mr2,Data Cloud,2024-05-01,2024-05-01,0013y00001Y0Mr2QAF
1,1:M Content,0013y00001c8Lgn,Data Cloud,2024-12-01,2024-12-01,0013y00001c8LgnQAE
1,1:M Content,0010M00001ULiD0,Data Cloud,2025-02-01,2025-02-01,0010M00001ULiD0QAL
1,1:M Content,0010M00001Ytw2k,Data Cloud,2025-12-01,2025-12-01,0010M00001Ytw2kQAB
1,1:M Content,0013000001Msju5,Data Cloud,2025-10-01,2025-10-01,0013000001Msju5AAB
1,1:M Content,0013y00001h6cJs,Data Cloud,2025-02-01,2025-02-01,0013y00001h6cJsQAI
1,1:M Content,0013y00001cQ8wK,Data Cloud,2024-08-01,2024-08-01,0013y00001cQ8wKQAS
1,1:M Content,0013y00001crf0n,Data Cloud,2025-08-01,2025-08-01,0013y00001crf0nQAA
1,1:M Content,00130000000NazM,Data Cloud,2024-11-01,2024-11-01,00130000000NazMAAS
1,1:M Content,0013y00001fXmPv,Data Cloud,2024-10-01,2024-10-01,0013y00001fXmPvQAK
1,1:M Content,0010M00001c4SZ0,Data Cloud,2025-10-01,2025-10-01,0010M00001c4SZ0QAM
1,1:M Content,0013000001Jy00g,Data Cloud,2025-10-01,2025-10-01,0013000001Jy00gAAB
4,1:M Content,0013000000AXupC,Data Cloud,2025-11-01,2025-11-01,0013000000AXupCAAT
2,1:M Content,0013000000Raquy,Data Cloud,2024-10-01,2024-10-01,0013000000RaquyAAB
1,Success Guides,0010M00001WZ1Ml,Data Cloud,2025-06-01,2025-06-01,0010M00001WZ1MlQAL
1,Success Architects,0013y00001cUVR0,Data Cloud,2025-03-01,2025-02-01,0013y00001cUVR0QAO
1,Success Guides,0010M00001Qkb4g,Data Cloud,2025-03-01,2025-02-01,0010M00001Qkb4gQAB
1,Success Guides,0010M00001QmFmc,Data Cloud,2024-10-01,2024-09-01,0010M00001QmFmcQAF
1,Success Architects,0013y00001dKgj3,Data Cloud,2024-03-01,2024-03-01,0013y00001dKgj3QAC
1,Onboarding Specialists,0010M00001WkmIM,Data Cloud,2025-11-01,2025-11-01,0010M00001WkmIMQAZ
1,Onboarding Specialists,0013y00001epI95,Data Cloud,2025-11-01,2025-07-01,0013y00001epI95QAE
1,Success Guides,0013y00001ceAVR,Data Cloud,2025-12-01,2025-12-01,0013y00001ceAVRQA2
1,Onboarding Specialists,0010M00001WZmx6,Data Cloud,2025-12-01,2025-11-01,0010M00001WZmx6QAD
1,Onboarding Specialists,0010M00001PDwkY,Data Cloud,2025-11-01,2025-10-01,0010M00001PDwkYQAT
1,Success Guides,00130000002eHBY,Data Cloud,2024-05-01,2024-04-01,00130000002eHBYAA2
1,Success Guides,00130000003O4es,Data Cloud,2024-10-01,2024-10-01,00130000003O4esAAC
1,Success Guides,0010M00001SISct,Data Cloud,2025-09-01,2025-08-01,0010M00001SISctQAH
1,Success Architects,0013000000M2sOc,Data Cloud,2025-01-01,2025-01-01,0013000000M2sOcAAJ
1,Success Guides,0013000000FK8hq,Data Cloud,2025-10-01,2025-09-01,0013000000FK8hqAAD
1,Success Guides,0013y00001cyfug,Data Cloud,2025-04-01,2025-03-01,0013y00001cyfugQAA
1,Success Guides,0013000001GWQlT,Data Cloud,2025-11-01,2025-11-01,0013000001GWQlTAAX
1,Success Guides,00100000001L6sq,Data Cloud,2025-04-01,2025-04-01,00100000001L6sqAAC
1,Onboarding Specialists,0010M00001WZn0w,Data Cloud,2024-05-01,2024-05-01,0010M00001WZn0wQAD
1,Onboarding Specialists,0010M00001WaN6t,Data Cloud,2025-06-01,2025-05-01,0010M00001WaN6tQAF
1,Success Guides,0010M00001QkS9S,Data Cloud,2024-08-01,2024-06-01,0010M00001QkS9SQAV
1,Success Guides,0010M00001WOTZS,Data Cloud,2023-05-01,2023-04-01,0010M00001WOTZSQA5
1,Success Guides,00130000004J9cx,Data Cloud,2024-12-01,2024-12-01,00130000004J9cxAAC
1,Onboarding Specialists,0010M00001QnjQW,Data Cloud,2025-12-01,2025-11-01,0010M00001QnjQWQAZ
1,Success Guides,0013y00001embZ1,Data Cloud,2025-04-01,2025-04-01,0013y00001embZ1QAI
1,Success Guides,0013000000Zjm0A,Data Cloud,2025-09-01,2025-08-01,0013000000Zjm0AAAR
1,Success Guides,0013000001NXjsO,Data Cloud,2024-07-01,2024-04-01,0013000001NXjsOAAT
1,Success Guides,0013y00001f60wD,Data Cloud,2025-11-01,2025-10-01,0013y00001f60wDQAQ
1,Success Guides,0013000000KxKkE,Data Cloud,2025-12-01,2025-11-01,0013000000KxKkEAAV
1,Success Guides,0013y00001fTCQq,Data Cloud,2025-05-01,2025-05-01,0013y00001fTCQqQAO
1,Success Architects,0010M00001QlgOJ,Data Cloud,2025-08-01,2025-07-01,0010M00001QlgOJQAZ
1,Success Architects,0010M00001W8OU0,Data Cloud,2025-06-01,2025-04-01,0010M00001W8OU0QAN
1,Onboarding Specialists,0013y00001dy2SG,Data Cloud,2025-06-01,2025-05-01,0013y00001dy2SGQAY
1,Success Guides,00130000002xXzR,Data Cloud,2025-01-01,2025-01-01,00130000002xXzRAAU
1,Success Architects,0010M00001Y5R0d,Data Cloud,2025-04-01,2025-02-01,0010M00001Y5R0dQAF
1,Success Guides,0013000001GYSoF,Data Cloud,2025-09-01,2025-09-01,0013000001GYSoFAAX
1,Success Guides,0013000001GVn45,Data Cloud,2024-03-01,2024-02-01,0013000001GVn45AAD
1,Success Guides,0013000000rmrfJ,Data Cloud,2024-06-01,2024-05-01,0013000000rmrfJAAQ
1,Onboarding Specialists,00130000005Cza1,Data Cloud,2023-03-01,2023-02-01,00130000005Cza1AAC
1,Success Guides,0013y00001d0dOE,Data Cloud,2025-11-01,2025-10-01,0013y00001d0dOEQAY
1,Onboarding Specialists,0013000000Cto1Q,Data Cloud,2025-11-01,2025-10-01,0013000000Cto1QAAR
1,Success Guides,00130000006c9Nb,Data Cloud,2025-11-01,2025-11-01,00130000006c9NbAAI
1,Success Guides,0013000000GqiHG,Data Cloud,2025-12-01,2025-12-01,0013000000GqiHGAAZ
1,Success Guides,001ed00000i2byQ,Data Cloud,2025-12-01,2025-12-01,001ed00000i2byQYAQ
1,Success Guides,0013000001C9xLc,Data Cloud,2025-10-01,2025-09-01,0013000001C9xLcAAJ
1,Success Guides,0013y00001cZtbN,Data Cloud,2024-09-01,2024-08-01,0013y00001cZtbNQAS
1,Success Guides,00130000001S780,Data Cloud,2025-03-01,2025-03-01,00130000001S780AAC
1,Onboarding Specialists,0013y00001d7ydX,Data Cloud,2025-11-01,2025-08-01,0013y00001d7ydXQAQ
1,Success Guides,0013000000rp7qL,Data Cloud,2025-10-01,2025-10-01,0013000000rp7qLAAQ
1,Success Guides,0010M00001XxgYE,Data Cloud,2025-05-01,2025-04-01,0010M00001XxgYEQAZ
2,Success Guides,0013000001M1hVL,Data Cloud,2025-01-01,2025-01-01,0013000001M1hVLAAZ
12,Success Architects,,Data Cloud,2025-11-01,2025-11-01
3,Success Guides,00130000009wxKR,Data Cloud,2025-03-01,2025-03-01,00130000009wxKRAAY
2,Success Guides,0013000000hJd32,Data Cloud,2025-05-01,2025-04-01,0013000000hJd32AAC
4,Success Guides,00130000000DrPN,Data Cloud,2025-11-01,2025-10-01,00130000000DrPNAA0
1,1:M Content,001ed00000JN8DG,Data Cloud,2025-10-01,2025-10-01,001ed00000JN8DGYA1
1,1:M Content,00100000001CwNP,Data Cloud,2024-03-01,2024-03-01,00100000001CwNPAA0
1,1:M Content,00100000000nPvI,Data Cloud,2025-10-01,2025-10-01,00100000000nPvIAAU
1,1:M Content,0013000001CA73J,Data Cloud,2024-10-01,2024-10-01,0013000001CA73JAAT
1,1:M Content,00130000016jWa9,Data Cloud,2025-02-01,2025-02-01,00130000016jWa9AAE
1,1:M Content,00130000002xRiA,Data Cloud,2025-11-01,2025-11-01,00130000002xRiAAAU
1,1:M Content,001ed000000s1gg,Data Cloud,2025-01-01,2025-01-01,001ed000000s1ggYAA
1,1:M Content,001ed00000Inz1a,Data Cloud,2025-10-01,2025-10-01,001ed00000Inz1aYAB
1,1:M Content,0013y00001cosCL,Data Cloud,2024-05-01,2024-05-01,0013y00001cosCLQAY
1,1:M Content,001ed00000OCZaW,Data Cloud,2025-10-01,2025-10-01,001ed00000OCZaWYAX
1,1:M Content,00100000001Feos,Data Cloud,2024-10-01,2024-10-01,00100000001FeosAAC
1,1:M Content,001ed000002xJ2H,Data Cloud,2024-10-01,2024-10-01,001ed000002xJ2HYAU
1,1:M Content,0013y00001dNA72,Data Cloud,2024-05-01,2024-05-01,0013y00001dNA72QAG
1,1:M Content,0013000000hKo8S,Data Cloud,2025-10-01,2025-10-01,0013000000hKo8SAAS
1,1:M Content,0013y00001g8JDU,Data Cloud,2024-06-01,2024-06-01,0013y00001g8JDUQA2
1,1:M Content,0013000001FoTs2,Data Cloud,2025-12-01,2025-12-01,0013000001FoTs2AAF
1,1:M Content,0013000000hK7u2,Data Cloud,2025-12-01,2025-12-01,0013000000hK7u2AAC
1,1:M Content,00130000004bZDk,Data Cloud,2024-11-01,2024-11-01,00130000004bZDkAAM
1,1:M Content,0013y00001fWbpq,Data Cloud,2024-08-01,2024-08-01,0013y00001fWbpqQAC
1,1:M Content,00130000002xGL6,Data Cloud,2025-01-01,2025-01-01,00130000002xGL6AAM
1,1:M Content,0013000001LXK7l,Data Cloud,2025-08-01,2025-08-01,0013000001LXK7lAAH
1,1:M Content,0013y00001cyfug,Data Cloud,2025-07-01,2025-07-01,0013y00001cyfugQAA
1,1:M Content,0010000000000X1,Data Cloud,2025-08-01,2025-08-01,0010000000000X1AAI
1,1:M Content,00130000016gLLr,Data Cloud,2025-10-01,2025-10-01,00130000016gLLrAAM
1,1:M Content,0013000000JbNoe,Data Cloud,2025-11-01,2025-11-01,0013000000JbNoeAAF
1,1:M Content,00100000001oWgP,Data Cloud,2025-04-01,2025-03-01,00100000001oWgPAAU
1,1:M Content,0010M00001WYv33,Data Cloud,2024-10-01,2024-10-01,0010M00001WYv33QAD
1,1:M Content,0013y00001gFFmF,Data Cloud,2024-08-01,2024-08-01,0013y00001gFFmFQAW
1,1:M Content,0013y00001cakVf,Data Cloud,2025-11-01,2025-11-01,0013y00001cakVfQAI
7,1:M Content,0010M00001XyAva,Data Cloud,2025-10-01,2025-10-01,0010M00001XyAvaQAF
2,1:M Content,0013000000ZlijD,Data Cloud,2025-12-01,2025-12-01,0013000000ZlijDAAR
3,1:M Content,0013000000M2UOx,Data Cloud,2025-10-01,2025-10-01,0013000000M2UOxAAN
2,1:M Content,0010M00001UMe5a,Data Cloud,2025-04-01,2025-04-01,0010M00001UMe5aQAD
2,1:M Content,0013000000Gtusc,Data Cloud,2025-12-01,2025-12-01,0013000000GtuscAAB
1,Onboarding Specialists,0010M00001QmsnA,Data Cloud,2025-09-01,2025-08-01,0010M00001QmsnAQAR
1,Success Guides,0013000000ZlQpD,Data Cloud,2025-12-01,2025-11-01,0013000000ZlQpDAAV
1,Success Guides,0013000001Hf23d,Data Cloud,2025-07-01,2025-06-01,0013000001Hf23dAAB
1,Success Architects,0010M00001QoNjH,Data Cloud,2024-05-01,2024-03-01,0010M00001QoNjHQAV
1,Success Architects,0010M00001Qk8Q8,Data Cloud,2025-06-01,2025-05-01,0010M00001Qk8Q8QAJ
1,Success Guides,0010M00001WYOyY,Data Cloud,2025-11-01,2025-11-01,0010M00001WYOyYQAX
1,Success Guides,0013000000ZkGQH,Data Cloud,2023-06-01,2023-04-01,0013000000ZkGQHAA3
1,Success Guides,0013000000rotO4,Data Cloud,2024-10-01,2024-09-01,0013000000rotO4AAI
1,Success Guides,0013000000Zkjxe,Data Cloud,2024-08-01,2024-08-01,0013000000ZkjxeAAB
1,Success Guides,0013000000Zjm0A,Data Cloud,2025-10-01,2025-08-01,0013000000Zjm0AAAR
1,Success Architects,0013y00001cQ2aP,Data Cloud,2024-12-01,2024-11-01,0013y00001cQ2aPQAS
1,Success Guides,0013000001J7xg9,Data Cloud,2025-08-01,2025-08-01,0013000001J7xg9AAB
1,Success Architects,0013y00001dOLbj,Data Cloud,2024-06-01,2024-04-01,0013y00001dOLbjQAG
1,Success Architects,0010M00001WHkUp,Data Cloud,2025-05-01,2025-04-01,0010M00001WHkUpQAL
1,Success Architects,0013y00001ch1xC,Data Cloud,2025-04-01,2025-02-01,0013y00001ch1xCQAQ
1,Success Guides,0013000000RYnyK,Data Cloud,2024-10-01,2024-10-01,0013000000RYnyKAAT
1,Success Guides,001000000017PhD,Data Cloud,2025-11-01,2025-11-01,001000000017PhDAAU
1,Success Guides,0013y00001be3IY,Data Cloud,2024-04-01,2024-03-01,0013y00001be3IYQAY
1,Success Guides,0013000001Msju5,Data Cloud,2024-06-01,2024-06-01,0013000001Msju5AAB
1,Success Guides,0013000000rnZIR,Data Cloud,2025-12-01,2025-11-01,0013000000rnZIRAA2
1,Success Guides,0013000000CGwgV,Data Cloud,2025-06-01,2025-06-01,0013000000CGwgVAAT
1,Success Architects,0010M00001WJEh4,Data Cloud,2024-10-01,2024-07-01,0010M00001WJEh4QAH
1,Onboarding Specialists,0013000000roibf,Data Cloud,2024-03-01,2024-02-01,0013000000roibfAAA
1,Success Guides,001ed00000F9BEx,Data Cloud,2025-07-01,2025-07-01,001ed00000F9BExYAN
1,Success Guides,00100000001U17r,Data Cloud,2025-03-01,2025-03-01,00100000001U17rAAC
1,Success Guides,0010M00001Ytrnf,Data Cloud,2024-09-01,2024-09-01,0010M00001YtrnfQAB
1,Success Guides,0013y00001eEmAP,Data Cloud,2024-11-01,2024-10-01,0013y00001eEmAPQA0
1,Success Architects,0013000000ZmAel,Data Cloud,2025-07-01,2025-07-01,0013000000ZmAelAAF
1,Success Guides,0013y00001coljP,Data Cloud,2024-03-01,2024-02-01,0013y00001coljPQAQ
1,Success Guides,0010000000164Oi,Data Cloud,2024-07-01,2024-07-01,0010000000164OiAAI
1,Onboarding Specialists,0013y00001gMNZ5,Data Cloud,2025-10-01,2025-09-01,0013y00001gMNZ5QAO
1,Success Guides,0013000001MjAkZ,Data Cloud,2024-03-01,2024-03-01,0013000001MjAkZAAV
1,Success Guides,00130000002xGKt,Data Cloud,2025-11-01,2025-10-01,00130000002xGKtAAM
1,Success Guides,001ed00000cOC6z,Data Cloud,2025-11-01,2025-10-01,001ed00000cOC6zYAG
1,Onboarding Specialists,0013000000rokcm,Data Cloud,2025-07-01,2025-04-01,0013000000rokcmAAA
1,Success Guides,0013000000roCWg,Data Cloud,2024-01-01,2023-12-01,0013000000roCWgAAM
1,Onboarding Specialists,00130000005dLuM,Data Cloud,2025-11-01,2025-11-01,00130000005dLuMAAU
1,Success Guides,0013000000ro0XQ,Data Cloud,2024-11-01,2024-10-01,0013000000ro0XQAAY
1,Success Guides,0010M00001NYv8G,Data Cloud,2024-06-01,2024-06-01,0010M00001NYv8GQAT
1,Success Guides,0013000001J7YNW,Data Cloud,2024-09-01,2024-08-01,0013000001J7YNWAA3
1,Onboarding Specialists,0013000001CD0Vk,Data Cloud,2025-02-01,2025-01-01,0013000001CD0VkAAL
1,Success Guides,0013000001L5vll,Data Cloud,2024-11-01,2024-08-01,0013000001L5vllAAB
1,Onboarding Specialists,00130000002xV8Q,Data Cloud,2025-09-01,2025-08-01,00130000002xV8QAAU
1,Success Guides,00100000001rsa6,Data Cloud,2025-12-01,2025-12-01,00100000001rsa6AAA
1,Success Guides,0013000000hLyBX,Data Cloud,2024-03-01,2024-02-01,0013000000hLyBXAA0
1,Success Architects,0013000000ALdWo,Data Cloud,2024-08-01,2024-07-01,0013000000ALdWoAAL
1,Success Guides,0013000000ZjtPN,Data Cloud,2024-06-01,2024-04-01,0013000000ZjtPNAAZ
1,Success Guides,00100000001CwNp,Data Cloud,2025-05-01,2025-04-01,00100000001CwNpAAK
1,Success Guides,0013000000ZkPdh,Data Cloud,2025-08-01,2025-07-01,0013000000ZkPdhAAF
1,Success Guides,00130000002xHpj,Data Cloud,2025-09-01,2025-08-01,00130000002xHpjAAE
2,Success Guides,0013y00001cw0P8,Data Cloud,2025-03-01,2025-03-01,0013y00001cw0P8QAI
1,1:M Content,00100000001rsZy,Data Cloud,2025-07-01,2025-06-01,00100000001rsZyAAI
1,1:M Content,0013000000hJ6zv,Data Cloud,2025-04-01,2025-04-01,0013000000hJ6zvAAC
1,1:M Content,00100000001hgGw,Data Cloud,2025-11-01,2025-11-01,00100000001hgGwAAI
1,1:M Content,0013000001MsE3c,Data Cloud,2024-10-01,2024-10-01,0013000001MsE3cAAF
1,1:M Content,00100000001Jwyt,Data Cloud,2025-05-01,2025-05-01,00100000001JwytAAC
1,1:M Content,0013000000Em7uX,Data Cloud,2025-05-01,2025-05-01,0013000000Em7uXAAR
1,1:M Content,00100000000BVYy,Data Cloud,2025-08-01,2025-08-01,00100000000BVYyAAO
1,1:M Content,0013000000FLKiB,Data Cloud,2024-07-01,2024-07-01,0013000000FLKiBAAX
1,1:M Content,0010M00001SIqPQ,Data Cloud,2024-12-01,2024-12-01,0010M00001SIqPQQA1
1,1:M Content,00130000016gnKN,Data Cloud,2025-02-01,2025-02-01,00130000016gnKNAAY
1,1:M Content,0013y00001c6Frr,Data Cloud,2025-10-01,2025-10-01,0013y00001c6FrrQAE
1,1:M Content,0013y00001cCgI4,Data Cloud,2025-06-01,2025-06-01,0013y00001cCgI4QAK
1,1:M Content,0013y00001chGv6,Data Cloud,2025-03-01,2025-03-01,0013y00001chGv6QAE
1,1:M Content,001ed00000Bt86f,Data Cloud,2024-12-01,2024-12-01,001ed00000Bt86fYAB
1,1:M Content,0013000000GIhuv,Data Cloud,2025-05-01,2025-05-01,0013000000GIhuvAAD
1,1:M Content,0013000000hL7DW,Data Cloud,2025-10-01,2025-10-01,0013000000hL7DWAA0
1,1:M Content,0010M00001V6WN3,Data Cloud,2025-12-01,2025-12-01,0010M00001V6WN3QAN
1,1:M Content,0010M00001Z0KXc,Data Cloud,2024-10-01,2024-10-01,0010M00001Z0KXcQAN
1,1:M Content,0013000000hM2tA,Data Cloud,2025-06-01,2025-06-01,0013000000hM2tAAAS
1,1:M Content,00100000001hgGw,Data Cloud,2025-07-01,2025-07-01,00100000001hgGwAAI
1,1:M Content,001ed00000VoEAn,Data Cloud,2025-07-01,2025-07-01,001ed00000VoEAnYAN
1,1:M Content,0013y00001g9Tft,Data Cloud,2024-06-01,2024-06-01,0013y00001g9TftQAE
1,1:M Content,001ed00000Bab9B,Data Cloud,2024-12-01,2024-12-01,001ed00000Bab9BYAR
1,1:M Content,0010M00001P0F0f,Data Cloud,2024-03-01,2024-03-01,0010M00001P0F0fQAF
1,1:M Content,001ed00000YPlZg,Data Cloud,2025-07-01,2025-07-01,001ed00000YPlZgYAL
1,1:M Content,0013000001CBpyb,Data Cloud,2024-09-01,2024-09-01,0013000001CBpybAAD
1,1:M Content,00130000004GZ3A,Data Cloud,2024-03-01,2024-03-01,00130000004GZ3AAAW
1,1:M Content,0013000000hJmot,Data Cloud,2024-08-01,2024-08-01,0013000000hJmotAAC
1,1:M Content,001ed00000brqkj,Data Cloud,2025-05-01,2025-05-01,001ed00000brqkjYAA
1,1:M Content,0010M00001QoJBG,Data Cloud,2025-06-01,2025-06-01,0010M00001QoJBGQA3
1,1:M Content,001ed00000MV5A6,Data Cloud,2025-08-01,2025-08-01,001ed00000MV5A6YAL
1,1:M Content,0013000001Msu8s,Data Cloud,2025-12-01,2025-12-01,0013000001Msu8sAAB
1,1:M Content,0013y00001cg3Ry,Data Cloud,2024-08-01,2024-08-01,0013y00001cg3RyQAI
1,1:M Content,0013y00001bfAwW,Data Cloud,2024-11-01,2024-11-01,0013y00001bfAwWQAU
1,1:M Content,0013000001CDqPL,Data Cloud,2025-12-01,2025-12-01,0013000001CDqPLAA1
1,1:M Content,0013y00001g9m9A,Data Cloud,2024-07-01,2024-07-01,0013y00001g9m9AQAQ
1,1:M Content,0013y00001ewKKO,Data Cloud,2025-12-01,2025-12-01,0013y00001ewKKOQA2
1,1:M Content,00130000003Fv9B,Data Cloud,2024-08-01,2024-08-01,00130000003Fv9BAAS
1,1:M Content,0013000000M2O3N,Data Cloud,2025-08-01,2025-08-01,0013000000M2O3NAAV
1,1:M Content,0013y00001eEjIk,Data Cloud,2025-08-01,2025-08-01,0013y00001eEjIkQAK
1,1:M Content,00130000016ixZ4,Data Cloud,2024-08-01,2024-07-01,00130000016ixZ4AAI
2,1:M Content,0013000001MrUPT,Data Cloud,2025-01-01,2025-01-01,0013000001MrUPTAA3
2,1:M Content,0013y00001c837o,Data Cloud,2025-04-01,2025-03-01,0013y00001c837oQAA
2,1:M Content,0010M00001PEnm0,Data Cloud,2025-11-01,2025-11-01,0010M00001PEnm0QAD
2,1:M Content,00130000009zecv,Data Cloud,2024-11-01,2024-11-01,00130000009zecvAAA
2,1:M Content,0010M00001QmnNx,Data Cloud,2025-04-01,2025-04-01,0010M00001QmnNxQAJ
2,1:M Content,0013000000NPjic,Data Cloud,2024-05-01,2024-05-01,0013000000NPjicAAD
1,Onboarding Specialists,0013000001GV4AK,Data Cloud,2025-12-01,2025-12-01,0013000001GV4AKAA1
1,Success Architects,00100000001hgYG,Data Cloud,2025-07-01,2025-06-01,00100000001hgYGAAY
1,Success Architects,0013000000M2sOc,Data Cloud,2024-06-01,2024-05-01,0013000000M2sOcAAJ
1,Success Guides,001000000027LnG,Data Cloud,2025-04-01,2025-03-01,001000000027LnGAAU
1,Onboarding Specialists,0013y00001gDHyR,Data Cloud,2025-04-01,2025-03-01,0013y00001gDHyRQAW
1,Success Guides,0013y00001eTzFo,Data Cloud,2025-06-01,2025-05-01,0013y00001eTzFoQAK
1,Success Architects,0010M00001Qme2r,Data Cloud,2024-03-01,2024-02-01,0010M00001Qme2rQAB
1,Success Architects,0013y00001cQ2aP,Data Cloud,2024-06-01,2024-04-01,0013y00001cQ2aPQAS
1,Success Architects,0013000000hJJ4F,Data Cloud,2025-06-01,2025-05-01,0013000000hJJ4FAAW
1,Success Guides,00130000002xXzR,Data Cloud,2024-06-01,2024-06-01,00130000002xXzRAAU
1,Onboarding Specialists,0013000001GWY0D,Data Cloud,2024-12-01,2024-11-01,0013000001GWY0DAAX
1,Success Guides,00130000002x8Xw,Data Cloud,2024-11-01,2024-10-01,00130000002x8XwAAI
1,Success Guides,0010M00001JzZkp,Data Cloud,2025-07-01,2025-06-01,0010M00001JzZkpQAF
1,Success Guides,0010M00001SIKLL,Data Cloud,2025-08-01,2024-09-01,0010M00001SIKLLQA5
1,Onboarding Specialists,0010M00001WA7Lz,Data Cloud,2024-03-01,2024-03-01,0010M00001WA7LzQAL
1,Success Architects,0010M00001QnS1D,Data Cloud,2025-08-01,2025-07-01,0010M00001QnS1DQAV
1,Success Guides,0010M00001UVaOO,Data Cloud,2024-11-01,2024-10-01,0010M00001UVaOOQA1
1,Success Guides,00130000000UgQN,Data Cloud,2024-07-01,2024-06-01,00130000000UgQNAA0
1,Onboarding Specialists,0013y00001cTGTz,Data Cloud,2024-09-01,2024-08-01,0013y00001cTGTzQAO
1,Success Architects,0013000001LWmZy,Data Cloud,2025-01-01,2025-01-01,0013000001LWmZyAAL
1,Success Guides,0010M00001WYuvn,Data Cloud,2025-07-01,2025-07-01,0010M00001WYuvnQAD
1,Success Architects,0013y00001csA7d,Data Cloud,2025-08-01,2025-06-01,0013y00001csA7dQAE
1,Success Guides,0010M00001P02Cz,Data Cloud,2024-11-01,2024-10-01,0010M00001P02CzQAJ
1,Onboarding Specialists,0013000000RaNoi,Data Cloud,2025-12-01,2025-12-01,0013000000RaNoiAAF
1,Onboarding Specialists,0010M00001Xxib4,Data Cloud,2025-05-01,2025-03-01,0010M00001Xxib4QAB
1,Success Architects,0010M00001QkRz3,Data Cloud,2024-03-01,2024-02-01,0010M00001QkRz3QAF
1,Success Guides,0013000000Fg2DB,Data Cloud,2024-06-01,2024-05-01,0013000000Fg2DBAAZ
1,Onboarding Specialists,0013000000RafK7,Data Cloud,2024-12-01,2024-11-01,0013000000RafK7AAJ
1,Success Guides,0013000000K7YQ6,Data Cloud,2025-09-01,2025-08-01,0013000000K7YQ6AAN
1,Success Guides,0013y00001be0Da,Data Cloud,2025-08-01,2025-07-01,0013y00001be0DaQAI
1,Success Guides,0010M00001SICQG,Data Cloud,2025-12-01,2025-12-01,0010M00001SICQGQA5
1,Success Architects,0013y00001crS1L,Data Cloud,2025-04-01,2025-02-01,0013y00001crS1LQAU
1,Success Guides,00100000001dhxY,Data Cloud,2024-08-01,2024-07-01,00100000001dhxYAAQ
1,Onboarding Specialists,00130000016iGeB,Data Cloud,2023-10-01,2023-09-01,00130000016iGeBAAU
1,Success Architects,0013000001L6MQc,Data Cloud,2025-04-01,2025-02-01,0013000001L6MQcAAN
1,Onboarding Specialists,0013000001CBTQG,Data Cloud,2025-11-01,2025-10-01,0013000001CBTQGAA5
1,Success Architects,0013y00001d0irs,Data Cloud,2024-09-01,2024-08-01,0013y00001d0irsQAA
2,Success Guides,0013000000FJDXX,Data Cloud,2024-06-01,2024-06-01,0013000000FJDXXAA5
2,Success Guides,00100000001ih1e,Data Cloud,2023-11-01,2023-09-01,00100000001ih1eAAA
2,Success Guides,0010M00001NYiXe,Data Cloud,2025-11-01,2025-10-01,0010M00001NYiXeQAL
2,Success Guides,0013y00001cFOqS,Data Cloud,2025-04-01,2025-04-01,0013y00001cFOqSQAW
2,Success Guides,0013000001KzEVs,Data Cloud,2024-07-01,2024-07-01,0013000001KzEVsAAN
1,1:M Content,00130000002xU2x,Data Cloud,2025-04-01,2025-03-01,00130000002xU2xAAE
1,1:M Content,001ed000002YOmx,Data Cloud,2024-11-01,2024-11-01,001ed000002YOmxYAG
1,1:M Content,0010M00001WaehO,Data Cloud,2024-10-01,2024-10-01,0010M00001WaehOQAR
1,1:M Content,0010M00001V4Fky,Data Cloud,2025-12-01,2025-12-01,0010M00001V4FkyQAF
1,1:M Content,00130000002xDx9,Data Cloud,2025-08-01,2025-08-01,00130000002xDx9AAE
1,1:M Content,0013000001EZKKp,Data Cloud,2025-05-01,2025-05-01,0013000001EZKKpAAP
1,1:M Content,0013000000rntc5,Data Cloud,2025-07-01,2025-07-01,0013000000rntc5AAA
1,1:M Content,0013000000I4JCA,Data Cloud,2024-07-01,2024-07-01,0013000000I4JCAAA3
1,1:M Content,00100000000EKru,Data Cloud,2025-09-01,2025-09-01,00100000000EKruAAG
1,1:M Content,001ed00000G3J8A,Data Cloud,2025-02-01,2025-02-01,001ed00000G3J8AYAV
1,1:M Content,0013y00001cNPM4,Data Cloud,2025-08-01,2025-08-01,0013y00001cNPM4QAO
1,1:M Content,0010M00001SHeaw,Data Cloud,2024-10-01,2024-10-01,0010M00001SHeawQAD
1,1:M Content,0010M00001Jzmen,Data Cloud,2025-05-01,2025-05-01,0010M00001JzmenQAB
1,1:M Content,0013000000M2MYN,Data Cloud,2025-11-01,2025-11-01,0013000000M2MYNAA3
1,1:M Content,0010M00001WOScB,Data Cloud,2025-06-01,2025-06-01,0010M00001WOScBQAX
1,1:M Content,0010M00001QaKMB,Data Cloud,2024-10-01,2024-10-01,0010M00001QaKMBQA3
1,1:M Content,0013y00001d2Ml0,Data Cloud,2025-09-01,2025-09-01,0013y00001d2Ml0QAE
1,1:M Content,0013000000NScUz,Data Cloud,2025-11-01,2025-11-01,0013000000NScUzAAL
1,1:M Content,00130000007lKIE,Data Cloud,2024-12-01,2024-12-01,00130000007lKIEAA2
1,1:M Content,0010M00001S99H9,Data Cloud,2025-02-01,2025-02-01,0010M00001S99H9QAJ
1,1:M Content,0013000000M0dQk,Data Cloud,2024-08-01,2024-07-01,0013000000M0dQkAAJ
1,1:M Content,0013y00001cw0p7,Data Cloud,2025-07-01,2025-07-01,0013y00001cw0p7QAA
1,1:M Content,0013000001CAiSp,Data Cloud,2024-07-01,2024-07-01,0013000001CAiSpAAL
1,1:M Content,0013000000M1tXv,Data Cloud,2024-12-01,2024-12-01,0013000000M1tXvAAJ
1,1:M Content,0013000000K7K9L,Data Cloud,2024-11-01,2024-11-01,0013000000K7K9LAAV
1,1:M Content,0013000000NSrEk,Data Cloud,2025-08-01,2025-08-01,0013000000NSrEkAAL
1,1:M Content,001ed00000MTFge,Data Cloud,2025-05-01,2025-05-01,001ed00000MTFgeYAH
1,1:M Content,0013y00001ce36K,Data Cloud,2024-10-01,2024-10-01,0013y00001ce36KQAQ
1,1:M Content,0010M00001Y5R0d,Data Cloud,2025-07-01,2025-06-01,0010M00001Y5R0dQAF
1,1:M Content,0010M00001bbxsZ,Data Cloud,2025-08-01,2025-08-01,0010M00001bbxsZQAQ
1,1:M Content,0013y00001epXBb,Data Cloud,2025-11-01,2025-11-01,0013y00001epXBbQAM
1,1:M Content,001000000027vN5,Data Cloud,2025-04-01,2025-04-01,001000000027vN5AAI
1,1:M Content,0013y00001hE8Rt,Data Cloud,2024-08-01,2024-08-01,0013y00001hE8RtQAK
1,1:M Content,0013000001L6JsV,Data Cloud,2025-11-01,2025-11-01,0013000001L6JsVAAV
1,1:M Content,0013y00001ce3xe,Data Cloud,2025-09-01,2025-09-01,0013y00001ce3xeQAA
1,1:M Content,00100000001L60P,Data Cloud,2025-09-01,2025-09-01,00100000001L60PAAS
1,1:M Content,0013000000ZkJFl,Data Cloud,2024-12-01,2024-12-01,0013000000ZkJFlAAN
1,1:M Content,001ed00000AlFyj,Data Cloud,2024-12-01,2024-12-01,001ed00000AlFyjYAF
1,1:M Content,0010M00001WY7Ev,Data Cloud,2025-04-01,2025-04-01,0010M00001WY7EvQAL
1,1:M Content,001ed00000D7LEl,Data Cloud,2025-09-01,2025-09-01,001ed00000D7LElYAN
1,1:M Content,00130000002xS4D,Data Cloud,2025-10-01,2025-10-01,00130000002xS4DAAU
1,1:M Content,001ed00000MJ6GT,Data Cloud,2025-04-01,2025-04-01,001ed00000MJ6GTYA1
1,1:M Content,0013y00001g9iTy,Data Cloud,2024-07-01,2024-07-01,0013y00001g9iTyQAI
1,1:M Content,001ed00000GDurE,Data Cloud,2025-12-01,2025-12-01,001ed00000GDurEYAT
1,1:M Content,0013000000M1pEC,Data Cloud,2025-01-01,2025-01-01,0013000000M1pECAAZ
1,1:M Content,0013y00001gDk0W,Data Cloud,2024-05-01,2024-04-01,0013y00001gDk0WQAS
1,1:M Content,0010M00001WAEUI,Data Cloud,2025-01-01,2025-01-01,0010M00001WAEUIQA5
1,1:M Content,0010M00001UM3f9,Data Cloud,2024-08-01,2024-08-01,0010M00001UM3f9QAD
1,1:M Content,00130000001kH16,Data Cloud,2025-01-01,2025-01-01,00130000001kH16AAE
1,1:M Content,0013y00001g9KPW,Data Cloud,2024-06-01,2024-06-01,0013y00001g9KPWQA2
1,1:M Content,0013000000E3PN9,Data Cloud,2025-11-01,2025-11-01,0013000000E3PN9AAN
1,1:M Content,001ed00000GstO5,Data Cloud,2025-09-01,2025-09-01,001ed00000GstO5YAJ
1,1:M Content,001ed00000XeXNF,Data Cloud,2025-07-01,2025-07-01,001ed00000XeXNFYA3
1,1:M Content,0013000000ZmE0O,Data Cloud,2024-06-01,2024-06-01,0013000000ZmE0OAAV
1,1:M Content,0010M00001WYrW0,Data Cloud,2025-05-01,2025-05-01,0010M00001WYrW0QAL
1,1:M Content,0010M00001c4SZ0,Data Cloud,2025-07-01,2025-06-01,0010M00001c4SZ0QAM
1,1:M Content,0013000000GtwQC,Data Cloud,2024-12-01,2024-12-01,0013000000GtwQCAAZ
1,1:M Content,0013000000hKGP1,Data Cloud,2025-09-01,2025-09-01,0013000000hKGP1AAO
1,1:M Content,0013y00001dKzjl,Data Cloud,2025-06-01,2025-06-01,0013y00001dKzjlQAC
2,1:M Content,0013000001CAoab,Data Cloud,2024-11-01,2024-11-01,0013000001CAoabAAD
2,1:M Content,00130000002YBB6,Data Cloud,2025-10-01,2025-10-01,00130000002YBB6AAO
1,Onboarding Specialists,0013000001L6MQc,Data Cloud,2025-12-01,2025-11-01,0013000001L6MQcAAN
1,Success Guides,0010M00001W8cNn,Data Cloud,2025-12-01,2025-11-01,0010M00001W8cNnQAJ
1,Success Architects,0013y00001f94cl,Data Cloud,2025-06-01,2025-04-01,0013y00001f94clQAA
1,Success Guides,00100000001CwNe,Data Cloud,2025-01-01,2024-12-01,00100000001CwNeAAK
1,Success Guides,00130000016hD2Z,Data Cloud,2025-08-01,2025-08-01,00130000016hD2ZAAU
1,Success Architects,0013000000GqJRh,Data Cloud,2024-05-01,2024-03-01,0013000000GqJRhAAN
1,Success Guides,0010M00001WYEHw,Data Cloud,2024-06-01,2024-05-01,0010M00001WYEHwQAP
1,Success Architects,00130000016hI02,Data Cloud,2024-10-01,2024-08-01,00130000016hI02AAE
1,Success Guides,0010M00001W8c4v,Data Cloud,2024-12-01,2024-11-01,0010M00001W8c4vQAB
1,Success Architects,0013000001CBDaJ,Data Cloud,2025-05-01,2025-04-01,0013000001CBDaJAAX
1,Success Guides,0013000000GqiHG,Data Cloud,2025-12-01,2025-11-01,0013000000GqiHGAAZ
1,Success Guides,00130000003iIkL,Data Cloud,2025-10-01,2025-10-01,00130000003iIkLAAU
1,Success Guides,00130000001gfsO,Data Cloud,2023-02-01,2023-01-01,00130000001gfsOAAQ
1,Success Guides,0010M00001QqrBx,Data Cloud,2023-02-01,2023-01-01,0010M00001QqrBxQAJ
1,Success Guides,0010M00001WOTZS,Data Cloud,2023-06-01,2023-05-01,0010M00001WOTZSQA5
1,Success Architects,0013000001LV46L,Data Cloud,2024-12-01,2024-11-01,0013000001LV46LAAT
1,Success Guides,0013000001MjRey,Data Cloud,2025-07-01,2025-07-01,0013000001MjReyAAF
1,Onboarding Specialists,0010M00001WZmuf,Data Cloud,2025-07-01,2025-05-01,0010M00001WZmufQAD
1,Success Guides,0013000000NQnxT,Data Cloud,2025-06-01,2025-06-01,0013000000NQnxTAAT
1,Success Guides,0010M00001WABbI,Data Cloud,2025-12-01,2025-11-01,0010M00001WABbIQAX
1,Success Architects,0010M00001W7jE5,Data Cloud,2024-12-01,2024-11-01,0010M00001W7jE5QAJ
1,Success Architects,0013000000HGA1A,Data Cloud,2024-10-01,2024-08-01,0013000000HGA1AAAX
1,Onboarding Specialists,0013000000ZjJjV,Data Cloud,2025-06-01,2025-04-01,0013000000ZjJjVAAV
1,Onboarding Specialists,0013y00001euOjF,Data Cloud,2023-08-01,2023-08-01,0013y00001euOjFQAU
1,Success Architects,0013y00001dWtia,Data Cloud,2025-03-01,2025-01-01,0013y00001dWtiaQAC
1,Success Guides,0013000000Eyvmu,Data Cloud,2025-03-01,2025-03-01,0013000000EyvmuAAB
1,Success Guides,001ed00000MghaB,Data Cloud,2025-09-01,2025-09-01,001ed00000MghaBYAR
1,Success Guides,0013000000KwJh4,Data Cloud,2025-03-01,2025-02-01,0013000000KwJh4AAF
1,Success Guides,0010M00001P0XA8,Data Cloud,2025-01-01,2025-01-01,0010M00001P0XA8QAN
1,Success Guides,00130000007A1iv,Data Cloud,2025-01-01,2024-11-01,00130000007A1ivAAC
1,Onboarding Specialists,00130000002xGOh,Data Cloud,2025-10-01,2025-10-01,00130000002xGOhAAM
1,Onboarding Specialists,0013000000HIiFH,Data Cloud,2023-09-01,2023-05-01,0013000000HIiFHAA1
1,Success Guides,0013000000ZkJFl,Data Cloud,2025-12-01,2025-12-01,0013000000ZkJFlAAN
1,Success Guides,0010M00001VKfwy,Data Cloud,2025-11-01,2025-11-01,0010M00001VKfwyQAD
1,Success Guides,0013y00001cZeMx,Data Cloud,2024-11-01,2024-11-01,0013y00001cZeMxQAK
1,Success Guides,0013000000RXMU4,Data Cloud,2025-09-01,2025-09-01,0013000000RXMU4AAP
3,Success Guides,0013000000ZkDYe,Data Cloud,2025-12-01,2025-12-01,0013000000ZkDYeAAN
2,Success Guides,0010M00001WJN3t,Data Cloud,2025-11-01,2025-11-01,0010M00001WJN3tQAH
2,Success Guides,0013000001CCu4N,Data Cloud,2025-12-01,2025-11-01,0013000001CCu4NAAT
1,1:M Content,0013000001GXDcY,Data Cloud,2024-12-01,2024-12-01,0013000001GXDcYAAX
1,1:M Content,0013000000HFbxu,Data Cloud,2025-11-01,2025-11-01,0013000000HFbxuAAD
1,1:M Content,0013000001GVibo,Data Cloud,2024-11-01,2024-11-01,0013000001GViboAAD
1,1:M Content,001ed00000RyxYp,Data Cloud,2025-05-01,2025-05-01,001ed00000RyxYpYAJ
1,1:M Content,00130000002xWCW,Data Cloud,2025-04-01,2025-03-01,00130000002xWCWAA2
1,1:M Content,0013000000GIaEX,Data Cloud,2025-09-01,2025-09-01,0013000000GIaEXAA1
1,1:M Content,0013000000RWy9v,Data Cloud,2025-01-01,2025-01-01,0013000000RWy9vAAD
1,1:M Content,0013y00001beHXv,Data Cloud,2025-08-01,2025-08-01,0013y00001beHXvQAM
1,1:M Content,0010M00001QacTa,Data Cloud,2025-07-01,2025-07-01,0010M00001QacTaQAJ
1,1:M Content,0010M00001THLtS,Data Cloud,2025-09-01,2025-09-01,0010M00001THLtSQAX
1,1:M Content,0010M00001V43vJ,Data Cloud,2025-02-01,2025-02-01,0010M00001V43vJQAR
1,1:M Content,0013000001MeDGy,Data Cloud,2025-12-01,2025-12-01,0013000001MeDGyAAN
1,1:M Content,0013y00001cbF0C,Data Cloud,2024-08-01,2024-07-01,0013y00001cbF0CQAU
1,1:M Content,0013000001KakBg,Data Cloud,2025-03-01,2025-03-01,0013000001KakBgAAJ
1,1:M Content,001ed00000mdBph,Data Cloud,2025-12-01,2025-12-01,001ed00000mdBphYAE
1,1:M Content,001ed00000GpMlK,Data Cloud,2025-03-01,2025-03-01,001ed00000GpMlKYAV
1,1:M Content,0013000000RX8ZR,Data Cloud,2025-12-01,2025-12-01,0013000000RX8ZRAA1
1,1:M Content,0013y00001cHWTm,Data Cloud,2024-12-01,2024-12-01,0013y00001cHWTmQAO
1,1:M Content,0010M00001WYZCL,Data Cloud,2025-11-01,2025-11-01,0010M00001WYZCLQA5
1,1:M Content,0013000000ZjZIR,Data Cloud,2024-10-01,2024-10-01,0013000000ZjZIRAA3
1,1:M Content,0013000000RX9G1,Data Cloud,2025-05-01,2025-05-01,0013000000RX9G1AAL
1,1:M Content,0010M00001WOVGO,Data Cloud,2025-12-01,2025-12-01,0010M00001WOVGOQA5
1,1:M Content,0013000000ZmNdM,Data Cloud,2025-09-01,2025-09-01,0013000000ZmNdMAAV
1,1:M Content,0013y00001besY5,Data Cloud,2025-04-01,2025-04-01,0013y00001besY5QAI
1,1:M Content,0010M00001ULiD0,Data Cloud,2025-01-01,2025-01-01,0010M00001ULiD0QAL
1,1:M Content,0013y00001f9LjA,Data Cloud,2025-07-01,2025-07-01,0013y00001f9LjAQAU
1,1:M Content,0013y00001d1zfT,Data Cloud,2025-10-01,2025-10-01,0013y00001d1zfTQAQ
1,1:M Content,0013000000Raquy,Data Cloud,2024-02-01,2024-02-01,0013000000RaquyAAB
1,1:M Content,0010M00001UVHLP,Data Cloud,2024-12-01,2024-12-01,0010M00001UVHLPQA5
1,1:M Content,0013000000IkXLo,Data Cloud,2025-01-01,2025-01-01,0013000000IkXLoAAN
1,1:M Content,00130000000NazM,Data Cloud,2025-08-01,2025-08-01,00130000000NazMAAS
1,1:M Content,0010M00001Qkb4g,Data Cloud,2024-08-01,2024-08-01,0010M00001Qkb4gQAB
1,1:M Content,0013000001GW4Z9,Data Cloud,2025-05-01,2025-05-01,0013000001GW4Z9AAL
1,1:M Content,0013000001CAfor,Data Cloud,2025-09-01,2025-09-01,0013000001CAforAAD
1,1:M Content,00130000002xCCN,Data Cloud,2024-11-01,2024-11-01,00130000002xCCNAA2
1,1:M Content,0013000001M1awJ,Data Cloud,2025-11-01,2025-11-01,0013000001M1awJAAR
1,1:M Content,0010M00001WkTgY,Data Cloud,2025-05-01,2025-05-01,0010M00001WkTgYQAV
1,1:M Content,0013000000NPgHs,Data Cloud,2025-10-01,2025-10-01,0013000000NPgHsAAL
1,1:M Content,00100000001CwQd,Data Cloud,2025-03-01,2025-03-01,00100000001CwQdAAK
3,1:M Content,0010M00001SJRwo,Data Cloud,2025-07-01,2025-07-01,0010M00001SJRwoQAH
3,1:M Content,0010M00001QmnNx,Data Cloud,2025-09-01,2025-09-01,0010M00001QmnNxQAJ
2,1:M Content,00130000001S780,Data Cloud,2025-11-01,2025-11-01,00130000001S780AAC
2,1:M Content,0013000001NX77B,Data Cloud,2025-07-01,2025-07-01,0013000001NX77BAAT
2,1:M Content,0013000001JcBtX,Data Cloud,2025-07-01,2025-07-01,0013000001JcBtXAAV
2,1:M Content,0013y00001dy5aB,Data Cloud,2025-07-01,2025-07-01,0013y00001dy5aBQAQ
2,1:M Content,0013000000hLRNg,Data Cloud,2025-11-01,2025-11-01,0013000000hLRNgAAO
1,Success Guides,0010M00001WJUyw,Data Cloud,2025-12-01,2025-11-01,0010M00001WJUywQAH
1,Onboarding Specialists,00130000016hbST,Data Cloud,2025-10-01,2025-08-01,00130000016hbSTAAY
1,Success Architects,0013000000DmE7O,Data Cloud,2024-05-01,2024-02-01,0013000000DmE7OAAV
1,Onboarding Specialists,0013000001CBbS3,Data Cloud,2025-06-01,2025-05-01,0013000001CBbS3AAL
1,Success Guides,0013000000ZjtPN,Data Cloud,2024-11-01,2024-11-01,0013000000ZjtPNAAZ
1,Onboarding Specialists,0010M00001Qkl8B,Data Cloud,2023-06-01,2023-05-01,0010M00001Qkl8BQAR
1,Success Guides,0013000000B3Qrm,Data Cloud,2024-04-01,2024-03-01,0013000000B3QrmAAF
1,Onboarding Specialists,001ed000003mDNr,Data Cloud,2025-02-01,2025-02-01,001ed000003mDNrYAM
1,Success Guides,0013000000ZlxVH,Data Cloud,2024-04-01,2024-04-01,0013000000ZlxVHAAZ
1,Success Guides,0013000000M2OhC,Data Cloud,2024-05-01,2024-05-01,0013000000M2OhCAAV
1,Success Guides,0010M00001QoOO0,Data Cloud,2024-07-01,2024-06-01,0010M00001QoOO0QAN
1,Success Guides,0013y00001cHXPw,Data Cloud,2025-09-01,2025-08-01,0013y00001cHXPwQAO
1,Success Architects,0013y00001dKgj3,Data Cloud,2024-09-01,2024-08-01,0013y00001dKgj3QAC
1,Success Guides,00130000002xTez,Data Cloud,2025-04-01,2025-04-01,00130000002xTezAAE
1,Onboarding Specialists,0013000000ZjBRP,Data Cloud,2025-11-01,2025-10-01,0013000000ZjBRPAA3
1,Success Architects,0013000001GUSVs,Data Cloud,2025-06-01,2025-06-01,0013000001GUSVsAAP
1,Success Guides,00130000009UK31,Data Cloud,2025-07-01,2025-06-01,00130000009UK31AAG
1,Success Architects,0013y00001cSM8G,Data Cloud,2025-03-01,2025-02-01,0013y00001cSM8GQAW
1,Success Guides,0010M00001U3rJn,Data Cloud,2025-07-01,2025-05-01,0010M00001U3rJnQAJ
1,Success Guides,0013000001CBEJ9,Data Cloud,2025-04-01,2025-03-01,0013000001CBEJ9AAP
1,Success Guides,0013000001CD0Vk,Data Cloud,2025-09-01,2025-08-01,0013000001CD0VkAAL
1,Success Guides,0013000001Ih0t4,Data Cloud,2025-02-01,2025-02-01,0013000001Ih0t4AAB
1,Success Architects,00100000001L5zm,Data Cloud,2025-06-01,2025-04-01,00100000001L5zmAAC
1,Success Architects,0013000000M2MYN,Data Cloud,2025-05-01,2025-03-01,0013000000M2MYNAA3
1,Onboarding Specialists,0013000000M2I2H,Data Cloud,2025-11-01,2025-07-01,0013000000M2I2HAAV
1,Onboarding Specialists,0013y00001d77NU,Data Cloud,2024-09-01,2024-08-01,0013y00001d77NUQAY
1,Success Architects,00130000002xYO9,Data Cloud,2025-09-01,2025-06-01,00130000002xYO9AAM
1,Success Architects,0013y00001cG3oM,Data Cloud,2025-04-01,2025-03-01,0013y00001cG3oMQAS
1,Success Guides,0013000001CCq1V,Data Cloud,2025-01-01,2025-01-01,0013000001CCq1VAAT
1,Onboarding Specialists,0013y00001chXXR,Data Cloud,2025-08-01,2025-07-01,0013y00001chXXRQA2
1,Success Architects,0013000001LV46L,Data Cloud,2024-10-01,2024-08-01,0013000001LV46LAAT
1,Success Architects,0010M00001UERlI,Data Cloud,2025-05-01,2025-03-01,0010M00001UERlIQAX
1,Onboarding Specialists,0013000000hL7DW,Data Cloud,2025-07-01,2025-06-01,0013000000hL7DWAA0
1,Success Architects,0013y00001eEIpo,Data Cloud,2025-01-01,2024-11-01,0013y00001eEIpoQAG
1,Success Architects,0013y00001f62wt,Data Cloud,2025-05-01,2025-04-01,0013y00001f62wtQAA
1,Success Guides,0013000000D8UtH,Data Cloud,2025-07-01,2025-07-01,0013000000D8UtHAAV
1,Onboarding Specialists,00130000002xWNB,Data Cloud,2025-11-01,2025-10-01,00130000002xWNBAA2
1,Success Guides,0010M00001QaQha,Data Cloud,2024-07-01,2024-06-01,0010M00001QaQhaQAF
1,Success Guides,001000000029t9U,Data Cloud,2024-08-01,2024-08-01,001000000029t9UAAQ
1,Success Guides,0013000001Mj77h,Data Cloud,2024-05-01,2024-04-01,0013000001Mj77hAAB
1,Success Guides,00130000003nhqN,Data Cloud,2024-08-01,2024-08-01,00130000003nhqNAAQ
1,Onboarding Specialists,0010M00001QnUsQ,Data Cloud,2025-11-01,2025-10-01,0010M00001QnUsQQAV
1,Onboarding Specialists,0013000001L6Bi9,Data Cloud,2025-08-01,2025-08-01,0013000001L6Bi9AAF
1,Success Guides,0013000001NXRXI,Data Cloud,2025-10-01,2025-10-01,0013000001NXRXIAA5
1,Onboarding Specialists,0013000000M2MYv,Data Cloud,2025-10-01,2025-09-01,0013000000M2MYvAAN
1,Success Guides,00130000002PhR5,Data Cloud,2024-08-01,2024-07-01,00130000002PhR5AAK
1,Success Guides,0013000000roFBm,Data Cloud,2025-02-01,2025-01-01,0013000000roFBmAAM
1,Success Architects,0013y00001fMyRQ,Data Cloud,2024-06-01,2024-06-01,0013y00001fMyRQQA0
1,Success Guides,00130000016iljm,Data Cloud,2025-09-01,2025-08-01,00130000016iljmAAA
1,Success Guides,0013000000M0pap,Data Cloud,2025-07-01,2025-07-01,0013000000M0papAAB
1,Success Guides,0013y00001car1c,Data Cloud,2024-09-01,2024-09-01,0013y00001car1cQAA
6,Success Guides,0010M00001NYZIo,Data Cloud,2025-10-01,2025-09-01,0010M00001NYZIoQAP
2,Success Guides,0010M00001WI2Uo,Data Cloud,2025-12-01,2025-12-01,0010M00001WI2UoQAL
2,Success Guides,0013y00001eBr4u,Data Cloud,2024-07-01,2024-07-01,0013y00001eBr4uQAC
1,1:M Content,0013000000hKBWa,Data Cloud,2024-03-01,2024-03-01,0013000000hKBWaAAO
1,1:M Content,0013000000ImEek,Data Cloud,2025-12-01,2025-12-01,0013000000ImEekAAF
1,1:M Content,0013000001JyQ50,Data Cloud,2025-08-01,2025-08-01,0013000001JyQ50AAF
1,1:M Content,0013000000hMgLJ,Data Cloud,2025-12-01,2025-12-01,0013000000hMgLJAA0
1,1:M Content,0013000000I3SG5,Data Cloud,2025-07-01,2025-07-01,0013000000I3SG5AAN
1,1:M Content,0013000000rqxn5,Data Cloud,2025-06-01,2025-06-01,0013000000rqxn5AAA
1,1:M Content,001ed00000QOWe5,Data Cloud,2025-05-01,2025-05-01,001ed00000QOWe5YAH
1,1:M Content,0013000000NSUbx,Data Cloud,2024-05-01,2024-05-01,0013000000NSUbxAAH
1,1:M Content,0013y00001gTSKA,Data Cloud,2024-02-01,2024-02-01,0013y00001gTSKAQA4
1,1:M Content,00130000002xa6f,Data Cloud,2024-08-01,2024-07-01,00130000002xa6fAAA
1,1:M Content,0013000001CAoab,Data Cloud,2025-07-01,2025-06-01,0013000001CAoabAAD
1,1:M Content,0013000000JbNoe,Data Cloud,2024-06-01,2024-06-01,0013000000JbNoeAAF
1,1:M Content,00130000001Mx4T,Data Cloud,2025-05-01,2025-05-01,00130000001Mx4TAAS
1,1:M Content,00130000000go1o,Data Cloud,2025-02-01,2025-02-01,00130000000go1oAAA
1,1:M Content,0013000001GXaVu,Data Cloud,2024-03-01,2024-03-01,0013000001GXaVuAAL
1,1:M Content,001ed00000XnOhR,Data Cloud,2025-07-01,2025-07-01,001ed00000XnOhRYAV
1,1:M Content,00100000001rsZy,Data Cloud,2025-11-01,2025-11-01,00100000001rsZyAAI
1,1:M Content,0013y00001crWS7,Data Cloud,2025-09-01,2025-09-01,0013y00001crWS7QAM
1,1:M Content,0013000000Gqul8,Data Cloud,2025-01-01,2025-01-01,0013000000Gqul8AAB
1,1:M Content,001ed00000jeDfm,Data Cloud,2025-09-01,2025-09-01,001ed00000jeDfmYAE
1,1:M Content,0010M00001X8HIm,Data Cloud,2025-04-01,2025-03-01,0010M00001X8HImQAN
1,1:M Content,001ed000006Ywz0,Data Cloud,2025-07-01,2025-06-01,001ed000006Ywz0YAC
1,1:M Content,0013y00001c4fAa,Data Cloud,2024-10-01,2024-09-01,0013y00001c4fAaQAI
1,1:M Content,001ed00000QjnFL,Data Cloud,2025-06-01,2025-06-01,001ed00000QjnFLYAZ
1,1:M Content,0013000001J7tjF,Data Cloud,2025-11-01,2025-11-01,0013000001J7tjFAAR
1,1:M Content,0010M00001QaYLS,Data Cloud,2024-08-01,2024-08-01,0010M00001QaYLSQA3
1,1:M Content,0013y00001g8oWi,Data Cloud,2025-12-01,2025-12-01,0013y00001g8oWiQAI
1,1:M Content,0013000001GYVzO,Data Cloud,2024-10-01,2024-10-01,0013000001GYVzOAAX
1,1:M Content,0010M00001SnFFb,Data Cloud,2025-07-01,2025-07-01,0010M00001SnFFbQAN
1,1:M Content,0010M00001WJKRG,Data Cloud,2025-11-01,2025-11-01,0010M00001WJKRGQA5
1,1:M Content,001ed00000404HR,Data Cloud,2024-12-01,2024-12-01,001ed00000404HRYAY
1,1:M Content,0013000001MrtNf,Data Cloud,2025-08-01,2025-08-01,0013000001MrtNfAAJ
1,1:M Content,0013000000M2NHn,Data Cloud,2025-01-01,2025-01-01,0013000000M2NHnAAN
1,1:M Content,0013y00001g9Ngv,Data Cloud,2024-06-01,2024-06-01,0013y00001g9NgvQAE
1,1:M Content,0010M00001NYU3e,Data Cloud,2025-10-01,2025-10-01,0010M00001NYU3eQAH
1,1:M Content,00130000016j99o,Data Cloud,2025-09-01,2025-09-01,00130000016j99oAAA
1,1:M Content,0013y00001g5Nf5,Data Cloud,2024-11-01,2024-11-01,0013y00001g5Nf5QAE
1,1:M Content,001ed00000OH2nZ,Data Cloud,2025-05-01,2025-05-01,001ed00000OH2nZYAT
1,1:M Content,0013y00001gD1xH,Data Cloud,2025-05-01,2025-05-01,0013y00001gD1xHQAS
1,1:M Content,0013y00001fholG,Data Cloud,2025-03-01,2025-03-01,0013y00001fholGQAQ
1,1:M Content,0013000000DmE7O,Data Cloud,2025-05-01,2025-05-01,0013000000DmE7OAAV
1,1:M Content,0013y00001c6FTQ,Data Cloud,2024-12-01,2024-12-01,0013y00001c6FTQQA2
1,1:M Content,00130000002YBB6,Data Cloud,2025-11-01,2025-11-01,00130000002YBB6AAO
1,1:M Content,00130000000zbzd,Data Cloud,2025-02-01,2025-02-01,00130000000zbzdAAA
1,1:M Content,0013y00001g9awD,Data Cloud,2024-06-01,2024-06-01,0013y00001g9awDQAQ
1,1:M Content,0013y00001dNuRa,Data Cloud,2024-06-01,2024-06-01,0013y00001dNuRaQAK
1,1:M Content,00100000001CwPP,Data Cloud,2025-12-01,2025-12-01,00100000001CwPPAA0
1,1:M Content,00100000000nEZj,Data Cloud,2025-06-01,2025-06-01,00100000000nEZjAAM
5,1:M Content,00100000001pHFs,Data Cloud,2024-12-01,2024-12-01,00100000001pHFsAAM
2,1:M Content,00130000000NazM,Data Cloud,2025-10-01,2025-10-01,00130000000NazMAAS
2,1:M Content,0013000000GJD9N,Data Cloud,2025-04-01,2025-04-01,0013000000GJD9NAAX
2,1:M Content,0010M00001NYv8G,Data Cloud,2025-10-01,2025-10-01,0010M00001NYv8GQAT
1,Onboarding Specialists,0013000001Fb2rb,Data Cloud,2025-07-01,2025-06-01,0013000001Fb2rbAAB
1,Success Guides,0010M00001QmsnA,Data Cloud,2025-11-01,2025-10-01,0010M00001QmsnAQAR
1,Success Guides,0013000001KZjDf,Data Cloud,2025-11-01,2025-11-01,0013000001KZjDfAAL
1,Success Guides,0013y00001dy5Iq,Data Cloud,2025-12-01,2025-12-01,0013y00001dy5IqQAI
1,Success Architects,0013y00001cG3oM,Data Cloud,2025-03-01,2025-03-01,0013y00001cG3oMQAS
1,Success Architects,00130000002xS2h,Data Cloud,2024-12-01,2024-10-01,00130000002xS2hAAE
1,Success Architects,0013000000M2LyG,Data Cloud,2024-09-01,2024-08-01,0013000000M2LyGAAV
1,Success Guides,0013y00001erJ1z,Data Cloud,2025-07-01,2025-07-01,0013y00001erJ1zQAE
1,Success Guides,0010M00001SHlUM,Data Cloud,2025-01-01,2024-12-01,0010M00001SHlUMQA1
1,Onboarding Specialists,0013y00001cILec,Data Cloud,2024-06-01,2024-04-01,0013y00001cILecQAG
1,Success Guides,0013y00001cwCJs,Data Cloud,2024-07-01,2024-06-01,0013y00001cwCJsQAM
1,Success Architects,0013000001Jy00g,Data Cloud,2025-04-01,2025-03-01,0013000001Jy00gAAB
1,Success Guides,00100000000FTgh,Data Cloud,2024-10-01,2024-10-01,00100000000FTghAAG
1,Success Architects,00100000000wPtf,Data Cloud,2024-09-01,2024-07-01,00100000000wPtfAAE
1,Onboarding Specialists,0013000000ZknYT,Data Cloud,2025-12-01,2025-12-01,0013000000ZknYTAAZ
1,Onboarding Specialists,0013y00001cShv1,Data Cloud,2024-05-01,2024-04-01,0013y00001cShv1QAC
1,Success Architects,0013000001CCpyb,Data Cloud,2024-07-01,2024-06-01,0013000001CCpybAAD
1,Success Guides,0013000000FdMei,Data Cloud,2025-02-01,2025-01-01,0013000000FdMeiAAF
1,Success Guides,00130000016gnKN,Data Cloud,2025-03-01,2025-03-01,00130000016gnKNAAY
1,Success Guides,00130000002xXga,Data Cloud,2025-12-01,2025-11-01,00130000002xXgaAAE
1,Success Guides,0013y00001cmQoy,Data Cloud,2025-12-01,2025-11-01,0013y00001cmQoyQAE
1,Success Guides,0010M00001UMbzL,Data Cloud,2024-12-01,2024-12-01,0010M00001UMbzLQAT
1,Success Guides,0013y00001bdiZz,Data Cloud,2025-05-01,2025-05-01,0013y00001bdiZzQAI
1,Success Guides,0013000000Zl8v5,Data Cloud,2025-11-01,2025-11-01,0013000000Zl8v5AAB
1,Success Guides,0013y00001f63kP,Data Cloud,2025-07-01,2025-07-01,0013y00001f63kPQAQ
1,Success Guides,0013000000RXL5O,Data Cloud,2023-02-01,2023-01-01,0013000000RXL5OAAX
1,Success Architects,00130000004UfHd,Data Cloud,2025-06-01,2025-04-01,00130000004UfHdAAK
1,Success Architects,0013000001Fk9zk,Data Cloud,2024-08-01,2024-07-01,0013000001Fk9zkAAB
1,Onboarding Specialists,00130000002xYWy,Data Cloud,2024-08-01,2024-05-01,00130000002xYWyAAM
1,Success Architects,0013y00001coljP,Data Cloud,2025-08-01,2025-06-01,0013y00001coljPQAQ
1,Success Guides,0013000001GVf2z,Data Cloud,2025-07-01,2025-07-01,0013000001GVf2zAAD
1,Success Guides,0010M00001P0EVX,Data Cloud,2025-08-01,2025-06-01,0010M00001P0EVXQA3
1,Success Guides,0010M00001UMcsa,Data Cloud,2024-10-01,2024-09-01,0010M00001UMcsaQAD
1,Onboarding Specialists,0013y00001eEmAP,Data Cloud,2025-09-01,2025-08-01,0013y00001eEmAPQA0
1,Success Guides,0013y00001XzUYi,Data Cloud,2025-08-01,2025-08-01,0013y00001XzUYiQAN
1,Success Guides,0013000000M2NAC,Data Cloud,2025-08-01,2025-06-01,0013000000M2NACAA3
1,Success Guides,00130000002x9Tp,Data Cloud,2025-01-01,2025-01-01,00130000002x9TpAAI
1,Onboarding Specialists,00130000016iLRn,Data Cloud,2025-05-01,2025-03-01,00130000016iLRnAAM
1,Success Guides,00130000000cz3V,Data Cloud,2025-04-01,2025-04-01,00130000000cz3VAAQ
3,Success Guides,0013000000CuW0r,Data Cloud,2025-12-01,2025-12-01,0013000000CuW0rAAF
1,1:M Content,0013y00001cTL3X,Data Cloud,2025-08-01,2025-08-01,0013y00001cTL3XQAW
1,1:M Content,0013y00001cbDCy,Data Cloud,2024-12-01,2024-12-01,0013y00001cbDCyQAM
1,1:M Content,0013000000LzUpI,Data Cloud,2025-11-01,2025-11-01,0013000000LzUpIAAV
1,1:M Content,0010M00001U1b4i,Data Cloud,2025-07-01,2025-07-01,0010M00001U1b4iQAB
1,1:M Content,0013000001Jyj4d,Data Cloud,2024-08-01,2024-07-01,0013000001Jyj4dAAB
1,1:M Content,00130000009zecv,Data Cloud,2025-01-01,2025-01-01,00130000009zecvAAA
1,1:M Content,0013y00001Z1HEV,Data Cloud,2025-09-01,2025-09-01,0013y00001Z1HEVQA3
1,1:M Content,00130000002eHBY,Data Cloud,2025-10-01,2025-10-01,00130000002eHBYAA2
1,1:M Content,001300000060C9D,Data Cloud,2024-10-01,2024-10-01,001300000060C9DAAU
1,1:M Content,0013y00001ce9KX,Data Cloud,2025-02-01,2025-02-01,0013y00001ce9KXQAY
1,1:M Content,0010M00001UVVU8,Data Cloud,2024-05-01,2024-05-01,0010M00001UVVU8QAP
1,1:M Content,00130000002xT8H,Data Cloud,2025-11-01,2025-11-01,00130000002xT8HAAU
1,1:M Content,0013000000M2sm5,Data Cloud,2025-08-01,2025-08-01,0013000000M2sm5AAB
1,1:M Content,0013000000ZlQp2,Data Cloud,2025-03-01,2025-03-01,0013000000ZlQp2AAF
1,1:M Content,00130000001kIjz,Data Cloud,2025-08-01,2025-08-01,00130000001kIjzAAE
1,1:M Content,00130000009zAXX,Data Cloud,2025-02-01,2025-02-01,00130000009zAXXAA2
1,1:M Content,0010M00001QalR6,Data Cloud,2024-08-01,2024-08-01,0010M00001QalR6QAJ
1,1:M Content,0010M00001XxvJ4,Data Cloud,2025-11-01,2025-11-01,0010M00001XxvJ4QAJ
1,1:M Content,0013000000LzUpI,Data Cloud,2025-09-01,2025-09-01,0013000000LzUpIAAV
1,1:M Content,0010M00001QaqZQ,Data Cloud,2025-11-01,2025-11-01,0010M00001QaqZQQAZ
1,1:M Content,0013000000ZlQp2,Data Cloud,2025-01-01,2025-01-01,0013000000ZlQp2AAF
1,1:M Content,0013000000AXupC,Data Cloud,2025-09-01,2025-09-01,0013000000AXupCAAT
1,1:M Content,0013000000RXgKf,Data Cloud,2025-03-01,2025-03-01,0013000000RXgKfAAL
1,1:M Content,0013000000ZlQp1,Data Cloud,2024-10-01,2024-10-01,0013000000ZlQp1AAF
1,1:M Content,0013y00001g9KT9,Data Cloud,2024-05-01,2024-05-01,0013y00001g9KT9QAM
1,1:M Content,0010M00001SJRwo,Data Cloud,2025-02-01,2025-02-01,0010M00001SJRwoQAH
1,1:M Content,0010M00001WaNaP,Data Cloud,2025-11-01,2025-11-01,0010M00001WaNaPQAV
1,1:M Content,0013y00001fSqm9,Data Cloud,2025-08-01,2025-08-01,0013y00001fSqm9QAC
1,1:M Content,0010M00001Yb0dJ,Data Cloud,2025-10-01,2025-10-01,0010M00001Yb0dJQAR
1,1:M Content,0010M00001PEnm0,Data Cloud,2025-10-01,2025-10-01,0010M00001PEnm0QAD
1,1:M Content,0013000000NRZtZ,Data Cloud,2024-05-01,2024-05-01,0013000000NRZtZAAX
1,1:M Content,0013000000ZkKPg,Data Cloud,2024-12-01,2024-12-01,0013000000ZkKPgAAN
1,1:M Content,0013000001CCTFf,Data Cloud,2024-03-01,2024-03-01,0013000001CCTFfAAP
1,1:M Content,0013y00001g9kB8,Data Cloud,2024-09-01,2024-08-01,0013y00001g9kB8QAI
1,1:M Content,0013000000FeX3L,Data Cloud,2024-12-01,2024-12-01,0013000000FeX3LAAV
1,1:M Content,0013y00001eIr7W,Data Cloud,2025-08-01,2025-08-01,0013y00001eIr7WQAS
2,1:M Content,00130000000Muaz,Data Cloud,2025-12-01,2025-12-01,00130000000MuazAAC
4,1:M Content,0013000000LzUpI,Data Cloud,2025-08-01,2025-08-01,0013000000LzUpIAAV
2,1:M Content,0013000000M2UOx,Data Cloud,2025-09-01,2025-09-01,0013000000M2UOxAAN
1,Success Guides,0013y00001c4j7T,Data Cloud,2025-05-01,2025-04-01,0013y00001c4j7TQAQ
1,Success Guides,0013000000M2OhC,Data Cloud,2025-01-01,2024-12-01,0013000000M2OhCAAV
1,Onboarding Specialists,0013000000Imc8j,Data Cloud,2025-02-01,2025-01-01,0013000000Imc8jAAB
1,Success Guides,0013y00001ermkY,Data Cloud,2025-08-01,2025-07-01,0013y00001ermkYQAQ
1,Success Guides,0013000000NRDv9,Data Cloud,2025-05-01,2025-05-01,0013000000NRDv9AAH
1,Onboarding Specialists,0013y00001eTzj0,Data Cloud,2025-01-01,2025-01-01,0013y00001eTzj0QAC
1,Success Guides,00130000016iJvq,Data Cloud,2025-11-01,2025-11-01,00130000016iJvqAAE
1,Success Architects,0010M00001Qlm0n,Data Cloud,2024-11-01,2024-10-01,0010M00001Qlm0nQAB
1,Success Architects,0013000001KzEVs,Data Cloud,2024-05-01,2024-04-01,0013000001KzEVsAAN
1,Success Guides,0013000000LzN6u,Data Cloud,2024-11-01,2024-10-01,0013000000LzN6uAAF
1,Success Architects,0013y00001epNaN,Data Cloud,2025-04-01,2025-01-01,0013y00001epNaNQAU
1,Onboarding Specialists,0013000000HI3f9,Data Cloud,2024-01-01,2023-11-01,0013000000HI3f9AAD
1,Onboarding Specialists,0013y00001eXR1l,Data Cloud,2025-09-01,2025-06-01,0013y00001eXR1lQAG
1,Success Architects,0013y00001dKgj3,Data Cloud,2024-03-01,2024-02-01,0013y00001dKgj3QAC
1,Onboarding Specialists,00130000004FlW0,Data Cloud,2024-10-01,2024-09-01,00130000004FlW0AAK
1,Onboarding Specialists,0013y00001dWtem,Data Cloud,2024-11-01,2024-10-01,0013y00001dWtemQAC
1,Onboarding Specialists,0013000000K9O0N,Data Cloud,2025-08-01,2025-05-01,0013000000K9O0NAAV
1,Success Architects,0013000000FL0hJ,Data Cloud,2025-07-01,2025-07-01,0013000000FL0hJAAT
1,Success Guides,0013y00001djzCp,Data Cloud,2024-03-01,2024-02-01,0013y00001djzCpQAI
1,Success Guides,001ed00000F53W5,Data Cloud,2025-12-01,2025-11-01,001ed00000F53W5YAJ
1,Success Guides,0013y00001Y0Org,Data Cloud,2025-10-01,2025-10-01,0013y00001Y0OrgQAF
1,Success Guides,00100000000oL01,Data Cloud,2025-03-01,2025-02-01,00100000000oL01AAE
1,Success Guides,0013y00001f60wD,Data Cloud,2024-08-01,2024-08-01,0013y00001f60wDQAQ
1,Success Architects,0010M00001Sq0KG,Data Cloud,2025-06-01,2025-05-01,0010M00001Sq0KGQAZ
1,Success Guides,0013000001LWmZy,Data Cloud,2024-11-01,2024-10-01,0013000001LWmZyAAL
1,Success Guides,0013000000M2NSR,Data Cloud,2025-11-01,2025-10-01,0013000000M2NSRAA3
1,Success Guides,0010M00001SJ7CS,Data Cloud,2025-12-01,2025-11-01,0010M00001SJ7CSQA1
1,Success Guides,0013000001MrefX,Data Cloud,2025-02-01,2025-02-01,0013000001MrefXAAR
1,Success Architects,0013y00001cvsnR,Data Cloud,2025-01-01,2024-11-01,0013y00001cvsnRQAQ
1,Success Guides,00100000000nEZa,Data Cloud,2023-04-01,2023-03-01,00100000000nEZaAAM
1,Success Guides,0010M00001QmtKY,Data Cloud,2024-09-01,2024-08-01,0010M00001QmtKYQAZ
1,Success Guides,00100000002CNH6,Data Cloud,2024-08-01,2024-08-01,00100000002CNH6AAO
1,Success Architects,0013y00001cjw2H,Data Cloud,2025-09-01,2025-07-01,0013y00001cjw2HQAQ
1,Onboarding Specialists,0013000000roxFA,Data Cloud,2025-10-01,2025-10-01,0013000000roxFAAAY
1,Success Guides,0013y00001cgwhw,Data Cloud,2024-02-01,2024-01-01,0013y00001cgwhwQAA
1,Onboarding Specialists,0010M00001UERlI,Data Cloud,2025-02-01,2025-01-01,0010M00001UERlIQAX
1,Success Architects,0013y00001cw9JG,Data Cloud,2025-08-01,2025-07-01,0013y00001cw9JGQAY
1,Success Guides,0013y00001f65be,Data Cloud,2025-07-01,2025-07-01,0013y00001f65beQAA
1,Success Guides,00130000008UtFc,Data Cloud,2025-06-01,2025-05-01,00130000008UtFcAAK
1,Success Guides,0010M00001MtMQ1,Data Cloud,2025-09-01,2025-08-01,0010M00001MtMQ1QAN
1,Onboarding Specialists,001ed00000Q3baQ,Data Cloud,2025-10-01,2025-08-01,001ed00000Q3baQYAR
1,Success Architects,00100000001CwRx,Data Cloud,2024-06-01,2024-05-01,00100000001CwRxAAK
2,Success Architects,,Data Cloud,2025-12-01,2025-09-01
1,1:M Content,0013000000Gq7Ye,Data Cloud,2025-06-01,2025-06-01,0013000000Gq7YeAAJ
1,1:M Content,0013000000hIpFu,Data Cloud,2025-04-01,2025-03-01,0013000000hIpFuAAK
1,1:M Content,0013000000M12PF,Data Cloud,2024-11-01,2024-11-01,0013000000M12PFAAZ
1,1:M Content,0010M00001Smwui,Data Cloud,2025-04-01,2025-04-01,0010M00001SmwuiQAB
1,1:M Content,001ed00000ZSY7R,Data Cloud,2025-08-01,2025-08-01,001ed00000ZSY7RYAX
1,1:M Content,0013000000E1so2,Data Cloud,2025-12-01,2025-12-01,0013000000E1so2AAB
1,1:M Content,0013000001JyriP,Data Cloud,2025-10-01,2025-10-01,0013000001JyriPAAR
1,1:M Content,0013000001GY6HA,Data Cloud,2024-11-01,2024-11-01,0013000001GY6HAAA1
1,1:M Content,0013y00001cHW5B,Data Cloud,2025-10-01,2025-10-01,0013y00001cHW5BQAW
1,1:M Content,0013000000GMPnW,Data Cloud,2024-10-01,2024-09-01,0013000000GMPnWAAX
1,1:M Content,001ed00000OINrd,Data Cloud,2025-04-01,2025-04-01,001ed00000OINrdYAH
1,1:M Content,00130000009hFp5,Data Cloud,2025-09-01,2025-09-01,00130000009hFp5AAE
1,1:M Content,0013000000M2MYN,Data Cloud,2024-09-01,2024-09-01,0013000000M2MYNAA3
1,1:M Content,0013000001L6GgX,Data Cloud,2025-07-01,2025-06-01,0013000001L6GgXAAV
1,1:M Content,0010M00001UM3EN,Data Cloud,2025-07-01,2025-07-01,0010M00001UM3ENQA1
1,1:M Content,0013000000LzUqf,Data Cloud,2025-07-01,2025-07-01,0013000000LzUqfAAF
1,1:M Content,00100000001FeOO,Data Cloud,2025-06-01,2025-06-01,00100000001FeOOAA0
1,1:M Content,0010M00001U44r7,Data Cloud,2025-04-01,2025-04-01,0010M00001U44r7QAB
1,1:M Content,0013y00001foaGN,Data Cloud,2025-08-01,2025-08-01,0013y00001foaGNQAY
1,1:M Content,001ed00000F8NtK,Data Cloud,2025-02-01,2025-02-01,001ed00000F8NtKYAV
1,1:M Content,001ed00000Ijrp1,Data Cloud,2025-06-01,2025-06-01,001ed00000Ijrp1YAB
1,1:M Content,0013000001MsBH4,Data Cloud,2025-11-01,2025-11-01,0013000001MsBH4AAN
1,1:M Content,0013000000NQhgD,Data Cloud,2025-06-01,2025-06-01,0013000000NQhgDAAT
1,1:M Content,0013000000NPEtp,Data Cloud,2025-06-01,2025-06-01,0013000000NPEtpAAH
1,1:M Content,00100000000y4SW,Data Cloud,2024-11-01,2024-11-01,00100000000y4SWAAY
1,1:M Content,0013000000Zm0vd,Data Cloud,2024-12-01,2024-12-01,0013000000Zm0vdAAB
1,1:M Content,001000000027UZ7,Data Cloud,2025-07-01,2025-06-01,001000000027UZ7AAM
1,1:M Content,00130000002xI8x,Data Cloud,2025-10-01,2025-10-01,00130000002xI8xAAE
1,1:M Content,00130000002EV4z,Data Cloud,2025-12-01,2025-12-01,00130000002EV4zAAG
1,1:M Content,0013000000rpZHi,Data Cloud,2025-05-01,2025-05-01,0013000000rpZHiAAM
1,1:M Content,001ed000009642E,Data Cloud,2024-11-01,2024-11-01,001ed000009642EYAQ
1,1:M Content,0013000001GjElt,Data Cloud,2025-04-01,2025-03-01,0013000001GjEltAAF
1,1:M Content,0013000000ZkEvE,Data Cloud,2024-08-01,2024-08-01,0013000000ZkEvEAAV
1,1:M Content,00100000001ow6d,Data Cloud,2025-06-01,2025-06-01,00100000001ow6dAAA
1,1:M Content,00130000000ThYN,Data Cloud,2025-05-01,2025-05-01,00130000000ThYNAA0
1,1:M Content,0013y00001cs1mf,Data Cloud,2025-10-01,2025-10-01,0013y00001cs1mfQAA
3,1:M Content,00130000009zAXX,Data Cloud,2025-05-01,2025-05-01,00130000009zAXXAA2
2,1:M Content,0013000001NX8to,Data Cloud,2025-09-01,2025-09-01,0013000001NX8toAAD
2,1:M Content,001ed00000GDurE,Data Cloud,2025-11-01,2025-11-01,001ed00000GDurEYAT
3,1:M Content,0013000000NQhgD,Data Cloud,2024-10-01,2024-10-01,0013000000NQhgDAAT
3,1:M Content,0013000001Fg6C7,Data Cloud,2025-11-01,2025-11-01,0013000001Fg6C7AAJ
2,1:M Content,0010M00001bm1vZ,Data Cloud,2025-12-01,2025-12-01,0010M00001bm1vZQAQ
2,1:M Content,00100000001Y4Kj,Data Cloud,2025-12-01,2025-12-01,00100000001Y4KjAAK
2,1:M Content,0013y00001gERPk,Data Cloud,2025-08-01,2025-08-01,0013y00001gERPkQAO
1,Success Architects,0013000001GXFhT,Data Cloud,2024-04-01,2024-03-01,0013000001GXFhTAAX
1,Success Guides,00100000001KsNj,Data Cloud,2025-06-01,2025-05-01,00100000001KsNjAAK
1,Success Guides,0013y00001cChAp,Data Cloud,2025-11-01,2025-11-01,0013y00001cChApQAK
1,Success Guides,00130000002YBB6,Data Cloud,2025-11-01,2025-10-01,00130000002YBB6AAO
1,Success Guides,0013y00001bu6Mu,Data Cloud,2023-12-01,2023-11-01,0013y00001bu6MuQAI
1,Success Architects,0013000001GXLgo,Data Cloud,2025-07-01,2025-05-01,0013000001GXLgoAAH
1,Success Guides,0010M00001WkVed,Data Cloud,2025-11-01,2025-11-01,0010M00001WkVedQAF
1,Success Guides,00130000016k7oI,Data Cloud,2025-06-01,2025-05-01,00130000016k7oIAAQ
1,Success Architects,00100000001qYN7,Data Cloud,2025-07-01,2025-06-01,00100000001qYN7AAM
1,Success Guides,0010M00001WJTfd,Data Cloud,2025-05-01,2025-05-01,0010M00001WJTfdQAH
1,Success Architects,00130000009hFp5,Data Cloud,2025-05-01,2025-02-01,00130000009hFp5AAE
1,Success Guides,00130000016gaJ3,Data Cloud,2022-12-01,2022-12-01,00130000016gaJ3AAI
1,Success Guides,00100000001nu5D,Data Cloud,2025-10-01,2025-09-01,00100000001nu5DAAQ
1,Onboarding Specialists,0013000000KxDMK,Data Cloud,2025-07-01,2025-05-01,0013000000KxDMKAA3
1,Success Architects,0013000000rp7rT,Data Cloud,2024-05-01,2024-04-01,0013000000rp7rTAAQ
1,Success Guides,0013000000Lifj8,Data Cloud,2025-01-01,2024-11-01,0013000000Lifj8AAB
1,Success Architects,0013000001CCpyb,Data Cloud,2025-06-01,2025-06-01,0013000001CCpybAAD
1,Success Architects,0013y00001cShv1,Data Cloud,2024-08-01,2024-07-01,0013y00001cShv1QAC
1,Success Guides,0013y00001eWzvB,Data Cloud,2024-11-01,2024-11-01,0013y00001eWzvBQAS
1,Success Guides,0010M00001WaNKC,Data Cloud,2025-03-01,2025-02-01,0010M00001WaNKCQA3
1,Success Guides,00100000001E1OP,Data Cloud,2025-04-01,2025-04-01,00100000001E1OPAA0
1,Success Guides,0013000001CB6Ob,Data Cloud,2024-02-01,2024-01-01,0013000001CB6ObAAL
1,Onboarding Specialists,0013000000M1wST,Data Cloud,2025-09-01,2025-09-01,0013000000M1wSTAAZ
1,Success Guides,00130000002xdVy,Data Cloud,2024-07-01,2024-05-01,00130000002xdVyAAI
1,Success Guides,00130000009aNB2,Data Cloud,2025-12-01,2025-11-01,00130000009aNB2AAM
1,Success Guides,0013000001JyKMn,Data Cloud,2025-09-01,2025-08-01,0013000001JyKMnAAN
1,Success Architects,0013y00001dKzrH,Data Cloud,2025-03-01,2025-01-01,0013y00001dKzrHQAS
1,Onboarding Specialists,0010M00001QqcP8,Data Cloud,2025-09-01,2025-08-01,0010M00001QqcP8QAJ
1,Success Architects,00100000000sJgG,Data Cloud,2025-07-01,2025-06-01,00100000000sJgGAAU
1,Success Architects,0013000001JzLy2,Data Cloud,2025-05-01,2025-05-01,0013000001JzLy2AAF
1,Success Architects,00130000001S780,Data Cloud,2025-03-01,2025-03-01,00130000001S780AAC
1,Success Guides,0010M00001WZmuf,Data Cloud,2025-09-01,2025-09-01,0010M00001WZmufQAD
1,Success Architects,00130000004mdMn,Data Cloud,2024-09-01,2024-08-01,00130000004mdMnAAI
1,Onboarding Specialists,0013y00001cfkxD,Data Cloud,2024-03-01,2024-02-01,0013y00001cfkxDQAQ
1,Onboarding Specialists,0013000000ZmZIf,Data Cloud,2023-07-01,2023-06-01,0013000000ZmZIfAAN
16,Success Architects,,Data Cloud,2025-10-01,2025-08-01
2,Success Architects,0013000000ALdWo,Data Cloud,2024-04-01,2024-03-01,0013000000ALdWoAAL
5,Success Guides,0013y00001ck5IV,Data Cloud,2025-12-01,2025-12-01,0013y00001ck5IVQAY
2,Success Guides,0013000000NQR28,Data Cloud,2024-11-01,2024-11-01,0013000000NQR28AAH
2,Success Guides,0013y00001Z1KVe,Data Cloud,2025-11-01,2025-11-01,0013y00001Z1KVeQAN
2,Success Guides,0013y00001cHXPw,Data Cloud,2025-10-01,2025-10-01,0013y00001cHXPwQAO
1,1:M Content,001ed00000UwQYj,Data Cloud,2025-06-01,2025-06-01,001ed00000UwQYjYAN
1,1:M Content,0010M00001Jzoyf,Data Cloud,2025-10-01,2025-10-01,0010M00001JzoyfQAB
1,1:M Content,0013000000NPdSv,Data Cloud,2025-04-01,2025-04-01,0013000000NPdSvAAL
1,1:M Content,0013000001JcoNq,Data Cloud,2025-02-01,2025-02-01,0013000001JcoNqAAJ
1,1:M Content,00130000016j4Tt,Data Cloud,2025-02-01,2025-02-01,00130000016j4TtAAI
1,1:M Content,0013y00001d9KMd,Data Cloud,2025-10-01,2025-09-01,0013y00001d9KMdQAM
1,1:M Content,0010M00001WJD5T,Data Cloud,2025-03-01,2025-03-01,0010M00001WJD5TQAX
1,1:M Content,0013y00001fSzMz,Data Cloud,2025-11-01,2025-11-01,0013y00001fSzMzQAK
1,1:M Content,0013000001JyoVv,Data Cloud,2025-11-01,2025-11-01,0013000001JyoVvAAJ
1,1:M Content,0013000001J4lme,Data Cloud,2025-04-01,2025-04-01,0013000001J4lmeAAB
1,1:M Content,0013y00001dXHBE,Data Cloud,2025-10-01,2025-10-01,0013y00001dXHBEQA4
1,1:M Content,0013000000HlAOj,Data Cloud,2025-11-01,2025-11-01,0013000000HlAOjAAN
1,1:M Content,00130000003Nevx,Data Cloud,2025-08-01,2025-08-01,00130000003NevxAAC
1,1:M Content,0013y00001cygy1,Data Cloud,2024-09-01,2024-09-01,0013y00001cygy1QAA
1,1:M Content,0013000001KYSmT,Data Cloud,2024-08-01,2024-07-01,0013000001KYSmTAAX
1,1:M Content,00130000002oZ1J,Data Cloud,2024-10-01,2024-10-01,00130000002oZ1JAAU
1,1:M Content,0013000000M2MYN,Data Cloud,2025-07-01,2025-07-01,0013000000M2MYNAA3
1,1:M Content,001000000027wI3,Data Cloud,2024-10-01,2024-10-01,001000000027wI3AAI
1,1:M Content,0013y00001c8Pdt,Data Cloud,2025-12-01,2025-12-01,0013y00001c8PdtQAE
1,1:M Content,0013000000JzTEJ,Data Cloud,2024-12-01,2024-12-01,0013000000JzTEJAA3
1,1:M Content,0013000000ZmQlH,Data Cloud,2024-03-01,2024-03-01,0013000000ZmQlHAAV
1,1:M Content,0013000000ZjcO4,Data Cloud,2025-04-01,2025-04-01,0013000000ZjcO4AAJ
1,1:M Content,00130000001g8Vb,Data Cloud,2025-10-01,2025-10-01,00130000001g8VbAAI
1,1:M Content,001ed00000MTFge,Data Cloud,2025-04-01,2025-04-01,001ed00000MTFgeYAH
1,1:M Content,001000000001zcf,Data Cloud,2025-08-01,2025-08-01,001000000001zcfAAA
1,1:M Content,0013y00001c4gwV,Data Cloud,2025-02-01,2025-02-01,0013y00001c4gwVQAQ
1,1:M Content,0013y00001hE8XX,Data Cloud,2024-07-01,2024-07-01,0013y00001hE8XXQA0
1,1:M Content,0013000001MrUPT,Data Cloud,2025-02-01,2025-02-01,0013000001MrUPTAA3
1,1:M Content,0013y00001foaGN,Data Cloud,2025-09-01,2025-09-01,0013y00001foaGNQAY
1,1:M Content,0013y00001bfAwW,Data Cloud,2024-02-01,2024-02-01,0013y00001bfAwWQAU
1,1:M Content,0013000000RXdRy,Data Cloud,2024-03-01,2024-03-01,0013000000RXdRyAAL
1,1:M Content,00130000004UfHd,Data Cloud,2024-11-01,2024-11-01,00130000004UfHdAAK
1,1:M Content,0010M00001UMDzL,Data Cloud,2025-09-01,2025-09-01,0010M00001UMDzLQAX
1,1:M Content,0013000001L62wY,Data Cloud,2024-10-01,2024-09-01,0013000001L62wYAAR
3,1:M Content,0013000001JzNbW,Data Cloud,2025-11-01,2025-11-01,0013000001JzNbWAAV
4,1:M Content,00100000001qYN7,Data Cloud,2025-08-01,2025-08-01,00100000001qYN7AAM
4,1:M Content,0013y00001crf0n,Data Cloud,2025-07-01,2025-07-01,0013y00001crf0nQAA
2,1:M Content,0013y00001dy10t,Data Cloud,2025-09-01,2025-09-01,0013y00001dy10tQAA
2,1:M Content,0013000000ro8zj,Data Cloud,2025-10-01,2025-10-01,0013000000ro8zjAAA
3,1:M Content,00130000003Nevx,Data Cloud,2025-10-01,2025-10-01,00130000003NevxAAC
2,1:M Content,0013000000NSrEk,Data Cloud,2025-06-01,2025-06-01,0013000000NSrEkAAL
1,Success Guides,0010M00001WaD1Q,Data Cloud,2025-09-01,2025-08-01,0010M00001WaD1QQAV
1,Success Guides,0013y00001cCXv9,Data Cloud,2024-07-01,2024-06-01,0013y00001cCXv9QAG
1,Success Architects,0013000001GXLgo,Data Cloud,2025-04-01,2025-03-01,0013000001GXLgoAAH
1,Success Guides,0010M00001Yb35z,Data Cloud,2025-07-01,2025-06-01,0010M00001Yb35zQAB
1,Success Architects,0013y00001h6GEY,Data Cloud,2025-04-01,2025-02-01,0013y00001h6GEYQA2
1,Onboarding Specialists,00130000016ik2c,Data Cloud,2024-10-01,2024-09-01,00130000016ik2cAAA
1,Success Architects,0013000001FbNWD,Data Cloud,2025-01-01,2024-12-01,0013000001FbNWDAA3
1,Success Architects,00100000001L5zm,Data Cloud,2024-12-01,2024-10-01,00100000001L5zmAAC
1,Success Guides,0010M00001Yu8OS,Data Cloud,2025-09-01,2025-09-01,0010M00001Yu8OSQAZ
1,Success Guides,0010M00001NYrhp,Data Cloud,2024-10-01,2024-09-01,0010M00001NYrhpQAD
1,Success Guides,001ed000006Ywz0,Data Cloud,2025-11-01,2025-09-01,001ed000006Ywz0YAC
1,Success Architects,0013000000K13F4,Data Cloud,2024-10-01,2024-07-01,0013000000K13F4AAJ
1,Onboarding Specialists,0013000001Gh4Xf,Data Cloud,2025-10-01,2025-10-01,0013000001Gh4XfAAJ
1,Success Guides,0013000001CC5oz,Data Cloud,2023-10-01,2023-09-01,0013000001CC5ozAAD
1,Success Guides,0013y00001dOLbj,Data Cloud,2024-12-01,2024-11-01,0013y00001dOLbjQAG
1,Success Architects,001ed000006Ywz0,Data Cloud,2025-05-01,2025-04-01,001ed000006Ywz0YAC
1,Success Guides,00130000002xL6L,Data Cloud,2024-10-01,2024-09-01,00130000002xL6LAAU
1,Success Guides,0013000000rms93,Data Cloud,2025-11-01,2025-11-01,0013000000rms93AAA
1,Success Guides,0013000000RXVwg,Data Cloud,2025-08-01,2025-08-01,0013000000RXVwgAAH
1,Onboarding Specialists,0010M00001WZmyE,Data Cloud,2024-08-01,2024-06-01,0010M00001WZmyEQAT
1,Success Guides,00130000008eaSm,Data Cloud,2025-07-01,2025-06-01,00130000008eaSmAAI
1,Success Guides,0013y00001crXv0,Data Cloud,2025-07-01,2025-07-01,0013y00001crXv0QAE
1,Onboarding Specialists,0013000001L6Gw8,Data Cloud,2025-05-01,2025-02-01,0013000001L6Gw8AAF
1,Success Guides,0013000000hKnkB,Data Cloud,2024-03-01,2024-02-01,0013000000hKnkBAAS
1,Success Architects,00130000002xL6L,Data Cloud,2025-02-01,2025-02-01,00130000002xL6LAAU
1,Success Architects,0013000000M2MYN,Data Cloud,2025-02-01,2025-01-01,0013000000M2MYNAA3
1,Onboarding Specialists,0013y00001fSv39,Data Cloud,2025-05-01,2025-01-01,0013y00001fSv39QAC
1,Success Guides,00100000002991G,Data Cloud,2025-04-01,2025-04-01,00100000002991GAAQ
1,Success Guides,00130000016iy4M,Data Cloud,2025-12-01,2025-11-01,00130000016iy4MAAQ
1,Success Architects,0010M00001SJRwo,Data Cloud,2025-10-01,2025-07-01,0010M00001SJRwoQAH
1,Success Guides,0013000000NQWZe,Data Cloud,2025-12-01,2025-12-01,0013000000NQWZeAAP
1,Success Guides,0013000000RZ6yi,Data Cloud,2024-07-01,2024-07-01,0013000000RZ6yiAAD
1,Success Architects,00100000001X1Of,Data Cloud,2025-06-01,2025-05-01,00100000001X1OfAAK
1,Success Guides,0010M00001QnpcF,Data Cloud,2024-12-01,2024-11-01,0010M00001QnpcFQAR
1,Success Architects,00100000001SUxV,Data Cloud,2025-08-01,2025-05-01,00100000001SUxVAAW
1,Success Architects,00130000002xL6L,Data Cloud,2025-06-01,2025-06-01,00130000002xL6LAAU
1,Success Guides,001000000028nek,Data Cloud,2024-06-01,2024-05-01,001000000028nekAAA
1,Success Guides,0010M00001QnUsQ,Data Cloud,2025-12-01,2025-11-01,0010M00001QnUsQQAV
1,Onboarding Specialists,0013000000NSHlh,Data Cloud,2025-11-01,2025-10-01,0013000000NSHlhAAH
1,Success Guides,0013000000Ikqwy,Data Cloud,2023-04-01,2023-04-01,0013000000IkqwyAAB
1,Success Guides,0010M00001QqtGo,Data Cloud,2025-12-01,2025-11-01,0010M00001QqtGoQAJ
1,Success Guides,0013y00001cSVkJ,Data Cloud,2025-01-01,2025-01-01,0013y00001cSVkJQAW
4,Success Guides,0013y00001fKxPY,Data Cloud,2025-12-01,2025-12-01,0013y00001fKxPYQA0
14,Success Architects,,Data Cloud,2025-12-01,2025-12-01
2,Success Architects,0013y00001cQ60V,Data Cloud,2025-05-01,2025-05-01,0013y00001cQ60VQAS
2,Success Architects,,Data Cloud,2026-01-01,2025-10-01
2,Success Guides,0013000001NXdCO,Data Cloud,2024-05-01,2024-05-01,0013000001NXdCOAA1
1,1:M Content,001ed00000407bt,Data Cloud,2024-12-01,2024-12-01,001ed00000407btYAA
1,1:M Content,0013y00001eEMQM,Data Cloud,2025-11-01,2025-11-01,0013y00001eEMQMQA4
1,1:M Content,0013y00001cyfug,Data Cloud,2025-05-01,2025-05-01,0013y00001cyfugQAA
1,1:M Content,0013000001CCEf4,Data Cloud,2025-08-01,2025-08-01,0013000001CCEf4AAH
1,1:M Content,0013y00001cChmU,Data Cloud,2025-12-01,2025-12-01,0013y00001cChmUQAS
1,1:M Content,0013000001CDsqg,Data Cloud,2025-08-01,2025-08-01,0013000001CDsqgAAD
1,1:M Content,0013000000LzUqf,Data Cloud,2025-10-01,2025-10-01,0013000000LzUqfAAF
1,1:M Content,00100000001X1Of,Data Cloud,2024-12-01,2024-12-01,00100000001X1OfAAK
1,1:M Content,0013y00001d72j4,Data Cloud,2025-11-01,2025-11-01,0013y00001d72j4QAA
1,1:M Content,0013y00001hE8eE,Data Cloud,2024-07-01,2024-07-01,0013y00001hE8eEQAS
1,1:M Content,00130000002xU2x,Data Cloud,2025-05-01,2025-05-01,00130000002xU2xAAE
1,1:M Content,0013000000rpsTK,Data Cloud,2025-06-01,2025-06-01,0013000000rpsTKAAY
1,1:M Content,0013y00001gERPk,Data Cloud,2025-01-01,2025-01-01,0013y00001gERPkQAO
1,1:M Content,001ed00000aTRT9,Data Cloud,2025-08-01,2025-08-01,001ed00000aTRT9YAO
1,1:M Content,0013y00001c7O1c,Data Cloud,2025-05-01,2025-05-01,0013y00001c7O1cQAE
1,1:M Content,0013000000rqpm5,Data Cloud,2025-07-01,2025-07-01,0013000000rqpm5AAA
1,1:M Content,0010M00001Jzmen,Data Cloud,2025-03-01,2025-03-01,0010M00001JzmenQAB
1,1:M Content,0013000000Zjai8,Data Cloud,2025-08-01,2025-08-01,0013000000Zjai8AAB
1,1:M Content,00130000002xL6L,Data Cloud,2025-08-01,2025-08-01,00130000002xL6LAAU
1,1:M Content,0010M00001WJdru,Data Cloud,2025-11-01,2025-11-01,0010M00001WJdruQAD
1,1:M Content,0010M00001VMbx4,Data Cloud,2025-07-01,2025-07-01,0010M00001VMbx4QAD
1,1:M Content,0013y00001dXHBE,Data Cloud,2025-11-01,2025-11-01,0013y00001dXHBEQA4
1,1:M Content,00100000000FHU2,Data Cloud,2024-12-01,2024-12-01,00100000000FHU2AAO
1,1:M Content,0013000001GHjIs,Data Cloud,2025-09-01,2025-09-01,0013000001GHjIsAAL
1,1:M Content,0010M00001XyAPj,Data Cloud,2025-12-01,2025-12-01,0010M00001XyAPjQAN
1,1:M Content,0010M00001UMcMP,Data Cloud,2025-09-01,2025-09-01,0010M00001UMcMPQA1
1,1:M Content,00100000001Y4Kj,Data Cloud,2025-11-01,2025-11-01,00100000001Y4KjAAK
1,1:M Content,001ed00000Icl0M,Data Cloud,2025-05-01,2025-05-01,001ed00000Icl0MYAR
1,1:M Content,0013000000Raquy,Data Cloud,2025-08-01,2025-08-01,0013000000RaquyAAB
1,1:M Content,0013y00001exoYT,Data Cloud,2024-03-01,2024-03-01,0013y00001exoYTQAY
1,1:M Content,0013000000RYbGf,Data Cloud,2025-01-01,2025-01-01,0013000000RYbGfAAL
1,1:M Content,00130000002xL3M,Data Cloud,2025-09-01,2025-09-01,00130000002xL3MAAU
2,1:M Content,0013y00001eXR1l,Data Cloud,2025-10-01,2025-10-01,0013y00001eXR1lQAG
2,1:M Content,0013000000rprvm,Data Cloud,2025-08-01,2025-08-01,0013000000rprvmAAA
5,1:M Content,0010M00001XyAva,Data Cloud,2025-11-01,2025-11-01,0010M00001XyAvaQAF
2,1:M Content,0013y00001gcpSS,Data Cloud,2025-02-01,2025-02-01,0013y00001gcpSSQAY
4,1:M Content,0010M00001XyAva,Data Cloud,2025-06-01,2025-06-01,0010M00001XyAvaQAF
3,1:M Content,0010M00001SemY6,Data Cloud,2025-05-01,2025-05-01,0010M00001SemY6QAJ
2,1:M Content,0013y00001g9hVy,Data Cloud,2025-10-01,2025-10-01,0013y00001g9hVyQAI
1,Success Guides,0013000000IkqwR,Data Cloud,2025-03-01,2025-02-01,0013000000IkqwRAAR
1,Success Guides,0010M00001SISJc,Data Cloud,2024-09-01,2024-08-01,0010M00001SISJcQAP
1,Success Guides,0013y00001cQENI,Data Cloud,2024-03-01,2024-02-01,0013y00001cQENIQA4
1,Success Guides,0013y00001cseuU,Data Cloud,2025-12-01,2025-12-01,0013y00001cseuUQAQ
1,Success Guides,0013y00001ck4RW,Data Cloud,2025-11-01,2025-10-01,0013y00001ck4RWQAY
1,Success Guides,0013000001LWpG8,Data Cloud,2025-12-01,2025-12-01,0013000001LWpG8AAL
1,Success Guides,0010M00001QlrS4,Data Cloud,2025-04-01,2025-03-01,0010M00001QlrS4QAJ
1,Success Guides,0013000000ZkqjU,Data Cloud,2025-02-01,2025-01-01,0013000000ZkqjUAAR
1,Onboarding Specialists,0013000000JJgYS,Data Cloud,2025-11-01,2025-08-01,0013000000JJgYSAA1
1,Success Guides,0013y00001fSmTw,Data Cloud,2025-11-01,2025-11-01,0013y00001fSmTwQAK
1,Success Guides,0010000000135rX,Data Cloud,2024-11-01,2024-10-01,0010000000135rXAAQ
1,Success Architects,0013y00001fSuSm,Data Cloud,2025-03-01,2025-02-01,0013y00001fSuSmQAK
1,Onboarding Specialists,0010M00001JzeYs,Data Cloud,2024-12-01,2024-11-01,0010M00001JzeYsQAJ
1,Success Architects,0013y00001cQ60V,Data Cloud,2025-05-01,2025-04-01,0013y00001cQ60VQAS
1,Success Guides,0010M00001Smwui,Data Cloud,2025-12-01,2025-12-01,0010M00001SmwuiQAB
1,Success Architects,00130000002xYWy,Data Cloud,2025-01-01,2024-09-01,00130000002xYWyAAM
1,Success Guides,0010M00001Spssg,Data Cloud,2025-12-01,2025-11-01,0010M00001SpssgQAB
1,Success Guides,0013000000ZjcBW,Data Cloud,2025-12-01,2025-10-01,0013000000ZjcBWAAZ
1,Success Guides,0013y00001fElwJ,Data Cloud,2025-12-01,2025-11-01,0013y00001fElwJQAS
1,Success Guides,0013y00001d6ynM,Data Cloud,2025-06-01,2025-06-01,0013y00001d6ynMQAQ
1,Success Guides,00100000001Siph,Data Cloud,2024-10-01,2024-06-01,00100000001SiphAAC
1,Success Guides,0013000000Rb1WC,Data Cloud,2025-03-01,2025-02-01,0013000000Rb1WCAAZ
1,Success Guides,00130000006c9Nb,Data Cloud,2025-06-01,2025-06-01,00130000006c9NbAAI
1,Success Guides,00100000001CwRx,Data Cloud,2024-03-01,2024-02-01,00100000001CwRxAAK
1,Success Guides,0013000000hLTSq,Data Cloud,2025-01-01,2024-12-01,0013000000hLTSqAAO
1,Success Guides,0013000001CA9kL,Data Cloud,2025-12-01,2025-11-01,0013000001CA9kLAAT
1,Success Guides,0010M00001bbxsZ,Data Cloud,2025-10-01,2025-09-01,0010M00001bbxsZQAQ
1,Success Guides,001ed00000KJibK,Data Cloud,2025-11-01,2025-10-01,001ed00000KJibKYAT
1,Success Architects,001ed000009guBz,Data Cloud,2025-08-01,2025-07-01,001ed000009guBzYAI
1,Onboarding Specialists,0010M00001WY2nM,Data Cloud,2025-12-01,2025-11-01,0010M00001WY2nMQAT
1,Success Guides,00130000016iTJ1,Data Cloud,2025-10-01,2025-10-01,00130000016iTJ1AAM
1,Success Guides,0013000001MrUDD,Data Cloud,2025-12-01,2025-11-01,0013000001MrUDDAA3
1,Success Guides,0013000000rotO4,Data Cloud,2024-03-01,2024-03-01,0013000000rotO4AAI
1,Success Guides,0013y00001cZeNl,Data Cloud,2025-10-01,2025-10-01,0013y00001cZeNlQAK
1,Success Guides,0013000000RXMU4,Data Cloud,2025-10-01,2025-10-01,0013000000RXMU4AAP
1,Onboarding Specialists,00100000001pJD7,Data Cloud,2024-03-01,2024-01-01,00100000001pJD7AAM
1,Success Guides,0013000000KaZ48,Data Cloud,2025-09-01,2025-08-01,0013000000KaZ48AAF
1,Success Guides,0013y00001Y0lHm,Data Cloud,2024-07-01,2024-05-01,0013y00001Y0lHmQAJ
1,Success Architects,0013y00001eEIpo,Data Cloud,2024-09-01,2024-09-01,0013y00001eEIpoQAG
1,Success Architects,0013000001MrsmK,Data Cloud,2024-11-01,2024-10-01,0013000001MrsmKAAR
1,Success Guides,0013000000Gtuvz,Data Cloud,2023-02-01,2023-01-01,0013000000GtuvzAAB
1,Onboarding Specialists,0013000001GWf87,Data Cloud,2025-12-01,2025-12-01,0013000001GWf87AAD
1,Success Architects,0013000000ronZU,Data Cloud,2024-04-01,2024-03-01,0013000000ronZUAAY
1,Onboarding Specialists,0013000000AJElr,Data Cloud,2025-11-01,2025-10-01,0013000000AJElrAAH
1,Success Guides,0013y00001gDjaa,Data Cloud,2025-03-01,2025-03-01,0013y00001gDjaaQAC
1,Success Guides,00130000016gDov,Data Cloud,2025-06-01,2025-06-01,00130000016gDovAAE
1,Success Guides,00100000002IkOz,Data Cloud,2025-10-01,2025-09-01,00100000002IkOzAAK
1,Success Guides,0013000000hKO7i,Data Cloud,2025-11-01,2025-11-01,0013000000hKO7iAAG
1,Success Architects,00130000000cz3V,Data Cloud,2024-12-01,2024-10-01,00130000000cz3VAAQ
1,Success Architects,001000000004aOo,Data Cloud,2025-09-01,2025-07-01,001000000004aOoAAI
1,Onboarding Specialists,0013000000NPfGK,Data Cloud,2024-12-01,2024-12-01,0013000000NPfGKAA1
1,Success Guides,0013000001L6Bi9,Data Cloud,2025-09-01,2025-08-01,0013000001L6Bi9AAF
1,Success Architects,0013y00001cyiXH,Data Cloud,2024-04-01,2024-03-01,0013y00001cyiXHQAY
1,Success Guides,0013000000M2oAL,Data Cloud,2025-01-01,2024-12-01,0013000000M2oALAAZ
1,Success Guides,0013000000DSuGO,Data Cloud,2024-02-01,2024-01-01,0013000000DSuGOAA1
1,Success Guides,0013000001GXjnj,Data Cloud,2025-04-01,2025-03-01,0013000001GXjnjAAD
1,Success Guides,0013000000E1rjU,Data Cloud,2025-08-01,2025-07-01,0013000000E1rjUAAR
1,Success Architects,001ed000003kaze,Data Cloud,2025-01-01,2024-12-01,001ed000003kazeYAA
2,Success Guides,0013000000hLidY,Data Cloud,2024-10-01,2024-10-01,0013000000hLidYAAS
2,Success Guides,0010M00001Yu8OS,Data Cloud,2025-11-01,2025-11-01,0010M00001Yu8OSQAZ
1,1:M Content,00130000002xS2p,Data Cloud,2025-12-01,2025-12-01,00130000002xS2pAAE
1,1:M Content,0010M00001S9KiB,Data Cloud,2024-08-01,2024-07-01,0010M00001S9KiBQAV
1,1:M Content,0013y00001ch7t1,Data Cloud,2024-12-01,2024-12-01,0013y00001ch7t1QAA
1,1:M Content,0013y00001g9G0X,Data Cloud,2024-05-01,2024-05-01,0013y00001g9G0XQAU
1,1:M Content,0013000000RadM4,Data Cloud,2025-06-01,2025-06-01,0013000000RadM4AAJ
1,1:M Content,0013000000rpXG1,Data Cloud,2025-10-01,2025-10-01,0013000000rpXG1AAM
1,1:M Content,001ed00000YPxao,Data Cloud,2025-07-01,2025-07-01,001ed00000YPxaoYAD
1,1:M Content,001ed00000CeSI1,Data Cloud,2024-12-01,2024-12-01,001ed00000CeSI1YAN
1,1:M Content,0013000000NRviZ,Data Cloud,2025-07-01,2025-07-01,0013000000NRviZAAT
1,1:M Content,001000000027atx,Data Cloud,2025-07-01,2025-07-01,001000000027atxAAA
1,1:M Content,0013000001GXaVu,Data Cloud,2025-10-01,2025-09-01,0013000001GXaVuAAL
1,1:M Content,0013000001NWoOO,Data Cloud,2025-06-01,2025-06-01,0013000001NWoOOAA1
1,1:M Content,0013000000ZkSXn,Data Cloud,2025-05-01,2025-05-01,0013000000ZkSXnAAN
1,1:M Content,0013000000GJHEU,Data Cloud,2025-06-01,2025-06-01,0013000000GJHEUAA5
1,1:M Content,0013y00001cTGTz,Data Cloud,2025-03-01,2025-03-01,0013y00001cTGTzQAO
1,1:M Content,0010M00001WaOgJ,Data Cloud,2025-11-01,2025-11-01,0010M00001WaOgJQAV
1,1:M Content,0013y00001g9gju,Data Cloud,2024-08-01,2024-08-01,0013y00001g9gjuQAA
1,1:M Content,0013000000M2MYv,Data Cloud,2025-08-01,2025-08-01,0013000000M2MYvAAN
1,1:M Content,0013y00001d9EsL,Data Cloud,2025-10-01,2025-10-01,0013y00001d9EsLQAU
1,1:M Content,0010M00001XxvJ4,Data Cloud,2025-12-01,2025-12-01,0010M00001XxvJ4QAJ
1,1:M Content,0013000000hKBWa,Data Cloud,2024-07-01,2024-07-01,0013000000hKBWaAAO
1,1:M Content,0010M00001QlxtG,Data Cloud,2025-09-01,2025-09-01,0010M00001QlxtGQAR
1,1:M Content,0013000000RXdRy,Data Cloud,2024-10-01,2024-10-01,0013000000RXdRyAAL
1,1:M Content,001000000027wJl,Data Cloud,2024-11-01,2024-11-01,001000000027wJlAAI
1,1:M Content,001ed00000Yl1l6,Data Cloud,2025-07-01,2025-07-01,001ed00000Yl1l6YAB
1,1:M Content,0013y00001cTKX7,Data Cloud,2025-09-01,2025-09-01,0013y00001cTKX7QAO
1,1:M Content,0013y00001c6cql,Data Cloud,2025-05-01,2025-05-01,0013y00001c6cqlQAA
1,1:M Content,0010M00001WkMIC,Data Cloud,2025-07-01,2025-07-01,0010M00001WkMICQA3
1,1:M Content,0013y00001gFF1J,Data Cloud,2024-08-01,2024-08-01,0013y00001gFF1JQAW
1,1:M Content,00100000001DUQr,Data Cloud,2025-07-01,2025-07-01,00100000001DUQrAAO
1,1:M Content,0013000001Jy6GX,Data Cloud,2025-08-01,2025-08-01,0013000001Jy6GXAAZ
1,1:M Content,001ed00000eH1Go,Data Cloud,2025-08-01,2025-08-01,001ed00000eH1GoYAK
1,1:M Content,0013000001CCCa0,Data Cloud,2024-07-01,2024-07-01,0013000001CCCa0AAH
1,1:M Content,0010M00001cCW6E,Data Cloud,2025-07-01,2025-07-01,0010M00001cCW6EQAW
1,1:M Content,0010M00001cHSfU,Data Cloud,2025-02-01,2025-02-01,0010M00001cHSfUQAW
1,1:M Content,0010000000000h9,Data Cloud,2024-12-01,2024-12-01,0010000000000h9AAA
1,1:M Content,0013000001CCKNH,Data Cloud,2025-01-01,2025-01-01,0013000001CCKNHAA5
1,1:M Content,0013y00001epV6n,Data Cloud,2025-06-01,2025-06-01,0013y00001epV6nQAE
1,1:M Content,0013000000ZkJFl,Data Cloud,2024-03-01,2024-03-01,0013000000ZkJFlAAN
1,1:M Content,00100000000cV1Z,Data Cloud,2024-12-01,2024-12-01,00100000000cV1ZAAU
5,1:M Content,00130000004UfHd,Data Cloud,2025-07-01,2025-07-01,00130000004UfHdAAK
2,1:M Content,0010M00001THETj,Data Cloud,2025-07-01,2025-07-01,0010M00001THETjQAP
2,1:M Content,0013000000RWxyb,Data Cloud,2025-09-01,2025-09-01,0013000000RWxybAAD
2,1:M Content,0013000000K13F4,Data Cloud,2025-11-01,2025-11-01,0013000000K13F4AAJ
1,Success Guides,0010M00001QkdX9,Data Cloud,2025-12-01,2025-11-01,0010M00001QkdX9QAJ
1,Onboarding Specialists,0010M00001QlcaS,Data Cloud,2025-11-01,2025-10-01,0010M00001QlcaSQAR
1,Success Guides,0013y00001ch8dO,Data Cloud,2024-09-01,2024-08-01,0013y00001ch8dOQAQ
1,Success Guides,0013000000Lz6mP,Data Cloud,2025-02-01,2025-02-01,0013000000Lz6mPAAR
1,Success Guides,0013y00001eqjKb,Data Cloud,2024-06-01,2024-06-01,0013y00001eqjKbQAI
1,Success Guides,0010M00001XxlZx,Data Cloud,2025-12-01,2025-11-01,0010M00001XxlZxQAJ
1,Success Guides,00130000002xYO9,Data Cloud,2025-08-01,2025-07-01,00130000002xYO9AAM
1,Onboarding Specialists,0013y00001f9Odl,Data Cloud,2024-05-01,2024-04-01,0013y00001f9OdlQAE
1,Success Architects,0013000000M2LyG,Data Cloud,2024-04-01,2024-04-01,0013000000M2LyGAAV
1,Onboarding Specialists,0013000000M2NHn,Data Cloud,2024-10-01,2024-07-01,0013000000M2NHnAAN
1,Success Guides,0013y00001eBr4u,Data Cloud,2025-09-01,2025-08-01,0013y00001eBr4uQAC
1,Success Guides,0013000000InVb7,Data Cloud,2023-11-01,2023-10-01,0013000000InVb7AAF
1,Success Guides,0013y00001c6rLB,Data Cloud,2025-07-01,2025-06-01,0013y00001c6rLBQAY
1,Success Guides,0010M00001PEmCB,Data Cloud,2024-12-01,2024-12-01,0010M00001PEmCBQA1
1,Onboarding Specialists,001ed00000SQra1,Data Cloud,2025-11-01,2025-07-01,001ed00000SQra1YAD
1,Success Guides,00100000001o8iB,Data Cloud,2025-06-01,2025-05-01,00100000001o8iBAAQ
1,Success Guides,0013y00001c8EWM,Data Cloud,2025-12-01,2025-11-01,0013y00001c8EWMQA2
1,Success Architects,0010M00001WOScB,Data Cloud,2025-04-01,2025-03-01,0010M00001WOScBQAX
1,Success Guides,0013000001KYFES,Data Cloud,2024-04-01,2024-03-01,0013000001KYFESAA5
1,Onboarding Specialists,0013000000ZjJjV,Data Cloud,2025-06-01,2025-06-01,0013000000ZjJjVAAV
1,Success Guides,00130000004IFiW,Data Cloud,2025-09-01,2025-09-01,00130000004IFiWAAW
1,Success Architects,0013y00001eJVSa,Data Cloud,2024-08-01,2024-06-01,0013y00001eJVSaQAO
1,Success Guides,0010M00001NYZIo,Data Cloud,2025-09-01,2025-09-01,0010M00001NYZIoQAP
1,Success Architects,001200000003kHC,Data Cloud,2025-08-01,2025-06-01,001200000003kHCAAY
1,Success Guides,0010M00001UV2m4,Data Cloud,2024-02-01,2024-02-01,0010M00001UV2m4QAD
1,Success Architects,0010M00001UERlI,Data Cloud,2025-06-01,2025-05-01,0010M00001UERlIQAX
1,Success Guides,0013000000Gpu4s,Data Cloud,2025-12-01,2025-12-01,0013000000Gpu4sAAB
1,Success Guides,0013000000M1tEU,Data Cloud,2024-09-01,2024-09-01,0013000000M1tEUAAZ
1,Success Guides,0013y00001dLtC7,Data Cloud,2025-12-01,2025-11-01,0013y00001dLtC7QAK
1,Success Architects,0013y00001eTyuv,Data Cloud,2024-06-01,2024-05-01,0013y00001eTyuvQAC
1,Success Guides,0013000001J71Li,Data Cloud,2025-11-01,2025-10-01,0013000001J71LiAAJ
1,Success Architects,0013y00001fMROE,Data Cloud,2025-08-01,2025-06-01,0013y00001fMROEQA4
1,Success Architects,0013y00001d1oVl,Data Cloud,2025-07-01,2025-06-01,0013y00001d1oVlQAI
1,Success Guides,00130000000koSI,Data Cloud,2024-11-01,2024-11-01,00130000000koSIAAY
1,Success Guides,0013000001GX06l,Data Cloud,2025-02-01,2025-02-01,0013000001GX06lAAD
1,Success Guides,0013y00001cSVkJ,Data Cloud,2024-11-01,2024-11-01,0013y00001cSVkJQAW
1,Success Guides,0010M00001NYeWX,Data Cloud,2025-10-01,2025-09-01,0010M00001NYeWXQA1
1,Onboarding Specialists,0013000000rnxJ8,Data Cloud,2025-12-01,2025-11-01,0013000000rnxJ8AAI
1,Success Architects,0013y00001c8O7Z,Data Cloud,2025-06-01,2025-04-01,0013y00001c8O7ZQAU
1,Success Guides,0013000001GUxJm,Data Cloud,2024-12-01,2024-12-01,0013000001GUxJmAAL
1,Onboarding Specialists,00100000001X1Of,Data Cloud,2025-05-01,2025-04-01,00100000001X1OfAAK
1,Success Guides,0013000000hJJ4F,Data Cloud,2025-11-01,2025-10-01,0013000000hJJ4FAAW
22,Success Architects,,Data Cloud,2025-11-01,2025-09-01
2,Success Guides,0013y00001buMKq,Data Cloud,2025-02-01,2025-02-01,0013y00001buMKqQAM
2,Success Guides,0013000000M2MYN,Data Cloud,2025-05-01,2025-05-01,0013000000M2MYNAA3
2,Success Guides,0013000000Zjm0A,Data Cloud,2025-08-01,2025-08-01,0013000000Zjm0AAAR
2,Success Guides,0010M00001VKbmQ,Data Cloud,2025-01-01,2024-12-01,0010M00001VKbmQQAT
2,Success Guides,00130000007A1iv,Data Cloud,2024-07-01,2024-07-01,00130000007A1ivAAC
1,1:M Content,0010M00001QmhDj,Data Cloud,2025-05-01,2025-05-01,0010M00001QmhDjQAJ
1,1:M Content,0013y00001eJlmm,Data Cloud,2024-11-01,2024-11-01,0013y00001eJlmmQAC
1,1:M Content,0013000000DmE7O,Data Cloud,2025-02-01,2025-02-01,0013000000DmE7OAAV
1,1:M Content,001ed000001cD6y,Data Cloud,2024-09-01,2024-09-01,001ed000001cD6yYAE
1,1:M Content,0013000000CcYix,Data Cloud,2025-03-01,2025-03-01,0013000000CcYixAAF
1,1:M Content,0013000000JYd3l,Data Cloud,2025-06-01,2025-06-01,0013000000JYd3lAAD
1,1:M Content,0013000000Raquy,Data Cloud,2024-12-01,2024-12-01,0013000000RaquyAAB
1,1:M Content,0010M00001WIAZI,Data Cloud,2024-12-01,2024-12-01,0010M00001WIAZIQA5
1,1:M Content,0013000000hMZVg,Data Cloud,2025-09-01,2025-09-01,0013000000hMZVgAAO
1,1:M Content,0013000000NQhgD,Data Cloud,2025-02-01,2025-02-01,0013000000NQhgDAAT
1,1:M Content,0013000000ImJcj,Data Cloud,2025-02-01,2025-02-01,0013000000ImJcjAAF
1,1:M Content,0010M00001Qahqo,Data Cloud,2024-12-01,2024-12-01,0010M00001QahqoQAB
1,1:M Content,00130000000lDRJ,Data Cloud,2025-05-01,2025-05-01,00130000000lDRJAA2
1,1:M Content,0013000000ZmUSh,Data Cloud,2025-11-01,2025-11-01,0013000000ZmUShAAN
1,1:M Content,001ed000003jvhy,Data Cloud,2025-07-01,2025-07-01,001ed000003jvhyYAA
1,1:M Content,0010M00001X8J4p,Data Cloud,2025-08-01,2025-08-01,0010M00001X8J4pQAF
1,1:M Content,00130000000Vrwf,Data Cloud,2025-10-01,2025-10-01,00130000000VrwfAAC
1,1:M Content,001ed00000H9kLC,Data Cloud,2025-09-01,2025-09-01,001ed00000H9kLCYAZ
1,1:M Content,0010M00001UUyu9,Data Cloud,2025-02-01,2025-02-01,0010M00001UUyu9QAD
1,1:M Content,0010M00001aPrwC,Data Cloud,2025-06-01,2025-06-01,0010M00001aPrwCQAS
1,1:M Content,0013y00001bfAwW,Data Cloud,2025-09-01,2025-09-01,0013y00001bfAwWQAU
1,1:M Content,0010M00001QaTnU,Data Cloud,2025-12-01,2025-12-01,0010M00001QaTnUQAV
1,1:M Content,001000000015hqy,Data Cloud,2025-03-01,2025-03-01,001000000015hqyAAA
1,1:M Content,0013000001Mswi1,Data Cloud,2025-02-01,2025-02-01,0013000001Mswi1AAB
1,1:M Content,0013000000GtvDF,Data Cloud,2025-01-01,2025-01-01,0013000000GtvDFAAZ
1,1:M Content,00100000001iOmB,Data Cloud,2025-03-01,2025-03-01,00100000001iOmBAAU
1,1:M Content,0013000001CB1Hd,Data Cloud,2024-11-01,2024-11-01,0013000001CB1HdAAL
1,1:M Content,00100000000sJgG,Data Cloud,2025-04-01,2025-04-01,00100000000sJgGAAU
1,1:M Content,0013000000HGpXm,Data Cloud,2024-10-01,2024-09-01,0013000000HGpXmAAL
1,1:M Content,0013000000Gtxw0,Data Cloud,2025-10-01,2025-10-01,0013000000Gtxw0AAB
1,1:M Content,0013000000ZkDYe,Data Cloud,2025-10-01,2025-10-01,0013000000ZkDYeAAN
1,1:M Content,0013000000hKlCd,Data Cloud,2025-10-01,2025-10-01,0013000000hKlCdAAK
1,1:M Content,0010M00001WZN7n,Data Cloud,2025-06-01,2025-06-01,0010M00001WZN7nQAH
1,1:M Content,0013000000rpkxJ,Data Cloud,2024-03-01,2024-03-01,0013000000rpkxJAAQ
1,1:M Content,0013000000HkkOA,Data Cloud,2024-10-01,2024-10-01,0013000000HkkOAAAZ
1,1:M Content,0013000001Jd9ZO,Data Cloud,2025-08-01,2025-08-01,0013000001Jd9ZOAAZ
1,1:M Content,0013y00001grsw1,Data Cloud,2025-04-01,2025-04-01,0013y00001grsw1QAA
4,1:M Content,0013000000hJ6zv,Data Cloud,2025-06-01,2025-06-01,0013000000hJ6zvAAC
2,1:M Content,0013000000RWxyb,Data Cloud,2025-02-01,2025-02-01,0013000000RWxybAAD
2,1:M Content,0010M00001Sq0KG,Data Cloud,2024-12-01,2024-12-01,0010M00001Sq0KGQAZ
1,Success Architects,0013000001GXLgo,Data Cloud,2025-09-01,2025-07-01,0013000001GXLgoAAH
1,Success Guides,00130000003W7Ox,Data Cloud,2025-11-01,2025-10-01,00130000003W7OxAAK
1,Success Architects,0013y00001c8O7Z,Data Cloud,2025-06-01,2025-06-01,0013y00001c8O7ZQAU
1,Success Architects,,Data Cloud,2026-01-01,2025-09-01
1,Success Guides,0010M00001XyH6k,Data Cloud,2024-05-01,2024-05-01,0010M00001XyH6kQAF
1,Success Guides,0013y00001be3IY,Data Cloud,2024-12-01,2024-11-01,0013y00001be3IYQAY
1,Onboarding Specialists,0013y00001dP5E8,Data Cloud,2024-09-01,2024-07-01,0013y00001dP5E8QAK
1,Onboarding Specialists,00130000002weRR,Data Cloud,2025-08-01,2025-08-01,00130000002weRRAAY
1,Onboarding Specialists,0013000000D8UtH,Data Cloud,2025-07-01,2025-06-01,0013000000D8UtHAAV
1,Success Guides,0013000000M0Yi4,Data Cloud,2024-12-01,2024-11-01,0013000000M0Yi4AAF
1,Success Guides,0013y00001beD75,Data Cloud,2025-06-01,2025-06-01,0013y00001beD75QAE
1,Success Architects,0013y00001c8Lgn,Data Cloud,2024-04-01,2024-03-01,0013y00001c8LgnQAE
1,Success Guides,0013000001CBFeV,Data Cloud,2024-05-01,2024-05-01,0013000001CBFeVAAX
1,Success Guides,0013000001CA4V0,Data Cloud,2025-03-01,2025-03-01,0013000001CA4V0AAL
1,Success Guides,00130000000mwEG,Data Cloud,2025-02-01,2025-02-01,00130000000mwEGAAY
1,Onboarding Specialists,0013000000IknlF,Data Cloud,2025-11-01,2025-10-01,0013000000IknlFAAR
1,Success Guides,00130000004plSK,Data Cloud,2024-11-01,2024-10-01,00130000004plSKAAY
1,Success Architects,0013y00001epJ4x,Data Cloud,2025-06-01,2025-05-01,0013y00001epJ4xQAE
1,Onboarding Specialists,0013000000HI6oV,Data Cloud,2025-10-01,2025-07-01,0013000000HI6oVAAT
1,Success Architects,0010M00001QmnNx,Data Cloud,2025-06-01,2025-05-01,0010M00001QmnNxQAJ
1,Success Guides,0013000000RYm0W,Data Cloud,2025-07-01,2025-05-01,0013000000RYm0WAAT
1,Onboarding Specialists,001ed000008RtyH,Data Cloud,2025-12-01,2025-10-01,001ed000008RtyHYAS
1,Success Architects,0013000000ImKKr,Data Cloud,2024-10-01,2024-08-01,0013000000ImKKrAAN
1,Success Architects,0013000001Fk9zk,Data Cloud,2025-07-01,2025-06-01,0013000001Fk9zkAAB
1,Success Architects,0013000000RWy9v,Data Cloud,2024-11-01,2024-09-01,0013000000RWy9vAAD
1,Onboarding Specialists,0013y00001d7RsU,Data Cloud,2025-10-01,2025-09-01,0013y00001d7RsUQAU
1,Success Architects,0013y00001d9EsL,Data Cloud,2024-08-01,2024-07-01,0013y00001d9EsLQAU
1,Success Architects,0013000000rpmjP,Data Cloud,2025-09-01,2025-07-01,0013000000rpmjPAAQ
1,Success Guides,0013000000HFFem,Data Cloud,2025-05-01,2025-05-01,0013000000HFFemAAH
1,Success Architects,0013000000hJOi1,Data Cloud,2025-04-01,2025-02-01,0013000000hJOi1AAG
1,Success Guides,0013000000hLlWg,Data Cloud,2025-04-01,2025-04-01,0013000000hLlWgAAK
1,Success Guides,0013000001Fk9zk,Data Cloud,2025-04-01,2025-03-01,0013000001Fk9zkAAB
1,Success Guides,0013000001Jy00g,Data Cloud,2025-01-01,2025-01-01,0013000001Jy00gAAB
1,Success Architects,0013000000HF5Rx,Data Cloud,2025-07-01,2025-05-01,0013000000HF5RxAAL
1,Success Guides,0013000001CCIQC,Data Cloud,2024-11-01,2024-11-01,0013000001CCIQCAA5
1,Success Guides,001ed00000D9YB3,Data Cloud,2025-12-01,2025-11-01,001ed00000D9YB3YAN
1,Success Architects,00130000003Nevx,Data Cloud,2025-08-01,2025-06-01,00130000003NevxAAC
1,Success Architects,0013y00001gLpt4,Data Cloud,2024-06-01,2024-05-01,0013y00001gLpt4QAC
1,Success Architects,0013000000M2MYN,Data Cloud,2024-04-01,2024-03-01,0013000000M2MYNAA3
1,Onboarding Specialists,0010M00001WZn0w,Data Cloud,2024-06-01,2024-05-01,0010M00001WZn0wQAD
1,Success Architects,0013y00001coljP,Data Cloud,2025-09-01,2025-07-01,0013y00001coljPQAQ
1,Success Guides,0013000001GVg2o,Data Cloud,2025-11-01,2025-10-01,0013000001GVg2oAAD
1,Onboarding Specialists,0013000000M2sm5,Data Cloud,2025-08-01,2025-06-01,0013000000M2sm5AAB
1,Success Guides,0013000000Em4Wk,Data Cloud,2025-05-01,2025-05-01,0013000000Em4WkAAJ
1,Success Guides,0010M00001Yu8OS,Data Cloud,2025-10-01,2025-10-01,0010M00001Yu8OSQAZ
2,Success Guides,0010M00001SHwPu,Data Cloud,2024-11-01,2024-11-01,0010M00001SHwPuQAL
4,Success Guides,0013000001CDA2r,Data Cloud,2024-12-01,2024-12-01,0013000001CDA2rAAH
1,1:M Content,0013000001MiqWX,Data Cloud,2025-07-01,2025-06-01,0013000001MiqWXAAZ
1,1:M Content,0013000001MsBH4,Data Cloud,2025-12-01,2025-12-01,0013000001MsBH4AAN
1,1:M Content,001ed00000CUCgC,Data Cloud,2024-12-01,2024-12-01,001ed00000CUCgCYAX
1,1:M Content,0013000001GWwR3,Data Cloud,2025-02-01,2025-02-01,0013000001GWwR3AAL
1,1:M Content,0013000001CAoab,Data Cloud,2025-01-01,2025-01-01,0013000001CAoabAAD
1,1:M Content,0013y00001gDk0W,Data Cloud,2024-03-01,2024-03-01,0013y00001gDk0WQAS
1,1:M Content,0013y00001dKx9x,Data Cloud,2025-10-01,2025-10-01,0013y00001dKx9xQAC
1,1:M Content,0010M00001WkMFS,Data Cloud,2025-03-01,2025-03-01,0010M00001WkMFSQA3
1,1:M Content,0013000001NXdvr,Data Cloud,2025-12-01,2025-12-01,0013000001NXdvrAAD
1,1:M Content,0013y00001gFF5L,Data Cloud,2024-08-01,2024-08-01,0013y00001gFF5LQAW
1,1:M Content,0013000000M2M1n,Data Cloud,2024-10-01,2024-10-01,0013000000M2M1nAAF
1,1:M Content,0013000000hJJJw,Data Cloud,2025-10-01,2025-10-01,0013000000hJJJwAAO
1,1:M Content,0013000001GVAmf,Data Cloud,2025-01-01,2025-01-01,0013000001GVAmfAAH
1,1:M Content,0010M00001WkttW,Data Cloud,2025-10-01,2025-10-01,0010M00001WkttWQAR
1,1:M Content,0013000001GVpJu,Data Cloud,2025-12-01,2025-12-01,0013000001GVpJuAAL
1,1:M Content,0013000000HIzRy,Data Cloud,2024-08-01,2024-08-01,0013000000HIzRyAAL
1,1:M Content,0010M00001QkorK,Data Cloud,2025-02-01,2025-02-01,0010M00001QkorKQAR
1,1:M Content,001200000002Q8J,Data Cloud,2025-05-01,2025-05-01,001200000002Q8JAAU
1,1:M Content,0013000000rqZdt,Data Cloud,2025-05-01,2025-05-01,0013000000rqZdtAAE
1,1:M Content,0013000000M2LtT,Data Cloud,2025-02-01,2025-02-01,0013000000M2LtTAAV
1,1:M Content,00130000008ea6b,Data Cloud,2024-12-01,2024-12-01,00130000008ea6bAAA
1,1:M Content,001000000015hqy,Data Cloud,2025-01-01,2025-01-01,001000000015hqyAAA
1,1:M Content,0013000000hMZVg,Data Cloud,2025-12-01,2025-12-01,0013000000hMZVgAAO
1,1:M Content,0013y00001gFG5q,Data Cloud,2024-08-01,2024-08-01,0013y00001gFG5qQAG
1,1:M Content,0013000001KakBg,Data Cloud,2024-11-01,2024-11-01,0013000001KakBgAAJ
1,1:M Content,0013000000GtxbT,Data Cloud,2025-03-01,2025-03-01,0013000000GtxbTAAR
1,1:M Content,00100000000GOGX,Data Cloud,2025-08-01,2025-08-01,00100000000GOGXAA4
1,1:M Content,001ed000005bylX,Data Cloud,2024-10-01,2024-10-01,001ed000005bylXYAQ
1,1:M Content,00130000004hCAm,Data Cloud,2024-12-01,2024-12-01,00130000004hCAmAAM
1,1:M Content,0010M00001U3wGP,Data Cloud,2025-09-01,2025-09-01,0010M00001U3wGPQAZ
1,1:M Content,00130000002xU2x,Data Cloud,2024-12-01,2024-12-01,00130000002xU2xAAE
1,1:M Content,001ed00000Ujjvm,Data Cloud,2025-08-01,2025-08-01,001ed00000UjjvmYAB
1,1:M Content,0010M00001W7jE5,Data Cloud,2025-08-01,2025-08-01,0010M00001W7jE5QAJ
1,1:M Content,0013y00001d9NE8,Data Cloud,2025-04-01,2025-03-01,0013y00001d9NE8QAM
1,1:M Content,0010M00001QaYLS,Data Cloud,2024-07-01,2024-07-01,0010M00001QaYLSQA3
1,1:M Content,001ed00000Rjdld,Data Cloud,2025-04-01,2025-04-01,001ed00000RjdldYAB
1,1:M Content,0013000000Zk8fI,Data Cloud,2025-12-01,2025-12-01,0013000000Zk8fIAAR
1,1:M Content,0013000000rntc5,Data Cloud,2025-04-01,2025-04-01,0013000000rntc5AAA
1,1:M Content,0013y00001dy10t,Data Cloud,2025-07-01,2025-07-01,0013y00001dy10tQAA
1,1:M Content,0013000001CAoab,Data Cloud,2025-06-01,2025-06-01,0013000001CAoabAAD
2,1:M Content,0013000000M0Nzd,Data Cloud,2025-10-01,2025-10-01,0013000000M0NzdAAF
3,1:M Content,0010M00001WOVRg,Data Cloud,2025-12-01,2025-12-01,0010M00001WOVRgQAP
2,1:M Content,0013000000HFbxu,Data Cloud,2024-08-01,2024-08-01,0013000000HFbxuAAD
3,1:M Content,0010M00001Y5R0d,Data Cloud,2025-06-01,2025-06-01,0010M00001Y5R0dQAF
2,1:M Content,0010M00001WkVed,Data Cloud,2025-12-01,2025-12-01,0010M00001WkVedQAF
1,Success Guides,0010M00001YzwA6,Data Cloud,2024-12-01,2024-11-01,0010M00001YzwA6QAJ
1,Onboarding Specialists,0013000000GKLec,Data Cloud,2025-09-01,2025-09-01,0013000000GKLecAAH
1,Success Architects,0013y00001h555O,Data Cloud,2025-01-01,2024-10-01,0013y00001h555OQAQ
1,Success Guides,00130000004J9cx,Data Cloud,2025-10-01,2025-10-01,00130000004J9cxAAC
1,Success Guides,0010M00001QlrS4,Data Cloud,2025-09-01,2025-07-01,0010M00001QlrS4QAJ
1,Success Architects,0013000000Rauz2,Data Cloud,2024-08-01,2024-07-01,0013000000Rauz2AAB
1,Onboarding Specialists,0013y00001dLtC7,Data Cloud,2025-10-01,2025-07-01,0013y00001dLtC7QAK
1,Success Guides,00100000001KsNj,Data Cloud,2022-12-01,2022-12-01,00100000001KsNjAAK
1,Onboarding Specialists,0013000001GWf87,Data Cloud,2025-05-01,2025-05-01,0013000001GWf87AAD
1,Success Guides,0013000001Mo07t,Data Cloud,2025-11-01,2025-10-01,0013000001Mo07tAAB
1,Success Guides,0013000000RX7nj,Data Cloud,2024-06-01,2024-05-01,0013000000RX7njAAD
1,Success Guides,0013y00001dNlJb,Data Cloud,2025-07-01,2025-07-01,0013y00001dNlJbQAK
1,Success Guides,00130000002xUMV,Data Cloud,2025-12-01,2025-11-01,00130000002xUMVAA2
1,Onboarding Specialists,0013000001HfIBJ,Data Cloud,2025-11-01,2025-11-01,0013000001HfIBJAA3
1,Success Guides,0013y00001ch1xC,Data Cloud,2024-04-01,2024-04-01,0013y00001ch1xCQAQ
1,Onboarding Specialists,00130000016jyLs,Data Cloud,2024-04-01,2024-02-01,00130000016jyLsAAI
1,Onboarding Specialists,00130000016hJXl,Data Cloud,2025-05-01,2025-02-01,00130000016hJXlAAM
1,Onboarding Specialists,0013y00001cQCM3,Data Cloud,2025-02-01,2025-01-01,0013y00001cQCM3QAO
1,Success Guides,0010M00001THLtS,Data Cloud,2025-09-01,2025-09-01,0010M00001THLtSQAX
1,Success Architects,0013y00001f5yoU,Data Cloud,2024-12-01,2024-08-01,0013y00001f5yoUQAQ
1,Success Guides,00100000001L60P,Data Cloud,2025-04-01,2025-02-01,00100000001L60PAAS
1,Success Guides,0013000000BPSma,Data Cloud,2025-02-01,2025-02-01,0013000000BPSmaAAH
1,Success Architects,0010M00001Z0RFN,Data Cloud,2025-03-01,2025-02-01,0010M00001Z0RFNQA3
1,Success Guides,0013000001GVn45,Data Cloud,2025-02-01,2025-01-01,0013000001GVn45AAD
1,Success Guides,00130000002xHUj,Data Cloud,2025-04-01,2025-04-01,00130000002xHUjAAM
1,Success Architects,0013y00001epOxC,Data Cloud,2025-07-01,2025-07-01,0013y00001epOxCQAU
1,Success Guides,00130000016iQ3T,Data Cloud,2025-03-01,2025-02-01,00130000016iQ3TAAU
1,Onboarding Specialists,0013000001JxxIe,Data Cloud,2025-10-01,2025-09-01,0013000001JxxIeAAJ
1,Success Guides,00130000009b2rk,Data Cloud,2025-12-01,2025-12-01,00130000009b2rkAAA
1,Success Guides,00100000001Siph,Data Cloud,2025-09-01,2025-08-01,00100000001SiphAAC
1,Onboarding Specialists,0013000000I5xhV,Data Cloud,2025-12-01,2025-11-01,0013000000I5xhVAAR
1,Success Guides,0013y00001cfmtO,Data Cloud,2024-08-01,2024-08-01,0013y00001cfmtOQAQ
1,Success Guides,0013000000rpjtj,Data Cloud,2024-09-01,2024-09-01,0013000000rpjtjAAA
1,Onboarding Specialists,0013000000NQKRb,Data Cloud,2024-07-01,2024-06-01,0013000000NQKRbAAP
1,Success Guides,0013000000M2IEJ,Data Cloud,2025-10-01,2025-10-01,0013000000M2IEJAA3
71,Success Architects,,Data Cloud,2025-10-01,2025-09-01
4,Success Guides,0013000001KzEVs,Data Cloud,2025-05-01,2025-05-01,0013000001KzEVsAAN
2,Success Guides,0013000000GqiHG,Data Cloud,2025-11-01,2025-11-01,0013000000GqiHGAAZ
1,1:M Content,0013y00001d1mxx,Data Cloud,2025-06-01,2025-06-01,0013y00001d1mxxQAA
1,1:M Content,0013000000GIaEX,Data Cloud,2025-05-01,2025-05-01,0013000000GIaEXAA1
1,1:M Content,0010M00001UMDzL,Data Cloud,2025-10-01,2025-10-01,0010M00001UMDzLQAX
1,1:M Content,0013000001JzNbW,Data Cloud,2025-10-01,2025-10-01,0013000001JzNbWAAV
1,1:M Content,0013000001MrUPT,Data Cloud,2025-05-01,2025-05-01,0013000001MrUPTAA3
1,1:M Content,0013y00001cyk4b,Data Cloud,2025-10-01,2025-10-01,0013y00001cyk4bQAA
1,1:M Content,00130000016h37V,Data Cloud,2025-05-01,2025-05-01,00130000016h37VAAQ
1,1:M Content,0013000000ronZU,Data Cloud,2024-08-01,2024-08-01,0013000000ronZUAAY
1,1:M Content,0013y00001gCzkF,Data Cloud,2025-07-01,2025-07-01,0013y00001gCzkFQAS
1,1:M Content,0013000001JyriP,Data Cloud,2025-08-01,2025-08-01,0013000001JyriPAAR
1,1:M Content,0013000000K5XXs,Data Cloud,2025-12-01,2025-12-01,0013000000K5XXsAAN
1,1:M Content,0010M00001Y5R0d,Data Cloud,2025-12-01,2025-12-01,0010M00001Y5R0dQAF
1,1:M Content,0013000000GtwtS,Data Cloud,2025-07-01,2025-07-01,0013000000GtwtSAAR
1,1:M Content,0013y00001fEh4B,Data Cloud,2024-08-01,2024-08-01,0013y00001fEh4BQAS
1,1:M Content,001ed00000JPus8,Data Cloud,2025-02-01,2025-02-01,001ed00000JPus8YAD
1,1:M Content,001ed000004p5jP,Data Cloud,2025-09-01,2025-09-01,001ed000004p5jPYAQ
1,1:M Content,00130000008ebIh,Data Cloud,2024-04-01,2024-04-01,00130000008ebIhAAI
1,1:M Content,0013y00001gDgl5,Data Cloud,2024-11-01,2024-11-01,0013y00001gDgl5QAC
1,1:M Content,0013000001JyaqM,Data Cloud,2025-05-01,2025-05-01,0013000001JyaqMAAR
1,1:M Content,00130000002xANG,Data Cloud,2025-11-01,2025-11-01,00130000002xANGAA2
1,1:M Content,001ed000004XPyH,Data Cloud,2025-10-01,2025-10-01,001ed000004XPyHYAW
1,1:M Content,0013000000FLKiB,Data Cloud,2025-07-01,2025-07-01,0013000000FLKiBAAX
1,1:M Content,001ed00000LQzVD,Data Cloud,2025-03-01,2025-03-01,001ed00000LQzVDYA1
1,1:M Content,0010M00001WA9ws,Data Cloud,2025-12-01,2025-12-01,0010M00001WA9wsQAD
1,1:M Content,00130000004IFXF,Data Cloud,2025-08-01,2025-08-01,00130000004IFXFAA4
1,1:M Content,0013y00001cQH40,Data Cloud,2024-08-01,2024-07-01,0013y00001cQH40QAG
1,1:M Content,0013000000NQeh9,Data Cloud,2025-08-01,2025-08-01,0013000000NQeh9AAD
1,1:M Content,0013000000Zm7S5,Data Cloud,2025-10-01,2025-10-01,0013000000Zm7S5AAJ
1,1:M Content,001ed000001GXIr,Data Cloud,2025-10-01,2025-10-01,001ed000001GXIrYAO
1,1:M Content,00100000001UPGh,Data Cloud,2025-01-01,2025-01-01,00100000001UPGhAAO
1,1:M Content,0013000000RWw8R,Data Cloud,2025-06-01,2025-06-01,0013000000RWw8RAAT
1,1:M Content,0013y00001eq7aJ,Data Cloud,2024-12-01,2024-12-01,0013y00001eq7aJQAQ
1,1:M Content,0010M00001WHokZ,Data Cloud,2024-05-01,2024-05-01,0010M00001WHokZQAT
1,1:M Content,001ed00000408Mf,Data Cloud,2024-12-01,2024-12-01,001ed00000408MfYAI
1,1:M Content,0013y00001besY5,Data Cloud,2025-05-01,2025-05-01,0013y00001besY5QAI
1,1:M Content,00130000002x8j8,Data Cloud,2025-08-01,2025-08-01,00130000002x8j8AAA
1,1:M Content,0013000000ronZU,Data Cloud,2025-02-01,2025-02-01,0013000000ronZUAAY
1,1:M Content,0013000000M1VHZ,Data Cloud,2025-10-01,2025-10-01,0013000000M1VHZAA3
1,1:M Content,0013000000HF54f,Data Cloud,2024-10-01,2024-09-01,0013000000HF54fAAD
1,1:M Content,00100000000wPtf,Data Cloud,2024-08-01,2024-07-01,00100000000wPtfAAE
1,1:M Content,0013000001GXdKT,Data Cloud,2024-12-01,2024-12-01,0013000001GXdKTAA1
1,1:M Content,001ed00000JgzPA,Data Cloud,2025-03-01,2025-03-01,001ed00000JgzPAYAZ
1,1:M Content,0013000000Ff7HQ,Data Cloud,2025-06-01,2025-06-01,0013000000Ff7HQAAZ
1,1:M Content,001ed00000BZp1O,Data Cloud,2024-12-01,2024-12-01,001ed00000BZp1OYAT
1,1:M Content,0010M00001Q6zro,Data Cloud,2024-08-01,2024-07-01,0010M00001Q6zroQAB
1,1:M Content,0013000000rojaG,Data Cloud,2024-08-01,2024-07-01,0013000000rojaGAAQ
1,1:M Content,0013000000RY4o9,Data Cloud,2025-12-01,2025-12-01,0013000000RY4o9AAD
1,1:M Content,0013y00001eIJVl,Data Cloud,2025-06-01,2025-06-01,0013y00001eIJVlQAO
6,1:M Content,0013000000JIBWV,Data Cloud,2025-11-01,2025-11-01,0013000000JIBWVAA5
3,1:M Content,0013000000M2NHn,Data Cloud,2025-11-01,2025-11-01,0013000000M2NHnAAN
2,1:M Content,0013000000ZkPdh,Data Cloud,2025-06-01,2025-06-01,0013000000ZkPdhAAF
2,1:M Content,00130000000Fr3e,Data Cloud,2025-11-01,2025-11-01,00130000000Fr3eAAC
2,1:M Content,00130000004DL0g,Data Cloud,2024-08-01,2024-08-01,00130000004DL0gAAG
2,1:M Content,0013y00001f60wD,Data Cloud,2025-10-01,2025-10-01,0013y00001f60wDQAQ
2,1:M Content,0013000001KbGH4,Data Cloud,2025-12-01,2025-12-01,0013000001KbGH4AAN
2,1:M Content,00100000000nEZj,Data Cloud,2025-09-01,2025-09-01,00100000000nEZjAAM
1,Success Architects,0013y00001cIbCr,Data Cloud,2024-09-01,2024-07-01,0013y00001cIbCrQAK
1,Success Architects,0013000001CCpyb,Data Cloud,2024-12-01,2024-11-01,0013000001CCpybAAD
1,Success Guides,00100000000nElk,Data Cloud,2024-10-01,2024-09-01,00100000000nElkAAE
1,Success Guides,0013y00001ey2Cl,Data Cloud,2025-08-01,2025-04-01,0013y00001ey2ClQAI
1,Onboarding Specialists,00130000002xI5m,Data Cloud,2025-01-01,2024-10-01,00130000002xI5mAAE
1,Success Guides,0013y00001d9BCR,Data Cloud,2025-10-01,2025-10-01,0013y00001d9BCRQA2
1,Success Guides,0013000000Hk2Ej,Data Cloud,2024-07-01,2024-06-01,0013000000Hk2EjAAJ
1,Success Guides,0013000001JyIvW,Data Cloud,2025-10-01,2025-09-01,0013000001JyIvWAAV
1,Success Guides,0013y00001cFrEd,Data Cloud,2025-05-01,2025-05-01,0013y00001cFrEdQAK
1,Onboarding Specialists,00100000000Rn64,Data Cloud,2025-11-01,2025-11-01,00100000000Rn64AAC
1,Success Guides,0013y00001d0d9Z,Data Cloud,2024-10-01,2024-09-01,0013y00001d0d9ZQAQ
1,Success Guides,0013y00001be3IY,Data Cloud,2024-06-01,2024-06-01,0013y00001be3IYQAY
1,Onboarding Specialists,0013y00001ca4v4,Data Cloud,2024-10-01,2024-08-01,0013y00001ca4v4QAA
1,Success Architects,0013000000Rauz2,Data Cloud,2024-10-01,2024-09-01,0013000000Rauz2AAB
1,Success Guides,0013y00001d1oVl,Data Cloud,2025-10-01,2025-09-01,0013y00001d1oVlQAI
1,Success Architects,00130000016jgHq,Data Cloud,2025-04-01,2025-04-01,00130000016jgHqAAI
1,Success Guides,0013000001Fa1VT,Data Cloud,2023-04-01,2023-03-01,0013000001Fa1VTAAZ
1,Success Guides,0013000001JfLkO,Data Cloud,2025-03-01,2025-02-01,0013000001JfLkOAAV
1,Success Architects,0013y00001dKgj3,Data Cloud,2024-05-01,2024-04-01,0013y00001dKgj3QAC
1,Onboarding Specialists,0013y00001h1m49,Data Cloud,2025-10-01,2025-10-01,0013y00001h1m49QAA
1,Success Guides,0013y00001eTzj0,Data Cloud,2025-01-01,2025-01-01,0013y00001eTzj0QAC
1,Onboarding Specialists,0010M00001WkttW,Data Cloud,2025-09-01,2025-08-01,0010M00001WkttWQAR
1,Success Guides,0013000001JyaqM,Data Cloud,2025-12-01,2025-11-01,0013000001JyaqMAAR
1,Onboarding Specialists,0013000000ITiYq,Data Cloud,2025-12-01,2025-11-01,0013000000ITiYqAAL
1,Success Architects,0013000000ZkAph,Data Cloud,2024-12-01,2024-12-01,0013000000ZkAphAAF
1,Success Guides,0013y00001XzZPW,Data Cloud,2025-09-01,2025-08-01,0013y00001XzZPWQA3
1,Onboarding Specialists,0013y00001fKxPY,Data Cloud,2025-11-01,2025-11-01,0013y00001fKxPYQA0
1,Success Guides,0010M00001U9rmo,Data Cloud,2025-06-01,2025-06-01,0010M00001U9rmoQAB
1,Onboarding Specialists,0013000001GYSoF,Data Cloud,2025-08-01,2025-07-01,0013000001GYSoFAAX
1,Success Guides,0013000000E3nIl,Data Cloud,2025-12-01,2025-12-01,0013000000E3nIlAAJ
1,Onboarding Specialists,0013000000rnaiW,Data Cloud,2023-12-01,2023-11-01,0013000000rnaiWAAQ
1,Success Architects,0013000001MrsmK,Data Cloud,2025-01-01,2025-01-01,0013000001MrsmKAAR
1,Success Guides,0013000000Ikcgu,Data Cloud,2023-07-01,2023-06-01,0013000000IkcguAAB
1,Onboarding Specialists,0013000000rnUKL,Data Cloud,2024-06-01,2024-06-01,0013000000rnUKLAA2
1,Success Guides,0013000000hK7u2,Data Cloud,2025-10-01,2025-10-01,0013000000hK7u2AAC
1,Success Architects,0013y00001coljP,Data Cloud,2025-01-01,2024-12-01,0013y00001coljPQAQ
1,Success Guides,0013000001JxurQ,Data Cloud,2024-04-01,2024-03-01,0013000001JxurQAAR
1,Onboarding Specialists,0010M00001U3u89,Data Cloud,2025-11-01,2025-10-01,0010M00001U3u89QAB
1,Success Architects,0013000001Fk9zk,Data Cloud,2025-01-01,2024-12-01,0013000001Fk9zkAAB
3,Success Guides,00130000000DrPN,Data Cloud,2025-10-01,2025-10-01,00130000000DrPNAA0
2,Success Guides,0010M00001WJVqU,Data Cloud,2025-09-01,2025-09-01,0010M00001WJVqUQAX
2,Success Guides,0013y00001cFOqS,Data Cloud,2025-05-01,2025-04-01,0013y00001cFOqSQAW
2,Success Guides,0013000000RYm0W,Data Cloud,2025-02-01,2025-02-01,0013000000RYm0WAAT
1,1:M Content,00130000004GZ3A,Data Cloud,2025-11-01,2025-11-01,00130000004GZ3AAAW
1,1:M Content,001ed00000LB16M,Data Cloud,2025-03-01,2025-03-01,001ed00000LB16MYAT
1,1:M Content,00130000002xS0p,Data Cloud,2024-10-01,2024-10-01,00130000002xS0pAAE
1,1:M Content,0013000001CAoab,Data Cloud,2025-02-01,2025-02-01,0013000001CAoabAAD
1,1:M Content,00100000001CcUC,Data Cloud,2025-11-01,2025-11-01,00100000001CcUCAA0
1,1:M Content,001ed00000MyY2A,Data Cloud,2025-06-01,2025-06-01,001ed00000MyY2AYAV
1,1:M Content,001ed00000QKMjl,Data Cloud,2025-04-01,2025-04-01,001ed00000QKMjlYAH
1,1:M Content,0010M00001NYcR9,Data Cloud,2025-03-01,2025-03-01,0010M00001NYcR9QAL
1,1:M Content,0013y00001d72j4,Data Cloud,2025-12-01,2025-12-01,0013y00001d72j4QAA
1,1:M Content,0010M00001Yayil,Data Cloud,2024-05-01,2024-05-01,0010M00001YayilQAB
1,1:M Content,00130000009zecv,Data Cloud,2025-06-01,2025-06-01,00130000009zecvAAA
1,1:M Content,001ed0000019E82,Data Cloud,2025-04-01,2025-03-01,001ed0000019E82YAE
1,1:M Content,0013000000CrNYV,Data Cloud,2025-09-01,2025-09-01,0013000000CrNYVAA3
1,1:M Content,0013y00001epXBb,Data Cloud,2025-10-01,2025-10-01,0013y00001epXBbQAM
1,1:M Content,00100000000nElD,Data Cloud,2025-06-01,2025-06-01,00100000000nElDAAU
1,1:M Content,0013y00001gFFDU,Data Cloud,2024-08-01,2024-08-01,0013y00001gFFDUQA4
1,1:M Content,0013000000ZlKRQ,Data Cloud,2025-05-01,2025-05-01,0013000000ZlKRQAA3
1,1:M Content,0010M00001W8O6X,Data Cloud,2025-08-01,2025-08-01,0010M00001W8O6XQAV
1,1:M Content,0010M00001Xy2NL,Data Cloud,2024-10-01,2024-10-01,0010M00001Xy2NLQAZ
1,1:M Content,0013000001Jxxkl,Data Cloud,2024-10-01,2024-10-01,0013000001JxxklAAB
1,1:M Content,0013y00001cSbaS,Data Cloud,2024-05-01,2024-05-01,0013y00001cSbaSQAS
1,1:M Content,0013000000rnQd9,Data Cloud,2025-08-01,2025-08-01,0013000000rnQd9AAE
1,1:M Content,0013000000ZkrGM,Data Cloud,2025-05-01,2025-05-01,0013000000ZkrGMAAZ
1,1:M Content,0013000000NSK3J,Data Cloud,2025-05-01,2025-05-01,0013000000NSK3JAAX
1,1:M Content,00100000001v3ll,Data Cloud,2025-01-01,2025-01-01,00100000001v3llAAA
1,1:M Content,0010M00001UVVio,Data Cloud,2025-08-01,2025-08-01,0010M00001UVVioQAH
1,1:M Content,0010M00001WJTMg,Data Cloud,2025-06-01,2025-06-01,0010M00001WJTMgQAP
1,1:M Content,0010M00001QmnNx,Data Cloud,2025-05-01,2025-05-01,0010M00001QmnNxQAJ
1,1:M Content,0013y00001cjtQZ,Data Cloud,2025-08-01,2025-08-01,0013y00001cjtQZQAY
1,1:M Content,0013y00001dxxG4,Data Cloud,2025-12-01,2025-12-01,0013y00001dxxG4QAI
1,1:M Content,00130000016gnKN,Data Cloud,2025-05-01,2025-05-01,00130000016gnKNAAY
1,1:M Content,001ed00000eOvm8,Data Cloud,2025-11-01,2025-11-01,001ed00000eOvm8YAC
1,1:M Content,0010M00001QmOSz,Data Cloud,2025-02-01,2025-02-01,0010M00001QmOSzQAN
1,1:M Content,0010M00001WJEh4,Data Cloud,2024-10-01,2024-10-01,0010M00001WJEh4QAH
1,1:M Content,00100000001X1Of,Data Cloud,2025-01-01,2025-01-01,00100000001X1OfAAK
1,1:M Content,001ed00000G0MAe,Data Cloud,2025-01-01,2025-01-01,001ed00000G0MAeYAN
1,1:M Content,0013000000RX5MC,Data Cloud,2024-07-01,2024-07-01,0013000000RX5MCAA1
1,1:M Content,001ed00000r1yI9,Data Cloud,2025-12-01,2025-12-01,001ed00000r1yI9YAI
1,1:M Content,001ed00000aMPax,Data Cloud,2025-07-01,2025-07-01,001ed00000aMPaxYAG
1,1:M Content,0013000001LXFEK,Data Cloud,2025-05-01,2025-05-01,0013000001LXFEKAA5
1,1:M Content,0013y00001hE9PP,Data Cloud,2024-07-01,2024-07-01,0013y00001hE9PPQA0
1,1:M Content,0013000000HjO3l,Data Cloud,2025-08-01,2025-08-01,0013000000HjO3lAAF
2,1:M Content,0013y00001cHWTm,Data Cloud,2025-11-01,2025-11-01,0013y00001cHWTmQAO
2,1:M Content,0013000000ImEek,Data Cloud,2025-11-01,2025-11-01,0013000000ImEekAAF
2,1:M Content,0013y00001cwAWu,Data Cloud,2025-10-01,2025-10-01,0013y00001cwAWuQAM
2,1:M Content,00130000001xZdv,Data Cloud,2025-11-01,2025-11-01,00130000001xZdvAAE
2,1:M Content,00130000016gN5v,Data Cloud,2025-07-01,2025-07-01,00130000016gN5vAAE
2,1:M Content,0013y00001cSRkv,Data Cloud,2025-07-01,2025-07-01,0013y00001cSRkvQAG
